ISO-10303-21;
HEADER;
/* Generated by software containing ST-Developer
 * from STEP Tools, Inc. (www.steptools.com) 
 */
/* OPTION: using custom renumber hook */

FILE_DESCRIPTION(
/* description */ ('STEP AP242 Edition 2',
'CAx-IF Rec.Pracs.---Representation and Presentation of Product Manufa
cturing Information (PMI)---4.0---2014-10-13',
'CAx-IF Rec.Pracs.---3D Tessellated Geometry---0.4---2014-09-14','2;1',
'CAx-IF Rec.Pracs.---User Defined Attributes---1.5---2016-08-15'),
/* implementation_level */ '2;1');

FILE_NAME(
/* name */ 'front hub',
/* time_stamp */ '2026-09-29T21:22:56Z',
/* author */ (''),
/* organization */ (''),
/* preprocessor_version */ 'ST-DEVELOPER v20',
/* originating_system */ 'ONSHAPE BY PTC INC, 1.221',
/* authorisation */ '  ');

FILE_SCHEMA (('AP242_MANAGED_MODEL_BASED_3D_ENGINEERING_MIM_LF { 1 0 10303 442 3 1 4 }'));
ENDSEC;

DATA;
#10=SHAPE_REPRESENTATION_RELATIONSHIP('','',#1667,#12);
#11=SHAPE_REPRESENTATION_RELATIONSHIP('','',#1668,#13);
#12=ADVANCED_BREP_SHAPE_REPRESENTATION('',(#1663),#3762);
#13=ADVANCED_BREP_SHAPE_REPRESENTATION('',(#1664),#3763);
#14=B_SPLINE_SURFACE_WITH_KNOTS('',1,3,((#2851,#2852,#2853,#2854,#2855,
#2856,#2857,#2858),(#2859,#2860,#2861,#2862,#2863,#2864,#2865,#2866)),
 .RULED_SURF.,.F.,.F.,.F.,(2,2),(4,2,2,4),(0.,1.),(0.0068837931472423,0.00747876957801796,
0.00828804550562719,0.00990659736084563),.UNSPECIFIED.);
#15=B_SPLINE_SURFACE_WITH_KNOTS('',1,3,((#2876,#2877,#2878,#2879,#2880,
#2881,#2882,#2883,#2884,#2885,#2886,#2887,#2888,#2889,#2890,#2891,#2892,
#2893),(#2894,#2895,#2896,#2897,#2898,#2899,#2900,#2901,#2902,#2903,#2904,
#2905,#2906,#2907,#2908,#2909,#2910,#2911)),.RULED_SURF.,.F.,.F.,.F.,(2,
2),(4,2,2,2,2,2,2,2,4),(0.,1.),(0.000259429381045295,0.000285630651587573,
0.00042844597738136,0.000571261303175146,0.00114252260635029,0.00171378390952544,
0.00228504521270058,0.00342756781905088,0.00457009042540117),
 .UNSPECIFIED.);
#16=B_SPLINE_SURFACE_WITH_KNOTS('',1,3,((#2912,#2913,#2914,#2915,#2916,
#2917,#2918,#2919,#2920,#2921,#2922,#2923,#2924,#2925,#2926,#2927,#2928,
#2929,#2930,#2931,#2932),(#2933,#2934,#2935,#2936,#2937,#2938,#2939,#2940,
#2941,#2942,#2943,#2944,#2945,#2946,#2947,#2948,#2949,#2950,#2951,#2952,
#2953),(#2954,#2955,#2956,#2957,#2958,#2959,#2960,#2961,#2962,#2963,#2964,
#2965,#2966,#2967,#2968,#2969,#2970,#2971,#2972,#2973,#2974)),
 .RULED_SURF.,.F.,.F.,.F.,(2,1,2),(4,3,2,2,2,2,2,2,2,4),(-0.00600136019212014,
0.,1.),(-4.51086765964546E-6,0.,0.00114228166548711,0.00228456333097422,
0.00285570416371779,0.00342684499646134,0.00399798582920489,0.00414077103739078,
0.00428355624557668,0.00431009693190472),.UNSPECIFIED.);
#17=B_SPLINE_SURFACE_WITH_KNOTS('',1,3,((#2984,#2985,#2986,#2987,#2988,
#2989,#2990,#2991),(#2992,#2993,#2994,#2995,#2996,#2997,#2998,#2999)),
 .RULED_SURF.,.F.,.F.,.F.,(2,2),(4,2,2,4),(0.,1.),(0.00666949365040207,
0.00828804550562121,0.00909732143323078,0.0096922978640065),
 .UNSPECIFIED.);
#18=B_SPLINE_SURFACE_WITH_KNOTS('',1,3,((#3630,#3631,#3632,#3633,#3634,
#3635,#3636,#3637),(#3638,#3639,#3640,#3641,#3642,#3643,#3644,#3645)),
 .RULED_SURF.,.F.,.F.,.F.,(2,2),(4,2,2,4),(0.,1.),(0.00666949365040872,
0.00828804550562716,0.00909732143323638,0.00969229786401204),
 .UNSPECIFIED.);
#19=B_SPLINE_SURFACE_WITH_KNOTS('',1,3,((#3655,#3656,#3657,#3658,#3659,
#3660,#3661,#3662,#3663,#3664,#3665,#3666,#3667,#3668,#3669,#3670,#3671,
#3672),(#3673,#3674,#3675,#3676,#3677,#3678,#3679,#3680,#3681,#3682,#3683,
#3684,#3685,#3686,#3687,#3688,#3689,#3690)),.RULED_SURF.,.F.,.F.,.F.,(2,
2),(4,2,2,2,2,2,2,2,4),(0.,1.),(0.,0.00114252260634993,0.00228504521269986,
0.00285630651587483,0.0034275678190498,0.00399882912222476,0.0041416444480185,
0.00428445977381225,0.0043106610443556),.UNSPECIFIED.);
#20=B_SPLINE_SURFACE_WITH_KNOTS('',1,3,((#3691,#3692,#3693,#3694,#3695,
#3696,#3697,#3698,#3699,#3700,#3701,#3702,#3703,#3704,#3705,#3706,#3707,
#3708,#3709,#3710,#3711),(#3712,#3713,#3714,#3715,#3716,#3717,#3718,#3719,
#3720,#3721,#3722,#3723,#3724,#3725,#3726,#3727,#3728,#3729,#3730,#3731,
#3732)),.RULED_SURF.,.F.,.F.,.F.,(2,2),(4,2,2,2,2,2,2,2,3,4),(0.,1.),(0.000259031159999232,
0.000285570524461275,0.000428355786691912,0.00057114104892255,0.0011422820978451,
0.00171342314676765,0.0022845641956902,0.0034268462935353,0.0045691283913804,
0.00457363925903724),.UNSPECIFIED.);
#21=B_SPLINE_SURFACE_WITH_KNOTS('',1,3,((#3742,#3743,#3744,#3745,#3746,
#3747,#3748,#3749),(#3750,#3751,#3752,#3753,#3754,#3755,#3756,#3757)),
 .RULED_SURF.,.F.,.F.,.F.,(2,2),(4,2,2,4),(0.,1.),(0.00688379314723212,
0.00747876957800712,0.00828804550561585,0.00990659736083332),
 .UNSPECIFIED.);
#22=CONICAL_SURFACE('',#1717,0.0125,0.785398163397448);
#23=CONICAL_SURFACE('',#1738,0.00325,0.785398163397448);
#24=CONICAL_SURFACE('',#1741,0.00425,0.785398163397448);
#25=CONICAL_SURFACE('',#1746,0.0125,0.785398163397448);
#26=CONICAL_SURFACE('',#1747,0.0125,0.785398163397448);
#27=CONICAL_SURFACE('',#1748,0.0025,0.785398163397446);
#28=CONICAL_SURFACE('',#1749,0.003,0.785398163397446);
#29=CONICAL_SURFACE('',#1798,0.0125,0.785398163397448);
#30=CONICAL_SURFACE('',#1819,0.00325,0.785398163397448);
#31=CONICAL_SURFACE('',#1822,0.00425,0.785398163397448);
#32=CONICAL_SURFACE('',#1827,0.0115,0.785398163397446);
#33=CONICAL_SURFACE('',#1828,0.0115,0.785398163397446);
#34=CONICAL_SURFACE('',#1829,0.003,0.785398163397448);
#35=CONICAL_SURFACE('',#1830,0.0025,0.785398163397448);
#36=TOROIDAL_SURFACE('',#1697,0.006325,0.00075);
#37=TOROIDAL_SURFACE('',#1698,0.008325,0.00075);
#38=TOROIDAL_SURFACE('',#1699,0.005075,0.0005);
#39=TOROIDAL_SURFACE('',#1700,0.007075,0.0005);
#40=TOROIDAL_SURFACE('',#1778,0.006325,0.00075);
#41=TOROIDAL_SURFACE('',#1779,0.008325,0.00075);
#42=TOROIDAL_SURFACE('',#1780,0.005075,0.0005);
#43=TOROIDAL_SURFACE('',#1781,0.007075,0.0005);
#44=PLANE('',#1677);
#45=PLANE('',#1684);
#46=PLANE('',#1690);
#47=PLANE('',#1695);
#48=PLANE('',#1703);
#49=PLANE('',#1708);
#50=PLANE('',#1713);
#51=PLANE('',#1716);
#52=PLANE('',#1720);
#53=PLANE('',#1721);
#54=PLANE('',#1725);
#55=PLANE('',#1729);
#56=PLANE('',#1733);
#57=PLANE('',#1735);
#58=PLANE('',#1737);
#59=PLANE('',#1739);
#60=PLANE('',#1740);
#61=PLANE('',#1742);
#62=PLANE('',#1743);
#63=PLANE('',#1744);
#64=PLANE('',#1745);
#65=PLANE('',#1758);
#66=PLANE('',#1765);
#67=PLANE('',#1771);
#68=PLANE('',#1776);
#69=PLANE('',#1784);
#70=PLANE('',#1789);
#71=PLANE('',#1794);
#72=PLANE('',#1797);
#73=PLANE('',#1801);
#74=PLANE('',#1802);
#75=PLANE('',#1806);
#76=PLANE('',#1810);
#77=PLANE('',#1814);
#78=PLANE('',#1816);
#79=PLANE('',#1818);
#80=PLANE('',#1820);
#81=PLANE('',#1821);
#82=PLANE('',#1823);
#83=PLANE('',#1824);
#84=PLANE('',#1825);
#85=PLANE('',#1826);
#86=LINE('',#2539,#152);
#87=LINE('',#2543,#153);
#88=LINE('',#2557,#154);
#89=LINE('',#2559,#155);
#90=LINE('',#2561,#156);
#91=LINE('',#2575,#157);
#92=LINE('',#2577,#158);
#93=LINE('',#2579,#159);
#94=LINE('',#2593,#160);
#95=LINE('',#2707,#161);
#96=LINE('',#2710,#162);
#97=LINE('',#2711,#163);
#98=LINE('',#2712,#164);
#99=LINE('',#2714,#165);
#100=LINE('',#2716,#166);
#101=LINE('',#2719,#167);
#102=LINE('',#2731,#168);
#103=LINE('',#2734,#169);
#104=LINE('',#2735,#170);
#105=LINE('',#2737,#171);
#106=LINE('',#2743,#172);
#107=LINE('',#2745,#173);
#108=LINE('',#2747,#174);
#109=LINE('',#2754,#175);
#110=LINE('',#2758,#176);
#111=LINE('',#2760,#177);
#112=LINE('',#2762,#178);
#113=LINE('',#2764,#179);
#114=LINE('',#2768,#180);
#115=LINE('',#2774,#181);
#116=LINE('',#2785,#182);
#117=LINE('',#2791,#183);
#118=LINE('',#2802,#184);
#119=LINE('',#3318,#185);
#120=LINE('',#3322,#186);
#121=LINE('',#3328,#187);
#122=LINE('',#3343,#188);
#123=LINE('',#3345,#189);
#124=LINE('',#3347,#190);
#125=LINE('',#3361,#191);
#126=LINE('',#3363,#192);
#127=LINE('',#3373,#193);
#128=LINE('',#3486,#194);
#129=LINE('',#3489,#195);
#130=LINE('',#3491,#196);
#131=LINE('',#3493,#197);
#132=LINE('',#3494,#198);
#133=LINE('',#3495,#199);
#134=LINE('',#3498,#200);
#135=LINE('',#3510,#201);
#136=LINE('',#3513,#202);
#137=LINE('',#3514,#203);
#138=LINE('',#3516,#204);
#139=LINE('',#3522,#205);
#140=LINE('',#3524,#206);
#141=LINE('',#3526,#207);
#142=LINE('',#3533,#208);
#143=LINE('',#3535,#209);
#144=LINE('',#3539,#210);
#145=LINE('',#3541,#211);
#146=LINE('',#3543,#212);
#147=LINE('',#3547,#213);
#148=LINE('',#3549,#214);
#149=LINE('',#3560,#215);
#150=LINE('',#3566,#216);
#151=LINE('',#3577,#217);
#152=VECTOR('',#1841,1.);
#153=VECTOR('',#1844,1.);
#154=VECTOR('',#1853,1.);
#155=VECTOR('',#1854,1.);
#156=VECTOR('',#1855,1.);
#157=VECTOR('',#1858,1.);
#158=VECTOR('',#1859,1.);
#159=VECTOR('',#1860,1.);
#160=VECTOR('',#1871,1.);
#161=VECTOR('',#1944,1.);
#162=VECTOR('',#1945,1.);
#163=VECTOR('',#1946,1.);
#164=VECTOR('',#1947,1.);
#165=VECTOR('',#1948,1.);
#166=VECTOR('',#1949,1.);
#167=VECTOR('',#1954,1.);
#168=VECTOR('',#1961,1.);
#169=VECTOR('',#1962,1.);
#170=VECTOR('',#1963,1.);
#171=VECTOR('',#1966,1.);
#172=VECTOR('',#1973,1.);
#173=VECTOR('',#1974,1.);
#174=VECTOR('',#1975,1.);
#175=VECTOR('',#1984,1.);
#176=VECTOR('',#1987,1.);
#177=VECTOR('',#1988,1.);
#178=VECTOR('',#1991,1.);
#179=VECTOR('',#1992,1.);
#180=VECTOR('',#1995,1.);
#181=VECTOR('',#1998,1.);
#182=VECTOR('',#2003,1.);
#183=VECTOR('',#2006,1.);
#184=VECTOR('',#2011,1.);
#185=VECTOR('',#2036,1.);
#186=VECTOR('',#2039,1.);
#187=VECTOR('',#2046,1.);
#188=VECTOR('',#2049,1.);
#189=VECTOR('',#2050,1.);
#190=VECTOR('',#2051,1.);
#191=VECTOR('',#2054,1.);
#192=VECTOR('',#2055,1.);
#193=VECTOR('',#2068,1.);
#194=VECTOR('',#2139,1.);
#195=VECTOR('',#2140,1.);
#196=VECTOR('',#2141,1.);
#197=VECTOR('',#2142,1.);
#198=VECTOR('',#2143,1.);
#199=VECTOR('',#2144,1.);
#200=VECTOR('',#2149,1.);
#201=VECTOR('',#2156,1.);
#202=VECTOR('',#2157,1.);
#203=VECTOR('',#2158,1.);
#204=VECTOR('',#2161,1.);
#205=VECTOR('',#2168,1.);
#206=VECTOR('',#2169,1.);
#207=VECTOR('',#2170,1.);
#208=VECTOR('',#2179,1.);
#209=VECTOR('',#2180,1.);
#210=VECTOR('',#2183,1.);
#211=VECTOR('',#2186,1.);
#212=VECTOR('',#2187,1.);
#213=VECTOR('',#2190,1.);
#214=VECTOR('',#2193,1.);
#215=VECTOR('',#2198,1.);
#216=VECTOR('',#2201,1.);
#217=VECTOR('',#2206,1.);
#218=ELLIPSE('',#1673,0.025,0.0125);
#219=ELLIPSE('',#1675,0.025,0.0125);
#220=ELLIPSE('',#1723,0.00675748765785049,0.00477826534665048);
#221=ELLIPSE('',#1724,0.00675748765785049,0.00477826534665048);
#222=ELLIPSE('',#1754,0.025,0.0125);
#223=ELLIPSE('',#1756,0.025,0.0125);
#224=ELLIPSE('',#1804,0.00675748765785049,0.00477826534665048);
#225=ELLIPSE('',#1805,0.00675748765785049,0.00477826534665048);
#226=CIRCLE('',#1671,0.0125);
#227=CIRCLE('',#1672,0.0125);
#228=CIRCLE('',#1674,0.0125);
#229=CIRCLE('',#1676,0.0125);
#230=CIRCLE('',#1678,0.0115);
#231=CIRCLE('',#1679,0.0115);
#232=CIRCLE('',#1680,0.008325);
#233=CIRCLE('',#1682,0.005575);
#234=CIRCLE('',#1683,0.005575);
#235=CIRCLE('',#1685,0.0105);
#236=CIRCLE('',#1686,0.006325);
#237=CIRCLE('',#1688,0.007575);
#238=CIRCLE('',#1689,0.007575);
#239=CIRCLE('',#1691,0.007075);
#240=CIRCLE('',#1692,0.005);
#241=CIRCLE('',#1694,0.005);
#242=CIRCLE('',#1696,0.005075);
#243=CIRCLE('',#1702,0.003);
#244=CIRCLE('',#1704,0.0025);
#245=CIRCLE('',#1705,0.00145);
#246=CIRCLE('',#1707,0.003);
#247=CIRCLE('',#1709,0.0025);
#248=CIRCLE('',#1710,0.00145);
#249=CIRCLE('',#1712,0.00145);
#250=CIRCLE('',#1715,0.00145);
#251=CIRCLE('',#1727,0.00425);
#252=CIRCLE('',#1728,0.00425);
#253=CIRCLE('',#1731,0.00145);
#254=CIRCLE('',#1732,0.00145);
#255=CIRCLE('',#1734,0.00325);
#256=CIRCLE('',#1736,0.00325);
#257=CIRCLE('',#1752,0.0125);
#258=CIRCLE('',#1753,0.0125);
#259=CIRCLE('',#1755,0.0125);
#260=CIRCLE('',#1757,0.0125);
#261=CIRCLE('',#1759,0.0115);
#262=CIRCLE('',#1760,0.0115);
#263=CIRCLE('',#1761,0.008325);
#264=CIRCLE('',#1763,0.005575);
#265=CIRCLE('',#1764,0.005575);
#266=CIRCLE('',#1766,0.0105);
#267=CIRCLE('',#1767,0.006325);
#268=CIRCLE('',#1769,0.007575);
#269=CIRCLE('',#1770,0.007575);
#270=CIRCLE('',#1772,0.007075);
#271=CIRCLE('',#1773,0.005);
#272=CIRCLE('',#1775,0.005);
#273=CIRCLE('',#1777,0.005075);
#274=CIRCLE('',#1783,0.003);
#275=CIRCLE('',#1785,0.0025);
#276=CIRCLE('',#1786,0.00145);
#277=CIRCLE('',#1788,0.003);
#278=CIRCLE('',#1790,0.0025);
#279=CIRCLE('',#1791,0.00145);
#280=CIRCLE('',#1793,0.00145);
#281=CIRCLE('',#1796,0.00145);
#282=CIRCLE('',#1808,0.00425);
#283=CIRCLE('',#1809,0.00425);
#284=CIRCLE('',#1812,0.00145);
#285=CIRCLE('',#1813,0.00145);
#286=CIRCLE('',#1815,0.00325);
#287=CIRCLE('',#1817,0.00325);
#288=CYLINDRICAL_SURFACE('',#1670,0.0125);
#289=CYLINDRICAL_SURFACE('',#1681,0.005575);
#290=CYLINDRICAL_SURFACE('',#1687,0.007575);
#291=CYLINDRICAL_SURFACE('',#1693,0.005);
#292=CYLINDRICAL_SURFACE('',#1701,0.003);
#293=CYLINDRICAL_SURFACE('',#1706,0.003);
#294=CYLINDRICAL_SURFACE('',#1711,0.00145);
#295=CYLINDRICAL_SURFACE('',#1714,0.00145);
#296=CYLINDRICAL_SURFACE('',#1718,0.001);
#297=CYLINDRICAL_SURFACE('',#1719,0.001);
#298=CYLINDRICAL_SURFACE('',#1722,0.00477826534665048);
#299=CYLINDRICAL_SURFACE('',#1726,0.00425);
#300=CYLINDRICAL_SURFACE('',#1730,0.00145);
#301=CYLINDRICAL_SURFACE('',#1751,0.0125);
#302=CYLINDRICAL_SURFACE('',#1762,0.005575);
#303=CYLINDRICAL_SURFACE('',#1768,0.007575);
#304=CYLINDRICAL_SURFACE('',#1774,0.005);
#305=CYLINDRICAL_SURFACE('',#1782,0.003);
#306=CYLINDRICAL_SURFACE('',#1787,0.003);
#307=CYLINDRICAL_SURFACE('',#1792,0.00145);
#308=CYLINDRICAL_SURFACE('',#1795,0.00145);
#309=CYLINDRICAL_SURFACE('',#1799,0.001);
#310=CYLINDRICAL_SURFACE('',#1800,0.001);
#311=CYLINDRICAL_SURFACE('',#1803,0.00477826534665048);
#312=CYLINDRICAL_SURFACE('',#1807,0.00425);
#313=CYLINDRICAL_SURFACE('',#1811,0.00145);
#314=ORIENTED_EDGE('',*,*,#762,.T.);
#315=ORIENTED_EDGE('',*,*,#763,.T.);
#316=ORIENTED_EDGE('',*,*,#764,.F.);
#317=ORIENTED_EDGE('',*,*,#765,.T.);
#318=ORIENTED_EDGE('',*,*,#766,.F.);
#319=ORIENTED_EDGE('',*,*,#767,.T.);
#320=ORIENTED_EDGE('',*,*,#768,.T.);
#321=ORIENTED_EDGE('',*,*,#769,.T.);
#322=ORIENTED_EDGE('',*,*,#770,.F.);
#323=ORIENTED_EDGE('',*,*,#771,.T.);
#324=ORIENTED_EDGE('',*,*,#772,.F.);
#325=ORIENTED_EDGE('',*,*,#773,.T.);
#326=ORIENTED_EDGE('',*,*,#774,.T.);
#327=ORIENTED_EDGE('',*,*,#775,.T.);
#328=ORIENTED_EDGE('',*,*,#776,.T.);
#329=ORIENTED_EDGE('',*,*,#777,.T.);
#330=ORIENTED_EDGE('',*,*,#778,.T.);
#331=ORIENTED_EDGE('',*,*,#776,.F.);
#332=ORIENTED_EDGE('',*,*,#779,.T.);
#333=ORIENTED_EDGE('',*,*,#780,.T.);
#334=ORIENTED_EDGE('',*,*,#781,.T.);
#335=ORIENTED_EDGE('',*,*,#782,.F.);
#336=ORIENTED_EDGE('',*,*,#783,.F.);
#337=ORIENTED_EDGE('',*,*,#784,.F.);
#338=ORIENTED_EDGE('',*,*,#785,.F.);
#339=ORIENTED_EDGE('',*,*,#786,.F.);
#340=ORIENTED_EDGE('',*,*,#787,.T.);
#341=ORIENTED_EDGE('',*,*,#788,.T.);
#342=ORIENTED_EDGE('',*,*,#789,.T.);
#343=ORIENTED_EDGE('',*,*,#790,.T.);
#344=ORIENTED_EDGE('',*,*,#791,.F.);
#345=ORIENTED_EDGE('',*,*,#792,.T.);
#346=ORIENTED_EDGE('',*,*,#793,.T.);
#347=ORIENTED_EDGE('',*,*,#794,.T.);
#348=ORIENTED_EDGE('',*,*,#795,.T.);
#349=ORIENTED_EDGE('',*,*,#796,.F.);
#350=ORIENTED_EDGE('',*,*,#797,.F.);
#351=ORIENTED_EDGE('',*,*,#798,.F.);
#352=ORIENTED_EDGE('',*,*,#799,.T.);
#353=ORIENTED_EDGE('',*,*,#800,.F.);
#354=ORIENTED_EDGE('',*,*,#801,.F.);
#355=ORIENTED_EDGE('',*,*,#802,.F.);
#356=ORIENTED_EDGE('',*,*,#770,.T.);
#357=ORIENTED_EDGE('',*,*,#803,.F.);
#358=ORIENTED_EDGE('',*,*,#766,.T.);
#359=ORIENTED_EDGE('',*,*,#804,.F.);
#360=ORIENTED_EDGE('',*,*,#805,.F.);
#361=ORIENTED_EDGE('',*,*,#806,.F.);
#362=ORIENTED_EDGE('',*,*,#807,.F.);
#363=ORIENTED_EDGE('',*,*,#808,.F.);
#364=ORIENTED_EDGE('',*,*,#809,.T.);
#365=ORIENTED_EDGE('',*,*,#810,.T.);
#366=ORIENTED_EDGE('',*,*,#809,.F.);
#367=ORIENTED_EDGE('',*,*,#811,.F.);
#368=ORIENTED_EDGE('',*,*,#810,.F.);
#369=ORIENTED_EDGE('',*,*,#802,.T.);
#370=ORIENTED_EDGE('',*,*,#805,.T.);
#371=ORIENTED_EDGE('',*,*,#800,.T.);
#372=ORIENTED_EDGE('',*,*,#807,.T.);
#373=ORIENTED_EDGE('',*,*,#801,.T.);
#374=ORIENTED_EDGE('',*,*,#811,.T.);
#375=ORIENTED_EDGE('',*,*,#806,.T.);
#376=ORIENTED_EDGE('',*,*,#808,.T.);
#377=ORIENTED_EDGE('',*,*,#812,.T.);
#378=ORIENTED_EDGE('',*,*,#796,.T.);
#379=ORIENTED_EDGE('',*,*,#813,.T.);
#380=ORIENTED_EDGE('',*,*,#814,.T.);
#381=ORIENTED_EDGE('',*,*,#815,.T.);
#382=ORIENTED_EDGE('',*,*,#798,.T.);
#383=ORIENTED_EDGE('',*,*,#816,.F.);
#384=ORIENTED_EDGE('',*,*,#817,.T.);
#385=ORIENTED_EDGE('',*,*,#818,.T.);
#386=ORIENTED_EDGE('',*,*,#819,.T.);
#387=ORIENTED_EDGE('',*,*,#792,.F.);
#388=ORIENTED_EDGE('',*,*,#820,.F.);
#389=ORIENTED_EDGE('',*,*,#790,.F.);
#390=ORIENTED_EDGE('',*,*,#821,.T.);
#391=ORIENTED_EDGE('',*,*,#774,.F.);
#392=ORIENTED_EDGE('',*,*,#778,.F.);
#393=ORIENTED_EDGE('',*,*,#822,.T.);
#394=ORIENTED_EDGE('',*,*,#823,.T.);
#395=ORIENTED_EDGE('',*,*,#824,.T.);
#396=ORIENTED_EDGE('',*,*,#825,.T.);
#397=ORIENTED_EDGE('',*,*,#818,.F.);
#398=ORIENTED_EDGE('',*,*,#825,.F.);
#399=ORIENTED_EDGE('',*,*,#826,.T.);
#400=ORIENTED_EDGE('',*,*,#824,.F.);
#401=ORIENTED_EDGE('',*,*,#826,.F.);
#402=ORIENTED_EDGE('',*,*,#827,.F.);
#403=ORIENTED_EDGE('',*,*,#784,.T.);
#404=ORIENTED_EDGE('',*,*,#828,.F.);
#405=ORIENTED_EDGE('',*,*,#771,.F.);
#406=ORIENTED_EDGE('',*,*,#804,.T.);
#407=ORIENTED_EDGE('',*,*,#765,.F.);
#408=ORIENTED_EDGE('',*,*,#820,.T.);
#409=ORIENTED_EDGE('',*,*,#791,.T.);
#410=ORIENTED_EDGE('',*,*,#797,.T.);
#411=ORIENTED_EDGE('',*,*,#816,.T.);
#412=ORIENTED_EDGE('',*,*,#829,.F.);
#413=ORIENTED_EDGE('',*,*,#830,.F.);
#414=ORIENTED_EDGE('',*,*,#762,.F.);
#415=ORIENTED_EDGE('',*,*,#831,.T.);
#416=ORIENTED_EDGE('',*,*,#768,.F.);
#417=ORIENTED_EDGE('',*,*,#832,.T.);
#418=ORIENTED_EDGE('',*,*,#833,.F.);
#419=ORIENTED_EDGE('',*,*,#834,.F.);
#420=ORIENTED_EDGE('',*,*,#831,.F.);
#421=ORIENTED_EDGE('',*,*,#767,.F.);
#422=ORIENTED_EDGE('',*,*,#803,.T.);
#423=ORIENTED_EDGE('',*,*,#769,.F.);
#424=ORIENTED_EDGE('',*,*,#835,.T.);
#425=ORIENTED_EDGE('',*,*,#836,.F.);
#426=ORIENTED_EDGE('',*,*,#837,.T.);
#427=ORIENTED_EDGE('',*,*,#838,.F.);
#428=ORIENTED_EDGE('',*,*,#839,.T.);
#429=ORIENTED_EDGE('',*,*,#840,.F.);
#430=ORIENTED_EDGE('',*,*,#835,.F.);
#431=ORIENTED_EDGE('',*,*,#841,.F.);
#432=ORIENTED_EDGE('',*,*,#842,.T.);
#433=ORIENTED_EDGE('',*,*,#843,.F.);
#434=ORIENTED_EDGE('',*,*,#839,.F.);
#435=ORIENTED_EDGE('',*,*,#844,.F.);
#436=ORIENTED_EDGE('',*,*,#845,.F.);
#437=ORIENTED_EDGE('',*,*,#842,.F.);
#438=ORIENTED_EDGE('',*,*,#846,.F.);
#439=ORIENTED_EDGE('',*,*,#847,.F.);
#440=ORIENTED_EDGE('',*,*,#848,.F.);
#441=ORIENTED_EDGE('',*,*,#849,.T.);
#442=ORIENTED_EDGE('',*,*,#830,.T.);
#443=ORIENTED_EDGE('',*,*,#850,.F.);
#444=ORIENTED_EDGE('',*,*,#851,.F.);
#445=ORIENTED_EDGE('',*,*,#852,.F.);
#446=ORIENTED_EDGE('',*,*,#853,.F.);
#447=ORIENTED_EDGE('',*,*,#763,.F.);
#448=ORIENTED_EDGE('',*,*,#848,.T.);
#449=ORIENTED_EDGE('',*,*,#854,.F.);
#450=ORIENTED_EDGE('',*,*,#855,.F.);
#451=ORIENTED_EDGE('',*,*,#856,.F.);
#452=ORIENTED_EDGE('',*,*,#857,.F.);
#453=ORIENTED_EDGE('',*,*,#832,.F.);
#454=ORIENTED_EDGE('',*,*,#773,.F.);
#455=ORIENTED_EDGE('',*,*,#849,.F.);
#456=ORIENTED_EDGE('',*,*,#846,.T.);
#457=ORIENTED_EDGE('',*,*,#858,.T.);
#458=ORIENTED_EDGE('',*,*,#850,.T.);
#459=ORIENTED_EDGE('',*,*,#829,.T.);
#460=ORIENTED_EDGE('',*,*,#859,.F.);
#461=ORIENTED_EDGE('',*,*,#858,.F.);
#462=ORIENTED_EDGE('',*,*,#844,.T.);
#463=ORIENTED_EDGE('',*,*,#860,.T.);
#464=ORIENTED_EDGE('',*,*,#851,.T.);
#465=ORIENTED_EDGE('',*,*,#838,.T.);
#466=ORIENTED_EDGE('',*,*,#861,.T.);
#467=ORIENTED_EDGE('',*,*,#786,.T.);
#468=ORIENTED_EDGE('',*,*,#862,.F.);
#469=ORIENTED_EDGE('',*,*,#852,.T.);
#470=ORIENTED_EDGE('',*,*,#860,.F.);
#471=ORIENTED_EDGE('',*,*,#841,.T.);
#472=ORIENTED_EDGE('',*,*,#833,.T.);
#473=ORIENTED_EDGE('',*,*,#857,.T.);
#474=ORIENTED_EDGE('',*,*,#863,.T.);
#475=ORIENTED_EDGE('',*,*,#845,.T.);
#476=ORIENTED_EDGE('',*,*,#864,.F.);
#477=ORIENTED_EDGE('',*,*,#863,.F.);
#478=ORIENTED_EDGE('',*,*,#856,.T.);
#479=ORIENTED_EDGE('',*,*,#865,.T.);
#480=ORIENTED_EDGE('',*,*,#843,.T.);
#481=ORIENTED_EDGE('',*,*,#782,.T.);
#482=ORIENTED_EDGE('',*,*,#866,.T.);
#483=ORIENTED_EDGE('',*,*,#836,.T.);
#484=ORIENTED_EDGE('',*,*,#840,.T.);
#485=ORIENTED_EDGE('',*,*,#865,.F.);
#486=ORIENTED_EDGE('',*,*,#855,.T.);
#487=ORIENTED_EDGE('',*,*,#867,.F.);
#488=ORIENTED_EDGE('',*,*,#827,.T.);
#489=ORIENTED_EDGE('',*,*,#764,.T.);
#490=ORIENTED_EDGE('',*,*,#853,.T.);
#491=ORIENTED_EDGE('',*,*,#862,.T.);
#492=ORIENTED_EDGE('',*,*,#785,.T.);
#493=ORIENTED_EDGE('',*,*,#828,.T.);
#494=ORIENTED_EDGE('',*,*,#783,.T.);
#495=ORIENTED_EDGE('',*,*,#867,.T.);
#496=ORIENTED_EDGE('',*,*,#854,.T.);
#497=ORIENTED_EDGE('',*,*,#772,.T.);
#498=ORIENTED_EDGE('',*,*,#859,.T.);
#499=ORIENTED_EDGE('',*,*,#834,.T.);
#500=ORIENTED_EDGE('',*,*,#864,.T.);
#501=ORIENTED_EDGE('',*,*,#847,.T.);
#502=ORIENTED_EDGE('',*,*,#780,.F.);
#503=ORIENTED_EDGE('',*,*,#868,.T.);
#504=ORIENTED_EDGE('',*,*,#814,.F.);
#505=ORIENTED_EDGE('',*,*,#869,.T.);
#506=ORIENTED_EDGE('',*,*,#815,.F.);
#507=ORIENTED_EDGE('',*,*,#868,.F.);
#508=ORIENTED_EDGE('',*,*,#870,.F.);
#509=ORIENTED_EDGE('',*,*,#799,.F.);
#510=ORIENTED_EDGE('',*,*,#870,.T.);
#511=ORIENTED_EDGE('',*,*,#779,.F.);
#512=ORIENTED_EDGE('',*,*,#871,.F.);
#513=ORIENTED_EDGE('',*,*,#788,.F.);
#514=ORIENTED_EDGE('',*,*,#871,.T.);
#515=ORIENTED_EDGE('',*,*,#775,.F.);
#516=ORIENTED_EDGE('',*,*,#821,.F.);
#517=ORIENTED_EDGE('',*,*,#789,.F.);
#518=ORIENTED_EDGE('',*,*,#822,.F.);
#519=ORIENTED_EDGE('',*,*,#777,.F.);
#520=ORIENTED_EDGE('',*,*,#872,.F.);
#521=ORIENTED_EDGE('',*,*,#793,.F.);
#522=ORIENTED_EDGE('',*,*,#866,.F.);
#523=ORIENTED_EDGE('',*,*,#781,.F.);
#524=ORIENTED_EDGE('',*,*,#873,.F.);
#525=ORIENTED_EDGE('',*,*,#794,.F.);
#526=ORIENTED_EDGE('',*,*,#872,.T.);
#527=ORIENTED_EDGE('',*,*,#787,.F.);
#528=ORIENTED_EDGE('',*,*,#861,.F.);
#529=ORIENTED_EDGE('',*,*,#837,.F.);
#530=ORIENTED_EDGE('',*,*,#873,.T.);
#531=ORIENTED_EDGE('',*,*,#869,.F.);
#532=ORIENTED_EDGE('',*,*,#813,.F.);
#533=ORIENTED_EDGE('',*,*,#795,.F.);
#534=ORIENTED_EDGE('',*,*,#819,.F.);
#535=ORIENTED_EDGE('',*,*,#823,.F.);
#536=ORIENTED_EDGE('',*,*,#817,.F.);
#537=ORIENTED_EDGE('',*,*,#812,.F.);
#538=ORIENTED_EDGE('',*,*,#874,.F.);
#539=ORIENTED_EDGE('',*,*,#875,.F.);
#540=ORIENTED_EDGE('',*,*,#876,.T.);
#541=ORIENTED_EDGE('',*,*,#877,.F.);
#542=ORIENTED_EDGE('',*,*,#878,.T.);
#543=ORIENTED_EDGE('',*,*,#879,.F.);
#544=ORIENTED_EDGE('',*,*,#880,.F.);
#545=ORIENTED_EDGE('',*,*,#881,.F.);
#546=ORIENTED_EDGE('',*,*,#882,.T.);
#547=ORIENTED_EDGE('',*,*,#883,.F.);
#548=ORIENTED_EDGE('',*,*,#884,.T.);
#549=ORIENTED_EDGE('',*,*,#885,.F.);
#550=ORIENTED_EDGE('',*,*,#886,.F.);
#551=ORIENTED_EDGE('',*,*,#887,.T.);
#552=ORIENTED_EDGE('',*,*,#888,.F.);
#553=ORIENTED_EDGE('',*,*,#889,.F.);
#554=ORIENTED_EDGE('',*,*,#890,.T.);
#555=ORIENTED_EDGE('',*,*,#891,.T.);
#556=ORIENTED_EDGE('',*,*,#892,.T.);
#557=ORIENTED_EDGE('',*,*,#886,.T.);
#558=ORIENTED_EDGE('',*,*,#893,.T.);
#559=ORIENTED_EDGE('',*,*,#894,.T.);
#560=ORIENTED_EDGE('',*,*,#895,.T.);
#561=ORIENTED_EDGE('',*,*,#896,.T.);
#562=ORIENTED_EDGE('',*,*,#897,.T.);
#563=ORIENTED_EDGE('',*,*,#898,.T.);
#564=ORIENTED_EDGE('',*,*,#899,.T.);
#565=ORIENTED_EDGE('',*,*,#900,.F.);
#566=ORIENTED_EDGE('',*,*,#901,.T.);
#567=ORIENTED_EDGE('',*,*,#902,.T.);
#568=ORIENTED_EDGE('',*,*,#903,.T.);
#569=ORIENTED_EDGE('',*,*,#904,.T.);
#570=ORIENTED_EDGE('',*,*,#905,.T.);
#571=ORIENTED_EDGE('',*,*,#906,.T.);
#572=ORIENTED_EDGE('',*,*,#907,.T.);
#573=ORIENTED_EDGE('',*,*,#908,.T.);
#574=ORIENTED_EDGE('',*,*,#909,.T.);
#575=ORIENTED_EDGE('',*,*,#910,.F.);
#576=ORIENTED_EDGE('',*,*,#911,.T.);
#577=ORIENTED_EDGE('',*,*,#912,.T.);
#578=ORIENTED_EDGE('',*,*,#913,.T.);
#579=ORIENTED_EDGE('',*,*,#914,.T.);
#580=ORIENTED_EDGE('',*,*,#884,.F.);
#581=ORIENTED_EDGE('',*,*,#915,.T.);
#582=ORIENTED_EDGE('',*,*,#876,.F.);
#583=ORIENTED_EDGE('',*,*,#916,.T.);
#584=ORIENTED_EDGE('',*,*,#917,.T.);
#585=ORIENTED_EDGE('',*,*,#918,.T.);
#586=ORIENTED_EDGE('',*,*,#919,.T.);
#587=ORIENTED_EDGE('',*,*,#920,.T.);
#588=ORIENTED_EDGE('',*,*,#921,.F.);
#589=ORIENTED_EDGE('',*,*,#922,.F.);
#590=ORIENTED_EDGE('',*,*,#921,.T.);
#591=ORIENTED_EDGE('',*,*,#923,.T.);
#592=ORIENTED_EDGE('',*,*,#922,.T.);
#593=ORIENTED_EDGE('',*,*,#914,.F.);
#594=ORIENTED_EDGE('',*,*,#917,.F.);
#595=ORIENTED_EDGE('',*,*,#912,.F.);
#596=ORIENTED_EDGE('',*,*,#919,.F.);
#597=ORIENTED_EDGE('',*,*,#913,.F.);
#598=ORIENTED_EDGE('',*,*,#923,.F.);
#599=ORIENTED_EDGE('',*,*,#918,.F.);
#600=ORIENTED_EDGE('',*,*,#920,.F.);
#601=ORIENTED_EDGE('',*,*,#924,.T.);
#602=ORIENTED_EDGE('',*,*,#904,.F.);
#603=ORIENTED_EDGE('',*,*,#925,.T.);
#604=ORIENTED_EDGE('',*,*,#926,.T.);
#605=ORIENTED_EDGE('',*,*,#927,.T.);
#606=ORIENTED_EDGE('',*,*,#906,.F.);
#607=ORIENTED_EDGE('',*,*,#928,.T.);
#608=ORIENTED_EDGE('',*,*,#929,.T.);
#609=ORIENTED_EDGE('',*,*,#930,.F.);
#610=ORIENTED_EDGE('',*,*,#931,.T.);
#611=ORIENTED_EDGE('',*,*,#910,.T.);
#612=ORIENTED_EDGE('',*,*,#932,.T.);
#613=ORIENTED_EDGE('',*,*,#889,.T.);
#614=ORIENTED_EDGE('',*,*,#888,.T.);
#615=ORIENTED_EDGE('',*,*,#933,.T.);
#616=ORIENTED_EDGE('',*,*,#900,.T.);
#617=ORIENTED_EDGE('',*,*,#934,.T.);
#618=ORIENTED_EDGE('',*,*,#935,.T.);
#619=ORIENTED_EDGE('',*,*,#936,.F.);
#620=ORIENTED_EDGE('',*,*,#937,.F.);
#621=ORIENTED_EDGE('',*,*,#930,.T.);
#622=ORIENTED_EDGE('',*,*,#937,.T.);
#623=ORIENTED_EDGE('',*,*,#938,.F.);
#624=ORIENTED_EDGE('',*,*,#936,.T.);
#625=ORIENTED_EDGE('',*,*,#938,.T.);
#626=ORIENTED_EDGE('',*,*,#939,.T.);
#627=ORIENTED_EDGE('',*,*,#877,.T.);
#628=ORIENTED_EDGE('',*,*,#915,.F.);
#629=ORIENTED_EDGE('',*,*,#883,.T.);
#630=ORIENTED_EDGE('',*,*,#940,.T.);
#631=ORIENTED_EDGE('',*,*,#896,.F.);
#632=ORIENTED_EDGE('',*,*,#934,.F.);
#633=ORIENTED_EDGE('',*,*,#911,.F.);
#634=ORIENTED_EDGE('',*,*,#905,.F.);
#635=ORIENTED_EDGE('',*,*,#928,.F.);
#636=ORIENTED_EDGE('',*,*,#941,.T.);
#637=ORIENTED_EDGE('',*,*,#942,.T.);
#638=ORIENTED_EDGE('',*,*,#943,.T.);
#639=ORIENTED_EDGE('',*,*,#944,.F.);
#640=ORIENTED_EDGE('',*,*,#880,.T.);
#641=ORIENTED_EDGE('',*,*,#945,.F.);
#642=ORIENTED_EDGE('',*,*,#874,.T.);
#643=ORIENTED_EDGE('',*,*,#946,.T.);
#644=ORIENTED_EDGE('',*,*,#945,.T.);
#645=ORIENTED_EDGE('',*,*,#885,.T.);
#646=ORIENTED_EDGE('',*,*,#916,.F.);
#647=ORIENTED_EDGE('',*,*,#875,.T.);
#648=ORIENTED_EDGE('',*,*,#947,.F.);
#649=ORIENTED_EDGE('',*,*,#948,.T.);
#650=ORIENTED_EDGE('',*,*,#949,.T.);
#651=ORIENTED_EDGE('',*,*,#950,.T.);
#652=ORIENTED_EDGE('',*,*,#951,.F.);
#653=ORIENTED_EDGE('',*,*,#952,.T.);
#654=ORIENTED_EDGE('',*,*,#947,.T.);
#655=ORIENTED_EDGE('',*,*,#953,.T.);
#656=ORIENTED_EDGE('',*,*,#954,.F.);
#657=ORIENTED_EDGE('',*,*,#955,.T.);
#658=ORIENTED_EDGE('',*,*,#951,.T.);
#659=ORIENTED_EDGE('',*,*,#956,.T.);
#660=ORIENTED_EDGE('',*,*,#957,.T.);
#661=ORIENTED_EDGE('',*,*,#958,.T.);
#662=ORIENTED_EDGE('',*,*,#959,.T.);
#663=ORIENTED_EDGE('',*,*,#954,.T.);
#664=ORIENTED_EDGE('',*,*,#960,.T.);
#665=ORIENTED_EDGE('',*,*,#961,.F.);
#666=ORIENTED_EDGE('',*,*,#946,.F.);
#667=ORIENTED_EDGE('',*,*,#879,.T.);
#668=ORIENTED_EDGE('',*,*,#962,.T.);
#669=ORIENTED_EDGE('',*,*,#963,.T.);
#670=ORIENTED_EDGE('',*,*,#964,.T.);
#671=ORIENTED_EDGE('',*,*,#965,.T.);
#672=ORIENTED_EDGE('',*,*,#960,.F.);
#673=ORIENTED_EDGE('',*,*,#966,.T.);
#674=ORIENTED_EDGE('',*,*,#881,.T.);
#675=ORIENTED_EDGE('',*,*,#944,.T.);
#676=ORIENTED_EDGE('',*,*,#967,.T.);
#677=ORIENTED_EDGE('',*,*,#968,.T.);
#678=ORIENTED_EDGE('',*,*,#969,.T.);
#679=ORIENTED_EDGE('',*,*,#961,.T.);
#680=ORIENTED_EDGE('',*,*,#959,.F.);
#681=ORIENTED_EDGE('',*,*,#970,.T.);
#682=ORIENTED_EDGE('',*,*,#941,.F.);
#683=ORIENTED_EDGE('',*,*,#965,.F.);
#684=ORIENTED_EDGE('',*,*,#971,.F.);
#685=ORIENTED_EDGE('',*,*,#971,.T.);
#686=ORIENTED_EDGE('',*,*,#964,.F.);
#687=ORIENTED_EDGE('',*,*,#972,.F.);
#688=ORIENTED_EDGE('',*,*,#955,.F.);
#689=ORIENTED_EDGE('',*,*,#948,.F.);
#690=ORIENTED_EDGE('',*,*,#952,.F.);
#691=ORIENTED_EDGE('',*,*,#972,.T.);
#692=ORIENTED_EDGE('',*,*,#963,.F.);
#693=ORIENTED_EDGE('',*,*,#973,.T.);
#694=ORIENTED_EDGE('',*,*,#894,.F.);
#695=ORIENTED_EDGE('',*,*,#974,.T.);
#696=ORIENTED_EDGE('',*,*,#943,.F.);
#697=ORIENTED_EDGE('',*,*,#975,.T.);
#698=ORIENTED_EDGE('',*,*,#957,.F.);
#699=ORIENTED_EDGE('',*,*,#976,.F.);
#700=ORIENTED_EDGE('',*,*,#967,.F.);
#701=ORIENTED_EDGE('',*,*,#976,.T.);
#702=ORIENTED_EDGE('',*,*,#956,.F.);
#703=ORIENTED_EDGE('',*,*,#977,.F.);
#704=ORIENTED_EDGE('',*,*,#968,.F.);
#705=ORIENTED_EDGE('',*,*,#898,.F.);
#706=ORIENTED_EDGE('',*,*,#978,.T.);
#707=ORIENTED_EDGE('',*,*,#969,.F.);
#708=ORIENTED_EDGE('',*,*,#977,.T.);
#709=ORIENTED_EDGE('',*,*,#953,.F.);
#710=ORIENTED_EDGE('',*,*,#950,.F.);
#711=ORIENTED_EDGE('',*,*,#979,.T.);
#712=ORIENTED_EDGE('',*,*,#939,.F.);
#713=ORIENTED_EDGE('',*,*,#895,.F.);
#714=ORIENTED_EDGE('',*,*,#973,.F.);
#715=ORIENTED_EDGE('',*,*,#962,.F.);
#716=ORIENTED_EDGE('',*,*,#878,.F.);
#717=ORIENTED_EDGE('',*,*,#940,.F.);
#718=ORIENTED_EDGE('',*,*,#882,.F.);
#719=ORIENTED_EDGE('',*,*,#966,.F.);
#720=ORIENTED_EDGE('',*,*,#978,.F.);
#721=ORIENTED_EDGE('',*,*,#897,.F.);
#722=ORIENTED_EDGE('',*,*,#970,.F.);
#723=ORIENTED_EDGE('',*,*,#958,.F.);
#724=ORIENTED_EDGE('',*,*,#975,.F.);
#725=ORIENTED_EDGE('',*,*,#942,.F.);
#726=ORIENTED_EDGE('',*,*,#926,.F.);
#727=ORIENTED_EDGE('',*,*,#980,.T.);
#728=ORIENTED_EDGE('',*,*,#891,.F.);
#729=ORIENTED_EDGE('',*,*,#981,.T.);
#730=ORIENTED_EDGE('',*,*,#925,.F.);
#731=ORIENTED_EDGE('',*,*,#903,.F.);
#732=ORIENTED_EDGE('',*,*,#982,.F.);
#733=ORIENTED_EDGE('',*,*,#980,.F.);
#734=ORIENTED_EDGE('',*,*,#982,.T.);
#735=ORIENTED_EDGE('',*,*,#902,.F.);
#736=ORIENTED_EDGE('',*,*,#983,.F.);
#737=ORIENTED_EDGE('',*,*,#892,.F.);
#738=ORIENTED_EDGE('',*,*,#983,.T.);
#739=ORIENTED_EDGE('',*,*,#901,.F.);
#740=ORIENTED_EDGE('',*,*,#933,.F.);
#741=ORIENTED_EDGE('',*,*,#887,.F.);
#742=ORIENTED_EDGE('',*,*,#932,.F.);
#743=ORIENTED_EDGE('',*,*,#909,.F.);
#744=ORIENTED_EDGE('',*,*,#984,.F.);
#745=ORIENTED_EDGE('',*,*,#890,.F.);
#746=ORIENTED_EDGE('',*,*,#984,.T.);
#747=ORIENTED_EDGE('',*,*,#908,.F.);
#748=ORIENTED_EDGE('',*,*,#985,.F.);
#749=ORIENTED_EDGE('',*,*,#899,.F.);
#750=ORIENTED_EDGE('',*,*,#979,.F.);
#751=ORIENTED_EDGE('',*,*,#949,.F.);
#752=ORIENTED_EDGE('',*,*,#974,.F.);
#753=ORIENTED_EDGE('',*,*,#893,.F.);
#754=ORIENTED_EDGE('',*,*,#927,.F.);
#755=ORIENTED_EDGE('',*,*,#981,.F.);
#756=ORIENTED_EDGE('',*,*,#985,.T.);
#757=ORIENTED_EDGE('',*,*,#907,.F.);
#758=ORIENTED_EDGE('',*,*,#935,.F.);
#759=ORIENTED_EDGE('',*,*,#931,.F.);
#760=ORIENTED_EDGE('',*,*,#924,.F.);
#761=ORIENTED_EDGE('',*,*,#929,.F.);
#762=EDGE_CURVE('',#986,#987,#1144,.F.);
#763=EDGE_CURVE('',#987,#988,#1145,.T.);
#764=EDGE_CURVE('',#989,#988,#1146,.F.);
#765=EDGE_CURVE('',#989,#990,#1147,.T.);
#766=EDGE_CURVE('',#991,#990,#1148,.F.);
#767=EDGE_CURVE('',#991,#986,#1149,.F.);
#768=EDGE_CURVE('',#992,#993,#1150,.F.);
#769=EDGE_CURVE('',#993,#994,#1151,.F.);
#770=EDGE_CURVE('',#995,#994,#1152,.F.);
#771=EDGE_CURVE('',#995,#996,#1153,.T.);
#772=EDGE_CURVE('',#997,#996,#1154,.F.);
#773=EDGE_CURVE('',#997,#992,#1155,.T.);
#774=EDGE_CURVE('',#998,#999,#1156,.T.);
#775=EDGE_CURVE('',#999,#1000,#1157,.T.);
#776=EDGE_CURVE('',#1000,#1001,#1158,.T.);
#777=EDGE_CURVE('',#1001,#1002,#1159,.T.);
#778=EDGE_CURVE('',#1002,#998,#1160,.T.);
#779=EDGE_CURVE('',#1000,#1003,#226,.F.);
#780=EDGE_CURVE('',#1003,#1004,#1161,.T.);
#781=EDGE_CURVE('',#1004,#1005,#227,.F.);
#782=EDGE_CURVE('',#1006,#1005,#218,.F.);
#783=EDGE_CURVE('',#1007,#1006,#86,.T.);
#784=EDGE_CURVE('',#1008,#1007,#228,.T.);
#785=EDGE_CURVE('',#1009,#1008,#87,.F.);
#786=EDGE_CURVE('',#1010,#1009,#219,.T.);
#787=EDGE_CURVE('',#1010,#1001,#229,.F.);
#788=EDGE_CURVE('',#1011,#1012,#230,.T.);
#789=EDGE_CURVE('',#1012,#1013,#1162,.T.);
#790=EDGE_CURVE('',#1013,#1014,#88,.T.);
#791=EDGE_CURVE('',#1015,#1014,#89,.F.);
#792=EDGE_CURVE('',#1015,#1016,#90,.F.);
#793=EDGE_CURVE('',#1016,#1017,#1163,.T.);
#794=EDGE_CURVE('',#1017,#1018,#231,.T.);
#795=EDGE_CURVE('',#1018,#1019,#1164,.T.);
#796=EDGE_CURVE('',#1020,#1019,#91,.F.);
#797=EDGE_CURVE('',#1021,#1020,#92,.T.);
#798=EDGE_CURVE('',#1022,#1021,#93,.T.);
#799=EDGE_CURVE('',#1022,#1011,#1165,.T.);
#800=EDGE_CURVE('',#1023,#1023,#232,.F.);
#801=EDGE_CURVE('',#1024,#1024,#233,.T.);
#802=EDGE_CURVE('',#1025,#1025,#234,.F.);
#803=EDGE_CURVE('',#991,#994,#94,.T.);
#804=EDGE_CURVE('',#995,#990,#235,.F.);
#805=EDGE_CURVE('',#1026,#1026,#236,.T.);
#806=EDGE_CURVE('',#1027,#1027,#237,.F.);
#807=EDGE_CURVE('',#1028,#1028,#238,.T.);
#808=EDGE_CURVE('',#1029,#1029,#239,.T.);
#809=EDGE_CURVE('',#1030,#1030,#240,.T.);
#810=EDGE_CURVE('',#1031,#1031,#241,.T.);
#811=EDGE_CURVE('',#1032,#1032,#242,.F.);
#812=EDGE_CURVE('',#1033,#1033,#243,.F.);
#813=EDGE_CURVE('',#1019,#1034,#1166,.T.);
#814=EDGE_CURVE('',#1034,#1035,#1167,.T.);
#815=EDGE_CURVE('',#1035,#1022,#1168,.T.);
#816=EDGE_CURVE('',#1020,#1021,#1169,.T.);
#817=EDGE_CURVE('',#1036,#1036,#244,.T.);
#818=EDGE_CURVE('',#1037,#1037,#245,.T.);
#819=EDGE_CURVE('',#1038,#1038,#246,.F.);
#820=EDGE_CURVE('',#1014,#1015,#1170,.T.);
#821=EDGE_CURVE('',#1013,#999,#1171,.T.);
#822=EDGE_CURVE('',#1002,#1016,#1172,.T.);
#823=EDGE_CURVE('',#1039,#1039,#247,.T.);
#824=EDGE_CURVE('',#1040,#1040,#248,.T.);
#825=EDGE_CURVE('',#1041,#1041,#249,.T.);
#826=EDGE_CURVE('',#1042,#1042,#250,.T.);
#827=EDGE_CURVE('',#1008,#989,#1173,.T.);
#828=EDGE_CURVE('',#996,#1007,#1174,.T.);
#829=EDGE_CURVE('',#1043,#1044,#95,.F.);
#830=EDGE_CURVE('',#987,#1043,#96,.T.);
#831=EDGE_CURVE('',#986,#993,#97,.T.);
#832=EDGE_CURVE('',#992,#1045,#98,.T.);
#833=EDGE_CURVE('',#1046,#1045,#99,.T.);
#834=EDGE_CURVE('',#1044,#1046,#100,.T.);
#835=EDGE_CURVE('',#1047,#1048,#101,.T.);
#836=EDGE_CURVE('',#1049,#1048,#220,.F.);
#837=EDGE_CURVE('',#1049,#1050,#1175,.T.);
#838=EDGE_CURVE('',#1047,#1050,#221,.T.);
#839=EDGE_CURVE('',#1051,#1052,#102,.T.);
#840=EDGE_CURVE('',#1048,#1052,#103,.T.);
#841=EDGE_CURVE('',#1051,#1047,#104,.T.);
#842=EDGE_CURVE('',#1053,#1054,#105,.T.);
#843=EDGE_CURVE('',#1052,#1054,#251,.T.);
#844=EDGE_CURVE('',#1053,#1051,#252,.F.);
#845=EDGE_CURVE('',#1054,#1055,#106,.T.);
#846=EDGE_CURVE('',#1056,#1053,#107,.T.);
#847=EDGE_CURVE('',#1055,#1056,#108,.T.);
#848=EDGE_CURVE('',#1057,#1057,#253,.T.);
#849=EDGE_CURVE('',#1058,#1058,#254,.T.);
#850=EDGE_CURVE('',#1059,#1043,#109,.T.);
#851=EDGE_CURVE('',#1060,#1059,#255,.T.);
#852=EDGE_CURVE('',#1061,#1060,#110,.T.);
#853=EDGE_CURVE('',#988,#1061,#111,.T.);
#854=EDGE_CURVE('',#1062,#997,#112,.T.);
#855=EDGE_CURVE('',#1063,#1062,#113,.T.);
#856=EDGE_CURVE('',#1064,#1063,#256,.F.);
#857=EDGE_CURVE('',#1045,#1064,#114,.T.);
#858=EDGE_CURVE('',#1053,#1059,#1176,.F.);
#859=EDGE_CURVE('',#1056,#1044,#115,.T.);
#860=EDGE_CURVE('',#1051,#1060,#1177,.F.);
#861=EDGE_CURVE('',#1050,#1010,#1178,.T.);
#862=EDGE_CURVE('',#1061,#1009,#116,.T.);
#863=EDGE_CURVE('',#1064,#1054,#1179,.F.);
#864=EDGE_CURVE('',#1046,#1055,#117,.F.);
#865=EDGE_CURVE('',#1063,#1052,#1180,.F.);
#866=EDGE_CURVE('',#1005,#1049,#1181,.T.);
#867=EDGE_CURVE('',#1006,#1062,#118,.F.);
#868=EDGE_CURVE('',#1003,#1035,#1182,.F.);
#869=EDGE_CURVE('',#1034,#1004,#1183,.F.);
#870=EDGE_CURVE('',#1011,#1003,#1184,.T.);
#871=EDGE_CURVE('',#1012,#1000,#1185,.F.);
#872=EDGE_CURVE('',#1017,#1001,#1186,.T.);
#873=EDGE_CURVE('',#1018,#1004,#1187,.F.);
#874=EDGE_CURVE('',#1065,#1066,#1188,.F.);
#875=EDGE_CURVE('',#1067,#1065,#1189,.F.);
#876=EDGE_CURVE('',#1067,#1068,#1190,.T.);
#877=EDGE_CURVE('',#1069,#1068,#1191,.T.);
#878=EDGE_CURVE('',#1069,#1070,#1192,.T.);
#879=EDGE_CURVE('',#1066,#1070,#1193,.T.);
#880=EDGE_CURVE('',#1071,#1072,#1194,.T.);
#881=EDGE_CURVE('',#1073,#1071,#1195,.T.);
#882=EDGE_CURVE('',#1073,#1074,#1196,.F.);
#883=EDGE_CURVE('',#1075,#1074,#1197,.T.);
#884=EDGE_CURVE('',#1075,#1076,#1198,.F.);
#885=EDGE_CURVE('',#1072,#1076,#1199,.T.);
#886=EDGE_CURVE('',#1077,#1078,#1200,.T.);
#887=EDGE_CURVE('',#1077,#1079,#1201,.T.);
#888=EDGE_CURVE('',#1080,#1079,#1202,.T.);
#889=EDGE_CURVE('',#1081,#1080,#1203,.T.);
#890=EDGE_CURVE('',#1081,#1078,#1204,.T.);
#891=EDGE_CURVE('',#1082,#1083,#1205,.T.);
#892=EDGE_CURVE('',#1083,#1077,#257,.F.);
#893=EDGE_CURVE('',#1078,#1084,#258,.F.);
#894=EDGE_CURVE('',#1084,#1085,#222,.T.);
#895=EDGE_CURVE('',#1085,#1086,#119,.F.);
#896=EDGE_CURVE('',#1086,#1087,#259,.T.);
#897=EDGE_CURVE('',#1087,#1088,#120,.T.);
#898=EDGE_CURVE('',#1088,#1089,#223,.F.);
#899=EDGE_CURVE('',#1089,#1082,#260,.F.);
#900=EDGE_CURVE('',#1090,#1091,#121,.T.);
#901=EDGE_CURVE('',#1090,#1092,#1206,.T.);
#902=EDGE_CURVE('',#1092,#1093,#261,.T.);
#903=EDGE_CURVE('',#1093,#1094,#1207,.T.);
#904=EDGE_CURVE('',#1094,#1095,#122,.T.);
#905=EDGE_CURVE('',#1095,#1096,#123,.T.);
#906=EDGE_CURVE('',#1096,#1097,#124,.F.);
#907=EDGE_CURVE('',#1097,#1098,#1208,.T.);
#908=EDGE_CURVE('',#1098,#1099,#262,.T.);
#909=EDGE_CURVE('',#1099,#1100,#1209,.T.);
#910=EDGE_CURVE('',#1101,#1100,#125,.F.);
#911=EDGE_CURVE('',#1101,#1091,#126,.F.);
#912=EDGE_CURVE('',#1102,#1102,#263,.F.);
#913=EDGE_CURVE('',#1103,#1103,#264,.T.);
#914=EDGE_CURVE('',#1104,#1104,#265,.F.);
#915=EDGE_CURVE('',#1075,#1068,#266,.F.);
#916=EDGE_CURVE('',#1067,#1076,#127,.T.);
#917=EDGE_CURVE('',#1105,#1105,#267,.T.);
#918=EDGE_CURVE('',#1106,#1106,#268,.F.);
#919=EDGE_CURVE('',#1107,#1107,#269,.T.);
#920=EDGE_CURVE('',#1108,#1108,#270,.T.);
#921=EDGE_CURVE('',#1109,#1109,#271,.T.);
#922=EDGE_CURVE('',#1110,#1110,#272,.T.);
#923=EDGE_CURVE('',#1111,#1111,#273,.F.);
#924=EDGE_CURVE('',#1112,#1112,#274,.F.);
#925=EDGE_CURVE('',#1094,#1113,#1210,.T.);
#926=EDGE_CURVE('',#1113,#1114,#1211,.T.);
#927=EDGE_CURVE('',#1114,#1097,#1212,.T.);
#928=EDGE_CURVE('',#1096,#1095,#1213,.T.);
#929=EDGE_CURVE('',#1115,#1115,#275,.T.);
#930=EDGE_CURVE('',#1116,#1116,#276,.T.);
#931=EDGE_CURVE('',#1117,#1117,#277,.F.);
#932=EDGE_CURVE('',#1100,#1081,#1214,.T.);
#933=EDGE_CURVE('',#1079,#1090,#1215,.T.);
#934=EDGE_CURVE('',#1091,#1101,#1216,.T.);
#935=EDGE_CURVE('',#1118,#1118,#278,.T.);
#936=EDGE_CURVE('',#1119,#1119,#279,.T.);
#937=EDGE_CURVE('',#1120,#1120,#280,.T.);
#938=EDGE_CURVE('',#1121,#1121,#281,.T.);
#939=EDGE_CURVE('',#1086,#1069,#1217,.T.);
#940=EDGE_CURVE('',#1074,#1087,#1218,.T.);
#941=EDGE_CURVE('',#1122,#1123,#128,.F.);
#942=EDGE_CURVE('',#1123,#1124,#129,.T.);
#943=EDGE_CURVE('',#1124,#1125,#130,.T.);
#944=EDGE_CURVE('',#1071,#1125,#131,.T.);
#945=EDGE_CURVE('',#1065,#1072,#132,.T.);
#946=EDGE_CURVE('',#1066,#1122,#133,.T.);
#947=EDGE_CURVE('',#1126,#1127,#134,.T.);
#948=EDGE_CURVE('',#1126,#1128,#224,.T.);
#949=EDGE_CURVE('',#1128,#1129,#1219,.T.);
#950=EDGE_CURVE('',#1129,#1127,#225,.F.);
#951=EDGE_CURVE('',#1130,#1131,#135,.T.);
#952=EDGE_CURVE('',#1130,#1126,#136,.T.);
#953=EDGE_CURVE('',#1127,#1131,#137,.T.);
#954=EDGE_CURVE('',#1132,#1133,#138,.T.);
#955=EDGE_CURVE('',#1132,#1130,#282,.F.);
#956=EDGE_CURVE('',#1131,#1133,#283,.T.);
#957=EDGE_CURVE('',#1133,#1134,#139,.T.);
#958=EDGE_CURVE('',#1134,#1135,#140,.T.);
#959=EDGE_CURVE('',#1135,#1132,#141,.T.);
#960=EDGE_CURVE('',#1136,#1136,#284,.T.);
#961=EDGE_CURVE('',#1137,#1137,#285,.T.);
#962=EDGE_CURVE('',#1070,#1138,#142,.T.);
#963=EDGE_CURVE('',#1138,#1139,#143,.T.);
#964=EDGE_CURVE('',#1139,#1140,#286,.T.);
#965=EDGE_CURVE('',#1140,#1122,#144,.T.);
#966=EDGE_CURVE('',#1141,#1073,#145,.T.);
#967=EDGE_CURVE('',#1125,#1142,#146,.T.);
#968=EDGE_CURVE('',#1142,#1143,#287,.F.);
#969=EDGE_CURVE('',#1143,#1141,#147,.T.);
#970=EDGE_CURVE('',#1135,#1123,#148,.T.);
#971=EDGE_CURVE('',#1132,#1140,#1220,.F.);
#972=EDGE_CURVE('',#1130,#1139,#1221,.F.);
#973=EDGE_CURVE('',#1138,#1085,#149,.T.);
#974=EDGE_CURVE('',#1084,#1128,#1222,.T.);
#975=EDGE_CURVE('',#1124,#1134,#150,.F.);
#976=EDGE_CURVE('',#1142,#1133,#1223,.F.);
#977=EDGE_CURVE('',#1143,#1131,#1224,.F.);
#978=EDGE_CURVE('',#1088,#1141,#151,.F.);
#979=EDGE_CURVE('',#1129,#1089,#1225,.T.);
#980=EDGE_CURVE('',#1113,#1083,#1226,.F.);
#981=EDGE_CURVE('',#1082,#1114,#1227,.F.);
#982=EDGE_CURVE('',#1083,#1093,#1228,.T.);
#983=EDGE_CURVE('',#1077,#1092,#1229,.F.);
#984=EDGE_CURVE('',#1078,#1099,#1230,.T.);
#985=EDGE_CURVE('',#1082,#1098,#1231,.F.);
#986=VERTEX_POINT('',#2250);
#987=VERTEX_POINT('',#2251);
#988=VERTEX_POINT('',#2256);
#989=VERTEX_POINT('',#2265);
#990=VERTEX_POINT('',#2270);
#991=VERTEX_POINT('',#2275);
#992=VERTEX_POINT('',#2308);
#993=VERTEX_POINT('',#2309);
#994=VERTEX_POINT('',#2314);
#995=VERTEX_POINT('',#2319);
#996=VERTEX_POINT('',#2324);
#997=VERTEX_POINT('',#2333);
#998=VERTEX_POINT('',#2467);
#999=VERTEX_POINT('',#2468);
#1000=VERTEX_POINT('',#2482);
#1001=VERTEX_POINT('',#2501);
#1002=VERTEX_POINT('',#2515);
#1003=VERTEX_POINT('',#2522);
#1004=VERTEX_POINT('',#2534);
#1005=VERTEX_POINT('',#2536);
#1006=VERTEX_POINT('',#2538);
#1007=VERTEX_POINT('',#2540);
#1008=VERTEX_POINT('',#2542);
#1009=VERTEX_POINT('',#2544);
#1010=VERTEX_POINT('',#2546);
#1011=VERTEX_POINT('',#2550);
#1012=VERTEX_POINT('',#2551);
#1013=VERTEX_POINT('',#2556);
#1014=VERTEX_POINT('',#2558);
#1015=VERTEX_POINT('',#2560);
#1016=VERTEX_POINT('',#2562);
#1017=VERTEX_POINT('',#2567);
#1018=VERTEX_POINT('',#2569);
#1019=VERTEX_POINT('',#2574);
#1020=VERTEX_POINT('',#2576);
#1021=VERTEX_POINT('',#2578);
#1022=VERTEX_POINT('',#2580);
#1023=VERTEX_POINT('',#2586);
#1024=VERTEX_POINT('',#2589);
#1025=VERTEX_POINT('',#2591);
#1026=VERTEX_POINT('',#2596);
#1027=VERTEX_POINT('',#2599);
#1028=VERTEX_POINT('',#2601);
#1029=VERTEX_POINT('',#2604);
#1030=VERTEX_POINT('',#2606);
#1031=VERTEX_POINT('',#2609);
#1032=VERTEX_POINT('',#2612);
#1033=VERTEX_POINT('',#2619);
#1034=VERTEX_POINT('',#2626);
#1035=VERTEX_POINT('',#2638);
#1036=VERTEX_POINT('',#2656);
#1037=VERTEX_POINT('',#2658);
#1038=VERTEX_POINT('',#2661);
#1039=VERTEX_POINT('',#2684);
#1040=VERTEX_POINT('',#2686);
#1041=VERTEX_POINT('',#2689);
#1042=VERTEX_POINT('',#2693);
#1043=VERTEX_POINT('',#2708);
#1044=VERTEX_POINT('',#2709);
#1045=VERTEX_POINT('',#2713);
#1046=VERTEX_POINT('',#2715);
#1047=VERTEX_POINT('',#2720);
#1048=VERTEX_POINT('',#2721);
#1049=VERTEX_POINT('',#2723);
#1050=VERTEX_POINT('',#2728);
#1051=VERTEX_POINT('',#2732);
#1052=VERTEX_POINT('',#2733);
#1053=VERTEX_POINT('',#2738);
#1054=VERTEX_POINT('',#2739);
#1055=VERTEX_POINT('',#2744);
#1056=VERTEX_POINT('',#2746);
#1057=VERTEX_POINT('',#2750);
#1058=VERTEX_POINT('',#2752);
#1059=VERTEX_POINT('',#2755);
#1060=VERTEX_POINT('',#2757);
#1061=VERTEX_POINT('',#2759);
#1062=VERTEX_POINT('',#2763);
#1063=VERTEX_POINT('',#2765);
#1064=VERTEX_POINT('',#2767);
#1065=VERTEX_POINT('',#3031);
#1066=VERTEX_POINT('',#3032);
#1067=VERTEX_POINT('',#3037);
#1068=VERTEX_POINT('',#3042);
#1069=VERTEX_POINT('',#3047);
#1070=VERTEX_POINT('',#3056);
#1071=VERTEX_POINT('',#3089);
#1072=VERTEX_POINT('',#3090);
#1073=VERTEX_POINT('',#3095);
#1074=VERTEX_POINT('',#3104);
#1075=VERTEX_POINT('',#3109);
#1076=VERTEX_POINT('',#3114);
#1077=VERTEX_POINT('',#3224);
#1078=VERTEX_POINT('',#3225);
#1079=VERTEX_POINT('',#3237);
#1080=VERTEX_POINT('',#3280);
#1081=VERTEX_POINT('',#3285);
#1082=VERTEX_POINT('',#3311);
#1083=VERTEX_POINT('',#3312);
#1084=VERTEX_POINT('',#3315);
#1085=VERTEX_POINT('',#3317);
#1086=VERTEX_POINT('',#3319);
#1087=VERTEX_POINT('',#3321);
#1088=VERTEX_POINT('',#3323);
#1089=VERTEX_POINT('',#3325);
#1090=VERTEX_POINT('',#3329);
#1091=VERTEX_POINT('',#3330);
#1092=VERTEX_POINT('',#3335);
#1093=VERTEX_POINT('',#3337);
#1094=VERTEX_POINT('',#3342);
#1095=VERTEX_POINT('',#3344);
#1096=VERTEX_POINT('',#3346);
#1097=VERTEX_POINT('',#3348);
#1098=VERTEX_POINT('',#3353);
#1099=VERTEX_POINT('',#3355);
#1100=VERTEX_POINT('',#3360);
#1101=VERTEX_POINT('',#3362);
#1102=VERTEX_POINT('',#3365);
#1103=VERTEX_POINT('',#3368);
#1104=VERTEX_POINT('',#3370);
#1105=VERTEX_POINT('',#3375);
#1106=VERTEX_POINT('',#3378);
#1107=VERTEX_POINT('',#3380);
#1108=VERTEX_POINT('',#3383);
#1109=VERTEX_POINT('',#3385);
#1110=VERTEX_POINT('',#3388);
#1111=VERTEX_POINT('',#3391);
#1112=VERTEX_POINT('',#3398);
#1113=VERTEX_POINT('',#3405);
#1114=VERTEX_POINT('',#3417);
#1115=VERTEX_POINT('',#3435);
#1116=VERTEX_POINT('',#3437);
#1117=VERTEX_POINT('',#3440);
#1118=VERTEX_POINT('',#3463);
#1119=VERTEX_POINT('',#3465);
#1120=VERTEX_POINT('',#3468);
#1121=VERTEX_POINT('',#3472);
#1122=VERTEX_POINT('',#3487);
#1123=VERTEX_POINT('',#3488);
#1124=VERTEX_POINT('',#3490);
#1125=VERTEX_POINT('',#3492);
#1126=VERTEX_POINT('',#3499);
#1127=VERTEX_POINT('',#3500);
#1128=VERTEX_POINT('',#3502);
#1129=VERTEX_POINT('',#3507);
#1130=VERTEX_POINT('',#3511);
#1131=VERTEX_POINT('',#3512);
#1132=VERTEX_POINT('',#3517);
#1133=VERTEX_POINT('',#3518);
#1134=VERTEX_POINT('',#3523);
#1135=VERTEX_POINT('',#3525);
#1136=VERTEX_POINT('',#3529);
#1137=VERTEX_POINT('',#3531);
#1138=VERTEX_POINT('',#3534);
#1139=VERTEX_POINT('',#3536);
#1140=VERTEX_POINT('',#3538);
#1141=VERTEX_POINT('',#3542);
#1142=VERTEX_POINT('',#3544);
#1143=VERTEX_POINT('',#3546);
#1144=B_SPLINE_CURVE_WITH_KNOTS('',3,(#2246,#2247,#2248,#2249),
 .UNSPECIFIED.,.F.,.F.,(4,4),(0.,0.00231565540080956),.UNSPECIFIED.);
#1145=B_SPLINE_CURVE_WITH_KNOTS('',3,(#2252,#2253,#2254,#2255),
 .UNSPECIFIED.,.F.,.F.,(4,4),(0.,1.),.UNSPECIFIED.);
#1146=B_SPLINE_CURVE_WITH_KNOTS('',3,(#2257,#2258,#2259,#2260,#2261,#2262,
#2263,#2264),.UNSPECIFIED.,.F.,.F.,(4,1,1,1,1,4),(0.00151104259829993,0.00253180550999542,
0.00304218696584316,0.00355256842169091,0.00457333133338639,0.00559409424508188),
 .UNSPECIFIED.);
#1147=B_SPLINE_CURVE_WITH_KNOTS('',3,(#2266,#2267,#2268,#2269),
 .UNSPECIFIED.,.F.,.F.,(4,4),(0.,0.999937829020027),.UNSPECIFIED.);
#1148=B_SPLINE_CURVE_WITH_KNOTS('',3,(#2271,#2272,#2273,#2274),
 .UNSPECIFIED.,.F.,.F.,(4,4),(0.000415129764664673,0.00204383200410421),
 .UNSPECIFIED.);
#1149=B_SPLINE_CURVE_WITH_KNOTS('',3,(#2276,#2277,#2278,#2279),
 .UNSPECIFIED.,.F.,.F.,(4,4),(7.7948783442266E-9,0.000183631498564535),
 .UNSPECIFIED.);
#1150=B_SPLINE_CURVE_WITH_KNOTS('',3,(#2304,#2305,#2306,#2307),
 .UNSPECIFIED.,.F.,.F.,(4,4),(0.000639570458775485,0.00296686356569411),
 .UNSPECIFIED.);
#1151=B_SPLINE_CURVE_WITH_KNOTS('',3,(#2310,#2311,#2312,#2313),
 .UNSPECIFIED.,.F.,.F.,(4,4),(0.000955452639584086,0.00113907760002775),
 .UNSPECIFIED.);
#1152=B_SPLINE_CURVE_WITH_KNOTS('',3,(#2315,#2316,#2317,#2318),
 .UNSPECIFIED.,.F.,.F.,(4,4),(0.,0.00161557730885487),.UNSPECIFIED.);
#1153=B_SPLINE_CURVE_WITH_KNOTS('',3,(#2320,#2321,#2322,#2323),
 .UNSPECIFIED.,.F.,.F.,(4,4),(3.93636696668849E-5,1.),.UNSPECIFIED.);
#1154=B_SPLINE_CURVE_WITH_KNOTS('',3,(#2325,#2326,#2327,#2328,#2329,#2330,
#2331,#2332),.UNSPECIFIED.,.F.,.F.,(4,1,1,1,1,4),(0.,0.00102189563473504,
0.00204379126947009,0.00255473908683761,0.00306568690420513,0.00408758253894017),
 .UNSPECIFIED.);
#1155=B_SPLINE_CURVE_WITH_KNOTS('',3,(#2334,#2335,#2336,#2337),
 .UNSPECIFIED.,.F.,.F.,(4,4),(0.,1.),.UNSPECIFIED.);
#1156=B_SPLINE_CURVE_WITH_KNOTS('',3,(#2425,#2426,#2427,#2428,#2429,#2430,
#2431,#2432,#2433,#2434,#2435,#2436,#2437,#2438,#2439,#2440,#2441,#2442,
#2443,#2444,#2445,#2446,#2447,#2448,#2449,#2450,#2451,#2452,#2453,#2454,
#2455,#2456,#2457,#2458,#2459,#2460,#2461,#2462,#2463,#2464,#2465,#2466),
 .UNSPECIFIED.,.F.,.F.,(4,1,1,1,1,1,1,1,1,1,1,1,1,1,1,1,1,1,1,1,1,1,1,1,
1,1,1,1,1,1,1,1,1,1,1,1,1,1,1,4),(0.,0.0602708235824594,0.120541647164919,
0.150677058956148,0.180812470747378,0.210947882538608,0.218481735486415,
0.226015588434223,0.241083294329837,0.271218706121067,0.301354117912297,
0.316421823807912,0.331489529703527,0.361624941494756,0.391760353285986,
0.421895765077216,0.482166588659675,0.542437412242134,0.557505118137749,
0.572572824033364,0.602708235824594,0.610242088772401,0.617775941720208,
0.632843647615823,0.647911353511438,0.662979059407053,0.666745985880957,
0.67051291235486,0.678046765302668,0.693114471198283,0.723249882989512,
0.753385294780742,0.783520706571972,0.843791530154431,0.873926941945661,
0.888994647841276,0.904062353736891,0.93419776552812,0.949265471423735,
0.96433317731935),.UNSPECIFIED.);
#1157=B_SPLINE_CURVE_WITH_KNOTS('',3,(#2469,#2470,#2471,#2472,#2473,#2474,
#2475,#2476,#2477,#2478,#2479,#2480,#2481),.UNSPECIFIED.,.F.,.F.,(4,1,1,
1,1,1,1,1,1,1,4),(0.,0.125,0.1875,0.25,0.3125,0.375,0.4375,0.5,0.625,0.75,
1.),.UNSPECIFIED.);
#1158=B_SPLINE_CURVE_WITH_KNOTS('',3,(#2483,#2484,#2485,#2486,#2487,#2488,
#2489,#2490,#2491,#2492,#2493,#2494,#2495,#2496,#2497,#2498,#2499,#2500),
 .UNSPECIFIED.,.F.,.F.,(4,1,1,1,1,1,1,1,1,1,1,1,1,1,1,4),(0.0519486293811731,
0.163976490703636,0.219990421364868,0.276004352026099,0.332018282687331,
0.388032213348562,0.444046144009794,0.500060074671025,0.556074005332257,
0.612087935993488,0.66810186665472,0.724115797315951,0.752122762646567,
0.780129727977183,0.836143658638414,0.948171519960877),.UNSPECIFIED.);
#1159=B_SPLINE_CURVE_WITH_KNOTS('',3,(#2502,#2503,#2504,#2505,#2506,#2507,
#2508,#2509,#2510,#2511,#2512,#2513,#2514),.UNSPECIFIED.,.F.,.F.,(4,1,1,
1,1,1,1,1,1,1,4),(0.,0.25,0.375,0.4375,0.5,0.5625,0.625,0.6875,0.75,0.875,
1.),.UNSPECIFIED.);
#1160=B_SPLINE_CURVE_WITH_KNOTS('',3,(#2516,#2517,#2518,#2519),
 .UNSPECIFIED.,.F.,.F.,(4,4),(0.29377659393917,1.),.UNSPECIFIED.);
#1161=B_SPLINE_CURVE_WITH_KNOTS('',3,(#2523,#2524,#2525,#2526,#2527,#2528,
#2529,#2530,#2531,#2532,#2533),.UNSPECIFIED.,.F.,.F.,(4,1,1,1,1,1,1,1,4),
(0.00115458324325145,0.00307312769578215,0.00499167214831286,0.00691021660084357,
0.00882876105337427,0.010747305505905,0.0126658499584357,0.0145843944109664,
0.0165029388634971),.UNSPECIFIED.);
#1162=B_SPLINE_CURVE_WITH_KNOTS('',3,(#2552,#2553,#2554,#2555),
 .UNSPECIFIED.,.F.,.F.,(4,4),(0.,1.),.UNSPECIFIED.);
#1163=B_SPLINE_CURVE_WITH_KNOTS('',3,(#2563,#2564,#2565,#2566),
 .UNSPECIFIED.,.F.,.F.,(4,4),(0.,1.),.UNSPECIFIED.);
#1164=B_SPLINE_CURVE_WITH_KNOTS('',3,(#2570,#2571,#2572,#2573),
 .UNSPECIFIED.,.F.,.F.,(4,4),(0.,1.),.UNSPECIFIED.);
#1165=B_SPLINE_CURVE_WITH_KNOTS('',3,(#2581,#2582,#2583,#2584),
 .UNSPECIFIED.,.F.,.F.,(4,4),(0.,1.),.UNSPECIFIED.);
#1166=B_SPLINE_CURVE_WITH_KNOTS('',3,(#2620,#2621,#2622,#2623,#2624,#2625),
 .UNSPECIFIED.,.F.,.F.,(4,1,1,4),(0.,0.000619673172422232,0.000929509758633348,
0.00123934634484446),.UNSPECIFIED.);
#1167=B_SPLINE_CURVE_WITH_KNOTS('',3,(#2627,#2628,#2629,#2630,#2631,#2632,
#2633,#2634,#2635,#2636,#2637),.UNSPECIFIED.,.F.,.F.,(4,1,1,1,1,1,1,1,4),
(0.000419856508355595,0.00226899404365869,0.00411813157896178,0.00596726911426488,
0.00781640664956797,0.00966554418487107,0.0115146817201742,0.0133638192554773,
0.0152129567907803),.UNSPECIFIED.);
#1168=B_SPLINE_CURVE_WITH_KNOTS('',3,(#2639,#2640,#2641,#2642,#2643,#2644),
 .UNSPECIFIED.,.F.,.F.,(4,1,1,4),(6.98415611373955E-9,0.000311789765060537,
0.00062357254596496,0.00124713810777381),.UNSPECIFIED.);
#1169=B_SPLINE_CURVE_WITH_KNOTS('',3,(#2645,#2646,#2647,#2648,#2649,#2650,
#2651,#2652,#2653),.UNSPECIFIED.,.F.,.F.,(4,1,1,1,1,1,4),(-0.00225282138223372,
-0.00172092155237074,-0.00118902172250776,-0.000125222062781799,0.000938577596944162,
0.00147047742680714,0.00200237725667012),.UNSPECIFIED.);
#1170=B_SPLINE_CURVE_WITH_KNOTS('',3,(#2662,#2663,#2664,#2665,#2666,#2667,
#2668,#2669,#2670),.UNSPECIFIED.,.F.,.F.,(4,1,1,1,1,1,4),(-0.00225282138223373,
-0.00172092155237073,-0.00118902172250774,-0.00012522206278176,0.000938577596944222,
0.00147047742680721,0.0020023772566702),.UNSPECIFIED.);
#1171=B_SPLINE_CURVE_WITH_KNOTS('',3,(#2671,#2672,#2673,#2674,#2675,#2676),
 .UNSPECIFIED.,.F.,.F.,(4,1,1,4),(0.,0.000692056836491387,0.00103808525473708,
0.00138411367298277),.UNSPECIFIED.);
#1172=B_SPLINE_CURVE_WITH_KNOTS('',3,(#2677,#2678,#2679,#2680,#2681),
 .UNSPECIFIED.,.F.,.F.,(4,1,4),(2.80974066796572E-7,0.000688463310348548,
0.0013766456466303),.UNSPECIFIED.);
#1173=B_SPLINE_CURVE_WITH_KNOTS('',3,(#2696,#2697,#2698,#2699),
 .UNSPECIFIED.,.F.,.F.,(4,4),(1.93947980722443E-18,0.000164047776357174),
 .UNSPECIFIED.);
#1174=B_SPLINE_CURVE_WITH_KNOTS('',3,(#2700,#2701,#2702,#2703),
 .UNSPECIFIED.,.F.,.F.,(4,4),(0.00362221307005489,0.00378626084652903),
 .UNSPECIFIED.);
#1175=B_SPLINE_CURVE_WITH_KNOTS('',3,(#2724,#2725,#2726,#2727),
 .UNSPECIFIED.,.F.,.F.,(4,4),(0.,0.00356020293209156),.UNSPECIFIED.);
#1176=B_SPLINE_CURVE_WITH_KNOTS('',3,(#2770,#2771,#2772,#2773),
 .UNSPECIFIED.,.F.,.F.,(4,4),(0.,0.00141580332807595),.UNSPECIFIED.);
#1177=B_SPLINE_CURVE_WITH_KNOTS('',3,(#2776,#2777,#2778,#2779),
 .UNSPECIFIED.,.F.,.F.,(4,4),(0.,0.00141580332807597),.UNSPECIFIED.);
#1178=B_SPLINE_CURVE_WITH_KNOTS('',3,(#2781,#2782,#2783,#2784),
 .UNSPECIFIED.,.F.,.F.,(4,4),(4.16536872535157E-18,0.000405812972737206),
 .UNSPECIFIED.);
#1179=B_SPLINE_CURVE_WITH_KNOTS('',3,(#2787,#2788,#2789,#2790),
 .UNSPECIFIED.,.F.,.F.,(4,4),(0.,0.00141580332807595),.UNSPECIFIED.);
#1180=B_SPLINE_CURVE_WITH_KNOTS('',3,(#2793,#2794,#2795,#2796),
 .UNSPECIFIED.,.F.,.F.,(4,4),(0.,0.00141580332807597),.UNSPECIFIED.);
#1181=B_SPLINE_CURVE_WITH_KNOTS('',3,(#2798,#2799,#2800,#2801),
 .UNSPECIFIED.,.F.,.F.,(4,4),(0.,0.000405812972737214),.UNSPECIFIED.);
#1182=B_SPLINE_CURVE_WITH_KNOTS('',3,(#2839,#2840,#2841,#2842,#2843,#2844),
 .UNSPECIFIED.,.F.,.F.,(4,1,1,4),(0.,0.25,0.5,1.),.UNSPECIFIED.);
#1183=B_SPLINE_CURVE_WITH_KNOTS('',3,(#2845,#2846,#2847,#2848,#2849,#2850),
 .UNSPECIFIED.,.F.,.F.,(4,1,1,4),(0.,0.5,0.75,1.),.UNSPECIFIED.);
#1184=B_SPLINE_CURVE_WITH_KNOTS('',3,(#2867,#2868,#2869,#2870),
 .UNSPECIFIED.,.F.,.F.,(4,4),(0.,1.),.UNSPECIFIED.);
#1185=B_SPLINE_CURVE_WITH_KNOTS('',3,(#2872,#2873,#2874,#2875),
 .UNSPECIFIED.,.F.,.F.,(4,4),(0.,1.),.UNSPECIFIED.);
#1186=B_SPLINE_CURVE_WITH_KNOTS('',3,(#2975,#2976,#2977,#2978),
 .UNSPECIFIED.,.F.,.F.,(4,4),(0.,1.),.UNSPECIFIED.);
#1187=B_SPLINE_CURVE_WITH_KNOTS('',3,(#2980,#2981,#2982,#2983),
 .UNSPECIFIED.,.F.,.F.,(4,4),(0.,1.),.UNSPECIFIED.);
#1188=B_SPLINE_CURVE_WITH_KNOTS('',3,(#3027,#3028,#3029,#3030),
 .UNSPECIFIED.,.F.,.F.,(4,4),(0.,0.00231564754882018),.UNSPECIFIED.);
#1189=B_SPLINE_CURVE_WITH_KNOTS('',3,(#3033,#3034,#3035,#3036),
 .UNSPECIFIED.,.F.,.F.,(4,4),(0.,0.000183625022650446),.UNSPECIFIED.);
#1190=B_SPLINE_CURVE_WITH_KNOTS('',3,(#3038,#3039,#3040,#3041),
 .UNSPECIFIED.,.F.,.F.,(4,4),(0.,0.00161558389616026),.UNSPECIFIED.);
#1191=B_SPLINE_CURVE_WITH_KNOTS('',3,(#3043,#3044,#3045,#3046),
 .UNSPECIFIED.,.F.,.F.,(4,4),(0.,0.999961505307298),.UNSPECIFIED.);
#1192=B_SPLINE_CURVE_WITH_KNOTS('',3,(#3048,#3049,#3050,#3051,#3052,#3053,
#3054,#3055),.UNSPECIFIED.,.F.,.F.,(4,1,1,1,1,4),(0.,0.00102189561754403,
0.00204379123508806,0.00255473904386007,0.00306568685263208,0.00408758247017611),
 .UNSPECIFIED.);
#1193=B_SPLINE_CURVE_WITH_KNOTS('',3,(#3057,#3058,#3059,#3060),
 .UNSPECIFIED.,.F.,.F.,(4,4),(0.,1.),.UNSPECIFIED.);
#1194=B_SPLINE_CURVE_WITH_KNOTS('',3,(#3085,#3086,#3087,#3088),
 .UNSPECIFIED.,.F.,.F.,(4,4),(0.,0.00231564754882646),.UNSPECIFIED.);
#1195=B_SPLINE_CURVE_WITH_KNOTS('',3,(#3091,#3092,#3093,#3094),
 .UNSPECIFIED.,.F.,.F.,(4,4),(0.,1.),.UNSPECIFIED.);
#1196=B_SPLINE_CURVE_WITH_KNOTS('',3,(#3096,#3097,#3098,#3099,#3100,#3101,
#3102,#3103),.UNSPECIFIED.,.F.,.F.,(4,1,1,1,1,4),(0.,0.00102189561748365,
0.0020437912349673,0.00255473904370913,0.00306568685245095,0.00408758246993461),
 .UNSPECIFIED.);
#1197=B_SPLINE_CURVE_WITH_KNOTS('',3,(#3105,#3106,#3107,#3108),
 .UNSPECIFIED.,.F.,.F.,(4,4),(3.84882820958091E-5,1.),.UNSPECIFIED.);
#1198=B_SPLINE_CURVE_WITH_KNOTS('',3,(#3110,#3111,#3112,#3113),
 .UNSPECIFIED.,.F.,.F.,(4,4),(0.,0.00161558388980008),.UNSPECIFIED.);
#1199=B_SPLINE_CURVE_WITH_KNOTS('',3,(#3115,#3116,#3117,#3118),
 .UNSPECIFIED.,.F.,.F.,(4,4),(0.,0.000183625022629673),.UNSPECIFIED.);
#1200=B_SPLINE_CURVE_WITH_KNOTS('',3,(#3206,#3207,#3208,#3209,#3210,#3211,
#3212,#3213,#3214,#3215,#3216,#3217,#3218,#3219,#3220,#3221,#3222,#3223),
 .UNSPECIFIED.,.F.,.F.,(4,1,1,1,1,1,1,1,1,1,1,1,1,1,1,4),(0.0519486469429111,
0.163976489780265,0.219990411198942,0.276004332617619,0.332018254036296,
0.388032175454973,0.44404609687365,0.500060018292327,0.556073939711004,
0.612087861129681,0.668101782548358,0.724115703967035,0.752122664676373,
0.780129625385712,0.836143546804389,0.948171389641743),.UNSPECIFIED.);
#1201=B_SPLINE_CURVE_WITH_KNOTS('',3,(#3226,#3227,#3228,#3229,#3230,#3231,
#3232,#3233,#3234,#3235,#3236),.UNSPECIFIED.,.F.,.F.,(4,1,1,1,1,1,1,1,4),
(0.,0.25,0.5,0.625,0.6875,0.75,0.8125,0.875,1.),.UNSPECIFIED.);
#1202=B_SPLINE_CURVE_WITH_KNOTS('',3,(#3238,#3239,#3240,#3241,#3242,#3243,
#3244,#3245,#3246,#3247,#3248,#3249,#3250,#3251,#3252,#3253,#3254,#3255,
#3256,#3257,#3258,#3259,#3260,#3261,#3262,#3263,#3264,#3265,#3266,#3267,
#3268,#3269,#3270,#3271,#3272,#3273,#3274,#3275,#3276,#3277,#3278,#3279),
 .UNSPECIFIED.,.F.,.F.,(4,1,1,1,1,1,1,1,1,1,1,1,1,1,1,1,1,1,1,1,1,1,1,1,
1,1,1,1,1,1,1,1,1,1,1,1,1,1,1,4),(0.,0.0602708243312249,0.12054164866245,
0.150677060828062,0.180812472993675,0.210947885159287,0.21848173820069,
0.226015591242093,0.241083297324899,0.271218709490512,0.301354121656124,
0.316421827738931,0.331489533821737,0.361624945987349,0.391760358152962,
0.421895770318574,0.482166594649799,0.542437418981024,0.55750512506383,
0.572572831146636,0.602708243312249,0.610242096353652,0.617775949395055,
0.632843655477861,0.647911361560667,0.662979067643474,0.666745994164175,
0.670512920684877,0.67804677372628,0.693114479809086,0.723249891974698,
0.753385304140311,0.783520716305923,0.843791540637148,0.873926952802761,
0.888994658885567,0.904062364968373,0.934197777133986,0.949265483216792,
0.964333189299598),.UNSPECIFIED.);
#1203=B_SPLINE_CURVE_WITH_KNOTS('',3,(#3281,#3282,#3283,#3284),
 .UNSPECIFIED.,.F.,.F.,(4,4),(0.293775569490814,1.),.UNSPECIFIED.);
#1204=B_SPLINE_CURVE_WITH_KNOTS('',3,(#3286,#3287,#3288,#3289,#3290,#3291,
#3292,#3293,#3294,#3295,#3296,#3297,#3298),.UNSPECIFIED.,.F.,.F.,(4,1,1,
1,1,1,1,1,1,1,4),(0.,0.125,0.25,0.3125,0.375,0.4375,0.5,0.5625,0.625,0.75,
1.),.UNSPECIFIED.);
#1205=B_SPLINE_CURVE_WITH_KNOTS('',3,(#3300,#3301,#3302,#3303,#3304,#3305,
#3306,#3307,#3308,#3309,#3310),.UNSPECIFIED.,.F.,.F.,(4,1,1,1,1,1,1,1,4),
(0.00115742929157246,0.00307732052268183,0.00499721175379119,0.00691710298490056,
0.00883699421600993,0.0107568854471193,0.0126767766782287,0.014596667909338,
0.0165165591404474),.UNSPECIFIED.);
#1206=B_SPLINE_CURVE_WITH_KNOTS('',3,(#3331,#3332,#3333,#3334),
 .UNSPECIFIED.,.F.,.F.,(4,4),(0.,1.),.UNSPECIFIED.);
#1207=B_SPLINE_CURVE_WITH_KNOTS('',3,(#3338,#3339,#3340,#3341),
 .UNSPECIFIED.,.F.,.F.,(4,4),(0.,1.),.UNSPECIFIED.);
#1208=B_SPLINE_CURVE_WITH_KNOTS('',3,(#3349,#3350,#3351,#3352),
 .UNSPECIFIED.,.F.,.F.,(4,4),(0.,1.),.UNSPECIFIED.);
#1209=B_SPLINE_CURVE_WITH_KNOTS('',3,(#3356,#3357,#3358,#3359),
 .UNSPECIFIED.,.F.,.F.,(4,4),(0.,1.),.UNSPECIFIED.);
#1210=B_SPLINE_CURVE_WITH_KNOTS('',3,(#3399,#3400,#3401,#3402,#3403,#3404),
 .UNSPECIFIED.,.F.,.F.,(4,1,1,4),(0.,0.000619673111795985,0.000929509667693978,
0.00123934622359197),.UNSPECIFIED.);
#1211=B_SPLINE_CURVE_WITH_KNOTS('',3,(#3406,#3407,#3408,#3409,#3410,#3411,
#3412,#3413,#3414,#3415,#3416),.UNSPECIFIED.,.F.,.F.,(4,1,1,1,1,1,1,1,4),
(0.000418921522792015,0.00226731096382019,0.00411570040484837,0.00596408984587655,
0.00781247928690473,0.00966086872793291,0.0115092581689611,0.0133576476099893,
0.0152060370510174),.UNSPECIFIED.);
#1212=B_SPLINE_CURVE_WITH_KNOTS('',3,(#3418,#3419,#3420,#3421,#3422,#3423),
 .UNSPECIFIED.,.F.,.F.,(4,1,1,4),(6.86113867613383E-9,0.000311789672797027,
0.000623572484455378,0.00124713810777208),.UNSPECIFIED.);
#1213=B_SPLINE_CURVE_WITH_KNOTS('',3,(#3424,#3425,#3426,#3427,#3428,#3429,
#3430,#3431,#3432),.UNSPECIFIED.,.F.,.F.,(4,1,1,1,1,1,4),(-0.00225282138223372,
-0.00172092155237074,-0.00118902172250776,-0.000125222062781791,0.000938577596944174,
0.00147047742680716,0.00200237725667014),.UNSPECIFIED.);
#1214=B_SPLINE_CURVE_WITH_KNOTS('',3,(#3441,#3442,#3443,#3444,#3445,#3446),
 .UNSPECIFIED.,.F.,.F.,(4,1,1,4),(5.14562927837243E-9,0.00069253295892562,
0.00103879686557379,0.00138506077222196),.UNSPECIFIED.);
#1215=B_SPLINE_CURVE_WITH_KNOTS('',3,(#3447,#3448,#3449,#3450,#3451),
 .UNSPECIFIED.,.F.,.F.,(4,1,4),(1.66131710765199E-7,0.000687527652652916,
0.00137488917359507),.UNSPECIFIED.);
#1216=B_SPLINE_CURVE_WITH_KNOTS('',3,(#3452,#3453,#3454,#3455,#3456,#3457,
#3458,#3459,#3460),.UNSPECIFIED.,.F.,.F.,(4,1,1,1,1,1,4),(-0.00225282138223373,
-0.00172092155237074,-0.00118902172250776,-0.000125222062781795,0.00093857759694417,
0.00147047742680715,0.00200237725667013),.UNSPECIFIED.);
#1217=B_SPLINE_CURVE_WITH_KNOTS('',3,(#3475,#3476,#3477,#3478),
 .UNSPECIFIED.,.F.,.F.,(4,4),(0.,0.000164047853205392),.UNSPECIFIED.);
#1218=B_SPLINE_CURVE_WITH_KNOTS('',3,(#3479,#3480,#3481,#3482),
 .UNSPECIFIED.,.F.,.F.,(4,4),(0.00362221299316965,0.00378626084652907),
 .UNSPECIFIED.);
#1219=B_SPLINE_CURVE_WITH_KNOTS('',3,(#3503,#3504,#3505,#3506),
 .UNSPECIFIED.,.F.,.F.,(4,4),(0.,0.00356020293209156),.UNSPECIFIED.);
#1220=B_SPLINE_CURVE_WITH_KNOTS('',3,(#3550,#3551,#3552,#3553),
 .UNSPECIFIED.,.F.,.F.,(4,4),(0.,0.00141580332807598),.UNSPECIFIED.);
#1221=B_SPLINE_CURVE_WITH_KNOTS('',3,(#3555,#3556,#3557,#3558),
 .UNSPECIFIED.,.F.,.F.,(4,4),(0.,0.001415803328076),.UNSPECIFIED.);
#1222=B_SPLINE_CURVE_WITH_KNOTS('',3,(#3561,#3562,#3563,#3564),
 .UNSPECIFIED.,.F.,.F.,(4,4),(0.,0.000405812972737196),.UNSPECIFIED.);
#1223=B_SPLINE_CURVE_WITH_KNOTS('',3,(#3567,#3568,#3569,#3570),
 .UNSPECIFIED.,.F.,.F.,(4,4),(0.,0.00141580332807596),.UNSPECIFIED.);
#1224=B_SPLINE_CURVE_WITH_KNOTS('',3,(#3572,#3573,#3574,#3575),
 .UNSPECIFIED.,.F.,.F.,(4,4),(0.,0.001415803328076),.UNSPECIFIED.);
#1225=B_SPLINE_CURVE_WITH_KNOTS('',3,(#3578,#3579,#3580,#3581),
 .UNSPECIFIED.,.F.,.F.,(4,4),(5.42101086242752E-19,0.000405812972737195),
 .UNSPECIFIED.);
#1226=B_SPLINE_CURVE_WITH_KNOTS('',3,(#3618,#3619,#3620,#3621,#3622,#3623),
 .UNSPECIFIED.,.F.,.F.,(4,1,1,4),(0.,0.5,0.75,1.),.UNSPECIFIED.);
#1227=B_SPLINE_CURVE_WITH_KNOTS('',3,(#3624,#3625,#3626,#3627,#3628,#3629),
 .UNSPECIFIED.,.F.,.F.,(4,1,1,4),(0.,0.25,0.5,1.),.UNSPECIFIED.);
#1228=B_SPLINE_CURVE_WITH_KNOTS('',3,(#3646,#3647,#3648,#3649),
 .UNSPECIFIED.,.F.,.F.,(4,4),(0.,1.),.UNSPECIFIED.);
#1229=B_SPLINE_CURVE_WITH_KNOTS('',3,(#3651,#3652,#3653,#3654),
 .UNSPECIFIED.,.F.,.F.,(4,4),(0.,1.),.UNSPECIFIED.);
#1230=B_SPLINE_CURVE_WITH_KNOTS('',3,(#3733,#3734,#3735,#3736),
 .UNSPECIFIED.,.F.,.F.,(4,4),(0.,1.),.UNSPECIFIED.);
#1231=B_SPLINE_CURVE_WITH_KNOTS('',3,(#3738,#3739,#3740,#3741),
 .UNSPECIFIED.,.F.,.F.,(4,4),(0.,1.),.UNSPECIFIED.);
#1232=EDGE_LOOP('',(#314,#315,#316,#317,#318,#319));
#1233=EDGE_LOOP('',(#320,#321,#322,#323,#324,#325));
#1234=EDGE_LOOP('',(#326,#327,#328,#329,#330));
#1235=EDGE_LOOP('',(#331,#332,#333,#334,#335,#336,#337,#338,#339,#340));
#1236=EDGE_LOOP('',(#341,#342,#343,#344,#345,#346,#347,#348,#349,#350,#351,
#352));
#1237=EDGE_LOOP('',(#353));
#1238=EDGE_LOOP('',(#354));
#1239=EDGE_LOOP('',(#355));
#1240=EDGE_LOOP('',(#356,#357,#358,#359));
#1241=EDGE_LOOP('',(#360));
#1242=EDGE_LOOP('',(#361));
#1243=EDGE_LOOP('',(#362));
#1244=EDGE_LOOP('',(#363));
#1245=EDGE_LOOP('',(#364));
#1246=EDGE_LOOP('',(#365));
#1247=EDGE_LOOP('',(#366));
#1248=EDGE_LOOP('',(#367));
#1249=EDGE_LOOP('',(#368));
#1250=EDGE_LOOP('',(#369));
#1251=EDGE_LOOP('',(#370));
#1252=EDGE_LOOP('',(#371));
#1253=EDGE_LOOP('',(#372));
#1254=EDGE_LOOP('',(#373));
#1255=EDGE_LOOP('',(#374));
#1256=EDGE_LOOP('',(#375));
#1257=EDGE_LOOP('',(#376));
#1258=EDGE_LOOP('',(#377));
#1259=EDGE_LOOP('',(#378,#379,#380,#381,#382,#383));
#1260=EDGE_LOOP('',(#384));
#1261=EDGE_LOOP('',(#385));
#1262=EDGE_LOOP('',(#386));
#1263=EDGE_LOOP('',(#387,#388,#389,#390,#391,#392,#393));
#1264=EDGE_LOOP('',(#394));
#1265=EDGE_LOOP('',(#395));
#1266=EDGE_LOOP('',(#396));
#1267=EDGE_LOOP('',(#397));
#1268=EDGE_LOOP('',(#398));
#1269=EDGE_LOOP('',(#399));
#1270=EDGE_LOOP('',(#400));
#1271=EDGE_LOOP('',(#401));
#1272=EDGE_LOOP('',(#402,#403,#404,#405,#406,#407));
#1273=EDGE_LOOP('',(#408,#409));
#1274=EDGE_LOOP('',(#410,#411));
#1275=EDGE_LOOP('',(#412,#413,#414,#415,#416,#417,#418,#419));
#1276=EDGE_LOOP('',(#420,#421,#422,#423));
#1277=EDGE_LOOP('',(#424,#425,#426,#427));
#1278=EDGE_LOOP('',(#428,#429,#430,#431));
#1279=EDGE_LOOP('',(#432,#433,#434,#435));
#1280=EDGE_LOOP('',(#436,#437,#438,#439));
#1281=EDGE_LOOP('',(#440));
#1282=EDGE_LOOP('',(#441));
#1283=EDGE_LOOP('',(#442,#443,#444,#445,#446,#447));
#1284=EDGE_LOOP('',(#448));
#1285=EDGE_LOOP('',(#449,#450,#451,#452,#453,#454));
#1286=EDGE_LOOP('',(#455));
#1287=EDGE_LOOP('',(#456,#457,#458,#459,#460));
#1288=EDGE_LOOP('',(#461,#462,#463,#464));
#1289=EDGE_LOOP('',(#465,#466,#467,#468,#469,#470,#471));
#1290=EDGE_LOOP('',(#472,#473,#474,#475,#476));
#1291=EDGE_LOOP('',(#477,#478,#479,#480));
#1292=EDGE_LOOP('',(#481,#482,#483,#484,#485,#486,#487));
#1293=EDGE_LOOP('',(#488,#489,#490,#491,#492));
#1294=EDGE_LOOP('',(#493,#494,#495,#496,#497));
#1295=EDGE_LOOP('',(#498,#499,#500,#501));
#1296=EDGE_LOOP('',(#502,#503,#504,#505));
#1297=EDGE_LOOP('',(#506,#507,#508,#509));
#1298=EDGE_LOOP('',(#510,#511,#512,#513));
#1299=EDGE_LOOP('',(#514,#515,#516,#517));
#1300=EDGE_LOOP('',(#518,#519,#520,#521));
#1301=EDGE_LOOP('',(#522,#523,#524,#525,#526,#527,#528,#529));
#1302=EDGE_LOOP('',(#530,#531,#532,#533));
#1303=EDGE_LOOP('',(#534));
#1304=EDGE_LOOP('',(#535));
#1305=EDGE_LOOP('',(#536));
#1306=EDGE_LOOP('',(#537));
#1307=EDGE_LOOP('',(#538,#539,#540,#541,#542,#543));
#1308=EDGE_LOOP('',(#544,#545,#546,#547,#548,#549));
#1309=EDGE_LOOP('',(#550,#551,#552,#553,#554));
#1310=EDGE_LOOP('',(#555,#556,#557,#558,#559,#560,#561,#562,#563,#564));
#1311=EDGE_LOOP('',(#565,#566,#567,#568,#569,#570,#571,#572,#573,#574,#575,
#576));
#1312=EDGE_LOOP('',(#577));
#1313=EDGE_LOOP('',(#578));
#1314=EDGE_LOOP('',(#579));
#1315=EDGE_LOOP('',(#580,#581,#582,#583));
#1316=EDGE_LOOP('',(#584));
#1317=EDGE_LOOP('',(#585));
#1318=EDGE_LOOP('',(#586));
#1319=EDGE_LOOP('',(#587));
#1320=EDGE_LOOP('',(#588));
#1321=EDGE_LOOP('',(#589));
#1322=EDGE_LOOP('',(#590));
#1323=EDGE_LOOP('',(#591));
#1324=EDGE_LOOP('',(#592));
#1325=EDGE_LOOP('',(#593));
#1326=EDGE_LOOP('',(#594));
#1327=EDGE_LOOP('',(#595));
#1328=EDGE_LOOP('',(#596));
#1329=EDGE_LOOP('',(#597));
#1330=EDGE_LOOP('',(#598));
#1331=EDGE_LOOP('',(#599));
#1332=EDGE_LOOP('',(#600));
#1333=EDGE_LOOP('',(#601));
#1334=EDGE_LOOP('',(#602,#603,#604,#605,#606,#607));
#1335=EDGE_LOOP('',(#608));
#1336=EDGE_LOOP('',(#609));
#1337=EDGE_LOOP('',(#610));
#1338=EDGE_LOOP('',(#611,#612,#613,#614,#615,#616,#617));
#1339=EDGE_LOOP('',(#618));
#1340=EDGE_LOOP('',(#619));
#1341=EDGE_LOOP('',(#620));
#1342=EDGE_LOOP('',(#621));
#1343=EDGE_LOOP('',(#622));
#1344=EDGE_LOOP('',(#623));
#1345=EDGE_LOOP('',(#624));
#1346=EDGE_LOOP('',(#625));
#1347=EDGE_LOOP('',(#626,#627,#628,#629,#630,#631));
#1348=EDGE_LOOP('',(#632,#633));
#1349=EDGE_LOOP('',(#634,#635));
#1350=EDGE_LOOP('',(#636,#637,#638,#639,#640,#641,#642,#643));
#1351=EDGE_LOOP('',(#644,#645,#646,#647));
#1352=EDGE_LOOP('',(#648,#649,#650,#651));
#1353=EDGE_LOOP('',(#652,#653,#654,#655));
#1354=EDGE_LOOP('',(#656,#657,#658,#659));
#1355=EDGE_LOOP('',(#660,#661,#662,#663));
#1356=EDGE_LOOP('',(#664));
#1357=EDGE_LOOP('',(#665));
#1358=EDGE_LOOP('',(#666,#667,#668,#669,#670,#671));
#1359=EDGE_LOOP('',(#672));
#1360=EDGE_LOOP('',(#673,#674,#675,#676,#677,#678));
#1361=EDGE_LOOP('',(#679));
#1362=EDGE_LOOP('',(#680,#681,#682,#683,#684));
#1363=EDGE_LOOP('',(#685,#686,#687,#688));
#1364=EDGE_LOOP('',(#689,#690,#691,#692,#693,#694,#695));
#1365=EDGE_LOOP('',(#696,#697,#698,#699,#700));
#1366=EDGE_LOOP('',(#701,#702,#703,#704));
#1367=EDGE_LOOP('',(#705,#706,#707,#708,#709,#710,#711));
#1368=EDGE_LOOP('',(#712,#713,#714,#715,#716));
#1369=EDGE_LOOP('',(#717,#718,#719,#720,#721));
#1370=EDGE_LOOP('',(#722,#723,#724,#725));
#1371=EDGE_LOOP('',(#726,#727,#728,#729));
#1372=EDGE_LOOP('',(#730,#731,#732,#733));
#1373=EDGE_LOOP('',(#734,#735,#736,#737));
#1374=EDGE_LOOP('',(#738,#739,#740,#741));
#1375=EDGE_LOOP('',(#742,#743,#744,#745));
#1376=EDGE_LOOP('',(#746,#747,#748,#749,#750,#751,#752,#753));
#1377=EDGE_LOOP('',(#754,#755,#756,#757));
#1378=EDGE_LOOP('',(#758));
#1379=EDGE_LOOP('',(#759));
#1380=EDGE_LOOP('',(#760));
#1381=EDGE_LOOP('',(#761));
#1382=FACE_BOUND('',#1232,.T.);
#1383=FACE_BOUND('',#1233,.T.);
#1384=FACE_BOUND('',#1234,.T.);
#1385=FACE_BOUND('',#1235,.T.);
#1386=FACE_BOUND('',#1236,.T.);
#1387=FACE_BOUND('',#1237,.T.);
#1388=FACE_BOUND('',#1238,.T.);
#1389=FACE_BOUND('',#1239,.T.);
#1390=FACE_BOUND('',#1240,.T.);
#1391=FACE_BOUND('',#1241,.T.);
#1392=FACE_BOUND('',#1242,.T.);
#1393=FACE_BOUND('',#1243,.T.);
#1394=FACE_BOUND('',#1244,.T.);
#1395=FACE_BOUND('',#1245,.T.);
#1396=FACE_BOUND('',#1246,.T.);
#1397=FACE_BOUND('',#1247,.T.);
#1398=FACE_BOUND('',#1248,.T.);
#1399=FACE_BOUND('',#1249,.T.);
#1400=FACE_BOUND('',#1250,.T.);
#1401=FACE_BOUND('',#1251,.T.);
#1402=FACE_BOUND('',#1252,.T.);
#1403=FACE_BOUND('',#1253,.T.);
#1404=FACE_BOUND('',#1254,.T.);
#1405=FACE_BOUND('',#1255,.T.);
#1406=FACE_BOUND('',#1256,.T.);
#1407=FACE_BOUND('',#1257,.T.);
#1408=FACE_BOUND('',#1258,.T.);
#1409=FACE_BOUND('',#1259,.T.);
#1410=FACE_BOUND('',#1260,.T.);
#1411=FACE_BOUND('',#1261,.T.);
#1412=FACE_BOUND('',#1262,.T.);
#1413=FACE_BOUND('',#1263,.T.);
#1414=FACE_BOUND('',#1264,.T.);
#1415=FACE_BOUND('',#1265,.T.);
#1416=FACE_BOUND('',#1266,.T.);
#1417=FACE_BOUND('',#1267,.T.);
#1418=FACE_BOUND('',#1268,.T.);
#1419=FACE_BOUND('',#1269,.T.);
#1420=FACE_BOUND('',#1270,.T.);
#1421=FACE_BOUND('',#1271,.T.);
#1422=FACE_BOUND('',#1272,.T.);
#1423=FACE_BOUND('',#1273,.T.);
#1424=FACE_BOUND('',#1274,.T.);
#1425=FACE_BOUND('',#1275,.T.);
#1426=FACE_BOUND('',#1276,.T.);
#1427=FACE_BOUND('',#1277,.T.);
#1428=FACE_BOUND('',#1278,.T.);
#1429=FACE_BOUND('',#1279,.T.);
#1430=FACE_BOUND('',#1280,.T.);
#1431=FACE_BOUND('',#1281,.T.);
#1432=FACE_BOUND('',#1282,.T.);
#1433=FACE_BOUND('',#1283,.T.);
#1434=FACE_BOUND('',#1284,.T.);
#1435=FACE_BOUND('',#1285,.T.);
#1436=FACE_BOUND('',#1286,.T.);
#1437=FACE_BOUND('',#1287,.T.);
#1438=FACE_BOUND('',#1288,.T.);
#1439=FACE_BOUND('',#1289,.T.);
#1440=FACE_BOUND('',#1290,.T.);
#1441=FACE_BOUND('',#1291,.T.);
#1442=FACE_BOUND('',#1292,.T.);
#1443=FACE_BOUND('',#1293,.T.);
#1444=FACE_BOUND('',#1294,.T.);
#1445=FACE_BOUND('',#1295,.T.);
#1446=FACE_BOUND('',#1296,.T.);
#1447=FACE_BOUND('',#1297,.T.);
#1448=FACE_BOUND('',#1298,.T.);
#1449=FACE_BOUND('',#1299,.T.);
#1450=FACE_BOUND('',#1300,.T.);
#1451=FACE_BOUND('',#1301,.T.);
#1452=FACE_BOUND('',#1302,.T.);
#1453=FACE_BOUND('',#1303,.T.);
#1454=FACE_BOUND('',#1304,.T.);
#1455=FACE_BOUND('',#1305,.T.);
#1456=FACE_BOUND('',#1306,.T.);
#1457=FACE_BOUND('',#1307,.T.);
#1458=FACE_BOUND('',#1308,.T.);
#1459=FACE_BOUND('',#1309,.T.);
#1460=FACE_BOUND('',#1310,.T.);
#1461=FACE_BOUND('',#1311,.T.);
#1462=FACE_BOUND('',#1312,.T.);
#1463=FACE_BOUND('',#1313,.T.);
#1464=FACE_BOUND('',#1314,.T.);
#1465=FACE_BOUND('',#1315,.T.);
#1466=FACE_BOUND('',#1316,.T.);
#1467=FACE_BOUND('',#1317,.T.);
#1468=FACE_BOUND('',#1318,.T.);
#1469=FACE_BOUND('',#1319,.T.);
#1470=FACE_BOUND('',#1320,.T.);
#1471=FACE_BOUND('',#1321,.T.);
#1472=FACE_BOUND('',#1322,.T.);
#1473=FACE_BOUND('',#1323,.T.);
#1474=FACE_BOUND('',#1324,.T.);
#1475=FACE_BOUND('',#1325,.T.);
#1476=FACE_BOUND('',#1326,.T.);
#1477=FACE_BOUND('',#1327,.T.);
#1478=FACE_BOUND('',#1328,.T.);
#1479=FACE_BOUND('',#1329,.T.);
#1480=FACE_BOUND('',#1330,.T.);
#1481=FACE_BOUND('',#1331,.T.);
#1482=FACE_BOUND('',#1332,.T.);
#1483=FACE_BOUND('',#1333,.T.);
#1484=FACE_BOUND('',#1334,.T.);
#1485=FACE_BOUND('',#1335,.T.);
#1486=FACE_BOUND('',#1336,.T.);
#1487=FACE_BOUND('',#1337,.T.);
#1488=FACE_BOUND('',#1338,.T.);
#1489=FACE_BOUND('',#1339,.T.);
#1490=FACE_BOUND('',#1340,.T.);
#1491=FACE_BOUND('',#1341,.T.);
#1492=FACE_BOUND('',#1342,.T.);
#1493=FACE_BOUND('',#1343,.T.);
#1494=FACE_BOUND('',#1344,.T.);
#1495=FACE_BOUND('',#1345,.T.);
#1496=FACE_BOUND('',#1346,.T.);
#1497=FACE_BOUND('',#1347,.T.);
#1498=FACE_BOUND('',#1348,.T.);
#1499=FACE_BOUND('',#1349,.T.);
#1500=FACE_BOUND('',#1350,.T.);
#1501=FACE_BOUND('',#1351,.T.);
#1502=FACE_BOUND('',#1352,.T.);
#1503=FACE_BOUND('',#1353,.T.);
#1504=FACE_BOUND('',#1354,.T.);
#1505=FACE_BOUND('',#1355,.T.);
#1506=FACE_BOUND('',#1356,.T.);
#1507=FACE_BOUND('',#1357,.T.);
#1508=FACE_BOUND('',#1358,.T.);
#1509=FACE_BOUND('',#1359,.T.);
#1510=FACE_BOUND('',#1360,.T.);
#1511=FACE_BOUND('',#1361,.T.);
#1512=FACE_BOUND('',#1362,.T.);
#1513=FACE_BOUND('',#1363,.T.);
#1514=FACE_BOUND('',#1364,.T.);
#1515=FACE_BOUND('',#1365,.T.);
#1516=FACE_BOUND('',#1366,.T.);
#1517=FACE_BOUND('',#1367,.T.);
#1518=FACE_BOUND('',#1368,.T.);
#1519=FACE_BOUND('',#1369,.T.);
#1520=FACE_BOUND('',#1370,.T.);
#1521=FACE_BOUND('',#1371,.T.);
#1522=FACE_BOUND('',#1372,.T.);
#1523=FACE_BOUND('',#1373,.T.);
#1524=FACE_BOUND('',#1374,.T.);
#1525=FACE_BOUND('',#1375,.T.);
#1526=FACE_BOUND('',#1376,.T.);
#1527=FACE_BOUND('',#1377,.T.);
#1528=FACE_BOUND('',#1378,.T.);
#1529=FACE_BOUND('',#1379,.T.);
#1530=FACE_BOUND('',#1380,.T.);
#1531=FACE_BOUND('',#1381,.T.);
#1532=(
BOUNDED_SURFACE()
B_SPLINE_SURFACE(2,3,((#2222,#2223,#2224,#2225,#2226,#2227,#2228,#2229),
(#2230,#2231,#2232,#2233,#2234,#2235,#2236,#2237),(#2238,#2239,#2240,#2241,
#2242,#2243,#2244,#2245)),.UNSPECIFIED.,.F.,.F.,.F.)
B_SPLINE_SURFACE_WITH_KNOTS((3,3),(4,2,2,4),(0.,1.),(0.0784714088269186,
0.0803020162772973,0.0807611298670196,0.0834352164490246),.UNSPECIFIED.)
GEOMETRIC_REPRESENTATION_ITEM()
RATIONAL_B_SPLINE_SURFACE(((1.,1.,1.,1.,1.,1.,1.,1.),(0.789791143309887,
0.79203174696228,0.794440637342042,0.797693431251421,0.798358981942673,
0.802997257681192,0.807422295558472,0.812519756567543),(1.,1.,1.,1.,1.,
1.,1.,1.)))
REPRESENTATION_ITEM('')
SURFACE()
);
#1533=(
BOUNDED_SURFACE()
B_SPLINE_SURFACE(2,3,((#2280,#2281,#2282,#2283,#2284,#2285,#2286,#2287),
(#2288,#2289,#2290,#2291,#2292,#2293,#2294,#2295),(#2296,#2297,#2298,#2299,
#2300,#2301,#2302,#2303)),.UNSPECIFIED.,.F.,.F.,.F.)
B_SPLINE_SURFACE_WITH_KNOTS((3,3),(4,2,2,4),(0.,1.),(0.0784714083906169,
0.0803020162301658,0.080761129820059,0.0834352816958244),.UNSPECIFIED.)
GEOMETRIC_REPRESENTATION_ITEM()
RATIONAL_B_SPLINE_SURFACE(((1.,1.,1.,1.,1.,1.,1.,1.),(0.789791141880226,
0.792031745937366,0.794440636788437,0.797693431250832,0.798358981942411,
0.802997354339753,0.80742251165342,0.812520129967125),(1.,1.,1.,1.,1.,1.,
1.,1.)))
REPRESENTATION_ITEM('')
SURFACE()
);
#1534=(
BOUNDED_SURFACE()
B_SPLINE_SURFACE(2,3,((#2338,#2339,#2340,#2341,#2342,#2343,#2344,#2345,
#2346,#2347,#2348,#2349,#2350,#2351,#2352,#2353,#2354,#2355,#2356,#2357,
#2358,#2359,#2360,#2361,#2362,#2363,#2364,#2365,#2366),(#2367,#2368,#2369,
#2370,#2371,#2372,#2373,#2374,#2375,#2376,#2377,#2378,#2379,#2380,#2381,
#2382,#2383,#2384,#2385,#2386,#2387,#2388,#2389,#2390,#2391,#2392,#2393,
#2394,#2395),(#2396,#2397,#2398,#2399,#2400,#2401,#2402,#2403,#2404,#2405,
#2406,#2407,#2408,#2409,#2410,#2411,#2412,#2413,#2414,#2415,#2416,#2417,
#2418,#2419,#2420,#2421,#2422,#2423,#2424)),.UNSPECIFIED.,.F.,.F.,.F.)
B_SPLINE_SURFACE_WITH_KNOTS((3,3),(4,3,2,2,2,2,2,2,2,2,2,2,2,4),(0.,1.),
(0.0192264998680739,0.0210096711178155,0.0229759296553407,0.0249421881928659,
0.0269084467303911,0.0288747052679163,0.0308409638054415,0.0328072223429667,
0.0347734808804919,0.0367397394180171,0.0387059979555423,0.0406722564930675,
0.0426385150305927,0.0437102565418393),.UNSPECIFIED.)
GEOMETRIC_REPRESENTATION_ITEM()
RATIONAL_B_SPLINE_SURFACE(((1.,1.,1.,1.,1.,1.,1.,1.,1.,1.,1.,1.,1.,1.,1.,
1.,1.,1.,1.,1.,1.,1.,1.,1.,1.,1.,1.,1.,1.),(0.754752710079933,0.768300699413413,
0.78277058450698,0.794543865638638,0.807525969597055,0.817200257776218,
0.824644899076659,0.822391848350931,0.806953432064315,0.793927256966102,
0.764550423107012,0.748241618660828,0.722297435084393,0.712560950590517,
0.705195582562911,0.707442116755856,0.722816985564154,0.735806763884204,
0.765493751714585,0.781623378018933,0.807601010810404,0.817257716395753,
0.824617336898342,0.822328968012916,0.807060105293031,0.794043764700728,
0.771291442324866,0.762846345403492,0.754694682577152),(1.,1.,1.,1.,1.,
1.,1.,1.,1.,1.,1.,1.,1.,1.,1.,1.,1.,1.,1.,1.,1.,1.,1.,1.,1.,1.,1.,1.,1.)))
REPRESENTATION_ITEM('')
SURFACE()
);
#1535=(
BOUNDED_SURFACE()
B_SPLINE_SURFACE(3,2,((#2806,#2807,#2808),(#2809,#2810,#2811),(#2812,#2813,
#2814),(#2815,#2816,#2817),(#2818,#2819,#2820),(#2821,#2822,#2823),(#2824,
#2825,#2826),(#2827,#2828,#2829),(#2830,#2831,#2832),(#2833,#2834,#2835),
(#2836,#2837,#2838)),.UNSPECIFIED.,.F.,.F.,.F.)
B_SPLINE_SURFACE_WITH_KNOTS((4,1,1,1,1,1,1,1,4),(3,3),(0.00278073433604322,
0.00523163430567131,0.0076825342752994,0.0101334342449275,0.0125843342145556,
0.0150352341841837,0.0174861341538118,0.0199370341234399,0.022387934093068),
(0.,1.),.UNSPECIFIED.)
GEOMETRIC_REPRESENTATION_ITEM()
RATIONAL_B_SPLINE_SURFACE(((1.,0.748722104191657,1.),(1.,0.768519571734399,
1.),(1.,0.809790462751228,1.),(1.,0.804741152187965,1.),(1.,0.737358109332358,
1.),(1.,0.691992799722348,1.),(1.,0.737311424879958,1.),(1.,0.80470708852864,
1.),(1.,0.809808295807282,1.),(1.,0.768602869928014,1.),(1.,0.748709796876897,
1.)))
REPRESENTATION_ITEM('')
SURFACE()
);
#1536=(
BOUNDED_SURFACE()
B_SPLINE_SURFACE(2,3,((#3003,#3004,#3005,#3006,#3007,#3008,#3009,#3010),
(#3011,#3012,#3013,#3014,#3015,#3016,#3017,#3018),(#3019,#3020,#3021,#3022,
#3023,#3024,#3025,#3026)),.UNSPECIFIED.,.F.,.F.,.F.)
B_SPLINE_SURFACE_WITH_KNOTS((3,3),(4,2,2,4),(0.,1.),(0.0784714077650916,
0.0803020162772973,0.0807611298670196,0.0834353944820187),.UNSPECIFIED.)
GEOMETRIC_REPRESENTATION_ITEM()
RATIONAL_B_SPLINE_SURFACE(((1.,1.,1.,1.,1.,1.,1.,1.),(0.789791139410962,
0.792031744167771,0.794440635833603,0.797693431251421,0.798358981942673,
0.802997521234771,0.807422884773131,0.812520774699367),(1.,1.,1.,1.,1.,
1.,1.,1.)))
REPRESENTATION_ITEM('')
SURFACE()
);
#1537=(
BOUNDED_SURFACE()
B_SPLINE_SURFACE(2,3,((#3061,#3062,#3063,#3064,#3065,#3066,#3067,#3068),
(#3069,#3070,#3071,#3072,#3073,#3074,#3075,#3076),(#3077,#3078,#3079,#3080,
#3081,#3082,#3083,#3084)),.UNSPECIFIED.,.F.,.F.,.F.)
B_SPLINE_SURFACE_WITH_KNOTS((3,3),(4,2,2,4),(0.,1.),(0.0784714083756664,
0.0803020162301658,0.080761129820059,0.0834352842025239),.UNSPECIFIED.)
GEOMETRIC_REPRESENTATION_ITEM()
RATIONAL_B_SPLINE_SURFACE(((1.,1.,1.,1.,1.,1.,1.,1.),(0.789791141825329,
0.792031745898019,0.794440636767198,0.797693431250832,0.798358981942411,
0.80299735805058,0.807422519949538,0.812520144302361),(1.,1.,1.,1.,1.,1.,
1.,1.)))
REPRESENTATION_ITEM('')
SURFACE()
);
#1538=(
BOUNDED_SURFACE()
B_SPLINE_SURFACE(2,3,((#3119,#3120,#3121,#3122,#3123,#3124,#3125,#3126,
#3127,#3128,#3129,#3130,#3131,#3132,#3133,#3134,#3135,#3136,#3137,#3138,
#3139,#3140,#3141,#3142,#3143,#3144,#3145,#3146,#3147),(#3148,#3149,#3150,
#3151,#3152,#3153,#3154,#3155,#3156,#3157,#3158,#3159,#3160,#3161,#3162,
#3163,#3164,#3165,#3166,#3167,#3168,#3169,#3170,#3171,#3172,#3173,#3174,
#3175,#3176),(#3177,#3178,#3179,#3180,#3181,#3182,#3183,#3184,#3185,#3186,
#3187,#3188,#3189,#3190,#3191,#3192,#3193,#3194,#3195,#3196,#3197,#3198,
#3199,#3200,#3201,#3202,#3203,#3204,#3205)),.UNSPECIFIED.,.F.,.F.,.F.)
B_SPLINE_SURFACE_WITH_KNOTS((3,3),(4,3,2,2,2,2,2,2,2,2,2,2,2,4),(0.,1.),
(0.0192264997427818,0.0210096711178155,0.0229759296553407,0.0249421881928659,
0.0269084467303911,0.0288747052679163,0.0308409638054415,0.0328072223429667,
0.0347734808804919,0.0367397394180171,0.0387059979555423,0.0406722564930675,
0.0426385150305927,0.0437102565425864),.UNSPECIFIED.)
GEOMETRIC_REPRESENTATION_ITEM()
RATIONAL_B_SPLINE_SURFACE(((1.,1.,1.,1.,1.,1.,1.,1.,1.,1.,1.,1.,1.,1.,1.,
1.,1.,1.,1.,1.,1.,1.,1.,1.,1.,1.,1.,1.,1.),(0.75475270722414,0.76830069738,
0.782770583679747,0.794543865638638,0.807525969597055,0.817200257776218,
0.824644899076659,0.822391848350931,0.806953432064315,0.793927256966102,
0.764550423107012,0.748241618660828,0.722297435084393,0.712560950590517,
0.705195582562911,0.707442116755856,0.722816985564154,0.735806763884204,
0.765493751714585,0.781623378018933,0.807601010810404,0.817257716395753,
0.824617336898342,0.822328968012916,0.807060105293031,0.794043764700728,
0.77129144231927,0.762846345391716,0.754694682560103),(1.,1.,1.,1.,1.,1.,
1.,1.,1.,1.,1.,1.,1.,1.,1.,1.,1.,1.,1.,1.,1.,1.,1.,1.,1.,1.,1.,1.,1.)))
REPRESENTATION_ITEM('')
SURFACE()
);
#1539=(
BOUNDED_SURFACE()
B_SPLINE_SURFACE(3,2,((#3585,#3586,#3587),(#3588,#3589,#3590),(#3591,#3592,
#3593),(#3594,#3595,#3596),(#3597,#3598,#3599),(#3600,#3601,#3602),(#3603,
#3604,#3605),(#3606,#3607,#3608),(#3609,#3610,#3611),(#3612,#3613,#3614),
(#3615,#3616,#3617)),.UNSPECIFIED.,.F.,.F.,.F.)
B_SPLINE_SURFACE_WITH_KNOTS((4,1,1,1,1,1,1,1,4),(3,3),(0.00278073433604325,
0.00523163430567134,0.00768253427529943,0.0101334342449275,0.0125843342145556,
0.0150352341841837,0.0174861341538118,0.0199370341234399,0.022387934093068),
(0.,1.),.UNSPECIFIED.)
GEOMETRIC_REPRESENTATION_ITEM()
RATIONAL_B_SPLINE_SURFACE(((1.,0.748722104191657,1.),(1.,0.768519571733029,
1.),(1.,0.809790462751858,1.),(1.,0.8047411521878,1.),(1.,0.737358109332401,
1.),(1.,0.691992799722355,1.),(1.,0.737311424879887,1.),(1.,0.804707088528929,
1.),(1.,0.809808295806195,1.),(1.,0.768602869930355,1.),(1.,0.748709796876897,
1.)))
REPRESENTATION_ITEM('')
SURFACE()
);
#1540=ADVANCED_FACE('',(#1382),#1532,.F.);
#1541=ADVANCED_FACE('',(#1383),#1533,.F.);
#1542=ADVANCED_FACE('',(#1384),#1534,.F.);
#1543=ADVANCED_FACE('',(#1385),#288,.T.);
#1544=ADVANCED_FACE('',(#1386,#1387),#44,.T.);
#1545=ADVANCED_FACE('',(#1388,#1389),#289,.F.);
#1546=ADVANCED_FACE('',(#1390,#1391),#45,.F.);
#1547=ADVANCED_FACE('',(#1392,#1393),#290,.F.);
#1548=ADVANCED_FACE('',(#1394,#1395),#46,.T.);
#1549=ADVANCED_FACE('',(#1396,#1397),#291,.F.);
#1550=ADVANCED_FACE('',(#1398,#1399),#47,.F.);
#1551=ADVANCED_FACE('',(#1400,#1401),#36,.T.);
#1552=ADVANCED_FACE('',(#1402,#1403),#37,.T.);
#1553=ADVANCED_FACE('',(#1404,#1405),#38,.F.);
#1554=ADVANCED_FACE('',(#1406,#1407),#39,.F.);
#1555=ADVANCED_FACE('',(#1408,#1409),#292,.T.);
#1556=ADVANCED_FACE('',(#1410,#1411),#48,.T.);
#1557=ADVANCED_FACE('',(#1412,#1413),#293,.T.);
#1558=ADVANCED_FACE('',(#1414,#1415),#49,.T.);
#1559=ADVANCED_FACE('',(#1416,#1417),#294,.F.);
#1560=ADVANCED_FACE('',(#1418),#50,.T.);
#1561=ADVANCED_FACE('',(#1419,#1420),#295,.F.);
#1562=ADVANCED_FACE('',(#1421),#51,.T.);
#1563=ADVANCED_FACE('',(#1422),#22,.T.);
#1564=ADVANCED_FACE('',(#1423),#296,.F.);
#1565=ADVANCED_FACE('',(#1424),#297,.F.);
#1566=ADVANCED_FACE('',(#1425),#52,.T.);
#1567=ADVANCED_FACE('',(#1426),#53,.F.);
#1568=ADVANCED_FACE('',(#1427),#298,.F.);
#1569=ADVANCED_FACE('',(#1428),#54,.F.);
#1570=ADVANCED_FACE('',(#1429),#299,.T.);
#1571=ADVANCED_FACE('',(#1430),#55,.T.);
#1572=ADVANCED_FACE('',(#1431,#1432),#300,.F.);
#1573=ADVANCED_FACE('',(#1433,#1434),#56,.T.);
#1574=ADVANCED_FACE('',(#1435,#1436),#57,.F.);
#1575=ADVANCED_FACE('',(#1437),#58,.F.);
#1576=ADVANCED_FACE('',(#1438),#23,.T.);
#1577=ADVANCED_FACE('',(#1439),#59,.T.);
#1578=ADVANCED_FACE('',(#1440),#60,.T.);
#1579=ADVANCED_FACE('',(#1441),#24,.T.);
#1580=ADVANCED_FACE('',(#1442),#61,.F.);
#1581=ADVANCED_FACE('',(#1443),#62,.F.);
#1582=ADVANCED_FACE('',(#1444),#63,.F.);
#1583=ADVANCED_FACE('',(#1445),#64,.F.);
#1584=ADVANCED_FACE('',(#1446),#1535,.F.);
#1585=ADVANCED_FACE('',(#1447),#14,.T.);
#1586=ADVANCED_FACE('',(#1448),#25,.T.);
#1587=ADVANCED_FACE('',(#1449),#15,.T.);
#1588=ADVANCED_FACE('',(#1450),#16,.T.);
#1589=ADVANCED_FACE('',(#1451),#26,.T.);
#1590=ADVANCED_FACE('',(#1452),#17,.T.);
#1591=ADVANCED_FACE('',(#1453,#1454),#27,.T.);
#1592=ADVANCED_FACE('',(#1455,#1456),#28,.T.);
#1593=ADVANCED_FACE('',(#1457),#1536,.T.);
#1594=ADVANCED_FACE('',(#1458),#1537,.T.);
#1595=ADVANCED_FACE('',(#1459),#1538,.T.);
#1596=ADVANCED_FACE('',(#1460),#301,.T.);
#1597=ADVANCED_FACE('',(#1461,#1462),#65,.T.);
#1598=ADVANCED_FACE('',(#1463,#1464),#302,.F.);
#1599=ADVANCED_FACE('',(#1465,#1466),#66,.F.);
#1600=ADVANCED_FACE('',(#1467,#1468),#303,.F.);
#1601=ADVANCED_FACE('',(#1469,#1470),#67,.T.);
#1602=ADVANCED_FACE('',(#1471,#1472),#304,.F.);
#1603=ADVANCED_FACE('',(#1473,#1474),#68,.F.);
#1604=ADVANCED_FACE('',(#1475,#1476),#40,.T.);
#1605=ADVANCED_FACE('',(#1477,#1478),#41,.T.);
#1606=ADVANCED_FACE('',(#1479,#1480),#42,.F.);
#1607=ADVANCED_FACE('',(#1481,#1482),#43,.F.);
#1608=ADVANCED_FACE('',(#1483,#1484),#305,.T.);
#1609=ADVANCED_FACE('',(#1485,#1486),#69,.T.);
#1610=ADVANCED_FACE('',(#1487,#1488),#306,.T.);
#1611=ADVANCED_FACE('',(#1489,#1490),#70,.T.);
#1612=ADVANCED_FACE('',(#1491,#1492),#307,.F.);
#1613=ADVANCED_FACE('',(#1493),#71,.T.);
#1614=ADVANCED_FACE('',(#1494,#1495),#308,.F.);
#1615=ADVANCED_FACE('',(#1496),#72,.T.);
#1616=ADVANCED_FACE('',(#1497),#29,.T.);
#1617=ADVANCED_FACE('',(#1498),#309,.F.);
#1618=ADVANCED_FACE('',(#1499),#310,.F.);
#1619=ADVANCED_FACE('',(#1500),#73,.T.);
#1620=ADVANCED_FACE('',(#1501),#74,.F.);
#1621=ADVANCED_FACE('',(#1502),#311,.F.);
#1622=ADVANCED_FACE('',(#1503),#75,.F.);
#1623=ADVANCED_FACE('',(#1504),#312,.T.);
#1624=ADVANCED_FACE('',(#1505),#76,.T.);
#1625=ADVANCED_FACE('',(#1506,#1507),#313,.F.);
#1626=ADVANCED_FACE('',(#1508,#1509),#77,.T.);
#1627=ADVANCED_FACE('',(#1510,#1511),#78,.F.);
#1628=ADVANCED_FACE('',(#1512),#79,.F.);
#1629=ADVANCED_FACE('',(#1513),#30,.T.);
#1630=ADVANCED_FACE('',(#1514),#80,.T.);
#1631=ADVANCED_FACE('',(#1515),#81,.T.);
#1632=ADVANCED_FACE('',(#1516),#31,.T.);
#1633=ADVANCED_FACE('',(#1517),#82,.F.);
#1634=ADVANCED_FACE('',(#1518),#83,.F.);
#1635=ADVANCED_FACE('',(#1519),#84,.F.);
#1636=ADVANCED_FACE('',(#1520),#85,.F.);
#1637=ADVANCED_FACE('',(#1521),#1539,.F.);
#1638=ADVANCED_FACE('',(#1522),#18,.T.);
#1639=ADVANCED_FACE('',(#1523),#32,.T.);
#1640=ADVANCED_FACE('',(#1524),#19,.T.);
#1641=ADVANCED_FACE('',(#1525),#20,.T.);
#1642=ADVANCED_FACE('',(#1526),#33,.T.);
#1643=ADVANCED_FACE('',(#1527),#21,.T.);
#1644=ADVANCED_FACE('',(#1528,#1529),#34,.T.);
#1645=ADVANCED_FACE('',(#1530,#1531),#35,.T.);
#1646=CLOSED_SHELL('',(#1540,#1541,#1542,#1543,#1544,#1545,#1546,#1547,
#1548,#1549,#1550,#1551,#1552,#1553,#1554,#1555,#1556,#1557,#1558,#1559,
#1560,#1561,#1562,#1563,#1564,#1565,#1566,#1567,#1568,#1569,#1570,#1571,
#1572,#1573,#1574,#1575,#1576,#1577,#1578,#1579,#1580,#1581,#1582,#1583,
#1584,#1585,#1586,#1587,#1588,#1589,#1590,#1591,#1592));
#1647=CLOSED_SHELL('',(#1593,#1594,#1595,#1596,#1597,#1598,#1599,#1600,
#1601,#1602,#1603,#1604,#1605,#1606,#1607,#1608,#1609,#1610,#1611,#1612,
#1613,#1614,#1615,#1616,#1617,#1618,#1619,#1620,#1621,#1622,#1623,#1624,
#1625,#1626,#1627,#1628,#1629,#1630,#1631,#1632,#1633,#1634,#1635,#1636,
#1637,#1638,#1639,#1640,#1641,#1642,#1643,#1644,#1645));
#1648=STYLED_ITEM('',(#1650),#1663);
#1649=STYLED_ITEM('',(#1651),#1664);
#1650=PRESENTATION_STYLE_ASSIGNMENT((#1652));
#1651=PRESENTATION_STYLE_ASSIGNMENT((#1653));
#1652=SURFACE_STYLE_USAGE(.BOTH.,#1654);
#1653=SURFACE_STYLE_USAGE(.BOTH.,#1655);
#1654=SURFACE_SIDE_STYLE('',(#1656));
#1655=SURFACE_SIDE_STYLE('',(#1657));
#1656=SURFACE_STYLE_FILL_AREA(#1658);
#1657=SURFACE_STYLE_FILL_AREA(#1659);
#1658=FILL_AREA_STYLE('',(#1660));
#1659=FILL_AREA_STYLE('',(#1661));
#1660=FILL_AREA_STYLE_COLOUR('',#1662);
#1661=FILL_AREA_STYLE_COLOUR('',#1662);
#1662=COLOUR_RGB('',0.917647058823529,0.917647058823529,0.917647058823529);
#1663=MANIFOLD_SOLID_BREP('Part 2',#1646);
#1664=MANIFOLD_SOLID_BREP('Part 1',#1647);
#1665=SHAPE_DEFINITION_REPRESENTATION(#3772,#1667);
#1666=SHAPE_DEFINITION_REPRESENTATION(#3773,#1668);
#1667=SHAPE_REPRESENTATION('Part 2',(#1669),#3762);
#1668=SHAPE_REPRESENTATION('Part 1',(#1750),#3763);
#1669=AXIS2_PLACEMENT_3D('',#2221,#1831,#1832);
#1670=AXIS2_PLACEMENT_3D('',#2520,#1833,#1834);
#1671=AXIS2_PLACEMENT_3D('',#2521,#1835,#1836);
#1672=AXIS2_PLACEMENT_3D('',#2535,#1837,#1838);
#1673=AXIS2_PLACEMENT_3D('',#2537,#1839,#1840);
#1674=AXIS2_PLACEMENT_3D('',#2541,#1842,#1843);
#1675=AXIS2_PLACEMENT_3D('',#2545,#1845,#1846);
#1676=AXIS2_PLACEMENT_3D('',#2547,#1847,#1848);
#1677=AXIS2_PLACEMENT_3D('',#2548,#1849,#1850);
#1678=AXIS2_PLACEMENT_3D('',#2549,#1851,#1852);
#1679=AXIS2_PLACEMENT_3D('',#2568,#1856,#1857);
#1680=AXIS2_PLACEMENT_3D('',#2585,#1861,#1862);
#1681=AXIS2_PLACEMENT_3D('',#2587,#1863,#1864);
#1682=AXIS2_PLACEMENT_3D('',#2588,#1865,#1866);
#1683=AXIS2_PLACEMENT_3D('',#2590,#1867,#1868);
#1684=AXIS2_PLACEMENT_3D('',#2592,#1869,#1870);
#1685=AXIS2_PLACEMENT_3D('',#2594,#1872,#1873);
#1686=AXIS2_PLACEMENT_3D('',#2595,#1874,#1875);
#1687=AXIS2_PLACEMENT_3D('',#2597,#1876,#1877);
#1688=AXIS2_PLACEMENT_3D('',#2598,#1878,#1879);
#1689=AXIS2_PLACEMENT_3D('',#2600,#1880,#1881);
#1690=AXIS2_PLACEMENT_3D('',#2602,#1882,#1883);
#1691=AXIS2_PLACEMENT_3D('',#2603,#1884,#1885);
#1692=AXIS2_PLACEMENT_3D('',#2605,#1886,#1887);
#1693=AXIS2_PLACEMENT_3D('',#2607,#1888,#1889);
#1694=AXIS2_PLACEMENT_3D('',#2608,#1890,#1891);
#1695=AXIS2_PLACEMENT_3D('',#2610,#1892,#1893);
#1696=AXIS2_PLACEMENT_3D('',#2611,#1894,#1895);
#1697=AXIS2_PLACEMENT_3D('',#2613,#1896,#1897);
#1698=AXIS2_PLACEMENT_3D('',#2614,#1898,#1899);
#1699=AXIS2_PLACEMENT_3D('',#2615,#1900,#1901);
#1700=AXIS2_PLACEMENT_3D('',#2616,#1902,#1903);
#1701=AXIS2_PLACEMENT_3D('',#2617,#1904,#1905);
#1702=AXIS2_PLACEMENT_3D('',#2618,#1906,#1907);
#1703=AXIS2_PLACEMENT_3D('',#2654,#1908,#1909);
#1704=AXIS2_PLACEMENT_3D('',#2655,#1910,#1911);
#1705=AXIS2_PLACEMENT_3D('',#2657,#1912,#1913);
#1706=AXIS2_PLACEMENT_3D('',#2659,#1914,#1915);
#1707=AXIS2_PLACEMENT_3D('',#2660,#1916,#1917);
#1708=AXIS2_PLACEMENT_3D('',#2682,#1918,#1919);
#1709=AXIS2_PLACEMENT_3D('',#2683,#1920,#1921);
#1710=AXIS2_PLACEMENT_3D('',#2685,#1922,#1923);
#1711=AXIS2_PLACEMENT_3D('',#2687,#1924,#1925);
#1712=AXIS2_PLACEMENT_3D('',#2688,#1926,#1927);
#1713=AXIS2_PLACEMENT_3D('',#2690,#1928,#1929);
#1714=AXIS2_PLACEMENT_3D('',#2691,#1930,#1931);
#1715=AXIS2_PLACEMENT_3D('',#2692,#1932,#1933);
#1716=AXIS2_PLACEMENT_3D('',#2694,#1934,#1935);
#1717=AXIS2_PLACEMENT_3D('',#2695,#1936,#1937);
#1718=AXIS2_PLACEMENT_3D('',#2704,#1938,#1939);
#1719=AXIS2_PLACEMENT_3D('',#2705,#1940,#1941);
#1720=AXIS2_PLACEMENT_3D('',#2706,#1942,#1943);
#1721=AXIS2_PLACEMENT_3D('',#2717,#1950,#1951);
#1722=AXIS2_PLACEMENT_3D('',#2718,#1952,#1953);
#1723=AXIS2_PLACEMENT_3D('',#2722,#1955,#1956);
#1724=AXIS2_PLACEMENT_3D('',#2729,#1957,#1958);
#1725=AXIS2_PLACEMENT_3D('',#2730,#1959,#1960);
#1726=AXIS2_PLACEMENT_3D('',#2736,#1964,#1965);
#1727=AXIS2_PLACEMENT_3D('',#2740,#1967,#1968);
#1728=AXIS2_PLACEMENT_3D('',#2741,#1969,#1970);
#1729=AXIS2_PLACEMENT_3D('',#2742,#1971,#1972);
#1730=AXIS2_PLACEMENT_3D('',#2748,#1976,#1977);
#1731=AXIS2_PLACEMENT_3D('',#2749,#1978,#1979);
#1732=AXIS2_PLACEMENT_3D('',#2751,#1980,#1981);
#1733=AXIS2_PLACEMENT_3D('',#2753,#1982,#1983);
#1734=AXIS2_PLACEMENT_3D('',#2756,#1985,#1986);
#1735=AXIS2_PLACEMENT_3D('',#2761,#1989,#1990);
#1736=AXIS2_PLACEMENT_3D('',#2766,#1993,#1994);
#1737=AXIS2_PLACEMENT_3D('',#2769,#1996,#1997);
#1738=AXIS2_PLACEMENT_3D('',#2775,#1999,#2000);
#1739=AXIS2_PLACEMENT_3D('',#2780,#2001,#2002);
#1740=AXIS2_PLACEMENT_3D('',#2786,#2004,#2005);
#1741=AXIS2_PLACEMENT_3D('',#2792,#2007,#2008);
#1742=AXIS2_PLACEMENT_3D('',#2797,#2009,#2010);
#1743=AXIS2_PLACEMENT_3D('',#2803,#2012,#2013);
#1744=AXIS2_PLACEMENT_3D('',#2804,#2014,#2015);
#1745=AXIS2_PLACEMENT_3D('',#2805,#2016,#2017);
#1746=AXIS2_PLACEMENT_3D('',#2871,#2018,#2019);
#1747=AXIS2_PLACEMENT_3D('',#2979,#2020,#2021);
#1748=AXIS2_PLACEMENT_3D('',#3000,#2022,#2023);
#1749=AXIS2_PLACEMENT_3D('',#3001,#2024,#2025);
#1750=AXIS2_PLACEMENT_3D('',#3002,#2026,#2027);
#1751=AXIS2_PLACEMENT_3D('',#3299,#2028,#2029);
#1752=AXIS2_PLACEMENT_3D('',#3313,#2030,#2031);
#1753=AXIS2_PLACEMENT_3D('',#3314,#2032,#2033);
#1754=AXIS2_PLACEMENT_3D('',#3316,#2034,#2035);
#1755=AXIS2_PLACEMENT_3D('',#3320,#2037,#2038);
#1756=AXIS2_PLACEMENT_3D('',#3324,#2040,#2041);
#1757=AXIS2_PLACEMENT_3D('',#3326,#2042,#2043);
#1758=AXIS2_PLACEMENT_3D('',#3327,#2044,#2045);
#1759=AXIS2_PLACEMENT_3D('',#3336,#2047,#2048);
#1760=AXIS2_PLACEMENT_3D('',#3354,#2052,#2053);
#1761=AXIS2_PLACEMENT_3D('',#3364,#2056,#2057);
#1762=AXIS2_PLACEMENT_3D('',#3366,#2058,#2059);
#1763=AXIS2_PLACEMENT_3D('',#3367,#2060,#2061);
#1764=AXIS2_PLACEMENT_3D('',#3369,#2062,#2063);
#1765=AXIS2_PLACEMENT_3D('',#3371,#2064,#2065);
#1766=AXIS2_PLACEMENT_3D('',#3372,#2066,#2067);
#1767=AXIS2_PLACEMENT_3D('',#3374,#2069,#2070);
#1768=AXIS2_PLACEMENT_3D('',#3376,#2071,#2072);
#1769=AXIS2_PLACEMENT_3D('',#3377,#2073,#2074);
#1770=AXIS2_PLACEMENT_3D('',#3379,#2075,#2076);
#1771=AXIS2_PLACEMENT_3D('',#3381,#2077,#2078);
#1772=AXIS2_PLACEMENT_3D('',#3382,#2079,#2080);
#1773=AXIS2_PLACEMENT_3D('',#3384,#2081,#2082);
#1774=AXIS2_PLACEMENT_3D('',#3386,#2083,#2084);
#1775=AXIS2_PLACEMENT_3D('',#3387,#2085,#2086);
#1776=AXIS2_PLACEMENT_3D('',#3389,#2087,#2088);
#1777=AXIS2_PLACEMENT_3D('',#3390,#2089,#2090);
#1778=AXIS2_PLACEMENT_3D('',#3392,#2091,#2092);
#1779=AXIS2_PLACEMENT_3D('',#3393,#2093,#2094);
#1780=AXIS2_PLACEMENT_3D('',#3394,#2095,#2096);
#1781=AXIS2_PLACEMENT_3D('',#3395,#2097,#2098);
#1782=AXIS2_PLACEMENT_3D('',#3396,#2099,#2100);
#1783=AXIS2_PLACEMENT_3D('',#3397,#2101,#2102);
#1784=AXIS2_PLACEMENT_3D('',#3433,#2103,#2104);
#1785=AXIS2_PLACEMENT_3D('',#3434,#2105,#2106);
#1786=AXIS2_PLACEMENT_3D('',#3436,#2107,#2108);
#1787=AXIS2_PLACEMENT_3D('',#3438,#2109,#2110);
#1788=AXIS2_PLACEMENT_3D('',#3439,#2111,#2112);
#1789=AXIS2_PLACEMENT_3D('',#3461,#2113,#2114);
#1790=AXIS2_PLACEMENT_3D('',#3462,#2115,#2116);
#1791=AXIS2_PLACEMENT_3D('',#3464,#2117,#2118);
#1792=AXIS2_PLACEMENT_3D('',#3466,#2119,#2120);
#1793=AXIS2_PLACEMENT_3D('',#3467,#2121,#2122);
#1794=AXIS2_PLACEMENT_3D('',#3469,#2123,#2124);
#1795=AXIS2_PLACEMENT_3D('',#3470,#2125,#2126);
#1796=AXIS2_PLACEMENT_3D('',#3471,#2127,#2128);
#1797=AXIS2_PLACEMENT_3D('',#3473,#2129,#2130);
#1798=AXIS2_PLACEMENT_3D('',#3474,#2131,#2132);
#1799=AXIS2_PLACEMENT_3D('',#3483,#2133,#2134);
#1800=AXIS2_PLACEMENT_3D('',#3484,#2135,#2136);
#1801=AXIS2_PLACEMENT_3D('',#3485,#2137,#2138);
#1802=AXIS2_PLACEMENT_3D('',#3496,#2145,#2146);
#1803=AXIS2_PLACEMENT_3D('',#3497,#2147,#2148);
#1804=AXIS2_PLACEMENT_3D('',#3501,#2150,#2151);
#1805=AXIS2_PLACEMENT_3D('',#3508,#2152,#2153);
#1806=AXIS2_PLACEMENT_3D('',#3509,#2154,#2155);
#1807=AXIS2_PLACEMENT_3D('',#3515,#2159,#2160);
#1808=AXIS2_PLACEMENT_3D('',#3519,#2162,#2163);
#1809=AXIS2_PLACEMENT_3D('',#3520,#2164,#2165);
#1810=AXIS2_PLACEMENT_3D('',#3521,#2166,#2167);
#1811=AXIS2_PLACEMENT_3D('',#3527,#2171,#2172);
#1812=AXIS2_PLACEMENT_3D('',#3528,#2173,#2174);
#1813=AXIS2_PLACEMENT_3D('',#3530,#2175,#2176);
#1814=AXIS2_PLACEMENT_3D('',#3532,#2177,#2178);
#1815=AXIS2_PLACEMENT_3D('',#3537,#2181,#2182);
#1816=AXIS2_PLACEMENT_3D('',#3540,#2184,#2185);
#1817=AXIS2_PLACEMENT_3D('',#3545,#2188,#2189);
#1818=AXIS2_PLACEMENT_3D('',#3548,#2191,#2192);
#1819=AXIS2_PLACEMENT_3D('',#3554,#2194,#2195);
#1820=AXIS2_PLACEMENT_3D('',#3559,#2196,#2197);
#1821=AXIS2_PLACEMENT_3D('',#3565,#2199,#2200);
#1822=AXIS2_PLACEMENT_3D('',#3571,#2202,#2203);
#1823=AXIS2_PLACEMENT_3D('',#3576,#2204,#2205);
#1824=AXIS2_PLACEMENT_3D('',#3582,#2207,#2208);
#1825=AXIS2_PLACEMENT_3D('',#3583,#2209,#2210);
#1826=AXIS2_PLACEMENT_3D('',#3584,#2211,#2212);
#1827=AXIS2_PLACEMENT_3D('',#3650,#2213,#2214);
#1828=AXIS2_PLACEMENT_3D('',#3737,#2215,#2216);
#1829=AXIS2_PLACEMENT_3D('',#3758,#2217,#2218);
#1830=AXIS2_PLACEMENT_3D('',#3759,#2219,#2220);
#1831=DIRECTION('',(0.,0.,1.));
#1832=DIRECTION('',(1.,0.,0.));
#1833=DIRECTION('',(0.,-1.,0.));
#1834=DIRECTION('',(0.,0.,-1.));
#1835=DIRECTION('',(0.,-1.,0.));
#1836=DIRECTION('',(0.,0.,-1.));
#1837=DIRECTION('',(0.,-1.,0.));
#1838=DIRECTION('',(0.,0.,-1.));
#1839=DIRECTION('',(-0.5,-0.5,0.707106781186547));
#1840=DIRECTION('',(0.288675134594813,-0.866025403784438,-0.408248290463866));
#1841=DIRECTION('',(0.,-1.,0.));
#1842=DIRECTION('',(0.,1.,0.));
#1843=DIRECTION('',(0.,0.,-1.));
#1844=DIRECTION('',(0.,-1.,0.));
#1845=DIRECTION('',(0.5,0.5,0.707106781186547));
#1846=DIRECTION('',(0.288675134594813,-0.866025403784438,0.408248290463866));
#1847=DIRECTION('',(0.,-1.,0.));
#1848=DIRECTION('',(0.,0.,-1.));
#1849=DIRECTION('',(0.,-1.,0.));
#1850=DIRECTION('',(-1.,0.,0.));
#1851=DIRECTION('',(0.,-1.,0.));
#1852=DIRECTION('',(0.,0.,-1.));
#1853=DIRECTION('',(0.,0.,1.));
#1854=DIRECTION('',(1.,0.,0.));
#1855=DIRECTION('',(0.,0.,1.));
#1856=DIRECTION('',(0.,-1.,0.));
#1857=DIRECTION('',(0.,0.,-1.));
#1858=DIRECTION('',(0.,0.,-1.));
#1859=DIRECTION('',(1.,0.,0.));
#1860=DIRECTION('',(0.,0.,-1.));
#1861=DIRECTION('',(0.,1.,0.));
#1862=DIRECTION('',(0.,0.,-1.));
#1863=DIRECTION('',(0.,-1.,0.));
#1864=DIRECTION('',(0.,0.,-1.));
#1865=DIRECTION('',(0.,1.,0.));
#1866=DIRECTION('',(0.,0.,-1.));
#1867=DIRECTION('',(0.,1.,0.));
#1868=DIRECTION('',(0.,0.,-1.));
#1869=DIRECTION('',(0.,-1.,0.));
#1870=DIRECTION('',(-1.,0.,0.));
#1871=DIRECTION('',(0.,0.,1.));
#1872=DIRECTION('',(0.,1.,0.));
#1873=DIRECTION('',(0.,0.,-1.));
#1874=DIRECTION('',(0.,1.,0.));
#1875=DIRECTION('',(0.,0.,-1.));
#1876=DIRECTION('',(0.,-1.,0.));
#1877=DIRECTION('',(0.,0.,-1.));
#1878=DIRECTION('',(0.,1.,0.));
#1879=DIRECTION('',(0.,0.,-1.));
#1880=DIRECTION('',(0.,1.,0.));
#1881=DIRECTION('',(0.,0.,-1.));
#1882=DIRECTION('',(0.,-1.,0.));
#1883=DIRECTION('',(-1.,0.,0.));
#1884=DIRECTION('',(0.,1.,0.));
#1885=DIRECTION('',(0.,0.,-1.));
#1886=DIRECTION('',(0.,1.,0.));
#1887=DIRECTION('',(-1.,0.,-6.12323399573677E-17));
#1888=DIRECTION('',(0.,-1.,0.));
#1889=DIRECTION('',(0.,0.,-1.));
#1890=DIRECTION('',(0.,1.,0.));
#1891=DIRECTION('',(-1.,0.,-6.12323399573677E-17));
#1892=DIRECTION('',(0.,-1.,0.));
#1893=DIRECTION('',(-1.,0.,0.));
#1894=DIRECTION('',(0.,1.,0.));
#1895=DIRECTION('',(0.,0.,-1.));
#1896=DIRECTION('',(0.,-1.,0.));
#1897=DIRECTION('',(0.,0.,-1.));
#1898=DIRECTION('',(0.,-1.,0.));
#1899=DIRECTION('',(0.,0.,-1.));
#1900=DIRECTION('',(0.,-1.,0.));
#1901=DIRECTION('',(0.,0.,-1.));
#1902=DIRECTION('',(0.,-1.,0.));
#1903=DIRECTION('',(0.,0.,-1.));
#1904=DIRECTION('',(0.,0.,-1.));
#1905=DIRECTION('',(1.,0.,0.));
#1906=DIRECTION('',(0.,0.,1.));
#1907=DIRECTION('',(1.,0.,0.));
#1908=DIRECTION('',(0.,0.,1.));
#1909=DIRECTION('',(-1.,0.,0.));
#1910=DIRECTION('',(0.,0.,1.));
#1911=DIRECTION('',(1.,0.,0.));
#1912=DIRECTION('',(0.,0.,-1.));
#1913=DIRECTION('',(-1.,0.,0.));
#1914=DIRECTION('',(0.,0.,1.));
#1915=DIRECTION('',(1.,0.,0.));
#1916=DIRECTION('',(0.,0.,-1.));
#1917=DIRECTION('',(-1.,0.,0.));
#1918=DIRECTION('',(0.,0.,-1.));
#1919=DIRECTION('',(-1.,0.,0.));
#1920=DIRECTION('',(0.,0.,-1.));
#1921=DIRECTION('',(-1.,0.,0.));
#1922=DIRECTION('',(0.,0.,1.));
#1923=DIRECTION('',(-1.,0.,0.));
#1924=DIRECTION('',(0.,0.,1.));
#1925=DIRECTION('',(-1.,0.,0.));
#1926=DIRECTION('',(0.,0.,-1.));
#1927=DIRECTION('',(-1.,0.,0.));
#1928=DIRECTION('',(0.,0.,1.));
#1929=DIRECTION('',(-1.,0.,0.));
#1930=DIRECTION('',(0.,0.,-1.));
#1931=DIRECTION('',(1.,0.,0.));
#1932=DIRECTION('',(0.,0.,1.));
#1933=DIRECTION('',(-1.,0.,0.));
#1934=DIRECTION('',(0.,0.,-1.));
#1935=DIRECTION('',(-1.,0.,0.));
#1936=DIRECTION('',(0.,-1.,0.));
#1937=DIRECTION('',(0.,0.,-1.));
#1938=DIRECTION('',(1.,0.,0.));
#1939=DIRECTION('',(0.,0.,1.));
#1940=DIRECTION('',(1.,0.,0.));
#1941=DIRECTION('',(0.,0.,1.));
#1942=DIRECTION('',(0.,1.,0.));
#1943=DIRECTION('',(0.,0.,1.));
#1944=DIRECTION('',(-0.816496580927726,0.,-0.577350269189626));
#1945=DIRECTION('',(1.,0.,0.));
#1946=DIRECTION('',(0.,0.,1.));
#1947=DIRECTION('',(1.,0.,0.));
#1948=DIRECTION('',(-0.816496580927726,0.,0.577350269189626));
#1949=DIRECTION('',(0.,0.,1.));
#1950=DIRECTION('',(-0.0135714563890178,-0.999907903544862,0.));
#1951=DIRECTION('',(-0.999907903544862,0.0135714563890178,0.));
#1952=DIRECTION('',(0.,0.,1.));
#1953=DIRECTION('',(-1.,0.,0.));
#1954=DIRECTION('',(0.,0.,1.));
#1955=DIRECTION('',(-0.5,-0.5,0.707106781186547));
#1956=DIRECTION('',(0.5,0.5,0.707106781186548));
#1957=DIRECTION('',(0.5,0.5,0.707106781186547));
#1958=DIRECTION('',(-0.5,-0.5,0.707106781186548));
#1959=DIRECTION('',(0.707106781186545,0.70710678118655,0.));
#1960=DIRECTION('',(0.70710678118655,-0.707106781186545,0.));
#1961=DIRECTION('',(0.,0.,1.));
#1962=DIRECTION('',(0.70710678118655,-0.707106781186545,0.));
#1963=DIRECTION('',(-0.70710678118655,0.707106781186545,0.));
#1964=DIRECTION('',(0.,0.,1.));
#1965=DIRECTION('',(-1.,0.,0.));
#1966=DIRECTION('',(0.,0.,1.));
#1967=DIRECTION('',(0.,0.,1.));
#1968=DIRECTION('',(1.,0.,0.));
#1969=DIRECTION('',(0.,0.,1.));
#1970=DIRECTION('',(1.,0.,0.));
#1971=DIRECTION('',(0.707106781186548,0.707106781186548,0.));
#1972=DIRECTION('',(0.707106781186548,-0.707106781186548,0.));
#1973=DIRECTION('',(-0.707106781186548,0.707106781186548,0.));
#1974=DIRECTION('',(0.707106781186548,-0.707106781186548,0.));
#1975=DIRECTION('',(0.,0.,-1.));
#1976=DIRECTION('',(0.,0.,1.));
#1977=DIRECTION('',(-1.,0.,0.));
#1978=DIRECTION('',(0.,0.,1.));
#1979=DIRECTION('',(0.790072901328573,0.613012895937965,0.));
#1980=DIRECTION('',(0.,0.,1.));
#1981=DIRECTION('',(0.790072901328573,0.613012895937965,0.));
#1982=DIRECTION('',(0.,0.,-1.));
#1983=DIRECTION('',(-1.,0.,0.));
#1984=DIRECTION('',(-0.707106781186548,0.707106781186548,0.));
#1985=DIRECTION('',(0.,0.,1.));
#1986=DIRECTION('',(1.,0.,0.));
#1987=DIRECTION('',(0.70710678118655,-0.707106781186545,0.));
#1988=DIRECTION('',(0.,-1.,0.));
#1989=DIRECTION('',(0.,0.,-1.));
#1990=DIRECTION('',(-1.,0.,0.));
#1991=DIRECTION('',(0.,1.,0.));
#1992=DIRECTION('',(-0.70710678118655,0.707106781186545,0.));
#1993=DIRECTION('',(0.,0.,1.));
#1994=DIRECTION('',(1.,0.,0.));
#1995=DIRECTION('',(0.707106781186548,-0.707106781186548,0.));
#1996=DIRECTION('',(-0.5,-0.5,0.707106781186548));
#1997=DIRECTION('',(0.707106781186548,-0.707106781186548,0.));
#1998=DIRECTION('',(-0.862856209461017,0.357406744336593,-0.357406744336593));
#1999=DIRECTION('',(0.,0.,1.));
#2000=DIRECTION('',(-1.,0.,0.));
#2001=DIRECTION('',(-0.5,-0.5,-0.707106781186547));
#2002=DIRECTION('',(-0.70710678118655,0.707106781186545,0.));
#2003=DIRECTION('',(-0.42283054613876,0.853506544483833,-0.304533918924091));
#2004=DIRECTION('',(0.5,0.5,0.707106781186548));
#2005=DIRECTION('',(-0.707106781186548,0.707106781186548,0.));
#2006=DIRECTION('',(-0.862856209461017,0.357406744336593,0.357406744336593));
#2007=DIRECTION('',(0.,0.,-1.));
#2008=DIRECTION('',(1.,0.,0.));
#2009=DIRECTION('',(0.5,0.5,-0.707106781186547));
#2010=DIRECTION('',(0.70710678118655,-0.707106781186545,0.));
#2011=DIRECTION('',(-0.42283054613876,0.853506544483833,0.304533918924091));
#2012=DIRECTION('',(-0.584425958403237,0.,0.81144704025861));
#2013=DIRECTION('',(0.,-1.,0.));
#2014=DIRECTION('',(-0.584425958403237,0.,-0.81144704025861));
#2015=DIRECTION('',(0.,-1.,0.));
#2016=DIRECTION('',(-0.38268343236509,-0.923879532511287,0.));
#2017=DIRECTION('',(0.,0.,1.));
#2018=DIRECTION('',(0.,1.,0.));
#2019=DIRECTION('',(0.,0.,1.));
#2020=DIRECTION('',(0.,1.,0.));
#2021=DIRECTION('',(0.,0.,1.));
#2022=DIRECTION('',(0.,0.,1.));
#2023=DIRECTION('',(1.,0.,0.));
#2024=DIRECTION('',(0.,0.,-1.));
#2025=DIRECTION('',(-1.,0.,0.));
#2026=DIRECTION('',(0.,0.,1.));
#2027=DIRECTION('',(1.,0.,0.));
#2028=DIRECTION('',(0.,-1.,0.));
#2029=DIRECTION('',(0.,0.,-1.));
#2030=DIRECTION('',(0.,-1.,0.));
#2031=DIRECTION('',(0.,0.,-1.));
#2032=DIRECTION('',(0.,-1.,0.));
#2033=DIRECTION('',(0.,0.,-1.));
#2034=DIRECTION('',(0.5,-0.5,-0.707106781186547));
#2035=DIRECTION('',(-0.288675134594813,-0.866025403784438,0.408248290463866));
#2036=DIRECTION('',(0.,-1.,0.));
#2037=DIRECTION('',(0.,-1.,0.));
#2038=DIRECTION('',(0.,0.,-1.));
#2039=DIRECTION('',(0.,-1.,0.));
#2040=DIRECTION('',(-0.5,0.5,-0.707106781186547));
#2041=DIRECTION('',(-0.288675134594813,-0.866025403784438,-0.408248290463866));
#2042=DIRECTION('',(0.,-1.,0.));
#2043=DIRECTION('',(0.,0.,-1.));
#2044=DIRECTION('',(0.,-1.,0.));
#2045=DIRECTION('',(1.,0.,0.));
#2046=DIRECTION('',(0.,0.,1.));
#2047=DIRECTION('',(0.,-1.,0.));
#2048=DIRECTION('',(0.,0.,-1.));
#2049=DIRECTION('',(0.,0.,-1.));
#2050=DIRECTION('',(-1.,0.,0.));
#2051=DIRECTION('',(0.,0.,-1.));
#2052=DIRECTION('',(0.,-1.,0.));
#2053=DIRECTION('',(0.,0.,-1.));
#2054=DIRECTION('',(0.,0.,1.));
#2055=DIRECTION('',(-1.,0.,0.));
#2056=DIRECTION('',(0.,-1.,0.));
#2057=DIRECTION('',(0.,0.,-1.));
#2058=DIRECTION('',(0.,-1.,0.));
#2059=DIRECTION('',(0.,0.,-1.));
#2060=DIRECTION('',(0.,-1.,0.));
#2061=DIRECTION('',(0.,0.,-1.));
#2062=DIRECTION('',(0.,-1.,0.));
#2063=DIRECTION('',(0.,0.,-1.));
#2064=DIRECTION('',(0.,-1.,0.));
#2065=DIRECTION('',(1.,0.,0.));
#2066=DIRECTION('',(0.,-1.,0.));
#2067=DIRECTION('',(0.,0.,-1.));
#2068=DIRECTION('',(0.,0.,1.));
#2069=DIRECTION('',(0.,-1.,0.));
#2070=DIRECTION('',(0.,0.,-1.));
#2071=DIRECTION('',(0.,-1.,0.));
#2072=DIRECTION('',(0.,0.,-1.));
#2073=DIRECTION('',(0.,-1.,0.));
#2074=DIRECTION('',(0.,0.,-1.));
#2075=DIRECTION('',(0.,-1.,0.));
#2076=DIRECTION('',(0.,0.,-1.));
#2077=DIRECTION('',(0.,-1.,0.));
#2078=DIRECTION('',(1.,0.,0.));
#2079=DIRECTION('',(0.,-1.,0.));
#2080=DIRECTION('',(0.,0.,-1.));
#2081=DIRECTION('',(0.,-1.,0.));
#2082=DIRECTION('',(1.,0.,-6.12323399573677E-17));
#2083=DIRECTION('',(0.,-1.,0.));
#2084=DIRECTION('',(0.,0.,-1.));
#2085=DIRECTION('',(0.,-1.,0.));
#2086=DIRECTION('',(1.,0.,-6.12323399573677E-17));
#2087=DIRECTION('',(0.,-1.,0.));
#2088=DIRECTION('',(1.,0.,0.));
#2089=DIRECTION('',(0.,-1.,0.));
#2090=DIRECTION('',(0.,0.,-1.));
#2091=DIRECTION('',(0.,-1.,0.));
#2092=DIRECTION('',(0.,0.,-1.));
#2093=DIRECTION('',(0.,-1.,0.));
#2094=DIRECTION('',(0.,0.,-1.));
#2095=DIRECTION('',(0.,-1.,0.));
#2096=DIRECTION('',(0.,0.,-1.));
#2097=DIRECTION('',(0.,-1.,0.));
#2098=DIRECTION('',(0.,0.,-1.));
#2099=DIRECTION('',(0.,0.,-1.));
#2100=DIRECTION('',(-1.,0.,0.));
#2101=DIRECTION('',(0.,0.,1.));
#2102=DIRECTION('',(1.,0.,0.));
#2103=DIRECTION('',(0.,0.,1.));
#2104=DIRECTION('',(1.,0.,0.));
#2105=DIRECTION('',(0.,0.,1.));
#2106=DIRECTION('',(1.,0.,0.));
#2107=DIRECTION('',(0.,0.,1.));
#2108=DIRECTION('',(1.,0.,0.));
#2109=DIRECTION('',(0.,0.,1.));
#2110=DIRECTION('',(-1.,0.,0.));
#2111=DIRECTION('',(0.,0.,-1.));
#2112=DIRECTION('',(-1.,0.,0.));
#2113=DIRECTION('',(0.,0.,-1.));
#2114=DIRECTION('',(1.,0.,0.));
#2115=DIRECTION('',(0.,0.,-1.));
#2116=DIRECTION('',(-1.,0.,0.));
#2117=DIRECTION('',(0.,0.,-1.));
#2118=DIRECTION('',(1.,0.,0.));
#2119=DIRECTION('',(0.,0.,1.));
#2120=DIRECTION('',(1.,0.,0.));
#2121=DIRECTION('',(0.,0.,1.));
#2122=DIRECTION('',(1.,0.,0.));
#2123=DIRECTION('',(0.,0.,1.));
#2124=DIRECTION('',(1.,0.,0.));
#2125=DIRECTION('',(0.,0.,-1.));
#2126=DIRECTION('',(-1.,0.,0.));
#2127=DIRECTION('',(0.,0.,-1.));
#2128=DIRECTION('',(1.,0.,0.));
#2129=DIRECTION('',(0.,0.,-1.));
#2130=DIRECTION('',(1.,0.,0.));
#2131=DIRECTION('',(0.,-1.,0.));
#2132=DIRECTION('',(0.,0.,-1.));
#2133=DIRECTION('',(-1.,0.,0.));
#2134=DIRECTION('',(0.,0.,1.));
#2135=DIRECTION('',(-1.,0.,0.));
#2136=DIRECTION('',(0.,0.,1.));
#2137=DIRECTION('',(0.,1.,0.));
#2138=DIRECTION('',(0.,0.,1.));
#2139=DIRECTION('',(0.816496580927726,0.,-0.577350269189626));
#2140=DIRECTION('',(0.,0.,1.));
#2141=DIRECTION('',(0.816496580927726,0.,0.577350269189626));
#2142=DIRECTION('',(-1.,0.,0.));
#2143=DIRECTION('',(0.,0.,1.));
#2144=DIRECTION('',(-1.,0.,0.));
#2145=DIRECTION('',(0.0135714563890178,-0.999907903544862,0.));
#2146=DIRECTION('',(0.999907903544862,0.0135714563890178,0.));
#2147=DIRECTION('',(0.,0.,1.));
#2148=DIRECTION('',(1.,0.,0.));
#2149=DIRECTION('',(0.,0.,1.));
#2150=DIRECTION('',(0.5,-0.5,-0.707106781186547));
#2151=DIRECTION('',(0.5,-0.5,0.707106781186548));
#2152=DIRECTION('',(-0.5,0.5,-0.707106781186547));
#2153=DIRECTION('',(-0.5,0.5,0.707106781186548));
#2154=DIRECTION('',(-0.707106781186545,0.70710678118655,0.));
#2155=DIRECTION('',(-0.70710678118655,-0.707106781186545,0.));
#2156=DIRECTION('',(0.,0.,1.));
#2157=DIRECTION('',(0.70710678118655,0.707106781186545,0.));
#2158=DIRECTION('',(-0.70710678118655,-0.707106781186545,0.));
#2159=DIRECTION('',(0.,0.,1.));
#2160=DIRECTION('',(1.,0.,0.));
#2161=DIRECTION('',(0.,0.,1.));
#2162=DIRECTION('',(0.,0.,-1.));
#2163=DIRECTION('',(-1.,0.,0.));
#2164=DIRECTION('',(0.,0.,-1.));
#2165=DIRECTION('',(-1.,0.,0.));
#2166=DIRECTION('',(-0.707106781186548,0.707106781186548,0.));
#2167=DIRECTION('',(-0.707106781186548,-0.707106781186548,0.));
#2168=DIRECTION('',(0.707106781186548,0.707106781186548,0.));
#2169=DIRECTION('',(0.,0.,-1.));
#2170=DIRECTION('',(-0.707106781186548,-0.707106781186548,0.));
#2171=DIRECTION('',(0.,0.,1.));
#2172=DIRECTION('',(1.,0.,0.));
#2173=DIRECTION('',(0.,0.,-1.));
#2174=DIRECTION('',(-0.790072901328573,0.613012895937965,0.));
#2175=DIRECTION('',(0.,0.,-1.));
#2176=DIRECTION('',(-0.790072901328573,0.613012895937965,0.));
#2177=DIRECTION('',(0.,0.,-1.));
#2178=DIRECTION('',(1.,0.,0.));
#2179=DIRECTION('',(0.,-1.,0.));
#2180=DIRECTION('',(-0.70710678118655,-0.707106781186545,0.));
#2181=DIRECTION('',(0.,0.,-1.));
#2182=DIRECTION('',(-1.,0.,0.));
#2183=DIRECTION('',(0.707106781186548,0.707106781186548,0.));
#2184=DIRECTION('',(0.,0.,-1.));
#2185=DIRECTION('',(1.,0.,0.));
#2186=DIRECTION('',(0.,1.,0.));
#2187=DIRECTION('',(-0.707106781186548,-0.707106781186548,0.));
#2188=DIRECTION('',(0.,0.,-1.));
#2189=DIRECTION('',(-1.,0.,0.));
#2190=DIRECTION('',(0.70710678118655,0.707106781186545,0.));
#2191=DIRECTION('',(0.5,-0.5,0.707106781186548));
#2192=DIRECTION('',(-0.707106781186548,-0.707106781186548,0.));
#2193=DIRECTION('',(0.862856209461017,0.357406744336593,-0.357406744336593));
#2194=DIRECTION('',(0.,0.,1.));
#2195=DIRECTION('',(1.,0.,0.));
#2196=DIRECTION('',(0.5,-0.5,-0.707106781186547));
#2197=DIRECTION('',(0.70710678118655,0.707106781186545,0.));
#2198=DIRECTION('',(0.42283054613876,0.853506544483833,-0.304533918924091));
#2199=DIRECTION('',(-0.5,0.5,0.707106781186548));
#2200=DIRECTION('',(0.707106781186548,0.707106781186548,0.));
#2201=DIRECTION('',(0.862856209461017,0.357406744336593,0.357406744336593));
#2202=DIRECTION('',(0.,0.,-1.));
#2203=DIRECTION('',(-1.,0.,0.));
#2204=DIRECTION('',(-0.5,0.5,-0.707106781186547));
#2205=DIRECTION('',(-0.70710678118655,-0.707106781186545,0.));
#2206=DIRECTION('',(0.42283054613876,0.853506544483833,0.304533918924091));
#2207=DIRECTION('',(0.584425958403237,0.,0.81144704025861));
#2208=DIRECTION('',(0.,-1.,0.));
#2209=DIRECTION('',(0.584425958403237,0.,-0.81144704025861));
#2210=DIRECTION('',(0.,-1.,0.));
#2211=DIRECTION('',(0.38268343236509,-0.923879532511287,0.));
#2212=DIRECTION('',(0.,0.,1.));
#2213=DIRECTION('',(0.,1.,0.));
#2214=DIRECTION('',(0.,0.,1.));
#2215=DIRECTION('',(0.,1.,0.));
#2216=DIRECTION('',(0.,0.,1.));
#2217=DIRECTION('',(0.,0.,1.));
#2218=DIRECTION('',(1.,0.,0.));
#2219=DIRECTION('',(0.,0.,-1.));
#2220=DIRECTION('',(-1.,0.,0.));
#2221=CARTESIAN_POINT('',(0.,0.,0.));
#2222=CARTESIAN_POINT('',(0.0629430908903027,0.00668221768561112,-0.00484020554725213));
#2223=CARTESIAN_POINT('',(0.0625024037991196,0.00709766539127956,-0.00483151046357661));
#2224=CARTESIAN_POINT('',(0.0620610997237215,0.00751165813309718,-0.00482207122466248));
#2225=CARTESIAN_POINT('',(0.0615082470129254,0.00802737081550642,-0.00480919241780537));
#2226=CARTESIAN_POINT('',(0.06139735210043,0.00813064806372448,-0.0048065486217446));
#2227=CARTESIAN_POINT('',(0.0606402554043968,0.00883451122009332,-0.00478805725260698));
#2228=CARTESIAN_POINT('',(0.0599926054946162,0.00943089554375886,-0.00477015442276988));
#2229=CARTESIAN_POINT('',(0.0593430870788437,0.0100194794595245,-0.00474882426213667));
#2230=CARTESIAN_POINT('',(0.0632656038820462,0.0070243445156495,-0.00300000000000028));
#2231=CARTESIAN_POINT('',(0.0628331466036313,0.00744859717712418,-0.00300000000000022));
#2232=CARTESIAN_POINT('',(0.0623995603167597,0.00787310627748354,-0.00300000000000013));
#2233=CARTESIAN_POINT('',(0.0618559861563424,0.00840405923624047,-0.00299999999999996));
#2234=CARTESIAN_POINT('',(0.0617472536773177,0.00851019087040036,-0.00300000000000003));
#2235=CARTESIAN_POINT('',(0.0610081386026626,0.00923105863133468,-0.00299999999999981));
#2236=CARTESIAN_POINT('',(0.0603755206279875,0.0098456390362527,-0.00299999999999988));
#2237=CARTESIAN_POINT('',(0.0597368337620544,0.0104608410133676,-0.00299999999999994));
#2238=CARTESIAN_POINT('',(0.0645631166302354,0.00841125132895468,-0.003));
#2239=CARTESIAN_POINT('',(0.0641234629753103,0.00883492578173468,-0.003));
#2240=CARTESIAN_POINT('',(0.0636830457510252,0.00925795526048845,-0.003));
#2241=CARTESIAN_POINT('',(0.0631310604945794,0.00978615225843412,-0.003));
#2242=CARTESIAN_POINT('',(0.0630203201345765,0.00989200300174432,-0.003));
#2243=CARTESIAN_POINT('',(0.0622641210530312,0.0106139491803399,-0.003));
#2244=CARTESIAN_POINT('',(0.0616167183396065,0.0112281272777994,-0.003));
#2245=CARTESIAN_POINT('',(0.0609652390087383,0.0118389317634954,-0.003));
#2246=CARTESIAN_POINT('',(0.0629095128909137,0.00999779110447449,-0.003));
#2247=CARTESIAN_POINT('',(0.0621264029154133,0.00999779110447449,-0.003));
#2248=CARTESIAN_POINT('',(0.0613503882517366,0.00999779110447489,-0.0031671135083937));
#2249=CARTESIAN_POINT('',(0.0606627384045237,0.00999779110447489,-0.00352632830695309));
#2250=CARTESIAN_POINT('',(0.0606627384000524,0.00999779112380445,-0.00352632829839358));
#2251=CARTESIAN_POINT('',(0.0629095129628848,0.00999779103534896,-0.003));
#2252=CARTESIAN_POINT('',(0.0629095128909136,0.0099977911044747,-0.003));
#2253=CARTESIAN_POINT('',(0.063317895627113,0.00960642426687703,-0.003));
#2254=CARTESIAN_POINT('',(0.0637262783633123,0.00921505742927937,-0.003));
#2255=CARTESIAN_POINT('',(0.0641346610995117,0.0088236905916817,-0.003));
#2256=CARTESIAN_POINT('',(0.0641346610273776,0.00882369066062721,-0.00299999999999996));
#2257=CARTESIAN_POINT('',(0.0641346610995122,0.00882369066062802,-0.00300000000000013));
#2258=CARTESIAN_POINT('',(0.0641346610995122,0.008483348919205,-0.00300000000000016));
#2259=CARTESIAN_POINT('',(0.0640598523269806,0.00794012022128418,-0.0030538792877588));
#2260=CARTESIAN_POINT('',(0.0636206058458983,0.0074748090126935,-0.00337023640405376));
#2261=CARTESIAN_POINT('',(0.063068024197339,0.00731924736094926,-0.00376822055278131));
#2262=CARTESIAN_POINT('',(0.062368491946421,0.00748871089393825,-0.00427204247324511));
#2263=CARTESIAN_POINT('',(0.061865421794404,0.00776426488038372,-0.00463436711200668));
#2264=CARTESIAN_POINT('',(0.061619099902086,0.00792396489980426,-0.00481177475643871));
#2265=CARTESIAN_POINT('',(0.0616190998291173,0.00792396496771141,-0.00481177475515608));
#2266=CARTESIAN_POINT('',(0.061619099902073,0.0079239648997919,-0.00481177475650245));
#2267=CARTESIAN_POINT('',(0.0608072830469632,0.00868124480418236,-0.00479286333167604));
#2268=CARTESIAN_POINT('',(0.0600557148959806,0.00937324429307485,-0.00477209160349185));
#2269=CARTESIAN_POINT('',(0.0593644596697912,0.00999996336646937,-0.00474949096202308));
#2270=CARTESIAN_POINT('',(0.0593644914508535,0.01,-0.0047495347708248));
#2271=CARTESIAN_POINT('',(0.0593645589925862,0.01,-0.00474956902863299));
#2272=CARTESIAN_POINT('',(0.0596105729950781,0.01,-0.00426453499155918));
#2273=CARTESIAN_POINT('',(0.0600279843086276,0.01,-0.00389011258206736));
#2274=CARTESIAN_POINT('',(0.0604999943705685,0.01,-0.0036148632180316));
#2275=CARTESIAN_POINT('',(0.0604999943774955,0.00999999997482064,-0.00361486322991041));
#2276=CARTESIAN_POINT('',(0.0606627383834986,0.00999779119970286,-0.0035263282642172));
#2277=CARTESIAN_POINT('',(0.060607645454078,0.0099985389598579,-0.00355468591021364));
#2278=CARTESIAN_POINT('',(0.0605533881085266,0.0099992753788784,-0.00358418479985644));
#2279=CARTESIAN_POINT('',(0.0604999943508341,0.0100000000766745,-0.00361486318110196));
#2280=CARTESIAN_POINT('',(0.0645631169108189,0.0084112510585678,0.003));
#2281=CARTESIAN_POINT('',(0.0641234631627377,0.00883492560170557,0.003));
#2282=CARTESIAN_POINT('',(0.0636830458449976,0.00925795517056467,0.003));
#2283=CARTESIAN_POINT('',(0.0631310604946724,0.00978615225834544,0.003));
#2284=CARTESIAN_POINT('',(0.0630203201346231,0.00989200300170003,0.003));
#2285=CARTESIAN_POINT('',(0.0622641052943258,0.0106139642252358,0.003));
#2286=CARTESIAN_POINT('',(0.0616166867239902,0.0112281572709041,0.003));
#2287=CARTESIAN_POINT('',(0.0609651912866772,0.011838976506036,0.003));
#2288=CARTESIAN_POINT('',(0.0632656041588167,0.00702434424412749,0.00300000000000229));
#2289=CARTESIAN_POINT('',(0.0628331467887103,0.00744859699591772,0.0030000000000018));
#2290=CARTESIAN_POINT('',(0.0623995604096772,0.007873106186722,0.00300000000000106));
#2291=CARTESIAN_POINT('',(0.061855986156434,0.00840405923615134,0.00299999999999974));
#2292=CARTESIAN_POINT('',(0.0617472536773633,0.00851019087035563,0.0030000000000001));
#2293=CARTESIAN_POINT('',(0.0610081232889479,0.00923107356698426,0.00299999999999943));
#2294=CARTESIAN_POINT('',(0.060375489903692,0.00984566888451768,0.00300000000000002));
#2295=CARTESIAN_POINT('',(0.0597367872705822,0.0104608857953115,0.00300000000000021));
#2296=CARTESIAN_POINT('',(0.0629430911715408,0.00668221742047811,0.00484020555280677));
#2297=CARTESIAN_POINT('',(0.0625024039869208,0.007097665215099,0.00483151046759768));
#2298=CARTESIAN_POINT('',(0.0620610998178397,0.00751165804530031,0.00482207122685714));
#2299=CARTESIAN_POINT('',(0.061508247013019,0.00802737081541947,0.00480919241780701));
#2300=CARTESIAN_POINT('',(0.0613973521004764,0.00813064806368124,0.00480654862174598));
#2301=CARTESIAN_POINT('',(0.0606402396269869,0.00883452588815094,0.00478805686725735));
#2302=CARTESIAN_POINT('',(0.059992573866929,0.0094309246679113,0.00477015354849177));
#2303=CARTESIAN_POINT('',(0.0593430395004274,0.0100195225743597,0.00474882269965726));
#2304=CARTESIAN_POINT('',(0.0606627453996346,0.0099977911044749,0.00352632465285283));
#2305=CARTESIAN_POINT('',(0.0613503936339377,0.0099977911044749,0.00316711240978816));
#2306=CARTESIAN_POINT('',(0.0621264055708062,0.00999779110447474,0.003));
#2307=CARTESIAN_POINT('',(0.0629095128909135,0.00999779110447474,0.003));
#2308=CARTESIAN_POINT('',(0.0629095129628847,0.009997791035349,0.003));
#2309=CARTESIAN_POINT('',(0.0606627453996347,0.0099977911044749,0.00352632465285283));
#2310=CARTESIAN_POINT('',(0.060500000054247,0.00999999999926391,0.00361485990410566));
#2311=CARTESIAN_POINT('',(0.0605533942389381,0.00999927529567231,0.00358418139696181));
#2312=CARTESIAN_POINT('',(0.0606076520221307,0.00999853887071164,0.00355468239595415));
#2313=CARTESIAN_POINT('',(0.0606627453996346,0.0099977911044749,0.00352632465285283));
#2314=CARTESIAN_POINT('',(0.0605000000718555,0.00999999993200478,0.003614859936341));
#2315=CARTESIAN_POINT('',(0.0605,0.01,0.00361485993527422));
#2316=CARTESIAN_POINT('',(0.060027980739033,0.01,0.00389011358917518));
#2317=CARTESIAN_POINT('',(0.0596105671797852,0.01,0.00426454699036518));
#2318=CARTESIAN_POINT('',(0.0593645484894266,0.01,0.00474958973634449));
#2319=CARTESIAN_POINT('',(0.0593644414818897,0.010000039990995,0.0047495354610166));
#2320=CARTESIAN_POINT('',(0.0593644123846702,0.0100000062369961,0.00474948941602733));
#2321=CARTESIAN_POINT('',(0.0600556806269087,0.00937327585044058,0.00477209063728874));
#2322=CARTESIAN_POINT('',(0.0608072645362915,0.00868126207133046,0.00479286290046252));
#2323=CARTESIAN_POINT('',(0.0616190999022082,0.00792396489966574,0.0048117747565056));
#2324=CARTESIAN_POINT('',(0.0616190998292076,0.00792396496764302,0.0048117747551166));
#2325=CARTESIAN_POINT('',(0.0616190999021705,0.00792396489974947,0.00481177475637787));
#2326=CARTESIAN_POINT('',(0.0618654217944839,0.00776426488033798,0.00463436711194912));
#2327=CARTESIAN_POINT('',(0.0623684919464653,0.00748871089392771,0.00427204247321322));
#2328=CARTESIAN_POINT('',(0.0630680241973782,0.00731924736093737,0.00376822055275304));
#2329=CARTESIAN_POINT('',(0.0636206058459704,0.00747480901273743,0.00337023640400192));
#2330=CARTESIAN_POINT('',(0.0640598523269876,0.00794012022134337,0.00305387928775381));
#2331=CARTESIAN_POINT('',(0.0641346610995119,0.00848334891922881,0.00300000000000035));
#2332=CARTESIAN_POINT('',(0.0641346610995122,0.00882369066062724,0.00300000000000013));
#2333=CARTESIAN_POINT('',(0.0641346610273779,0.00882369066062585,0.00299999999999996));
#2334=CARTESIAN_POINT('',(0.0641346610995117,0.00882369059168057,0.003));
#2335=CARTESIAN_POINT('',(0.0637262783633123,0.00921505742927862,0.003));
#2336=CARTESIAN_POINT('',(0.063317895627113,0.00960642426687666,0.003));
#2337=CARTESIAN_POINT('',(0.0629095128909136,0.0099977911044747,0.003));
#2338=CARTESIAN_POINT('',(0.0519187601470221,0.000193909951745906,-0.0140596301805205));
#2339=CARTESIAN_POINT('',(0.0521944903996289,0.000423718635537207,-0.0139988661223357));
#2340=CARTESIAN_POINT('',(0.0524310102714995,0.000705984357557257,-0.0139327101368008));
#2341=CARTESIAN_POINT('',(0.0526080324152417,0.00101737836214077,-0.013878527677424));
#2342=CARTESIAN_POINT('',(0.0528032303254337,0.00136074477752863,-0.0138187820285699));
#2343=CARTESIAN_POINT('',(0.0529283574596697,0.00173989174093459,-0.0137740984367626));
#2344=CARTESIAN_POINT('',(0.0530253557389439,0.00251626745038758,-0.0137398724679348));
#2345=CARTESIAN_POINT('',(0.052997962427262,0.00290956744360262,-0.0137501879537632));
#2346=CARTESIAN_POINT('',(0.0527902597102241,0.00367045929260033,-0.0138213192841077));
#2347=CARTESIAN_POINT('',(0.0526101750943868,0.00403105187504325,-0.0138816214884224));
#2348=CARTESIAN_POINT('',(0.0521229311408484,0.00465645478474428,-0.0140158571107184));
#2349=CARTESIAN_POINT('',(0.0518130677698357,0.00492208143049912,-0.0140891363557046));
#2350=CARTESIAN_POINT('',(0.0511297819234814,0.00530665031654469,-0.0142031061786189));
#2351=CARTESIAN_POINT('',(0.0507496670155796,0.00543023893578848,-0.0142445812659072));
#2352=CARTESIAN_POINT('',(0.0499852697410852,0.00552457995009739,-0.0142759033894166));
#2353=CARTESIAN_POINT('',(0.0495932310085783,0.00549771902237665,-0.0142665077167745));
#2354=CARTESIAN_POINT('',(0.0488410485531459,0.00529438935965189,-0.0142005903406352));
#2355=CARTESIAN_POINT('',(0.0484824452376367,0.00511844724127956,-0.0141442658102618));
#2356=CARTESIAN_POINT('',(0.0478507340707476,0.0046307027895722,-0.0140117138923714));
#2357=CARTESIAN_POINT('',(0.0475861599935276,0.00432477262223336,-0.01393799102899));
#2358=CARTESIAN_POINT('',(0.0471957208206307,0.00363685398528331,-0.0138184353999738));
#2359=CARTESIAN_POINT('',(0.0470708902714589,0.00325572752014916,-0.0137738341593254));
#2360=CARTESIAN_POINT('',(0.0469750070157361,0.00248498894744681,-0.0137399993000518));
#2361=CARTESIAN_POINT('',(0.0470028952461582,0.0020878447058056,-0.0137504778539257));
#2362=CARTESIAN_POINT('',(0.0472082934766111,0.00133428838072975,-0.013820827612054));
#2363=CARTESIAN_POINT('',(0.0473880273697091,0.000971717171707309,-0.013881085882999));
#2364=CARTESIAN_POINT('',(0.0477651894138526,0.000486898482850405,-0.0139850561885196));
#2365=CARTESIAN_POINT('',(0.0479164100307949,0.00033095943427299,-0.0140232866653899));
#2366=CARTESIAN_POINT('',(0.0480824926396513,0.00019290813108579,-0.0140598328588397));
#2367=CARTESIAN_POINT('',(0.0517036205021325,1.49204808743327E-5,-0.0124272612142443));
#2368=CARTESIAN_POINT('',(0.0519880923771954,0.000209280737422512,-0.0123987689339224));
#2369=CARTESIAN_POINT('',(0.0522653588214541,0.000474280738441715,-0.0123606915321967));
#2370=CARTESIAN_POINT('',(0.0524877426539091,0.000805780481220724,-0.012324240583653));
#2371=CARTESIAN_POINT('',(0.0527254424326914,0.00116011116549333,-0.0122852791973436));
#2372=CARTESIAN_POINT('',(0.0529012070910122,0.00159715501828985,-0.0122495632846648));
#2373=CARTESIAN_POINT('',(0.0530344027013822,0.00251477747545963,-0.0122224494739478));
#2374=CARTESIAN_POINT('',(0.0529936927400472,0.00299696998336888,-0.0122314867293585));
#2375=CARTESIAN_POINT('',(0.0527154631867759,0.00387133260259114,-0.0122855715755455));
#2376=CARTESIAN_POINT('',(0.052476303562035,0.00426077872779543,-0.012329332977001));
#2377=CARTESIAN_POINT('',(0.0519088686002165,0.00487109480888843,-0.012408655850777));
#2378=CARTESIAN_POINT('',(0.0515765981022184,0.00509145293425073,-0.0124430676957552));
#2379=CARTESIAN_POINT('',(0.0509256373982504,0.00538396337235483,-0.0124856600447274));
#2380=CARTESIAN_POINT('',(0.0506054596446967,0.00545725982555531,-0.0124948514498347));
#2381=CARTESIAN_POINT('',(0.0499839710163404,0.00551542092299393,-0.0125018860019363));
#2382=CARTESIAN_POINT('',(0.0496817949262528,0.00550158799377702,-0.0125005754855762));
#2383=CARTESIAN_POINT('',(0.0490443095501049,0.00536897944524656,-0.0124833239876683));
#2384=CARTESIAN_POINT('',(0.0487163628931127,0.0052517316537904,-0.0124664157843154));
#2385=CARTESIAN_POINT('',(0.0480666422159698,0.00484289378671715,-0.0124063809949415));
#2386=CARTESIAN_POINT('',(0.04775667744896,0.00455917487281079,-0.0123643294339781));
#2387=CARTESIAN_POINT('',(0.0472731973781762,0.00383727075497453,-0.0122850310152347));
#2388=CARTESIAN_POINT('',(0.0470977569545442,0.00339765926042488,-0.0122493538387881));
#2389=CARTESIAN_POINT('',(0.0469660846405548,0.00248663825784632,-0.0122225472491772));
#2390=CARTESIAN_POINT('',(0.0470074156751775,0.0020001827545887,-0.0122316977729272));
#2391=CARTESIAN_POINT('',(0.0472825815155331,0.0011341658890435,-0.0122851959778199));
#2392=CARTESIAN_POINT('',(0.0475215365955317,0.000742005748662123,-0.0123289955612952));
#2393=CARTESIAN_POINT('',(0.0479570984729469,0.000272810045728954,-0.012389938880626));
#2394=CARTESIAN_POINT('',(0.0481246375425277,0.000131683904498493,-0.0124099528628919));
#2395=CARTESIAN_POINT('',(0.0482968609175193,1.444964545623E-5,-0.0124270918750029));
#2396=CARTESIAN_POINT('',(0.0527225054731833,-0.00127079894937743,-0.0121998877385135));
#2397=CARTESIAN_POINT('',(0.0531305458891716,-0.00092975440411072,-0.0121086639637788));
#2398=CARTESIAN_POINT('',(0.0534941070631039,-0.000499261103354772,-0.0120053552591438));
#2399=CARTESIAN_POINT('',(0.0537758336607509,-5.20417042793042E-18,-0.0119160849345051));
#2400=CARTESIAN_POINT('',(0.0540864865652051,0.000550522787459572,-0.0118176487702872));
#2401=CARTESIAN_POINT('',(0.0542990605010352,0.00118781157513898,-0.0117377960105787));
#2402=CARTESIAN_POINT('',(0.054464237661067,0.00252559415396701,-0.0116759735561121));
#2403=CARTESIAN_POINT('',(0.0544157318500299,0.00321445079290263,-0.0116955298061675));
#2404=CARTESIAN_POINT('',(0.0540682986595845,0.00450080704024786,-0.0118208735394109));
#2405=CARTESIAN_POINT('',(0.0537734566747328,0.00508465957202204,-0.0119232307239117));
#2406=CARTESIAN_POINT('',(0.0530220702684433,0.00605441039564506,-0.0121354644519404));
#2407=CARTESIAN_POINT('',(0.0525620875220374,0.00644444232394507,-0.012244761160927));
#2408=CARTESIAN_POINT('',(0.0515789269415678,0.00699868766447518,-0.0124098935560268));
#2409=CARTESIAN_POINT('',(0.0510451100082475,0.00717047594139216,-0.0124676569463));
#2410=CARTESIAN_POINT('',(0.0499788135343133,0.00730208862047239,-0.0125113658644304));
#2411=CARTESIAN_POINT('',(0.0494350693261309,0.00726522464340424,-0.0124984799685509));
#2412=CARTESIAN_POINT('',(0.0483786639566353,0.00697953944466062,-0.0124057413170287));
#2413=CARTESIAN_POINT('',(0.0478676326084361,0.00673153256209973,-0.0123259185500904));
#2414=CARTESIAN_POINT('',(0.046939110218168,0.00601264273251147,-0.012128734993376));
#2415=CARTESIAN_POINT('',(0.0465332660390794,0.00554866275036106,-0.0120140757289199));
#2416=CARTESIAN_POINT('',(0.0459117969328985,0.00444553814210358,-0.0118170578257942));
#2417=CARTESIAN_POINT('',(0.0456996620804427,0.00380467124717168,-0.0117373205304258));
#2418=CARTESIAN_POINT('',(0.0455363764438863,0.00247653930563841,-0.0116762007607631));
#2419=CARTESIAN_POINT('',(0.045585692428871,0.00178121527238607,-0.0116960354957529));
#2420=CARTESIAN_POINT('',(0.0459292915525798,0.000507178387004381,-0.0118200122836883));
#2421=CARTESIAN_POINT('',(0.0462237142803603,-8.02877809235851E-5,-0.0119223630628437));
#2422=CARTESIAN_POINT('',(0.0468054295683952,-0.000832168821040936,-0.0120867778127676));
#2423=CARTESIAN_POINT('',(0.0470334784687002,-0.00106757399383408,-0.0121453074833926));
#2424=CARTESIAN_POINT('',(0.0472791237316773,-0.00127235957872285,-0.0122001094747374));
#2425=CARTESIAN_POINT('',(0.0526080324152417,0.00101737836214077,-0.013878527677424));
#2426=CARTESIAN_POINT('',(0.0527607981190153,0.00128610363715698,-0.0138317695636428));
#2427=CARTESIAN_POINT('',(0.052965782736921,0.00184693223597207,-0.0137635345478283));
#2428=CARTESIAN_POINT('',(0.0530184029941558,0.00248156443742231,-0.013741594169141));
#2429=CARTESIAN_POINT('',(0.0529673987682825,0.00300100280542061,-0.0137617813878752));
#2430=CARTESIAN_POINT('',(0.0528682235256945,0.00341264224459136,-0.0137963933701701));
#2431=CARTESIAN_POINT('',(0.0527489938297484,0.00371507946401432,-0.0138350953583007));
#2432=CARTESIAN_POINT('',(0.0526392687192243,0.00392773346721977,-0.0138691193274514));
#2433=CARTESIAN_POINT('',(0.0525778061719033,0.00403618190868565,-0.0138879085970816));
#2434=CARTESIAN_POINT('',(0.0524883367034033,0.00418210074625161,-0.0139151076693941));
#2435=CARTESIAN_POINT('',(0.0522503919169428,0.00451017405941684,-0.0139828580879486));
#2436=CARTESIAN_POINT('',(0.0519056030987593,0.00482662004050667,-0.0140637818255151));
#2437=CARTESIAN_POINT('',(0.0516814095931154,0.0049859871873217,-0.0141085000275896));
#2438=CARTESIAN_POINT('',(0.051517242092201,0.00509289728963981,-0.0141396311048629));
#2439=CARTESIAN_POINT('',(0.051152987983637,0.00528335684009505,-0.0141964645999428));
#2440=CARTESIAN_POINT('',(0.0507585250126673,0.00541148012530889,-0.0142374081203179));
#2441=CARTESIAN_POINT('',(0.0502280802497164,0.0055118282255469,-0.0142717263562453));
#2442=CARTESIAN_POINT('',(0.0495945143856549,0.00550613420320988,-0.0142686340503962));
#2443=CARTESIAN_POINT('',(0.0489786902831728,0.00534322158271516,-0.0142147985216648));
#2444=CARTESIAN_POINT('',(0.0485706793916877,0.00513988471880193,-0.0141535048899044));
#2445=CARTESIAN_POINT('',(0.0483820784309189,0.00503119900710889,-0.0141211199347729));
#2446=CARTESIAN_POINT('',(0.0481561428460822,0.00487273921433973,-0.0140767277535687));
#2447=CARTESIAN_POINT('',(0.047981413282933,0.00472085527666455,-0.0140372757129908));
#2448=CARTESIAN_POINT('',(0.047819537481341,0.00456579384397008,-0.0139986493964042));
#2449=CARTESIAN_POINT('',(0.0476718355982885,0.004396319794019,-0.013960299117954));
#2450=CARTESIAN_POINT('',(0.0475503636485984,0.0042352956409378,-0.0139261094233653));
#2451=CARTESIAN_POINT('',(0.0474838987786216,0.00413372752091742,-0.0139061806655817));
#2452=CARTESIAN_POINT('',(0.0474692391286438,0.00411120261354367,-0.013901810468833));
#2453=CARTESIAN_POINT('',(0.0474206349939865,0.00403318201625714,-0.0138873394461318));
#2454=CARTESIAN_POINT('',(0.0473566830184969,0.00392188820693484,-0.0138679908782443));
#2455=CARTESIAN_POINT('',(0.0472338431050619,0.00367907320422277,-0.0138299016784081));
#2456=CARTESIAN_POINT('',(0.0471106010046824,0.00334240255763446,-0.0137890760299401));
#2457=CARTESIAN_POINT('',(0.0470251929714071,0.00294481063077999,-0.013758188280889));
#2458=CARTESIAN_POINT('',(0.0469818031977216,0.00245946611208323,-0.013742068595216));
#2459=CARTESIAN_POINT('',(0.0470377699850396,0.00190098880784582,-0.0137644695679561));
#2460=CARTESIAN_POINT('',(0.0471879860828001,0.00143330876190365,-0.013814444710771));
#2461=CARTESIAN_POINT('',(0.0473227357414938,0.00114139850828281,-0.0138573241349842));
#2462=CARTESIAN_POINT('',(0.0474216126134464,0.000960677401070601,-0.0138882356854476));
#2463=CARTESIAN_POINT('',(0.0475778571515348,0.000714856204253179,-0.0139346247323172));
#2464=CARTESIAN_POINT('',(0.0478158016091825,0.000436597145495038,-0.0139977300330277));
#2465=CARTESIAN_POINT('',(0.047955305745677,0.000303243999950752,-0.0140307641832552));
#2466=CARTESIAN_POINT('',(0.0480158296205181,0.000249873802386473,-0.014044495829191));
#2467=CARTESIAN_POINT('',(0.0526080324152417,0.00101737836214077,-0.013878527677424));
#2468=CARTESIAN_POINT('',(0.0480158313789121,0.000249928312488437,-0.0140447000829939));
#2469=CARTESIAN_POINT('',(0.048015834259772,0.000249980171499929,-0.0140448983528949));
#2470=CARTESIAN_POINT('',(0.048012767588039,0.000252669510545634,-0.0139699708064206));
#2471=CARTESIAN_POINT('',(0.0479720580434051,0.000278713338497703,-0.0138201322288742));
#2472=CARTESIAN_POINT('',(0.0478485071537833,0.000340287418516088,-0.0135664316337597));
#2473=CARTESIAN_POINT('',(0.0476803920880061,0.000419519720056958,-0.01330791197306));
#2474=CARTESIAN_POINT('',(0.0475679792173091,0.000471158468336452,-0.0131598068779385));
#2475=CARTESIAN_POINT('',(0.0474170438239595,0.000540923488063177,-0.0129768357210652));
#2476=CARTESIAN_POINT('',(0.0473014473828196,0.000591898951381891,-0.0128457667192648));
#2477=CARTESIAN_POINT('',(0.0470726432858329,0.00068154415556011,-0.0126020746602995));
#2478=CARTESIAN_POINT('',(0.0468494231302191,0.000758380997876613,-0.0123957224424748));
#2479=CARTESIAN_POINT('',(0.0464088270717037,0.000884218164173361,-0.0120502588175149));
#2480=CARTESIAN_POINT('',(0.0460475004271762,0.000960657686247519,-0.0118616090806774));
#2481=CARTESIAN_POINT('',(0.0457987041157373,0.00100005344192274,-0.0117728174311572));
#2482=CARTESIAN_POINT('',(0.0457978231425376,0.00100002621497088,-0.0117725004750876));
#2483=CARTESIAN_POINT('',(0.0457970171332154,0.000999750945714405,-0.0117722102861576));
#2484=CARTESIAN_POINT('',(0.0455720834351508,0.00174303372888576,-0.011691903151291));
#2485=CARTESIAN_POINT('',(0.0454929712288784,0.00297610517150652,-0.0116602037278915));
#2486=CARTESIAN_POINT('',(0.0459322441842075,0.00450701453334713,-0.0118230502764853));
#2487=CARTESIAN_POINT('',(0.0464940140870085,0.00549648553857084,-0.0120041165841709));
#2488=CARTESIAN_POINT('',(0.0472050470477498,0.00627116659086921,-0.0121934463321784));
#2489=CARTESIAN_POINT('',(0.0481160996819601,0.00686507086283187,-0.012368834903341));
#2490=CARTESIAN_POINT('',(0.0490169148577175,0.0071913828871717,-0.0124729807199509));
#2491=CARTESIAN_POINT('',(0.0500017412023454,0.00730606281417456,-0.0125135131488757));
#2492=CARTESIAN_POINT('',(0.050982210040856,0.007191213153504,-0.0124729664373161));
#2493=CARTESIAN_POINT('',(0.0518823101943592,0.00686516310086041,-0.0123690170653862));
#2494=CARTESIAN_POINT('',(0.052791182365388,0.00627518016844443,-0.0121944106157129));
#2495=CARTESIAN_POINT('',(0.0533865911383026,0.00562446639087825,-0.0120356708394412));
#2496=CARTESIAN_POINT('',(0.0537788060770129,0.00501631608762157,-0.0119164114714562));
#2497=CARTESIAN_POINT('',(0.0541364932118974,0.00429103090833877,-0.011797944995374));
#2498=CARTESIAN_POINT('',(0.0544999682363239,0.00299306787314263,-0.0116625363211048));
#2499=CARTESIAN_POINT('',(0.054429988722703,0.00174323159560203,-0.0116911319610124));
#2500=CARTESIAN_POINT('',(0.0542044305689586,0.00099944640770094,-0.0117716933187544));
#2501=CARTESIAN_POINT('',(0.0542027195415029,0.00100004227485369,-0.0117724040933722));
#2502=CARTESIAN_POINT('',(0.0542008435834595,0.0010000917832962,-0.0117731737560437));
#2503=CARTESIAN_POINT('',(0.0539479473221179,0.000959963750043262,-0.0118633898053404));
#2504=CARTESIAN_POINT('',(0.0535824481098246,0.000883175447265688,-0.0120568630735342));
#2505=CARTESIAN_POINT('',(0.0532032013267989,0.00077422639619871,-0.0123545704782539));
#2506=CARTESIAN_POINT('',(0.0530108873217801,0.000710527241365637,-0.0125266046160976));
#2507=CARTESIAN_POINT('',(0.0528485532158387,0.000650285630808779,-0.0126866837073036));
#2508=CARTESIAN_POINT('',(0.0527898312807407,0.000625048607313157,-0.0127467804623549));
#2509=CARTESIAN_POINT('',(0.0526530606925985,0.000566043497707376,-0.012891489498612));
#2510=CARTESIAN_POINT('',(0.0524982096897775,0.000499746422276217,-0.013071445553685));
#2511=CARTESIAN_POINT('',(0.0522354348182117,0.00038176162743743,-0.0134169732726954));
#2512=CARTESIAN_POINT('',(0.0520384002222767,0.000286152446815368,-0.0137735007415827));
#2513=CARTESIAN_POINT('',(0.0519884349217699,0.000253850896222102,-0.0139692339051686));
#2514=CARTESIAN_POINT('',(0.0519853078568493,0.000251063581507352,-0.0140446926994567));
#2515=CARTESIAN_POINT('',(0.0519853834927419,0.000251019528816385,-0.0140444227215411));
#2516=CARTESIAN_POINT('',(0.0519853180228206,0.000250886319399662,-0.014044011928052));
#2517=CARTESIAN_POINT('',(0.0522332399765094,0.000469729825246746,-0.013988850511176));
#2518=CARTESIAN_POINT('',(0.0524446016130507,0.000729892452803462,-0.0139336890943));
#2519=CARTESIAN_POINT('',(0.0526080324152417,0.00101737836214077,-0.013878527677424));
#2520=CARTESIAN_POINT('',(0.05,0.01,7.65404249467096E-19));
#2521=CARTESIAN_POINT('',(0.05,0.001,7.65404249467096E-19));
#2522=CARTESIAN_POINT('',(0.0465665747744928,0.001,0.0120192175793955));
#2523=CARTESIAN_POINT('',(0.0465665747744927,0.00100000000000001,0.0120192175793955));
#2524=CARTESIAN_POINT('',(0.0463456826480708,0.00158974474736157,0.011956117249115));
#2525=CARTESIAN_POINT('',(0.0461703766460943,0.00288505168162836,0.0118978006422525));
#2526=CARTESIAN_POINT('',(0.046758303957059,0.00473880306047801,0.0120852434632117));
#2527=CARTESIAN_POINT('',(0.0480999937309574,0.00613193755976152,0.0123934780599255));
#2528=CARTESIAN_POINT('',(0.0500007708222789,0.00668380317539321,0.0125532003886543));
#2529=CARTESIAN_POINT('',(0.051897867855706,0.00613284971697083,0.0123937203795054));
#2530=CARTESIAN_POINT('',(0.0532419714883446,0.0047392187223813,0.0120852579506434));
#2531=CARTESIAN_POINT('',(0.053829774168735,0.0028839658980093,0.011897728387089));
#2532=CARTESIAN_POINT('',(0.0536540395669632,0.00158900310832135,0.0119561966015274));
#2533=CARTESIAN_POINT('',(0.0534334252255072,0.000999999999999906,0.0120192175793955));
#2534=CARTESIAN_POINT('',(0.0534334252255072,0.000999999999999959,0.0120192175793955));
#2535=CARTESIAN_POINT('',(0.05,0.001,7.65404249467096E-19));
#2536=CARTESIAN_POINT('',(0.0623280371182133,0.001,0.00206627704143348));
#2537=CARTESIAN_POINT('',(0.05,0.0104058801025978,7.65404249467096E-19));
#2538=CARTESIAN_POINT('',(0.0615008759029338,0.0058302989176263,0.00489692285678643));
#2539=CARTESIAN_POINT('',(0.0615008759029338,0.01,0.00489692285678643));
#2540=CARTESIAN_POINT('',(0.0615008759029338,0.008,0.00489692285678643));
#2541=CARTESIAN_POINT('',(0.05,0.008,7.65404249467096E-19));
#2542=CARTESIAN_POINT('',(0.0615008759029338,0.008,-0.00489692285678643));
#2543=CARTESIAN_POINT('',(0.0615008759029338,0.01,-0.00489692285678643));
#2544=CARTESIAN_POINT('',(0.0615008759029338,0.0058302989176263,-0.00489692285678643));
#2545=CARTESIAN_POINT('',(0.05,0.0104058801025978,7.65404249467096E-19));
#2546=CARTESIAN_POINT('',(0.0623280371182133,0.001,-0.00206627704143347));
#2547=CARTESIAN_POINT('',(0.05,0.001,7.65404249467096E-19));
#2548=CARTESIAN_POINT('',(0.05,0.,0.));
#2549=CARTESIAN_POINT('',(0.05,0.,7.65404249467096E-19));
#2550=CARTESIAN_POINT('',(0.0468412487925333,0.,0.0110576801730439));
#2551=CARTESIAN_POINT('',(0.0461348191190835,0.,-0.0108309914946785));
#2552=CARTESIAN_POINT('',(0.0461348175405886,0.,-0.0108309959179294));
#2553=CARTESIAN_POINT('',(0.0470769182211487,0.,-0.0111680379791985));
#2554=CARTESIAN_POINT('',(0.0478761444060604,0.,-0.0119003652756879));
#2555=CARTESIAN_POINT('',(0.048341687604754,0.,-0.0128104298924196));
#2556=CARTESIAN_POINT('',(0.0483416876048223,0.,-0.0128104298924196));
#2557=CARTESIAN_POINT('',(0.0483416876048223,0.,-0.017));
#2558=CARTESIAN_POINT('',(0.0483416876048223,0.,-0.011));
#2559=CARTESIAN_POINT('',(0.05,0.,-0.011));
#2560=CARTESIAN_POINT('',(0.0516583123951777,0.,-0.011));
#2561=CARTESIAN_POINT('',(0.0516583123951777,0.,-0.017));
#2562=CARTESIAN_POINT('',(0.0516583050773985,-3.28847433569311E-18,-0.0128094560003316));
#2563=CARTESIAN_POINT('',(0.0516582977596194,0.,-0.0128094560003315));
#2564=CARTESIAN_POINT('',(0.0521237379960744,0.,-0.0119017361915986));
#2565=CARTESIAN_POINT('',(0.0529217404352823,0.,-0.0111685562803917));
#2566=CARTESIAN_POINT('',(0.0538682933006523,0.,-0.010830078207068));
#2567=CARTESIAN_POINT('',(0.0538682619207707,0.,-0.0108299904533278));
#2568=CARTESIAN_POINT('',(0.05,0.,7.65404249467096E-19));
#2569=CARTESIAN_POINT('',(0.0531587512074699,0.,0.011057680173043));
#2570=CARTESIAN_POINT('',(0.0531587512074699,0.,0.011057680173043));
#2571=CARTESIAN_POINT('',(0.0525464407369835,0.,0.0112318569026374));
#2572=CARTESIAN_POINT('',(0.0520089306513235,0.,0.0116532950278614));
#2573=CARTESIAN_POINT('',(0.051658495098082,0.,0.0122087447906458));
#2574=CARTESIAN_POINT('',(0.0516583179014104,3.6524390499496E-9,0.0122088927108585));
#2575=CARTESIAN_POINT('',(0.0516583123951777,0.,0.017));
#2576=CARTESIAN_POINT('',(0.0516583123951777,0.,0.011));
#2577=CARTESIAN_POINT('',(0.05,0.,0.011));
#2578=CARTESIAN_POINT('',(0.0483416876048223,0.,0.011));
#2579=CARTESIAN_POINT('',(0.0483416876048223,0.,0.017));
#2580=CARTESIAN_POINT('',(0.0483415962533703,0.,0.0122087447906454));
#2581=CARTESIAN_POINT('',(0.0483415049019182,0.,0.0122087447906455));
#2582=CARTESIAN_POINT('',(0.0479915584773765,0.,0.0116540703099876));
#2583=CARTESIAN_POINT('',(0.0474543925042755,0.,0.0112320939249407));
#2584=CARTESIAN_POINT('',(0.0468412487925333,0.,0.0110576801730439));
#2585=CARTESIAN_POINT('',(0.05,0.,4.6383497517706E-19));
#2586=CARTESIAN_POINT('',(0.05,0.,-0.008325));
#2587=CARTESIAN_POINT('',(0.05,0.025,3.41370295262324E-19));
#2588=CARTESIAN_POINT('',(0.05,0.0065,3.41370295262324E-19));
#2589=CARTESIAN_POINT('',(0.05,0.0065,-0.005575));
#2590=CARTESIAN_POINT('',(0.05,0.00925,3.41370295262324E-19));
#2591=CARTESIAN_POINT('',(0.05,0.00925,-0.005575));
#2592=CARTESIAN_POINT('',(0.05,0.01,0.));
#2593=CARTESIAN_POINT('',(0.0605,0.01,-0.003));
#2594=CARTESIAN_POINT('',(0.05,0.01,7.65404249467096E-19));
#2595=CARTESIAN_POINT('',(0.05,0.01,3.41370295262324E-19));
#2596=CARTESIAN_POINT('',(0.05,0.01,-0.006325));
#2597=CARTESIAN_POINT('',(0.05,0.005,4.6383497517706E-19));
#2598=CARTESIAN_POINT('',(0.05,0.0045,4.6383497517706E-19));
#2599=CARTESIAN_POINT('',(0.05,0.0045,-0.007575));
#2600=CARTESIAN_POINT('',(0.05,0.00075,4.6383497517706E-19));
#2601=CARTESIAN_POINT('',(0.05,0.00075,-0.007575));
#2602=CARTESIAN_POINT('',(0.05,0.005,0.));
#2603=CARTESIAN_POINT('',(0.05,0.005,4.6383497517706E-19));
#2604=CARTESIAN_POINT('',(0.05,0.005,-0.007075));
#2605=CARTESIAN_POINT('',(0.05,0.005,6.46001186550229E-19));
#2606=CARTESIAN_POINT('',(0.045,0.005,3.39839486763391E-19));
#2607=CARTESIAN_POINT('',(0.05,0.006,6.46001186550229E-19));
#2608=CARTESIAN_POINT('',(0.05,0.006,6.46001186550229E-19));
#2609=CARTESIAN_POINT('',(0.045,0.006,3.39839486763391E-19));
#2610=CARTESIAN_POINT('',(0.05,0.006,0.));
#2611=CARTESIAN_POINT('',(0.05,0.006,3.41370295262324E-19));
#2612=CARTESIAN_POINT('',(0.05,0.006,-0.005075));
#2613=CARTESIAN_POINT('',(0.05,0.00925,3.41370295262324E-19));
#2614=CARTESIAN_POINT('',(0.05,0.00075,4.6383497517706E-19));
#2615=CARTESIAN_POINT('',(0.05,0.0065,3.41370295262324E-19));
#2616=CARTESIAN_POINT('',(0.05,0.0045,4.6383497517706E-19));
#2617=CARTESIAN_POINT('',(0.05,0.0025,0.017));
#2618=CARTESIAN_POINT('',(0.05,0.0025,0.0165));
#2619=CARTESIAN_POINT('',(0.053,0.0025,0.0165));
#2620=CARTESIAN_POINT('',(0.0516583234076431,7.30487809989923E-9,0.0122090406310711));
#2621=CARTESIAN_POINT('',(0.0518163602961933,0.000104838119810165,0.0122981685668891));
#2622=CARTESIAN_POINT('',(0.0520195496771275,0.000279536354763102,0.0125076163014338));
#2623=CARTESIAN_POINT('',(0.0520595678860408,0.000318756341465957,0.0129370014627069));
#2624=CARTESIAN_POINT('',(0.0520054564294049,0.000268647186585387,0.0131371790122563));
#2625=CARTESIAN_POINT('',(0.0519843650720016,0.000250045498011144,0.013238214339423));
#2626=CARTESIAN_POINT('',(0.0519843287306932,0.0002500246410038,0.0132382029130921));
#2627=CARTESIAN_POINT('',(0.0519843358013057,0.00025001968282909,0.0132381963476172));
#2628=CARTESIAN_POINT('',(0.0524336040061268,0.000646244919295085,0.0131184755760216));
#2629=CARTESIAN_POINT('',(0.0530935245229994,0.00171430353397453,0.0128562502035689));
#2630=CARTESIAN_POINT('',(0.0529783849097979,0.00363925622262361,0.0129094429450309));
#2631=CARTESIAN_POINT('',(0.0518230118813809,0.00511212991467546,0.0133355472656782));
#2632=CARTESIAN_POINT('',(0.0500012706385769,0.00569370293378875,0.0135821354617696));
#2633=CARTESIAN_POINT('',(0.0481780941017141,0.00511305728633629,0.0133359104669638));
#2634=CARTESIAN_POINT('',(0.0470222302208349,0.0036408114604994,0.0129097233731119));
#2635=CARTESIAN_POINT('',(0.0469063196404151,0.00171614025221679,0.0128560763145495));
#2636=CARTESIAN_POINT('',(0.0475646183147652,0.000647812859136544,0.0131180018357074));
#2637=CARTESIAN_POINT('',(0.0480156637977773,0.000250020036411761,0.0132381962407807));
#2638=CARTESIAN_POINT('',(0.0480156500534276,0.000250032158184886,0.0132382085980616));
#2639=CARTESIAN_POINT('',(0.0480156349032211,0.00025004551986365,0.0132382142207319));
#2640=CARTESIAN_POINT('',(0.0479947149544769,0.000268496033632161,0.0131380000266483));
#2641=CARTESIAN_POINT('',(0.0479409358675343,0.000318287673235634,0.0129404962976906));
#2642=CARTESIAN_POINT('',(0.0479793639187034,0.00028053430659418,0.0125080452534882));
#2643=CARTESIAN_POINT('',(0.0481834584251835,0.000104958367595203,0.0122982708024462));
#2644=CARTESIAN_POINT('',(0.0483416765923569,7.30487809207954E-9,0.0122090406310703));
#2645=CARTESIAN_POINT('',(0.0516583123951777,0.,0.011));
#2646=CARTESIAN_POINT('',(0.0516583123951777,0.,0.0111823751307336));
#2647=CARTESIAN_POINT('',(0.0514989638495926,-0.000109884445291286,0.0115178794919467));
#2648=CARTESIAN_POINT('',(0.050897565345194,-0.000400496610064726,0.0118269044588624));
#2649=CARTESIAN_POINT('',(0.0499984401574929,-0.000566164377834333,0.0118919578816189));
#2650=CARTESIAN_POINT('',(0.0491042479492451,-0.0004010099825892,0.0118273487570996));
#2651=CARTESIAN_POINT('',(0.0485007689164227,-0.000109835102792971,0.0115179026189759));
#2652=CARTESIAN_POINT('',(0.0483416876048223,1.54233783798785E-19,0.0111823437477224));
#2653=CARTESIAN_POINT('',(0.0483416876048223,1.54233783798785E-19,0.011));
#2654=CARTESIAN_POINT('',(0.05,0.0025,0.017));
#2655=CARTESIAN_POINT('',(0.05,0.0025,0.017));
#2656=CARTESIAN_POINT('',(0.0525,0.0025,0.017));
#2657=CARTESIAN_POINT('',(0.05,0.0025,0.017));
#2658=CARTESIAN_POINT('',(0.04855,0.0025,0.017));
#2659=CARTESIAN_POINT('',(0.05,0.0025,-0.017));
#2660=CARTESIAN_POINT('',(0.05,0.0025,-0.0165));
#2661=CARTESIAN_POINT('',(0.047,0.0025,-0.0165));
#2662=CARTESIAN_POINT('',(0.0483416876048223,0.,-0.011));
#2663=CARTESIAN_POINT('',(0.0483416876048223,0.,-0.0111823751307336));
#2664=CARTESIAN_POINT('',(0.0485010361504075,-0.000109884445291291,-0.0115178794919467));
#2665=CARTESIAN_POINT('',(0.049102434654806,-0.000400496610064733,-0.0118269044588624));
#2666=CARTESIAN_POINT('',(0.0500015598425071,-0.000566164377834333,-0.0118919578816189));
#2667=CARTESIAN_POINT('',(0.0508957520507549,-0.000401009982589195,-0.0118273487570997));
#2668=CARTESIAN_POINT('',(0.0514992310835774,-0.000109835102792971,-0.0115179026189759));
#2669=CARTESIAN_POINT('',(0.0516583123951777,-1.69198104999425E-20,-0.0111823437477224));
#2670=CARTESIAN_POINT('',(0.0516583123951777,-1.69198104999425E-20,-0.011));
#2671=CARTESIAN_POINT('',(0.0483416852936047,1.53308989972584E-9,-0.0128104315270029));
#2672=CARTESIAN_POINT('',(0.0481728180283904,0.000112015629514407,-0.0129298518126434));
#2673=CARTESIAN_POINT('',(0.048007517594226,0.000256767311007365,-0.0132267790430543));
#2674=CARTESIAN_POINT('',(0.047977091155699,0.000284568715998153,-0.0136974273302843));
#2675=CARTESIAN_POINT('',(0.0480108546846161,0.000254261578276476,-0.0139279218496972));
#2676=CARTESIAN_POINT('',(0.0480156065132792,0.00025007055891522,-0.0140447143363457));
#2677=CARTESIAN_POINT('',(0.0519856896940444,0.000251214452428656,-0.0140444429654446));
#2678=CARTESIAN_POINT('',(0.0519953952332382,0.000259784495567275,-0.0138151219140908));
#2679=CARTESIAN_POINT('',(0.0520605432207976,0.000317050815633169,-0.0133399524117348));
#2680=CARTESIAN_POINT('',(0.0518282970687688,0.00011275572866846,-0.0129301381056198));
#2681=CARTESIAN_POINT('',(0.0516583190562864,4.4184924554116E-9,-0.0128094321879559));
#2682=CARTESIAN_POINT('',(0.05,0.0025,-0.017));
#2683=CARTESIAN_POINT('',(0.05,0.0025,-0.017));
#2684=CARTESIAN_POINT('',(0.0475,0.0025,-0.017));
#2685=CARTESIAN_POINT('',(0.05,0.0025,-0.017));
#2686=CARTESIAN_POINT('',(0.04855,0.0025,-0.017));
#2687=CARTESIAN_POINT('',(0.05,0.0025,0.009));
#2688=CARTESIAN_POINT('',(0.05,0.0025,0.009));
#2689=CARTESIAN_POINT('',(0.04855,0.0025,0.009));
#2690=CARTESIAN_POINT('',(0.05,0.0025,0.009));
#2691=CARTESIAN_POINT('',(0.05,0.0025,-0.009));
#2692=CARTESIAN_POINT('',(0.05,0.0025,-0.009));
#2693=CARTESIAN_POINT('',(0.04855,0.0025,-0.009));
#2694=CARTESIAN_POINT('',(0.05,0.0025,-0.009));
#2695=CARTESIAN_POINT('',(0.05,0.008,7.65404249467096E-19));
#2696=CARTESIAN_POINT('',(0.0615008759029338,0.008,-0.00489692285678643));
#2697=CARTESIAN_POINT('',(0.0615403604500101,0.00797481207931639,-0.00486848502520617));
#2698=CARTESIAN_POINT('',(0.0615797676731456,0.0079494655064137,-0.00484010288440536));
#2699=CARTESIAN_POINT('',(0.0616190998422265,0.00792396493861349,-0.00481177479955112));
#2700=CARTESIAN_POINT('',(0.0616190998423106,0.00792396493855894,0.00481177479949057));
#2701=CARTESIAN_POINT('',(0.0615797676732018,0.00794946550637755,0.00484010288436492));
#2702=CARTESIAN_POINT('',(0.0615403604500382,0.00797481207929844,0.0048684850251859));
#2703=CARTESIAN_POINT('',(0.0615008759029338,0.008,0.00489692285678643));
#2704=CARTESIAN_POINT('',(0.05,-0.001,-0.011));
#2705=CARTESIAN_POINT('',(0.05,-0.001,0.011));
#2706=CARTESIAN_POINT('',(0.0641627453996349,0.0099977911044749,-0.003));
#2707=CARTESIAN_POINT('',(0.0640246742121772,0.0099977911044749,-0.00280473785412436));
#2708=CARTESIAN_POINT('',(0.0637485318372618,0.0099977911044749,-0.003));
#2709=CARTESIAN_POINT('',(0.0641627453996349,0.0099977911044749,-0.00270710678118654));
#2710=CARTESIAN_POINT('',(0.0641627453996349,0.0099977911044749,-0.003));
#2711=CARTESIAN_POINT('',(0.0606627453996349,0.0099977911044749,-0.003));
#2712=CARTESIAN_POINT('',(0.0641627453996349,0.0099977911044749,0.003));
#2713=CARTESIAN_POINT('',(0.0637485318372618,0.0099977911044749,0.003));
#2714=CARTESIAN_POINT('',(0.0668531013369234,0.0099977911044749,0.000804737854124366));
#2715=CARTESIAN_POINT('',(0.0641627453996349,0.0099977911044749,0.00270710678118654));
#2716=CARTESIAN_POINT('',(0.0641627453996349,0.0099977911044749,-0.003));
#2717=CARTESIAN_POINT('',(0.0605813726998174,0.00999889555223745,-0.003));
#2718=CARTESIAN_POINT('',(0.0602670138636414,-0.00361644505117826,-0.003));
#2719=CARTESIAN_POINT('',(0.0643201366310771,-0.00108582940373295,-0.003));
#2720=CARTESIAN_POINT('',(0.0643201366310771,-0.00108582940373295,-0.002));
#2721=CARTESIAN_POINT('',(0.0643201366310771,-0.00108582940373295,0.002));
#2722=CARTESIAN_POINT('',(0.0602670138636414,-0.00361644505117826,-0.00265540607872074));
#2723=CARTESIAN_POINT('',(0.0621467902475832,0.000776533490696858,0.00178010146604578));
#2724=CARTESIAN_POINT('',(0.0621467902475832,0.000776533490696857,0.00178010146604578));
#2725=CARTESIAN_POINT('',(0.0622681988826169,0.000724582159096354,0.000593367155348593));
#2726=CARTESIAN_POINT('',(0.0622681988826169,0.000724582159096353,-0.000593367155348598));
#2727=CARTESIAN_POINT('',(0.0621467902475832,0.000776533490696856,-0.00178010146604579));
#2728=CARTESIAN_POINT('',(0.0621467902475832,0.000776533490696856,-0.00178010146604578));
#2729=CARTESIAN_POINT('',(0.0602670138636414,-0.00361644505117826,0.00265540607872075));
#2730=CARTESIAN_POINT('',(0.068454698996575,-0.00522039176923086,-0.003));
#2731=CARTESIAN_POINT('',(0.072589261362073,-0.00935495413472876,-0.003));
#2732=CARTESIAN_POINT('',(0.072589261362073,-0.00935495413472876,-0.002));
#2733=CARTESIAN_POINT('',(0.072589261362073,-0.00935495413472876,0.002));
#2734=CARTESIAN_POINT('',(0.068454698996575,-0.00522039176923086,0.002));
#2735=CARTESIAN_POINT('',(0.0643201366310771,-0.00108582940373296,-0.002));
#2736=CARTESIAN_POINT('',(0.0759470711927194,-0.00674964932699241,-0.003));
#2737=CARTESIAN_POINT('',(0.0793048810233658,-0.00414434451925606,-0.003));
#2738=CARTESIAN_POINT('',(0.0793048810233658,-0.00414434451925606,-0.002));
#2739=CARTESIAN_POINT('',(0.0793048810233658,-0.00414434451925606,0.002));
#2740=CARTESIAN_POINT('',(0.0759470711927194,-0.00674964932699241,0.002));
#2741=CARTESIAN_POINT('',(0.0759470711927194,-0.00674964932699241,-0.002));
#2742=CARTESIAN_POINT('',(0.0718575607000453,0.00330297580406446,-0.003));
#2743=CARTESIAN_POINT('',(0.0651627453996349,0.0099977911044749,0.002));
#2744=CARTESIAN_POINT('',(0.0658698521808214,0.00929068432328835,0.002));
#2745=CARTESIAN_POINT('',(0.0718575607000453,0.00330297580406446,-0.002));
#2746=CARTESIAN_POINT('',(0.0658698521808214,0.00929068432328835,-0.002));
#2747=CARTESIAN_POINT('',(0.0658698521808214,0.00929068432328835,-0.003));
#2748=CARTESIAN_POINT('',(0.0759470711927194,-0.00674964932699241,-0.003));
#2749=CARTESIAN_POINT('',(0.0759470711927194,-0.00674964932699241,-0.003));
#2750=CARTESIAN_POINT('',(0.0770926768996458,-0.00586078062788236,-0.003));
#2751=CARTESIAN_POINT('',(0.0759470711927194,-0.00674964932699241,0.003));
#2752=CARTESIAN_POINT('',(0.0770926768996458,-0.00586078062788236,0.003));
#2753=CARTESIAN_POINT('',(0.0598485355963597,-0.000499824663496198,-0.003));
#2754=CARTESIAN_POINT('',(0.0670473416007963,0.00669898134094039,-0.003));
#2755=CARTESIAN_POINT('',(0.0785503450117879,-0.00480402207005119,-0.003));
#2756=CARTESIAN_POINT('',(0.0759470711927194,-0.00674964932699241,-0.003));
#2757=CARTESIAN_POINT('',(0.0733437973736509,-0.00869527658393359,-0.003));
#2758=CARTESIAN_POINT('',(0.0732963681432595,-0.00864784735354221,-0.003));
#2759=CARTESIAN_POINT('',(0.0641346610995116,0.000513859690205617,-0.003));
#2760=CARTESIAN_POINT('',(0.0641346610995116,0.00251385969020561,-0.003));
#2761=CARTESIAN_POINT('',(0.0598485355963597,-0.000499824663496198,0.003));
#2762=CARTESIAN_POINT('',(0.0641346610995116,-0.000499824663496198,0.003));
#2763=CARTESIAN_POINT('',(0.0641346610995116,0.000513859690205615,0.003));
#2764=CARTESIAN_POINT('',(0.0624984405247865,0.00215008026493066,0.003));
#2765=CARTESIAN_POINT('',(0.0733437973736509,-0.0086952765839336,0.003));
#2766=CARTESIAN_POINT('',(0.0759470711927194,-0.00674964932699241,0.003));
#2767=CARTESIAN_POINT('',(0.0785503450117879,-0.0048040220700512,0.003));
#2768=CARTESIAN_POINT('',(0.0785977742421793,-0.0048514513004426,0.003));
#2769=CARTESIAN_POINT('',(0.0718575607000453,0.00330297580406446,-0.002));
#2770=CARTESIAN_POINT('',(0.0785503450117879,-0.00480402207005119,-0.003));
#2771=CARTESIAN_POINT('',(0.0788029563180672,-0.00458530515004555,-0.00266672061502928));
#2772=CARTESIAN_POINT('',(0.0790543300387222,-0.00436526475268806,-0.00233338049543556));
#2773=CARTESIAN_POINT('',(0.0793048810233658,-0.00414434451925603,-0.002));
#2774=CARTESIAN_POINT('',(0.0721743791409246,0.00667926375206678,0.000611420571221567));
#2775=CARTESIAN_POINT('',(0.0759470711927194,-0.00674964932699241,-0.003));
#2776=CARTESIAN_POINT('',(0.0733437973736509,-0.00869527658393359,-0.003));
#2777=CARTESIAN_POINT('',(0.0730911860673716,-0.00891399350393923,-0.00266672061502927));
#2778=CARTESIAN_POINT('',(0.0728398123467165,-0.00913403390129672,-0.00233338049543556));
#2779=CARTESIAN_POINT('',(0.0725892613620729,-0.00935495413472875,-0.002));
#2780=CARTESIAN_POINT('',(0.0624984405247865,0.00215008026493066,-0.003));
#2781=CARTESIAN_POINT('',(0.0621467902475832,0.000776533490696858,-0.00178010146604578));
#2782=CARTESIAN_POINT('',(0.0622076688446458,0.000850605256641056,-0.00187552578285149));
#2783=CARTESIAN_POINT('',(0.0622680766142189,0.000925101168338064,-0.00197091709068458));
#2784=CARTESIAN_POINT('',(0.0623280371182133,0.001,-0.00206627704143348));
#2785=CARTESIAN_POINT('',(0.0607112208400352,0.00742426077828989,-0.00546565364764051));
#2786=CARTESIAN_POINT('',(0.0670473416007963,0.00669898134094039,0.003));
#2787=CARTESIAN_POINT('',(0.0793048810233658,-0.00414434451925606,0.002));
#2788=CARTESIAN_POINT('',(0.0790543300387222,-0.00436526475268809,0.00233338049543556));
#2789=CARTESIAN_POINT('',(0.0788029563180672,-0.00458530515004555,0.00266672061502928));
#2790=CARTESIAN_POINT('',(0.0785503450117879,-0.00480402207005119,0.003));
#2791=CARTESIAN_POINT('',(0.067237383874116,0.0087242341489507,0.00143354982566235));
#2792=CARTESIAN_POINT('',(0.0759470711927194,-0.00674964932699241,0.002));
#2793=CARTESIAN_POINT('',(0.072589261362073,-0.00935495413472876,0.002));
#2794=CARTESIAN_POINT('',(0.0728398123467166,-0.00913403390129673,0.00233338049543556));
#2795=CARTESIAN_POINT('',(0.0730911860673716,-0.00891399350393925,0.00266672061502927));
#2796=CARTESIAN_POINT('',(0.0733437973736509,-0.00869527658393361,0.003));
#2797=CARTESIAN_POINT('',(0.068454698996575,-0.00522039176923086,0.002));
#2798=CARTESIAN_POINT('',(0.0623280371182133,0.001,0.00206627704143348));
#2799=CARTESIAN_POINT('',(0.0622680766142189,0.000925101168338062,0.00197091709068458));
#2800=CARTESIAN_POINT('',(0.0622076688446458,0.000850605256641055,0.00187552578285148));
#2801=CARTESIAN_POINT('',(0.0621467902475832,0.000776533490696855,0.00178010146604578));
#2802=CARTESIAN_POINT('',(0.0599960781570432,0.00886781533163831,0.00598071862066631));
#2803=CARTESIAN_POINT('',(0.0641346610995116,0.01,-0.003));
#2804=CARTESIAN_POINT('',(0.0615008759029338,0.01,0.00489692285678643));
#2805=CARTESIAN_POINT('',(0.0641627453996349,0.0099977911044749,-0.003));
#2806=CARTESIAN_POINT('',(0.051918469689698,0.00019360149806887,0.0132554457773038));
#2807=CARTESIAN_POINT('',(0.0518185813510242,0.000110514056787848,0.0123796773912137));
#2808=CARTESIAN_POINT('',(0.0523684810983926,-0.00057519800257484,0.0122735609049109));
#2809=CARTESIAN_POINT('',(0.0523878464751708,0.000584030617418162,0.0131346755978554));
#2810=CARTESIAN_POINT('',(0.0522901509596719,0.000469259698764105,0.0123149123892021));
#2811=CARTESIAN_POINT('',(0.0529479586090168,-5.46258385788412E-5,0.0121617366721972));
#2812=CARTESIAN_POINT('',(0.053079263374705,0.0016507645255845,0.0128630764889733));
#2813=CARTESIAN_POINT('',(0.0530852611371447,0.00154022309057752,0.0121385761888055));
#2814=CARTESIAN_POINT('',(0.0538015597229273,0.00136768603185432,0.0119102560048188));
#2815=CARTESIAN_POINT('',(0.0530015213511192,0.00359173846060486,0.0128993022153356));
#2816=CARTESIAN_POINT('',(0.0529890576427583,0.00373102232659106,0.0121670232489081));
#2817=CARTESIAN_POINT('',(0.0537055819146774,0.00395565128141526,0.0119437983484727));
#2818=CARTESIAN_POINT('',(0.0518405771125209,0.005107070012715,0.0133323224985436));
#2819=CARTESIAN_POINT('',(0.0516318141320384,0.00523478582176739,0.0124399422644697));
#2820=CARTESIAN_POINT('',(0.0522723174229344,0.0059760933501099,0.0123447430539379));
#2821=CARTESIAN_POINT('',(0.0500010160885788,0.00569629793257369,0.0135837707390522));
#2822=CARTESIAN_POINT('',(0.0500008649066715,0.00564115353098612,0.0125319628989697));
#2823=CARTESIAN_POINT('',(0.0500012544303524,0.00676173057686321,0.0125775654992593));
#2824=CARTESIAN_POINT('',(0.0481602271117618,0.00510773759857196,0.0133325942851318));
#2825=CARTESIAN_POINT('',(0.0483690435483333,0.00523532017763001,0.0124400681960036));
#2826=CARTESIAN_POINT('',(0.0477286754465176,0.00597698346454622,0.0123449947081768));
#2827=CARTESIAN_POINT('',(0.0469989850461857,0.00359312006892933,0.0128995434628385));
#2828=CARTESIAN_POINT('',(0.0470116057120779,0.00373249131586308,0.0121672081141549));
#2829=CARTESIAN_POINT('',(0.0462950432672953,0.0039574934260064,0.011944021725828));
#2830=CARTESIAN_POINT('',(0.0469207313656436,0.0016523705766667,0.012862932163832));
#2831=CARTESIAN_POINT('',(0.0469145013859405,0.00154213131603611,0.012138433803584));
#2832=CARTESIAN_POINT('',(0.0461984337832497,0.00136982743270281,0.0119101223702869));
#2833=CARTESIAN_POINT('',(0.0476101146363164,0.000585625642875711,0.0131341701363904));
#2834=CARTESIAN_POINT('',(0.047707882473824,0.000470660870970756,0.0123146542637768));
#2835=CARTESIAN_POINT('',(0.0470495242455891,-5.24991366874178E-5,0.012161268652628));
#2836=CARTESIAN_POINT('',(0.0480818221233887,0.000193358798235205,0.0132555208545926));
#2837=CARTESIAN_POINT('',(0.048181719572672,0.000110285159821649,0.012379718716038));
#2838=CARTESIAN_POINT('',(0.0476318791646774,-0.000575521602353059,0.0122736304209191));
#2839=CARTESIAN_POINT('',(0.0480156783267005,0.000250029610791668,0.0132382094156707));
#2840=CARTESIAN_POINT('',(0.0479877906437304,0.000274528366430674,0.0131055236250998));
#2841=CARTESIAN_POINT('',(0.0477874068395846,0.000393560179261835,0.0128294089576159));
#2842=CARTESIAN_POINT('',(0.0472621559661393,0.000713146575149326,0.0123468351138087));
#2843=CARTESIAN_POINT('',(0.0468467795584349,0.000909291303940161,0.0120988481791917));
#2844=CARTESIAN_POINT('',(0.0465665747744928,0.001,0.0120192175793955));
#2845=CARTESIAN_POINT('',(0.0534334252255077,0.00100000000000121,0.0120192175793954));
#2846=CARTESIAN_POINT('',(0.0531532204304982,0.000909291300356918,0.0120988481823366));
#2847=CARTESIAN_POINT('',(0.0527378440078008,0.000713146560815424,0.0123468351320719));
#2848=CARTESIAN_POINT('',(0.0522125931136688,0.0003935601510825,0.0128294090031263));
#2849=CARTESIAN_POINT('',(0.0520122093214285,0.000274528344973439,0.0131055236850719));
#2850=CARTESIAN_POINT('',(0.0519843216600805,0.000250029599178708,0.0132382094785673));
#2851=CARTESIAN_POINT('',(0.0486770086409393,0.,0.0132565539801931));
#2852=CARTESIAN_POINT('',(0.0486794433762794,0.,0.0130551595392461));
#2853=CARTESIAN_POINT('',(0.0486375516128563,0.,0.0128536819145616));
#2854=CARTESIAN_POINT('',(0.0484750273288531,0.,0.0124113395814288));
#2855=CARTESIAN_POINT('',(0.0483353588634015,0.,0.0121758983444599));
#2856=CARTESIAN_POINT('',(0.047831111544557,0.,0.0115369560777776));
#2857=CARTESIAN_POINT('',(0.0473653540827152,0.,0.0112067662164934));
#2858=CARTESIAN_POINT('',(0.0468412487925333,0.,0.0110576801730439));
#2859=CARTESIAN_POINT('',(0.0480175633541052,0.000248323125726653,0.0132477614197652));
#2860=CARTESIAN_POINT('',(0.0479982373921643,0.000266414942183905,0.0131429564842512));
#2861=CARTESIAN_POINT('',(0.0479329693554013,0.000306300520968274,0.0130332438549875));
#2862=CARTESIAN_POINT('',(0.0477351091436175,0.000426191575770634,0.0127867077310577));
#2863=CARTESIAN_POINT('',(0.0475928643798242,0.00051113030700169,0.0126521777171355));
#2864=CARTESIAN_POINT('',(0.0471703925779842,0.000757725182943629,0.0122895374461671));
#2865=CARTESIAN_POINT('',(0.0468684470782429,0.000902277032302888,0.0121050058099578));
#2866=CARTESIAN_POINT('',(0.0465665747744928,0.001,0.0120192175793955));
#2867=CARTESIAN_POINT('',(0.0468412487925333,0.,0.0110576801730439));
#2868=CARTESIAN_POINT('',(0.0467496907865198,0.000333333333333333,0.0113781926418278));
#2869=CARTESIAN_POINT('',(0.0466581327805062,0.000666666666666667,0.0116987051106116));
#2870=CARTESIAN_POINT('',(0.0465665747744927,0.001,0.0120192175793955));
#2871=CARTESIAN_POINT('',(0.05,0.001,7.65404249467096E-19));
#2872=CARTESIAN_POINT('',(0.0457986959237269,0.00100002906845058,-0.0117728403867036));
#2873=CARTESIAN_POINT('',(0.0459107370121717,0.000666686828378097,-0.0114588915954477));
#2874=CARTESIAN_POINT('',(0.0460227778142081,0.000333344588305613,-0.011144942701981));
#2875=CARTESIAN_POINT('',(0.0461348183298361,2.34823312986361E-9,-0.010830993706304));
#2876=CARTESIAN_POINT('',(0.0480164356381272,0.000249451681925868,-0.0140677873600263));
#2877=CARTESIAN_POINT('',(0.0480163164297007,0.000249557721911153,-0.0140595915292009));
#2878=CARTESIAN_POINT('',(0.0480161197660693,0.000249730510181804,-0.0140517823492782));
#2879=CARTESIAN_POINT('',(0.0480141664647971,0.000251438562436085,-0.0140048476258131));
#2880=CARTESIAN_POINT('',(0.0480075660672121,0.00025624393280628,-0.0139805330382293));
#2881=CARTESIAN_POINT('',(0.0479936267395671,0.000264718983399764,-0.0139163801779322));
#2882=CARTESIAN_POINT('',(0.0479852459044081,0.000269406069094682,-0.0138830628041596));
#2883=CARTESIAN_POINT('',(0.0479307744056979,0.00029899243069006,-0.0137279223997921));
#2884=CARTESIAN_POINT('',(0.0478636335611128,0.000331600566512041,-0.0135923694568632));
#2885=CARTESIAN_POINT('',(0.0477039908991921,0.000408498364563701,-0.0133406721977774));
#2886=CARTESIAN_POINT('',(0.0476129640952663,0.000451290255689848,-0.0132175136264403));
#2887=CARTESIAN_POINT('',(0.0474178364166175,0.00054095410903267,-0.0129764298641532));
#2888=CARTESIAN_POINT('',(0.0473159990799509,0.000584951810996753,-0.0128602642472741));
#2889=CARTESIAN_POINT('',(0.0470053074783153,0.000708829743514074,-0.0125314293034123));
#2890=CARTESIAN_POINT('',(0.0467807290913152,0.000784173752097794,-0.0123312749974054));
#2891=CARTESIAN_POINT('',(0.0463082868215283,0.000908439977235636,-0.011999105205014));
#2892=CARTESIAN_POINT('',(0.046062846697579,0.000958217902204461,-0.0118672810887792));
#2893=CARTESIAN_POINT('',(0.0457987041157373,0.00100005344192274,-0.0117728174311572));
#2894=CARTESIAN_POINT('',(0.048677253247323,1.23511009588432E-16,-0.0140706281182798));
#2895=CARTESIAN_POINT('',(0.048677253995163,1.16442306078425E-16,-0.0140618040960836));
#2896=CARTESIAN_POINT('',(0.0486772527457343,9.53543568623577E-17,-0.0140529802270207));
#2897=CARTESIAN_POINT('',(0.0486772309219813,-1.75650032535333E-16,-0.0139960611297587));
#2898=CARTESIAN_POINT('',(0.0486754386760052,1.51870710496675E-16,-0.0139481017608285));
#2899=CARTESIAN_POINT('',(0.0486685723696285,-1.5967696613857E-16,-0.013852434683433));
#2900=CARTESIAN_POINT('',(0.048663644694191,-2.06311735468231E-17,-0.013804705612412));
#2901=CARTESIAN_POINT('',(0.0486297968771603,7.60194811523795E-17,-0.013566867847935));
#2902=CARTESIAN_POINT('',(0.0485788658105337,-2.62115194733914E-18,-0.0133770594982452));
#2903=CARTESIAN_POINT('',(0.0484455784616994,-1.28197587360867E-18,-0.0130171636970818));
#2904=CARTESIAN_POINT('',(0.0483634293977049,7.98024287857179E-17,-0.0128432621961504));
#2905=CARTESIAN_POINT('',(0.0481741492155169,-1.47502984365876E-17,-0.0125056674881095));
#2906=CARTESIAN_POINT('',(0.0480674872427281,-3.91932087685219E-17,-0.0123437250759186));
#2907=CARTESIAN_POINT('',(0.0477214469181491,4.45593097554962E-17,-0.0118857323919039));
#2908=CARTESIAN_POINT('',(0.0474463251336723,-3.77239239399272E-16,-0.0116077180357514));
#2909=CARTESIAN_POINT('',(0.0468334427896444,3.69432983757377E-16,-0.0111454420393048));
#2910=CARTESIAN_POINT('',(0.0465004861463119,-8.60556606671365E-16,-0.0109618160130185));
#2911=CARTESIAN_POINT('',(0.0461348175405886,6.50521303491303E-19,-0.0108309959179294));
#2912=CARTESIAN_POINT('',(0.0542059820634185,0.00100659333829655,-0.0117777101865138));
#2913=CARTESIAN_POINT('',(0.0542049413486882,0.00100642679030202,-0.0117780822084424));
#2914=CARTESIAN_POINT('',(0.0542039006339579,0.00100626024230748,-0.011778454230371));
#2915=CARTESIAN_POINT('',(0.0542028599192276,0.00100609369431294,-0.0117788262522996));
#2916=CARTESIAN_POINT('',(0.053939320962834,0.000963918943259003,-0.0118730329238851));
#2917=CARTESIAN_POINT('',(0.0536946769791629,0.000914189312148648,-0.0120044065846758));
#2918=CARTESIAN_POINT('',(0.0532238377694829,0.000789830801932153,-0.0123356143211892));
#2919=CARTESIAN_POINT('',(0.0530001804142661,0.000713908529617877,-0.0125354832906505));
#2920=CARTESIAN_POINT('',(0.0526869793148558,0.000585996682423521,-0.0128640414735495));
#2921=CARTESIAN_POINT('',(0.0525843298103394,0.000541243771696949,-0.0129799122175276));
#2922=CARTESIAN_POINT('',(0.0523903283221549,0.00045324759936738,-0.0132197841781676));
#2923=CARTESIAN_POINT('',(0.0522994934852337,0.000410522186938775,-0.0133425258005649));
#2924=CARTESIAN_POINT('',(0.0521409602985967,0.000334465894048021,-0.013593296464424));
#2925=CARTESIAN_POINT('',(0.0520743073755783,0.000301968363343977,-0.0137284278184687));
#2926=CARTESIAN_POINT('',(0.0520199581138331,0.000272231113343244,-0.0138830475004417));
#2927=CARTESIAN_POINT('',(0.0520115839733237,0.00026750740704932,-0.0139162738166969));
#2928=CARTESIAN_POINT('',(0.0519976224785163,0.000258941895688095,-0.0139802467629088));
#2929=CARTESIAN_POINT('',(0.0519910074895903,0.000254098332423319,-0.0140045683437868));
#2930=CARTESIAN_POINT('',(0.0519889987106309,0.000252316709922536,-0.0140513915733955));
#2931=CARTESIAN_POINT('',(0.0519887949658809,0.000252133687264791,-0.0140592883357694));
#2932=CARTESIAN_POINT('',(0.0519886718516522,0.000252020099152897,-0.0140675873755168));
#2933=CARTESIAN_POINT('',(0.0542039729431783,0.00100058844662429,-0.0117720551077736));
#2934=CARTESIAN_POINT('',(0.054202929823272,0.00100042289218159,-0.0117724279905303));
#2935=CARTESIAN_POINT('',(0.0542018867033658,0.0010002573377389,-0.011772800873287));
#2936=CARTESIAN_POINT('',(0.0542008435834595,0.0010000917832962,-0.0117731737560437));
#2937=CARTESIAN_POINT('',(0.0539366955672151,0.000958168628196402,-0.0118675984141141));
#2938=CARTESIAN_POINT('',(0.0536915250398281,0.000908735662120838,-0.0119992833369381));
#2939=CARTESIAN_POINT('',(0.0532198399137766,0.000785119019900046,-0.0123312734208351));
#2940=CARTESIAN_POINT('',(0.0529958776051433,0.000709649666359834,-0.0125316103440685));
#2941=CARTESIAN_POINT('',(0.0526824788034793,0.000582500884801598,-0.0128609395055215));
#2942=CARTESIAN_POINT('',(0.0525798038465381,0.000538014950192101,-0.0129770840800322));
#2943=CARTESIAN_POINT('',(0.0523858285420137,0.000450543724196179,-0.01321753727329));
#2944=CARTESIAN_POINT('',(0.0522950454007579,0.000408073192724487,-0.0133405836469247));
#2945=CARTESIAN_POINT('',(0.0521366630159819,0.000332470618115413,-0.013592005402779));
#2946=CARTESIAN_POINT('',(0.0520701049087423,0.000300166953339218,-0.0137274629607254));
#2947=CARTESIAN_POINT('',(0.0520158788838293,0.000270607102649698,-0.0138825786502387));
#2948=CARTESIAN_POINT('',(0.0520075254624282,0.000265911575903072,-0.0139158914886601));
#2949=CARTESIAN_POINT('',(0.0519936065724365,0.000257397162602884,-0.0139800535256096));
#2950=CARTESIAN_POINT('',(0.051987020444234,0.000252582493899205,-0.0140045161595582));
#2951=CARTESIAN_POINT('',(0.0519850236662355,0.000250811499772078,-0.0140514004066949));
#2952=CARTESIAN_POINT('',(0.0519848211545337,0.000250629568946746,-0.0140593034083171));
#2953=CARTESIAN_POINT('',(0.0519846988058243,0.000250516658451404,-0.0140676062885856));
#2954=CARTESIAN_POINT('',(0.0538691954634176,8.21450739031437E-18,-0.0108297556024615));
#2955=CARTESIAN_POINT('',(0.0538677515717083,5.25949782571248E-18,-0.0108302719240551));
#2956=CARTESIAN_POINT('',(0.053866307679999,2.30448826111059E-18,-0.0108307882456487));
#2957=CARTESIAN_POINT('',(0.0538648637882897,-6.50521303491303E-19,-0.0108313045672423));
#2958=CARTESIAN_POINT('',(0.0534992288038629,-7.48944087346415E-16,-0.0109620520717888));
#2959=CARTESIAN_POINT('',(0.0531663208804427,3.66809201388135E-16,-0.0111456022423718));
#2960=CARTESIAN_POINT('',(0.0525536816465949,-3.18670624929778E-16,-0.0116079540040369));
#2961=CARTESIAN_POINT('',(0.0522789052880326,5.77998500340471E-17,-0.0118862655458924));
#2962=CARTESIAN_POINT('',(0.0519325635788635,4.27666146103286E-18,-0.0123440620096425));
#2963=CARTESIAN_POINT('',(0.0518256475125678,-4.92327233928083E-18,-0.0125058346624159));
#2964=CARTESIAN_POINT('',(0.051636035162313,-2.89038354422669E-17,-0.0128431380028603));
#2965=CARTESIAN_POINT('',(0.0515538660125139,7.63216225502254E-17,-0.0130169647375412));
#2966=CARTESIAN_POINT('',(0.0514206115747567,6.9451042966614E-18,-0.0133768772312135));
#2967=CARTESIAN_POINT('',(0.051369852515716,7.35031179092894E-19,-0.0135666897839121));
#2968=CARTESIAN_POINT('',(0.0513361613076029,2.6650245974243E-17,-0.0138044546603382));
#2969=CARTESIAN_POINT('',(0.0513312602882758,6.33443665959363E-17,-0.0138521845914671));
#2970=CARTESIAN_POINT('',(0.0513244405915253,-1.19289198696189E-16,-0.0139478546085282));
#2971=CARTESIAN_POINT('',(0.0513226634937053,-9.17851246013682E-17,-0.0139958207593612));
#2972=CARTESIAN_POINT('',(0.0513226664225243,8.6064984805907E-19,-0.0140528722895948));
#2973=CARTESIAN_POINT('',(0.0513226693722729,7.9065958817125E-18,-0.0140618149302432));
#2974=CARTESIAN_POINT('',(0.0513226745811958,1.06291828233594E-17,-0.014070757752284));
#2975=CARTESIAN_POINT('',(0.053868230540889,0.,-0.0108299026995876));
#2976=CARTESIAN_POINT('',(0.0539803531652626,0.000333333333333333,-0.011143812922764));
#2977=CARTESIAN_POINT('',(0.0540924757896362,0.000666666666666667,-0.0114577231459405));
#2978=CARTESIAN_POINT('',(0.0542045984140097,0.001,-0.0117716333691169));
#2979=CARTESIAN_POINT('',(0.05,0.001,7.65404249467096E-19));
#2980=CARTESIAN_POINT('',(0.0534334252255091,0.001,0.012019217579395));
#2981=CARTESIAN_POINT('',(0.0533418672194956,0.000666666666666667,0.0116987051106111));
#2982=CARTESIAN_POINT('',(0.053250309213482,0.000333333333333333,0.0113781926418273));
#2983=CARTESIAN_POINT('',(0.0531587512074684,0.,0.0110576801730434));
#2984=CARTESIAN_POINT('',(0.0531587512074699,0.,0.011057680173043));
#2985=CARTESIAN_POINT('',(0.0526346459172872,0.,0.0112067662164919));
#2986=CARTESIAN_POINT('',(0.0521688884554439,0.,0.0115369560777758));
#2987=CARTESIAN_POINT('',(0.0516646411365995,0.,0.0121758983444589));
#2988=CARTESIAN_POINT('',(0.0515249726711481,0.,0.0124113395814282));
#2989=CARTESIAN_POINT('',(0.0513624483871451,0.,0.0128536819145617));
#2990=CARTESIAN_POINT('',(0.0513205566237215,0.,0.0130551595392461));
#2991=CARTESIAN_POINT('',(0.0513229913590612,0.,0.0132565539801931));
#2992=CARTESIAN_POINT('',(0.0534334252255077,0.00100000000000121,0.0120192175793954));
#2993=CARTESIAN_POINT('',(0.053131552921759,0.000902277032302739,0.012105005809957));
#2994=CARTESIAN_POINT('',(0.0528296074220162,0.000757725182944444,0.0122895374461661));
#2995=CARTESIAN_POINT('',(0.0524071356201769,0.000511130307001975,0.0126521777171349));
#2996=CARTESIAN_POINT('',(0.052264890856384,0.00042619157577107,0.0127867077310573));
#2997=CARTESIAN_POINT('',(0.0520670306446005,0.000306300520968629,0.0130332438549874));
#2998=CARTESIAN_POINT('',(0.0520017626078368,0.000266414942184117,0.0131429564842511));
#2999=CARTESIAN_POINT('',(0.0519824366458953,0.000248323125726753,0.0132477614197651));
#3000=CARTESIAN_POINT('',(0.05,0.0025,-0.017));
#3001=CARTESIAN_POINT('',(0.05,0.0025,0.0165));
#3002=CARTESIAN_POINT('',(0.,0.,0.));
#3003=CARTESIAN_POINT('',(-0.0129430916571521,0.00668221696268126,-0.00484020556238264));
#3004=CARTESIAN_POINT('',(-0.0125024043110683,0.0070976649110142,-0.0048315104745269));
#3005=CARTESIAN_POINT('',(-0.0120610999800994,0.00751165789394243,-0.00482207123063485));
#3006=CARTESIAN_POINT('',(-0.0115082470129253,0.00802737081550642,-0.00480919241780537));
#3007=CARTESIAN_POINT('',(-0.01139735210043,0.00813064806372448,-0.0048065486217446));
#3008=CARTESIAN_POINT('',(-0.0106402123850606,0.00883455121462233,-0.00478805620190048));
#3009=CARTESIAN_POINT('',(-0.00999251925727282,0.00943097495484581,-0.00477015203892263));
#3010=CARTESIAN_POINT('',(-0.00934295734961446,0.0100195970180939,-0.00474882000178885));
#3011=CARTESIAN_POINT('',(-0.0132656046367097,0.00702434377530356,-0.00300000000000028));
#3012=CARTESIAN_POINT('',(-0.0128331471081566,0.0074485966831612,-0.00300000000000022));
#3013=CARTESIAN_POINT('',(-0.0123995605698669,0.00787310603025318,-0.00300000000000013));
#3014=CARTESIAN_POINT('',(-0.0118559861563424,0.00840405923624047,-0.00299999999999996));
#3015=CARTESIAN_POINT('',(-0.0117472536773176,0.00851019087040036,-0.00300000000000003));
#3016=CARTESIAN_POINT('',(-0.0110080968476686,0.00923109935547903,-0.00299999999999981));
#3017=CARTESIAN_POINT('',(-0.0103754368538901,0.00984572042172402,-0.00299999999999987));
#3018=CARTESIAN_POINT('',(-0.0097367069965395,0.0104609631175719,-0.00299999999999994));
#3019=CARTESIAN_POINT('',(-0.0145631173952866,0.00841125059170927,-0.003));
#3020=CARTESIAN_POINT('',(-0.0141234634862302,0.00883492529098596,-0.003));
#3021=CARTESIAN_POINT('',(-0.0136830460070008,0.00925795501554427,-0.003));
#3022=CARTESIAN_POINT('',(-0.0131310604945794,0.00978615225843412,-0.003));
#3023=CARTESIAN_POINT('',(-0.0130203201345765,0.00989200300174432,-0.003));
#3024=CARTESIAN_POINT('',(-0.0122640780846988,0.0106139902023725,-0.003));
#3025=CARTESIAN_POINT('',(-0.0116166321351761,0.0112282090582134,-0.003));
#3026=CARTESIAN_POINT('',(-0.0109651088878234,0.0118390537602685,-0.003));
#3027=CARTESIAN_POINT('',(-0.0129095128909137,0.00999779110447449,-0.003));
#3028=CARTESIAN_POINT('',(-0.0121264055708046,0.00999779110447449,-0.003));
#3029=CARTESIAN_POINT('',(-0.0113503936339408,0.00999779110447491,-0.00316711240978669));
#3030=CARTESIAN_POINT('',(-0.0106627453996346,0.00999779110447491,-0.003526324652853));
#3031=CARTESIAN_POINT('',(-0.0106627453996346,0.0099977911044749,-0.00352632465285301));
#3032=CARTESIAN_POINT('',(-0.0129095128909136,0.0099977911044749,-0.003));
#3033=CARTESIAN_POINT('',(-0.0106627453996346,0.0099977911044749,-0.00352632465285301));
#3034=CARTESIAN_POINT('',(-0.010607652003474,0.00999853887096486,-0.00355468240555734));
#3035=CARTESIAN_POINT('',(-0.0105533942021891,0.00999927529617091,-0.00358418141694078));
#3036=CARTESIAN_POINT('',(-0.0105,0.01,-0.00361485993527441));
#3037=CARTESIAN_POINT('',(-0.0105,0.0100000000000002,-0.00361485993527436));
#3038=CARTESIAN_POINT('',(-0.0105,0.01,-0.0036148599352744));
#3039=CARTESIAN_POINT('',(-0.0100279788145111,0.01,-0.00389011471144247));
#3040=CARTESIAN_POINT('',(-0.00961056523341436,0.01,-0.00426455098063759));
#3041=CARTESIAN_POINT('',(-0.00936454548018242,0.01,-0.00474959566927559));
#3042=CARTESIAN_POINT('',(-0.0093644023178795,0.01,-0.00474952305278045));
#3043=CARTESIAN_POINT('',(-0.0116190999020729,0.0079239648997919,-0.00481177475650248));
#3044=CARTESIAN_POINT('',(-0.010807263824959,0.00868126273487369,-0.00479286288389588));
#3045=CARTESIAN_POINT('',(-0.0100556793101155,0.00937327706303297,-0.00477209060016795));
#3046=CARTESIAN_POINT('',(-0.0093644105677678,0.0100000078842698,-0.0047494893566231));
#3047=CARTESIAN_POINT('',(-0.011619099897502,0.00792396490277625,-0.00481177475974025));
#3048=CARTESIAN_POINT('',(-0.011619099902086,0.00792396489980426,-0.00481177475643871));
#3049=CARTESIAN_POINT('',(-0.0118654217902456,0.00776426488307973,-0.00463436711500162));
#3050=CARTESIAN_POINT('',(-0.0123684919336226,0.00748871090049066,-0.00427204248246285));
#3051=CARTESIAN_POINT('',(-0.0130680241707838,0.00731924736532007,-0.00376822057190711));
#3052=CARTESIAN_POINT('',(-0.0136206058122312,0.00747480899487996,-0.00337023642830179));
#3053=CARTESIAN_POINT('',(-0.0140598523028216,0.00794012016811319,-0.00305387930515882));
#3054=CARTESIAN_POINT('',(-0.014134661099512,0.00848334885600394,-0.00300000000000012));
#3055=CARTESIAN_POINT('',(-0.0141346610995121,0.00882369059168143,-0.00300000000000009));
#3056=CARTESIAN_POINT('',(-0.0141346610995116,0.00882369059168171,-0.003));
#3057=CARTESIAN_POINT('',(-0.0129095128909136,0.0099977911044747,-0.003));
#3058=CARTESIAN_POINT('',(-0.013317895627113,0.00960642426687703,-0.003));
#3059=CARTESIAN_POINT('',(-0.0137262783633123,0.00921505742927937,-0.003));
#3060=CARTESIAN_POINT('',(-0.0141346610995117,0.0088236905916817,-0.003));
#3061=CARTESIAN_POINT('',(-0.0145631169215908,0.00841125104818741,0.003));
#3062=CARTESIAN_POINT('',(-0.0141234631699314,0.00883492559479585,0.003));
#3063=CARTESIAN_POINT('',(-0.0136830458486017,0.00925795516711587,0.003));
#3064=CARTESIAN_POINT('',(-0.0131310604946724,0.00978615225834544,0.003));
#3065=CARTESIAN_POINT('',(-0.0130203201346231,0.00989200300170003,0.003));
#3066=CARTESIAN_POINT('',(-0.0122641046893329,0.0106139648028248,0.003));
#3067=CARTESIAN_POINT('',(-0.0116166855102343,0.0112281584223701,0.003));
#3068=CARTESIAN_POINT('',(-0.0109651894545786,0.0118389782237473,0.003));
#3069=CARTESIAN_POINT('',(-0.0132656041694423,0.00702434423370344,0.00300000000000229));
#3070=CARTESIAN_POINT('',(-0.012833146795814,0.00744859698896274,0.0030000000000018));
#3071=CARTESIAN_POINT('',(-0.012399560413241,0.00787310618324101,0.00300000000000106));
#3072=CARTESIAN_POINT('',(-0.011855986156434,0.00840405923615134,0.00299999999999974));
#3073=CARTESIAN_POINT('',(-0.0117472536773634,0.00851019087035563,0.0030000000000001));
#3074=CARTESIAN_POINT('',(-0.0110081227010387,0.0092310741403791,0.00299999999999943));
#3075=CARTESIAN_POINT('',(-0.010375488724155,0.00984567003042293,0.00300000000000002));
#3076=CARTESIAN_POINT('',(-0.0097367854857274,0.0104608875145354,0.00300000000000021));
#3077=CARTESIAN_POINT('',(-0.012943091182338,0.00668221741029928,0.0048402055530198));
#3078=CARTESIAN_POINT('',(-0.012502403994129,0.00709766520833688,0.00483151046775186));
#3079=CARTESIAN_POINT('',(-0.0120610998214494,0.00751165804193302,0.00482207122694123));
#3080=CARTESIAN_POINT('',(-0.0115082470130189,0.00802737081541947,0.00480919241780701));
#3081=CARTESIAN_POINT('',(-0.0113973521004764,0.00813064806368124,0.00480654862174598));
#3082=CARTESIAN_POINT('',(-0.0106402390212758,0.00883452645127277,0.00478805685246343));
#3083=CARTESIAN_POINT('',(-0.00999257265270972,0.00943092578601722,0.0047701535149273));
#3084=CARTESIAN_POINT('',(-0.00934303767384368,0.0100195242295814,0.00474882263967184));
#3085=CARTESIAN_POINT('',(-0.0129095128909135,0.00999779110447474,0.003));
#3086=CARTESIAN_POINT('',(-0.0121264055708062,0.00999779110447474,0.003));
#3087=CARTESIAN_POINT('',(-0.0113503936339377,0.0099977911044749,0.00316711240978816));
#3088=CARTESIAN_POINT('',(-0.0106627453996346,0.0099977911044749,0.00352632465285283));
#3089=CARTESIAN_POINT('',(-0.0129095128909136,0.0099977911044749,0.003));
#3090=CARTESIAN_POINT('',(-0.0106627453996346,0.0099977911044749,0.00352632465285283));
#3091=CARTESIAN_POINT('',(-0.0141346610995117,0.00882369059168057,0.003));
#3092=CARTESIAN_POINT('',(-0.0137262783633123,0.00921505742927862,0.003));
#3093=CARTESIAN_POINT('',(-0.013317895627113,0.00960642426687666,0.003));
#3094=CARTESIAN_POINT('',(-0.0129095128909136,0.0099977911044747,0.003));
#3095=CARTESIAN_POINT('',(-0.0141346610995116,0.00882369059168057,0.003));
#3096=CARTESIAN_POINT('',(-0.0116190999021705,0.00792396489974947,0.00481177475637787));
#3097=CARTESIAN_POINT('',(-0.0118654217903256,0.00776426488303399,0.00463436711494407));
#3098=CARTESIAN_POINT('',(-0.0123684919336668,0.00748871090048023,0.00427204248243101));
#3099=CARTESIAN_POINT('',(-0.0130680241708228,0.00731924736530818,0.00376822057187895));
#3100=CARTESIAN_POINT('',(-0.013620605812303,0.0074748089949239,0.00337023642825006));
#3101=CARTESIAN_POINT('',(-0.0140598523028284,0.0079401201681721,0.00305387930515393));
#3102=CARTESIAN_POINT('',(-0.0141346610995117,0.00848334885602744,0.00300000000000032));
#3103=CARTESIAN_POINT('',(-0.0141346610995121,0.0088236905916803,0.00300000000000009));
#3104=CARTESIAN_POINT('',(-0.0116190998976127,0.00792396490270444,0.00481177475966048));
#3105=CARTESIAN_POINT('',(-0.00936441056921604,0.0100000078829567,0.00474948935667046));
#3106=CARTESIAN_POINT('',(-0.0100556793111875,0.00937327706204875,0.00477209060019258));
#3107=CARTESIAN_POINT('',(-0.0108072638255929,0.00868126273428509,0.00479286288390668));
#3108=CARTESIAN_POINT('',(-0.0116190999022082,0.00792396489966574,0.00481177475650562));
#3109=CARTESIAN_POINT('',(-0.00936440232070166,0.01,0.00474952304721615));
#3110=CARTESIAN_POINT('',(-0.0105,0.01,0.00361485993527422));
#3111=CARTESIAN_POINT('',(-0.0100279788162944,0.01,0.00389011471040238));
#3112=CARTESIAN_POINT('',(-0.00961056523526098,0.01,0.00426455097685301));
#3113=CARTESIAN_POINT('',(-0.00936454548300464,0.01,0.00474959566371104));
#3114=CARTESIAN_POINT('',(-0.0105,0.0100000000000002,0.00361485993527418));
#3115=CARTESIAN_POINT('',(-0.0106627453996346,0.0099977911044749,0.00352632465285283));
#3116=CARTESIAN_POINT('',(-0.0106076520034729,0.00999853887096487,0.00355468240555772));
#3117=CARTESIAN_POINT('',(-0.010553394202188,0.00999927529617093,0.00358418141694122));
#3118=CARTESIAN_POINT('',(-0.0105,0.01,0.00361485993527423));
#3119=CARTESIAN_POINT('',(-0.00191876008890065,0.00019390990330434,-0.014059630193329));
#3120=CARTESIAN_POINT('',(-0.00219449036639145,0.000423718595871188,-0.0139988661316324));
#3121=CARTESIAN_POINT('',(-0.00243101025906135,0.000705984335677588,-0.0139327101406078));
#3122=CARTESIAN_POINT('',(-0.00260803241524173,0.00101737836214077,-0.013878527677424));
#3123=CARTESIAN_POINT('',(-0.00280323032543374,0.00136074477752863,-0.0138187820285699));
#3124=CARTESIAN_POINT('',(-0.00292835745966971,0.00173989174093459,-0.0137740984367626));
#3125=CARTESIAN_POINT('',(-0.00302535573894387,0.00251626745038758,-0.0137398724679348));
#3126=CARTESIAN_POINT('',(-0.00299796242726203,0.00290956744360262,-0.0137501879537632));
#3127=CARTESIAN_POINT('',(-0.00279025971022405,0.00367045929260033,-0.0138213192841077));
#3128=CARTESIAN_POINT('',(-0.00261017509438679,0.00403105187504325,-0.0138816214884224));
#3129=CARTESIAN_POINT('',(-0.00212293114084844,0.00465645478474428,-0.0140158571107184));
#3130=CARTESIAN_POINT('',(-0.00181306776983569,0.00492208143049912,-0.0140891363557046));
#3131=CARTESIAN_POINT('',(-0.00112978192348135,0.00530665031654469,-0.0142031061786189));
#3132=CARTESIAN_POINT('',(-0.000749667015579612,0.00543023893578848,-0.0142445812659072));
#3133=CARTESIAN_POINT('',(1.47302589148157E-5,0.00552457995009739,-0.0142759033894166));
#3134=CARTESIAN_POINT('',(0.000406768991421698,0.00549771902237665,-0.0142665077167745));
#3135=CARTESIAN_POINT('',(0.00115895144685415,0.00529438935965189,-0.0142005903406352));
#3136=CARTESIAN_POINT('',(0.00151755476236326,0.00511844724127956,-0.0141442658102618));
#3137=CARTESIAN_POINT('',(0.00214926592925239,0.0046307027895722,-0.0140117138923714));
#3138=CARTESIAN_POINT('',(0.00241384000647237,0.00432477262223336,-0.01393799102899));
#3139=CARTESIAN_POINT('',(0.00280427917936934,0.00363685398528331,-0.0138184353999738));
#3140=CARTESIAN_POINT('',(0.00292910972854108,0.00325572752014916,-0.0137738341593254));
#3141=CARTESIAN_POINT('',(0.00302499298426394,0.00248498894744681,-0.0137399993000518));
#3142=CARTESIAN_POINT('',(0.00299710475384182,0.0020878447058056,-0.0137504778539257));
#3143=CARTESIAN_POINT('',(0.00279170652338889,0.00133428838072975,-0.013820827612054));
#3144=CARTESIAN_POINT('',(0.00261197263029087,0.000971717171707309,-0.013881085882999));
#3145=CARTESIAN_POINT('',(0.00223481058605462,0.000486898482731167,-0.0139850561885452));
#3146=CARTESIAN_POINT('',(0.00208358996899422,0.000330959434055562,-0.0140232866654432));
#3147=CARTESIAN_POINT('',(0.00191750736000135,0.000192908130797059,-0.0140598328589161));
#3148=CARTESIAN_POINT('',(-0.00170362044109204,1.49204391695613E-5,-0.0124272612203581));
#3149=CARTESIAN_POINT('',(-0.00198809233749803,0.000209280699481437,-0.0123987689393741));
#3150=CARTESIAN_POINT('',(-0.00226535880559355,0.000474280714799016,-0.0123606915347964));
#3151=CARTESIAN_POINT('',(-0.00248774265390909,0.000805780481220724,-0.012324240583653));
#3152=CARTESIAN_POINT('',(-0.00272544243269138,0.00116011116549333,-0.0122852791973436));
#3153=CARTESIAN_POINT('',(-0.00290120709101222,0.00159715501828985,-0.0122495632846648));
#3154=CARTESIAN_POINT('',(-0.00303440270138216,0.00251477747545963,-0.0122224494739478));
#3155=CARTESIAN_POINT('',(-0.00299369274004724,0.00299696998336888,-0.0122314867293585));
#3156=CARTESIAN_POINT('',(-0.00271546318677586,0.00387133260259114,-0.0122855715755455));
#3157=CARTESIAN_POINT('',(-0.00247630356203505,0.00426077872779543,-0.012329332977001));
#3158=CARTESIAN_POINT('',(-0.00190886860021651,0.00487109480888843,-0.012408655850777));
#3159=CARTESIAN_POINT('',(-0.00157659810221837,0.00509145293425073,-0.0124430676957552));
#3160=CARTESIAN_POINT('',(-0.000925637398250366,0.00538396337235483,-0.0124856600447274));
#3161=CARTESIAN_POINT('',(-0.000605459644696756,0.00545725982555531,-0.0124948514498347));
#3162=CARTESIAN_POINT('',(1.6028983659557E-5,0.00551542092299393,-0.0125018860019363));
#3163=CARTESIAN_POINT('',(0.000318205073747298,0.00550158799377702,-0.0125005754855762));
#3164=CARTESIAN_POINT('',(0.000955690449895036,0.00536897944524656,-0.0124833239876683));
#3165=CARTESIAN_POINT('',(0.00128363710688731,0.0052517316537904,-0.0124664157843154));
#3166=CARTESIAN_POINT('',(0.00193335778403018,0.00484289378671715,-0.0124063809949415));
#3167=CARTESIAN_POINT('',(0.00224332255103992,0.00455917487281079,-0.0123643294339781));
#3168=CARTESIAN_POINT('',(0.00272680262182379,0.00383727075497453,-0.0122850310152347));
#3169=CARTESIAN_POINT('',(0.00290224304545585,0.00339765926042488,-0.0122493538387881));
#3170=CARTESIAN_POINT('',(0.00303391535944522,0.00248663825784632,-0.0122225472491772));
#3171=CARTESIAN_POINT('',(0.00299258432482249,0.0020001827545887,-0.0122316977729272));
#3172=CARTESIAN_POINT('',(0.00271741848446696,0.0011341658890435,-0.0122851959778199));
#3173=CARTESIAN_POINT('',(0.00247846340446832,0.000742005748662123,-0.0123289955612952));
#3174=CARTESIAN_POINT('',(0.00204290152694285,0.000272810045610155,-0.0123899388806414));
#3175=CARTESIAN_POINT('',(0.00187536245723613,0.000131683904299541,-0.0124099528629201));
#3176=CARTESIAN_POINT('',(0.00170313908211659,1.44496452083893E-5,-0.0124270918750391));
#3177=CARTESIAN_POINT('',(-0.00272250538717213,-0.0012707990212665,-0.0121998877577426));
#3178=CARTESIAN_POINT('',(-0.00313054583808132,-0.00092975446460675,-0.0121086639782965));
#3179=CARTESIAN_POINT('',(-0.00349410704330876,-0.000499261138434662,-0.0120053552654162));
#3180=CARTESIAN_POINT('',(-0.00377583366075093,-5.20417042793042E-18,-0.0119160849345051));
#3181=CARTESIAN_POINT('',(-0.00408648656520509,0.000550522787459572,-0.0118176487702872));
#3182=CARTESIAN_POINT('',(-0.00429906050103515,0.00118781157513898,-0.0117377960105787));
#3183=CARTESIAN_POINT('',(-0.00446423766106699,0.00252559415396701,-0.0116759735561121));
#3184=CARTESIAN_POINT('',(-0.00441573185002989,0.00321445079290263,-0.0116955298061675));
#3185=CARTESIAN_POINT('',(-0.00406829865958454,0.00450080704024786,-0.0118208735394109));
#3186=CARTESIAN_POINT('',(-0.00377345667473275,0.00508465957202204,-0.0119232307239117));
#3187=CARTESIAN_POINT('',(-0.00302207026844327,0.00605441039564506,-0.0121354644519404));
#3188=CARTESIAN_POINT('',(-0.00256208752203742,0.00644444232394507,-0.012244761160927));
#3189=CARTESIAN_POINT('',(-0.00157892694156776,0.00699868766447518,-0.0124098935560268));
#3190=CARTESIAN_POINT('',(-0.0010451100082475,0.00717047594139216,-0.0124676569463));
#3191=CARTESIAN_POINT('',(2.11864656866871E-5,0.00730208862047239,-0.0125113658644304));
#3192=CARTESIAN_POINT('',(0.000564930673869088,0.00726522464340424,-0.0124984799685509));
#3193=CARTESIAN_POINT('',(0.00162133604336469,0.00697953944466062,-0.0124057413170287));
#3194=CARTESIAN_POINT('',(0.00213236739156388,0.00673153256209973,-0.0123259185500904));
#3195=CARTESIAN_POINT('',(0.00306088978183201,0.00601264273251147,-0.012128734993376));
#3196=CARTESIAN_POINT('',(0.00346673396092065,0.00554866275036106,-0.0120140757289199));
#3197=CARTESIAN_POINT('',(0.00408820306710151,0.00444553814210358,-0.0118170578257942));
#3198=CARTESIAN_POINT('',(0.00430033791955726,0.00380467124717168,-0.0117373205304258));
#3199=CARTESIAN_POINT('',(0.00446362355611376,0.00247653930563841,-0.0116762007607631));
#3200=CARTESIAN_POINT('',(0.00441430757112905,0.00178121527238607,-0.0116960354957529));
#3201=CARTESIAN_POINT('',(0.00407070844742017,0.000507178387004381,-0.0118200122836883));
#3202=CARTESIAN_POINT('',(0.00377628571963973,-8.02877809235851E-5,-0.0119223630628437));
#3203=CARTESIAN_POINT('',(0.00319457043146172,-0.000832168821225856,-0.012086777812808));
#3204=CARTESIAN_POINT('',(0.00296652153098178,-0.00106757399416231,-0.0121453074834742));
#3205=CARTESIAN_POINT('',(0.00272087626780893,-0.00127235957915115,-0.012200109474852));
#3206=CARTESIAN_POINT('',(0.00420298297256796,0.000999751295270421,-0.0117722102483902));
#3207=CARTESIAN_POINT('',(0.00442791657823644,0.00174303397244631,-0.0116919031442326));
#3208=CARTESIAN_POINT('',(0.0045070287310167,0.00297610521222909,-0.0116602037429641));
#3209=CARTESIAN_POINT('',(0.00406775588776873,0.00450701432608811,-0.0118230502501529));
#3210=CARTESIAN_POINT('',(0.00350598611988762,0.00549648522760638,-0.0120041165204163));
#3211=CARTESIAN_POINT('',(0.00279495336912095,0.00627116622105275,-0.012193446231817));
#3212=CARTESIAN_POINT('',(0.00188390091908009,0.00686507055137334,-0.0123688348077923));
#3213=CARTESIAN_POINT('',(0.000983085927049827,0.00719138268596684,-0.012472980652281));
#3214=CARTESIAN_POINT('',(-1.7401757778475E-6,0.00730606280114291,-0.0125135131444438));
#3215=CARTESIAN_POINT('',(-0.000982208937720957,0.00719121340848216,-0.0124729665232002));
#3216=CARTESIAN_POINT('',(-0.00188230901108313,0.00686516366369459,-0.0123690172410994));
#3217=CARTESIAN_POINT('',(-0.00279118108747771,0.0062751812415525,-0.0121944109114764));
#3218=CARTESIAN_POINT('',(-0.00338659012244816,0.00562446765039147,-0.0120356711251299));
#3219=CARTESIAN_POINT('',(-0.00377880499713356,0.00501631797355257,-0.0119164118145035));
#3220=CARTESIAN_POINT('',(-0.00413649247455608,0.00429103290006524,-0.0117979452589915));
#3221=CARTESIAN_POINT('',(-0.00449996798038462,0.00299307038355925,-0.0116625364266299));
#3222=CARTESIAN_POINT('',(-0.00442998905824921,0.00174323418763726,-0.0116911318241604));
#3223=CARTESIAN_POINT('',(-0.00420443135611588,0.000999449003379772,-0.0117716930376097));
#3224=CARTESIAN_POINT('',(0.00420217685756954,0.0010000262150779,-0.0117725004750517));
#3225=CARTESIAN_POINT('',(-0.00420271954347546,0.00100004227517576,-0.0117724040926252));
#3226=CARTESIAN_POINT('',(0.00420129588426274,0.00100005344192274,-0.0117728174311572));
#3227=CARTESIAN_POINT('',(0.00395254513297302,0.000960664900488362,-0.0118615928209476));
#3228=CARTESIAN_POINT('',(0.00346194308163684,0.000855529099347048,-0.0121223364147743));
#3229=CARTESIAN_POINT('',(0.00296155719548626,0.000700287061977714,-0.0125586183495127));
#3230=CARTESIAN_POINT('',(0.00262307334431636,0.000558926469841382,-0.0129261594173824));
#3231=CARTESIAN_POINT('',(0.00243669752750277,0.000475328375997677,-0.0131566452728055));
#3232=CARTESIAN_POINT('',(0.00231783838201694,0.000418739702675502,-0.0133110151971023));
#3233=CARTESIAN_POINT('',(0.0021538942213128,0.000339237580380857,-0.0135571803427228));
#3234=CARTESIAN_POINT('',(0.00202880463821016,0.000278010157335544,-0.013809295206136));
#3235=CARTESIAN_POINT('',(0.0019874907993963,0.000252896105207907,-0.0139636577077984));
#3236=CARTESIAN_POINT('',(0.00198416574022805,0.000249980171499969,-0.0140448983528949));
#3237=CARTESIAN_POINT('',(0.00198421006298502,0.000249953468428046,-0.0140447389568168));
#3238=CARTESIAN_POINT('',(-0.00260803241524173,0.00101737836214077,-0.013878527677424));
#3239=CARTESIAN_POINT('',(-0.00276079812091317,0.00128610364049545,-0.013831769563062));
#3240=CARTESIAN_POINT('',(-0.00296578274006274,0.00184693224659153,-0.0137635345466926));
#3241=CARTESIAN_POINT('',(-0.00301840299459934,0.00248156445433239,-0.0137415941689919));
#3242=CARTESIAN_POINT('',(-0.00296739876471854,0.00300100282985709,-0.0137617813892297));
#3243=CARTESIAN_POINT('',(-0.00286822351500774,0.00341264227747888,-0.0137963933737381));
#3244=CARTESIAN_POINT('',(-0.00274899381791326,0.00371507949293525,-0.0138350953621234));
#3245=CARTESIAN_POINT('',(-0.00263926869684736,0.00392773350834427,-0.0138691193343302));
#3246=CARTESIAN_POINT('',(-0.00257780616389278,0.00403618192133801,-0.0138879085995144));
#3247=CARTESIAN_POINT('',(-0.00248833667724311,0.00418210078781339,-0.0139151076772406));
#3248=CARTESIAN_POINT('',(-0.00225039187372935,0.00451017410766665,-0.0139828580992355));
#3249=CARTESIAN_POINT('',(-0.00190560305404873,0.00482662007679383,-0.0140637818352148));
#3250=CARTESIAN_POINT('',(-0.00168140955164824,0.00498598721499568,-0.0141085000355587));
#3251=CARTESIAN_POINT('',(-0.00151724206465157,0.00509289730600735,-0.0141396311097014));
#3252=CARTESIAN_POINT('',(-0.00115298791413137,0.00528335687045417,-0.0141964646092357));
#3253=CARTESIAN_POINT('',(-0.000758524950229209,0.00541148014109801,-0.0142374081255548));
#3254=CARTESIAN_POINT('',(-0.000228080178910997,0.00551182823067582,-0.0142717263582101));
#3255=CARTESIAN_POINT('',(0.000405485679172108,0.00550613420162024,-0.0142686340491422));
#3256=CARTESIAN_POINT('',(0.00102130984357303,0.00534322153200885,-0.0142147985060043));
#3257=CARTESIAN_POINT('',(0.00142932066834679,0.005139884685796,-0.0141535048800266));
#3258=CARTESIAN_POINT('',(0.00161792165460753,0.00503119895458043,-0.0141211199193412));
#3259=CARTESIAN_POINT('',(0.00184385724980156,0.00487273913903598,-0.0140767277334763));
#3260=CARTESIAN_POINT('',(0.00201858680707685,0.00472085519558779,-0.0140372756920969));
#3261=CARTESIAN_POINT('',(0.00218046264303857,0.00456579371432649,-0.0139986493656057));
#3262=CARTESIAN_POINT('',(0.00232816447506052,0.00439631969984972,-0.0139602990977276));
#3263=CARTESIAN_POINT('',(0.00244963639934836,0.00423529557453328,-0.0139261094094691));
#3264=CARTESIAN_POINT('',(0.00251610127558707,0.00413372743543709,-0.0139061806492788));
#3265=CARTESIAN_POINT('',(0.00253076088315413,0.00411120259594921,-0.013901810465386));
#3266=CARTESIAN_POINT('',(0.00257936510580118,0.00403318185154319,-0.0138873394162405));
#3267=CARTESIAN_POINT('',(0.00264331701926551,0.00392188813026648,-0.0138679908664646));
#3268=CARTESIAN_POINT('',(0.00276615696200898,0.00367907305962924,-0.0138299016572547));
#3269=CARTESIAN_POINT('',(0.00288939902440399,0.00334240244561996,-0.0137890760196055));
#3270=CARTESIAN_POINT('',(0.0029748070478881,0.00294481051210964,-0.0137581882736562));
#3271=CARTESIAN_POINT('',(0.0030181967987606,0.00245946598166692,-0.0137420685969105));
#3272=CARTESIAN_POINT('',(0.00296222999990517,0.00190098868999317,-0.0137644695739103));
#3273=CARTESIAN_POINT('',(0.00281201384479195,0.00143330858042944,-0.013814444734169));
#3274=CARTESIAN_POINT('',(0.0026772642132638,0.00114139842023269,-0.0138573241492979));
#3275=CARTESIAN_POINT('',(0.00257838730339359,0.000960677259232123,-0.0138882357107994));
#3276=CARTESIAN_POINT('',(0.00242214276476188,0.000714856082069646,-0.0139346247568118));
#3277=CARTESIAN_POINT('',(0.00218419821008997,0.00043659695339218,-0.013997730078605));
#3278=CARTESIAN_POINT('',(0.0020446941026356,0.000303243859289562,-0.014030764218595));
#3279=CARTESIAN_POINT('',(0.00198417023511532,0.00024987367508346,-0.0140444958619449));
#3280=CARTESIAN_POINT('',(-0.00260803241524173,0.00101737836214077,-0.013878527677424));
#3281=CARTESIAN_POINT('',(-0.00198531694391292,0.000250885367036113,-0.0140440121681036));
#3282=CARTESIAN_POINT('',(-0.00223323936221761,0.000469729071408596,-0.0139888506712104));
#3283=CARTESIAN_POINT('',(-0.00244460137597783,0.00072989203577612,-0.0139336891743172));
#3284=CARTESIAN_POINT('',(-0.00260803241524173,0.00101737836214077,-0.013878527677424));
#3285=CARTESIAN_POINT('',(-0.00198531421626299,0.000250977433734863,-0.0140443571058681));
#3286=CARTESIAN_POINT('',(-0.00198530780044039,0.000251063531597547,-0.0140446927123487));
#3287=CARTESIAN_POINT('',(-0.00198843418503115,0.000253850240828588,-0.0139692464272704));
#3288=CARTESIAN_POINT('',(-0.00203814406076595,0.000286042332905181,-0.0137738511887476));
#3289=CARTESIAN_POINT('',(-0.00223612581162253,0.000382070616380255,-0.0134160910416007));
#3290=CARTESIAN_POINT('',(-0.00249698403912634,0.00049919660506751,-0.0130730101362694));
#3291=CARTESIAN_POINT('',(-0.00265146294671267,0.000565317257303761,-0.0128932236009424));
#3292=CARTESIAN_POINT('',(-0.00278843581338255,0.000624358056606964,-0.0127481411705356));
#3293=CARTESIAN_POINT('',(-0.0028486763301114,0.000650380223137593,-0.0126865797857842));
#3294=CARTESIAN_POINT('',(-0.00301065781679116,0.000710421915811676,-0.012526814054367));
#3295=CARTESIAN_POINT('',(-0.00320315229391381,0.000774201252444154,-0.0123545966888867));
#3296=CARTESIAN_POINT('',(-0.00358239736642215,0.000883134954484244,-0.0120568964005874));
#3297=CARTESIAN_POINT('',(-0.0039479574102699,0.000959965350742379,-0.0118633862065793));
#3298=CARTESIAN_POINT('',(-0.00420084358345948,0.00100009178329618,-0.0117731737560437));
#3299=CARTESIAN_POINT('',(0.,0.01,7.65404249467096E-19));
#3300=CARTESIAN_POINT('',(-0.00343342522550725,0.001,0.0120192175793955));
#3301=CARTESIAN_POINT('',(-0.00365403956696322,0.00158900310832144,0.0119561966015274));
#3302=CARTESIAN_POINT('',(-0.00382977416873499,0.00288396589800938,0.011897728387089));
#3303=CARTESIAN_POINT('',(-0.00324197148834459,0.00473921872238139,0.0120852579506434));
#3304=CARTESIAN_POINT('',(-0.00189786785570592,0.00613284971697087,0.0123937203795054));
#3305=CARTESIAN_POINT('',(-7.70822278841293E-7,0.00668380317539321,0.0125532003886543));
#3306=CARTESIAN_POINT('',(0.00190000626904261,0.00613193755976148,0.0123934780599254));
#3307=CARTESIAN_POINT('',(0.00324169604294107,0.00473880306047793,0.0120852434632117));
#3308=CARTESIAN_POINT('',(0.0038296233539057,0.0028850516816283,0.0118978006422525));
#3309=CARTESIAN_POINT('',(0.00365431735192923,0.00158974474736152,0.011956117249115));
#3310=CARTESIAN_POINT('',(0.00343342522550723,0.000999999999999952,0.0120192175793955));
#3311=CARTESIAN_POINT('',(-0.00343342522550725,0.001,0.0120192175793955));
#3312=CARTESIAN_POINT('',(0.00343342522550722,0.000999999999999935,0.0120192175793955));
#3313=CARTESIAN_POINT('',(0.,0.001,7.65404249467096E-19));
#3314=CARTESIAN_POINT('',(0.,0.001,7.65404249467096E-19));
#3315=CARTESIAN_POINT('',(-0.0123280371182133,0.001,-0.00206627704143347));
#3316=CARTESIAN_POINT('',(0.,0.0104058801025978,7.65404249467096E-19));
#3317=CARTESIAN_POINT('',(-0.0115008759029338,0.0058302989176263,-0.00489692285678643));
#3318=CARTESIAN_POINT('',(-0.0115008759029338,0.01,-0.00489692285678643));
#3319=CARTESIAN_POINT('',(-0.0115008759029338,0.008,-0.00489692285678643));
#3320=CARTESIAN_POINT('',(0.,0.008,7.65404249467096E-19));
#3321=CARTESIAN_POINT('',(-0.0115008759029338,0.008,0.00489692285678643));
#3322=CARTESIAN_POINT('',(-0.0115008759029338,0.01,0.00489692285678643));
#3323=CARTESIAN_POINT('',(-0.0115008759029338,0.0058302989176263,0.00489692285678643));
#3324=CARTESIAN_POINT('',(0.,0.0104058801025978,7.65404249467096E-19));
#3325=CARTESIAN_POINT('',(-0.0123280371182133,0.001,0.00206627704143348));
#3326=CARTESIAN_POINT('',(0.,0.001,7.65404249467096E-19));
#3327=CARTESIAN_POINT('',(0.,0.,0.));
#3328=CARTESIAN_POINT('',(0.0016583123951777,0.,-0.017));
#3329=CARTESIAN_POINT('',(0.0016583065329083,9.61703735113138E-18,-0.0128104413524053));
#3330=CARTESIAN_POINT('',(0.0016583123951777,0.,-0.011));
#3331=CARTESIAN_POINT('',(0.001658312395246,0.,-0.0128104298924196));
#3332=CARTESIAN_POINT('',(0.00212340961822177,0.,-0.01190123708892));
#3333=CARTESIAN_POINT('',(0.00292222016806894,0.,-0.0111683462255252));
#3334=CARTESIAN_POINT('',(0.00386518245941141,0.,-0.0108309959179294));
#3335=CARTESIAN_POINT('',(0.0038651808809165,0.,-0.0108309914946785));
#3336=CARTESIAN_POINT('',(0.,0.,7.65404249467096E-19));
#3337=CARTESIAN_POINT('',(0.00315875120746667,0.,0.0110576801730439));
#3338=CARTESIAN_POINT('',(0.00315875120746667,0.,0.0110576801730439));
#3339=CARTESIAN_POINT('',(0.00254644073696173,0.,0.0112318569026445));
#3340=CARTESIAN_POINT('',(0.00200893065131128,0.,0.0116532950278819));
#3341=CARTESIAN_POINT('',(0.00165849509808166,0.,0.0122087447906456));
#3342=CARTESIAN_POINT('',(0.0016583179014104,3.65243904066937E-9,0.012208892710858));
#3343=CARTESIAN_POINT('',(0.0016583123951777,0.,0.017));
#3344=CARTESIAN_POINT('',(0.0016583123951777,0.,0.011));
#3345=CARTESIAN_POINT('',(0.,0.,0.011));
#3346=CARTESIAN_POINT('',(-0.0016583123951777,0.,0.011));
#3347=CARTESIAN_POINT('',(-0.0016583123951777,0.,0.017));
#3348=CARTESIAN_POINT('',(-0.00165840374662992,-4.73521989830954E-21,0.0122087447906457));
#3349=CARTESIAN_POINT('',(-0.00165849509808215,0.,0.0122087447906457));
#3350=CARTESIAN_POINT('',(-0.0020084415226205,0.,0.0116540703099912));
#3351=CARTESIAN_POINT('',(-0.00254560749571931,0.,0.0112320939249421));
#3352=CARTESIAN_POINT('',(-0.00315875120746667,0.,0.0110576801730439));
#3353=CARTESIAN_POINT('',(-0.00315875120746667,0.,0.0110576801730439));
#3354=CARTESIAN_POINT('',(0.,0.,7.65404249467096E-19));
#3355=CARTESIAN_POINT('',(-0.00386826192077024,0.,-0.0108299904533264));
#3356=CARTESIAN_POINT('',(-0.0038682933006515,0.,-0.0108300782070652));
#3357=CARTESIAN_POINT('',(-0.00292260038501289,0.,-0.0111682487715958));
#3358=CARTESIAN_POINT('',(-0.00212418748201545,0.,-0.0119008595899295));
#3359=CARTESIAN_POINT('',(-0.0016582977597938,0.,-0.0128094560004215));
#3360=CARTESIAN_POINT('',(-0.00165831384377597,9.608925973363E-10,-0.012809442757986));
#3361=CARTESIAN_POINT('',(-0.0016583123951777,0.,-0.017));
#3362=CARTESIAN_POINT('',(-0.0016583123951777,0.,-0.011));
#3363=CARTESIAN_POINT('',(0.,0.,-0.011));
#3364=CARTESIAN_POINT('',(0.,0.,4.6383497517706E-19));
#3365=CARTESIAN_POINT('',(0.,0.,-0.008325));
#3366=CARTESIAN_POINT('',(0.,0.025,3.41370295262324E-19));
#3367=CARTESIAN_POINT('',(0.,0.0065,3.41370295262324E-19));
#3368=CARTESIAN_POINT('',(0.,0.0065,-0.005575));
#3369=CARTESIAN_POINT('',(0.,0.00925,3.41370295262324E-19));
#3370=CARTESIAN_POINT('',(0.,0.00925,-0.005575));
#3371=CARTESIAN_POINT('',(0.,0.01,0.));
#3372=CARTESIAN_POINT('',(0.,0.01,7.65404249467096E-19));
#3373=CARTESIAN_POINT('',(-0.0105,0.01,-0.003));
#3374=CARTESIAN_POINT('',(0.,0.01,3.41370295262324E-19));
#3375=CARTESIAN_POINT('',(0.,0.01,-0.006325));
#3376=CARTESIAN_POINT('',(0.,0.005,4.6383497517706E-19));
#3377=CARTESIAN_POINT('',(0.,0.0045,4.6383497517706E-19));
#3378=CARTESIAN_POINT('',(0.,0.0045,-0.007575));
#3379=CARTESIAN_POINT('',(0.,0.00075,4.6383497517706E-19));
#3380=CARTESIAN_POINT('',(0.,0.00075,-0.007575));
#3381=CARTESIAN_POINT('',(0.,0.005,0.));
#3382=CARTESIAN_POINT('',(0.,0.005,4.6383497517706E-19));
#3383=CARTESIAN_POINT('',(0.,0.005,-0.007075));
#3384=CARTESIAN_POINT('',(0.,0.005,6.46001186550229E-19));
#3385=CARTESIAN_POINT('',(0.005,0.005,3.39839486763391E-19));
#3386=CARTESIAN_POINT('',(0.,0.006,6.46001186550229E-19));
#3387=CARTESIAN_POINT('',(0.,0.006,6.46001186550229E-19));
#3388=CARTESIAN_POINT('',(0.005,0.006,3.39839486763391E-19));
#3389=CARTESIAN_POINT('',(0.,0.006,0.));
#3390=CARTESIAN_POINT('',(0.,0.006,3.41370295262324E-19));
#3391=CARTESIAN_POINT('',(0.,0.006,-0.005075));
#3392=CARTESIAN_POINT('',(0.,0.00925,3.41370295262324E-19));
#3393=CARTESIAN_POINT('',(0.,0.00075,4.6383497517706E-19));
#3394=CARTESIAN_POINT('',(0.,0.0065,3.41370295262324E-19));
#3395=CARTESIAN_POINT('',(0.,0.0045,4.6383497517706E-19));
#3396=CARTESIAN_POINT('',(0.,0.0025,0.017));
#3397=CARTESIAN_POINT('',(0.,0.0025,0.0165));
#3398=CARTESIAN_POINT('',(0.003,0.0025,0.0165));
#3399=CARTESIAN_POINT('',(0.0016583234076431,7.30487808133874E-9,0.0122090406310703));
#3400=CARTESIAN_POINT('',(0.00181636028073162,0.000104838109553944,0.0122981685581682));
#3401=CARTESIAN_POINT('',(0.00201954964203314,0.000279536321969792,0.0125076162591456));
#3402=CARTESIAN_POINT('',(0.00205956789529392,0.000318756350436852,0.0129370013678886));
#3403=CARTESIAN_POINT('',(0.0020054564565516,0.000268647210940285,0.0131371789052116));
#3404=CARTESIAN_POINT('',(0.00198436509676423,0.000250045519850702,0.0132382142208023));
#3405=CARTESIAN_POINT('',(0.00198432893115132,0.000250024817795194,0.0132382028596739));
#3406=CARTESIAN_POINT('',(0.00198433620222266,0.000250020036411753,0.0132381962407807));
#3407=CARTESIAN_POINT('',(0.00243538168523479,0.000647812859136531,0.0131180018357074));
#3408=CARTESIAN_POINT('',(0.00309368035958486,0.00171614025221679,0.0128560763145495));
#3409=CARTESIAN_POINT('',(0.00297776977916516,0.00364081146049939,0.0129097233731119));
#3410=CARTESIAN_POINT('',(0.00182190589828592,0.00511305728633628,0.0133359104669638));
#3411=CARTESIAN_POINT('',(-1.27063857685928E-6,0.00569370293378875,0.0135821354617695));
#3412=CARTESIAN_POINT('',(-0.00182301188138085,0.00511212991467547,0.0133355472656782));
#3413=CARTESIAN_POINT('',(-0.00297838490979789,0.00363925622262363,0.0129094429450309));
#3414=CARTESIAN_POINT('',(-0.00309352452299935,0.00171430353397455,0.0128562502035689));
#3415=CARTESIAN_POINT('',(-0.00243360400612684,0.000646244919295096,0.0131184755760216));
#3416=CARTESIAN_POINT('',(-0.00198433580130574,0.000250019682829102,0.0132381963476172));
#3417=CARTESIAN_POINT('',(-0.00198434974611391,0.000250031981393368,0.0132382086514796));
#3418=CARTESIAN_POINT('',(-0.00198436507201608,0.000250045498023881,0.0132382143393538));
#3419=CARTESIAN_POINT('',(-0.00200528501836424,0.000268496009269896,0.0131380001339379));
#3420=CARTESIAN_POINT('',(-0.00205906412269209,0.000318287663778322,0.0129404963935356));
#3421=CARTESIAN_POINT('',(-0.00202063611670769,0.000280534339702409,0.012508045295993));
#3422=CARTESIAN_POINT('',(-0.00181654159042294,0.000104958377947425,0.0122982708112487));
#3423=CARTESIAN_POINT('',(-0.00165832340764314,7.30487809936131E-9,0.0122090406310711));
#3424=CARTESIAN_POINT('',(-0.0016583123951777,0.,0.011));
#3425=CARTESIAN_POINT('',(-0.0016583123951777,0.,0.0111823751307336));
#3426=CARTESIAN_POINT('',(-0.00149896384959254,-0.000109884445291291,0.0115178794919467));
#3427=CARTESIAN_POINT('',(-0.000897565345194004,-0.00040049661006473,0.0118269044588624));
#3428=CARTESIAN_POINT('',(1.55984250715052E-6,-0.000566164377834334,0.0118919578816189));
#3429=CARTESIAN_POINT('',(0.000895752050754892,-0.000401009982589195,0.0118273487570996));
#3430=CARTESIAN_POINT('',(0.00149923108357736,-0.000109835102792972,0.0115179026189759));
#3431=CARTESIAN_POINT('',(0.00165831239517771,1.54233783798785E-19,0.0111823437477224));
#3432=CARTESIAN_POINT('',(0.00165831239517771,1.54233783798785E-19,0.011));
#3433=CARTESIAN_POINT('',(0.,0.0025,0.017));
#3434=CARTESIAN_POINT('',(0.,0.0025,0.017));
#3435=CARTESIAN_POINT('',(0.0025,0.0025,0.017));
#3436=CARTESIAN_POINT('',(0.,0.0025,0.017));
#3437=CARTESIAN_POINT('',(0.00145,0.0025,0.017));
#3438=CARTESIAN_POINT('',(0.,0.0025,-0.017));
#3439=CARTESIAN_POINT('',(0.,0.0025,-0.0165));
#3440=CARTESIAN_POINT('',(-0.003,0.0025,-0.0165));
#3441=CARTESIAN_POINT('',(-0.00165831905614169,4.4183964289461E-9,-0.0128094321882833));
#3442=CARTESIAN_POINT('',(-0.00182716827510732,0.000112006967315232,-0.0129293365195072));
#3443=CARTESIAN_POINT('',(-0.00199261443229659,0.00025685003046417,-0.0132258077093711));
#3444=CARTESIAN_POINT('',(-0.00202462804627245,0.000286140373550222,-0.0136968349924552));
#3445=CARTESIAN_POINT('',(-0.00199065079785758,0.000255595143580858,-0.0139274839128849));
#3446=CARTESIAN_POINT('',(-0.0019856922134241,0.000251216677056886,-0.0140443821006997));
#3447=CARTESIAN_POINT('',(0.00198439201642489,0.000250069262144011,-0.0140447504989571));
#3448=CARTESIAN_POINT('',(0.00199369939810029,0.000258278178791861,-0.0138156724249239));
#3449=CARTESIAN_POINT('',(0.00206012845078006,0.000316700706843073,-0.0133415913755573));
#3450=CARTESIAN_POINT('',(0.00182840334894804,0.000112825801211775,-0.0129307155515704));
#3451=CARTESIAN_POINT('',(0.00165831470639497,1.53308929588107E-9,-0.0128104315270019));
#3452=CARTESIAN_POINT('',(0.0016583123951777,0.,-0.011));
#3453=CARTESIAN_POINT('',(0.0016583123951777,0.,-0.0111823751307336));
#3454=CARTESIAN_POINT('',(0.00149896384959254,-0.000109884445291291,-0.0115178794919467));
#3455=CARTESIAN_POINT('',(0.000897565345194004,-0.00040049661006473,-0.0118269044588624));
#3456=CARTESIAN_POINT('',(-1.55984250715311E-6,-0.000566164377834334,-0.0118919578816189));
#3457=CARTESIAN_POINT('',(-0.000895752050754892,-0.000401009982589194,-0.0118273487570996));
#3458=CARTESIAN_POINT('',(-0.00149923108357736,-0.000109835102792972,-0.0115179026189759));
#3459=CARTESIAN_POINT('',(-0.00165831239517771,-1.69198104999425E-20,-0.0111823437477224));
#3460=CARTESIAN_POINT('',(-0.00165831239517771,-1.69198104999425E-20,-0.011));
#3461=CARTESIAN_POINT('',(0.,0.0025,-0.017));
#3462=CARTESIAN_POINT('',(0.,0.0025,-0.017));
#3463=CARTESIAN_POINT('',(-0.0025,0.0025,-0.017));
#3464=CARTESIAN_POINT('',(0.,0.0025,-0.017));
#3465=CARTESIAN_POINT('',(0.00145,0.0025,-0.017));
#3466=CARTESIAN_POINT('',(0.,0.0025,0.009));
#3467=CARTESIAN_POINT('',(0.,0.0025,0.009));
#3468=CARTESIAN_POINT('',(0.00145,0.0025,0.009));
#3469=CARTESIAN_POINT('',(0.,0.0025,0.009));
#3470=CARTESIAN_POINT('',(0.,0.0025,-0.009));
#3471=CARTESIAN_POINT('',(0.,0.0025,-0.009));
#3472=CARTESIAN_POINT('',(0.00145,0.0025,-0.009));
#3473=CARTESIAN_POINT('',(0.,0.0025,-0.009));
#3474=CARTESIAN_POINT('',(0.,0.008,7.65404249467096E-19));
#3475=CARTESIAN_POINT('',(-0.0115008759029338,0.008,-0.00489692285678643));
#3476=CARTESIAN_POINT('',(-0.0115403604685066,0.00797481206751711,-0.00486848501188446));
#3477=CARTESIAN_POINT('',(-0.0115797677100663,0.00794946548266651,-0.00484010285781413));
#3478=CARTESIAN_POINT('',(-0.011619099897502,0.00792396490277625,-0.00481177475974025));
#3479=CARTESIAN_POINT('',(-0.0116190998976127,0.00792396490270445,0.00481177475966047));
#3480=CARTESIAN_POINT('',(-0.0115797677101402,0.00794946548261893,0.00484010285776084));
#3481=CARTESIAN_POINT('',(-0.0115403604685436,0.00797481206749347,0.00486848501185777));
#3482=CARTESIAN_POINT('',(-0.0115008759029338,0.008,0.00489692285678643));
#3483=CARTESIAN_POINT('',(0.,-0.001,-0.011));
#3484=CARTESIAN_POINT('',(0.,-0.001,0.011));
#3485=CARTESIAN_POINT('',(-0.0141627453996349,0.0099977911044749,-0.003));
#3486=CARTESIAN_POINT('',(-0.0140246742121772,0.0099977911044749,-0.00280473785412436));
#3487=CARTESIAN_POINT('',(-0.0137485318372618,0.0099977911044749,-0.003));
#3488=CARTESIAN_POINT('',(-0.0141627453996349,0.0099977911044749,-0.00270710678118654));
#3489=CARTESIAN_POINT('',(-0.0141627453996349,0.0099977911044749,-0.003));
#3490=CARTESIAN_POINT('',(-0.0141627453996349,0.0099977911044749,0.00270710678118654));
#3491=CARTESIAN_POINT('',(-0.0168531013369233,0.0099977911044749,0.000804737854124366));
#3492=CARTESIAN_POINT('',(-0.0137485318372618,0.0099977911044749,0.003));
#3493=CARTESIAN_POINT('',(-0.0141627453996349,0.0099977911044749,0.003));
#3494=CARTESIAN_POINT('',(-0.0106627453996349,0.0099977911044749,-0.003));
#3495=CARTESIAN_POINT('',(-0.0141627453996349,0.0099977911044749,-0.003));
#3496=CARTESIAN_POINT('',(-0.0105813726998174,0.00999889555223745,-0.003));
#3497=CARTESIAN_POINT('',(-0.0102670138636414,-0.00361644505117826,-0.003));
#3498=CARTESIAN_POINT('',(-0.0143201366310771,-0.00108582940373295,-0.003));
#3499=CARTESIAN_POINT('',(-0.0143201366310771,-0.00108582940373295,-0.002));
#3500=CARTESIAN_POINT('',(-0.0143201366310771,-0.00108582940373295,0.002));
#3501=CARTESIAN_POINT('',(-0.0102670138636414,-0.00361644505117826,0.00265540607872075));
#3502=CARTESIAN_POINT('',(-0.0121467902475832,0.000776533490696857,-0.00178010146604578));
#3503=CARTESIAN_POINT('',(-0.0121467902475832,0.000776533490696857,-0.00178010146604578));
#3504=CARTESIAN_POINT('',(-0.0122681988826169,0.000724582159096353,-0.000593367155348592));
#3505=CARTESIAN_POINT('',(-0.0122681988826169,0.000724582159096354,0.000593367155348597));
#3506=CARTESIAN_POINT('',(-0.0121467902475832,0.000776533490696858,0.00178010146604578));
#3507=CARTESIAN_POINT('',(-0.0121467902475832,0.000776533490696857,0.00178010146604578));
#3508=CARTESIAN_POINT('',(-0.0102670138636414,-0.00361644505117826,-0.00265540607872074));
#3509=CARTESIAN_POINT('',(-0.018454698996575,-0.00522039176923086,-0.003));
#3510=CARTESIAN_POINT('',(-0.022589261362073,-0.00935495413472876,-0.003));
#3511=CARTESIAN_POINT('',(-0.022589261362073,-0.00935495413472876,-0.002));
#3512=CARTESIAN_POINT('',(-0.022589261362073,-0.00935495413472876,0.002));
#3513=CARTESIAN_POINT('',(-0.0143201366310771,-0.00108582940373296,-0.002));
#3514=CARTESIAN_POINT('',(-0.018454698996575,-0.00522039176923086,0.002));
#3515=CARTESIAN_POINT('',(-0.0259470711927194,-0.00674964932699241,-0.003));
#3516=CARTESIAN_POINT('',(-0.0293048810233658,-0.00414434451925606,-0.003));
#3517=CARTESIAN_POINT('',(-0.0293048810233658,-0.00414434451925606,-0.002));
#3518=CARTESIAN_POINT('',(-0.0293048810233658,-0.00414434451925606,0.002));
#3519=CARTESIAN_POINT('',(-0.0259470711927194,-0.00674964932699241,-0.002));
#3520=CARTESIAN_POINT('',(-0.0259470711927194,-0.00674964932699241,0.002));
#3521=CARTESIAN_POINT('',(-0.0218575607000453,0.00330297580406446,-0.003));
#3522=CARTESIAN_POINT('',(-0.0151627453996348,0.0099977911044749,0.002));
#3523=CARTESIAN_POINT('',(-0.0158698521808214,0.00929068432328835,0.002));
#3524=CARTESIAN_POINT('',(-0.0158698521808214,0.00929068432328835,-0.003));
#3525=CARTESIAN_POINT('',(-0.0158698521808214,0.00929068432328835,-0.002));
#3526=CARTESIAN_POINT('',(-0.0218575607000453,0.00330297580406446,-0.002));
#3527=CARTESIAN_POINT('',(-0.0259470711927194,-0.00674964932699241,-0.003));
#3528=CARTESIAN_POINT('',(-0.0259470711927194,-0.00674964932699241,-0.003));
#3529=CARTESIAN_POINT('',(-0.0270926768996458,-0.00586078062788236,-0.003));
#3530=CARTESIAN_POINT('',(-0.0259470711927194,-0.00674964932699241,0.003));
#3531=CARTESIAN_POINT('',(-0.0270926768996458,-0.00586078062788236,0.003));
#3532=CARTESIAN_POINT('',(-0.00984853559635969,-0.000499824663496198,-0.003));
#3533=CARTESIAN_POINT('',(-0.0141346610995116,0.00251385969020561,-0.003));
#3534=CARTESIAN_POINT('',(-0.0141346610995116,0.000513859690205617,-0.003));
#3535=CARTESIAN_POINT('',(-0.0232963681432595,-0.00864784735354221,-0.003));
#3536=CARTESIAN_POINT('',(-0.0233437973736509,-0.00869527658393359,-0.003));
#3537=CARTESIAN_POINT('',(-0.0259470711927194,-0.00674964932699241,-0.003));
#3538=CARTESIAN_POINT('',(-0.0285503450117878,-0.00480402207005119,-0.003));
#3539=CARTESIAN_POINT('',(-0.0170473416007963,0.00669898134094039,-0.003));
#3540=CARTESIAN_POINT('',(-0.00984853559635969,-0.000499824663496198,0.003));
#3541=CARTESIAN_POINT('',(-0.0141346610995116,-0.000499824663496198,0.003));
#3542=CARTESIAN_POINT('',(-0.0141346610995116,0.000513859690205615,0.003));
#3543=CARTESIAN_POINT('',(-0.0285977742421793,-0.0048514513004426,0.003));
#3544=CARTESIAN_POINT('',(-0.0285503450117879,-0.0048040220700512,0.003));
#3545=CARTESIAN_POINT('',(-0.0259470711927194,-0.00674964932699241,0.003));
#3546=CARTESIAN_POINT('',(-0.0233437973736509,-0.0086952765839336,0.003));
#3547=CARTESIAN_POINT('',(-0.0124984405247865,0.00215008026493066,0.003));
#3548=CARTESIAN_POINT('',(-0.0218575607000453,0.00330297580406446,-0.002));
#3549=CARTESIAN_POINT('',(-0.0221743791409246,0.00667926375206678,0.000611420571221567));
#3550=CARTESIAN_POINT('',(-0.0285503450117878,-0.00480402207005119,-0.003));
#3551=CARTESIAN_POINT('',(-0.0288029563180672,-0.00458530515004554,-0.00266672061502927));
#3552=CARTESIAN_POINT('',(-0.0290543300387222,-0.00436526475268807,-0.00233338049543556));
#3553=CARTESIAN_POINT('',(-0.0293048810233658,-0.00414434451925603,-0.002));
#3554=CARTESIAN_POINT('',(-0.0259470711927194,-0.00674964932699241,-0.003));
#3555=CARTESIAN_POINT('',(-0.0233437973736509,-0.00869527658393359,-0.003));
#3556=CARTESIAN_POINT('',(-0.0230911860673716,-0.00891399350393923,-0.00266672061502926));
#3557=CARTESIAN_POINT('',(-0.0228398123467166,-0.00913403390129672,-0.00233338049543557));
#3558=CARTESIAN_POINT('',(-0.022589261362073,-0.00935495413472875,-0.002));
#3559=CARTESIAN_POINT('',(-0.0124984405247865,0.00215008026493066,-0.003));
#3560=CARTESIAN_POINT('',(-0.0107112208400352,0.00742426077828989,-0.00546565364764051));
#3561=CARTESIAN_POINT('',(-0.0123280371182133,0.001,-0.00206627704143347));
#3562=CARTESIAN_POINT('',(-0.0122680766142189,0.000925101168338065,-0.00197091709068458));
#3563=CARTESIAN_POINT('',(-0.0122076688446459,0.000850605256641054,-0.00187552578285148));
#3564=CARTESIAN_POINT('',(-0.0121467902475832,0.000776533490696857,-0.00178010146604578));
#3565=CARTESIAN_POINT('',(-0.0170473416007963,0.00669898134094039,0.003));
#3566=CARTESIAN_POINT('',(-0.017237383874116,0.0087242341489507,0.00143354982566235));
#3567=CARTESIAN_POINT('',(-0.0293048810233658,-0.00414434451925606,0.002));
#3568=CARTESIAN_POINT('',(-0.0290543300387222,-0.00436526475268809,0.00233338049543556));
#3569=CARTESIAN_POINT('',(-0.0288029563180672,-0.00458530515004555,0.00266672061502927));
#3570=CARTESIAN_POINT('',(-0.0285503450117878,-0.00480402207005119,0.003));
#3571=CARTESIAN_POINT('',(-0.0259470711927194,-0.00674964932699241,0.002));
#3572=CARTESIAN_POINT('',(-0.022589261362073,-0.00935495413472876,0.002));
#3573=CARTESIAN_POINT('',(-0.0228398123467166,-0.00913403390129673,0.00233338049543557));
#3574=CARTESIAN_POINT('',(-0.0230911860673716,-0.00891399350393925,0.00266672061502927));
#3575=CARTESIAN_POINT('',(-0.0233437973736509,-0.00869527658393361,0.003));
#3576=CARTESIAN_POINT('',(-0.018454698996575,-0.00522039176923086,0.002));
#3577=CARTESIAN_POINT('',(-0.00999607815704317,0.00886781533163831,0.00598071862066631));
#3578=CARTESIAN_POINT('',(-0.0121467902475832,0.000776533490696858,0.00178010146604578));
#3579=CARTESIAN_POINT('',(-0.0122076688446459,0.000850605256641055,0.00187552578285149));
#3580=CARTESIAN_POINT('',(-0.0122680766142189,0.000925101168338065,0.00197091709068459));
#3581=CARTESIAN_POINT('',(-0.0123280371182133,0.001,0.00206627704143348));
#3582=CARTESIAN_POINT('',(-0.0141346610995116,0.01,-0.003));
#3583=CARTESIAN_POINT('',(-0.0115008759029338,0.01,0.00489692285678643));
#3584=CARTESIAN_POINT('',(-0.0141627453996349,0.0099977911044749,-0.003));
#3585=CARTESIAN_POINT('',(-0.00236848109839255,-0.000575198002574848,0.0122735609049109));
#3586=CARTESIAN_POINT('',(-0.00181858135102423,0.000110514056787842,0.0123796773912137));
#3587=CARTESIAN_POINT('',(-0.00191846968969797,0.000193601498068865,0.0132554457773038));
#3588=CARTESIAN_POINT('',(-0.0029479586090264,-5.46258385787609E-5,0.0121617366721953));
#3589=CARTESIAN_POINT('',(-0.00229015095967485,0.0004692596987668,0.0123149123891906));
#3590=CARTESIAN_POINT('',(-0.00238784647517109,0.000584030617418396,0.0131346755978562));
#3591=CARTESIAN_POINT('',(-0.00380155972292278,0.00136768603185428,0.0119102560048197));
#3592=CARTESIAN_POINT('',(-0.00308526113714283,0.00154022309057549,0.0121385761888107));
#3593=CARTESIAN_POINT('',(-0.00307926337470484,0.00165076452558439,0.0128630764889729));
#3594=CARTESIAN_POINT('',(-0.00370558191467859,0.00395565128141525,0.0119437983484724));
#3595=CARTESIAN_POINT('',(-0.00298905764275883,0.00373102232659203,0.0121670232489067));
#3596=CARTESIAN_POINT('',(-0.00300152135111924,0.00359173846060487,0.0128993022153356));
#3597=CARTESIAN_POINT('',(-0.00227231742293407,0.00597609335010988,0.0123447430539379));
#3598=CARTESIAN_POINT('',(-0.0016318141320384,0.00523478582176704,0.0124399422644701));
#3599=CARTESIAN_POINT('',(-0.00184057711252088,0.00510707001271499,0.0133323224985436));
#3600=CARTESIAN_POINT('',(-1.25443035251091E-6,0.00676173057686321,0.0125775654992593));
#3601=CARTESIAN_POINT('',(-8.64906671461166E-7,0.00564115353098604,0.0125319628989697));
#3602=CARTESIAN_POINT('',(-1.01608857881604E-6,0.00569629793257367,0.0135837707390522));
#3603=CARTESIAN_POINT('',(0.00227132455348252,0.00597698346454623,0.0123449947081767));
#3604=CARTESIAN_POINT('',(0.00163095645166674,0.00523532017763066,0.0124400681960032));
#3605=CARTESIAN_POINT('',(0.00183977288823826,0.00510773759857204,0.0133325942851317));
#3606=CARTESIAN_POINT('',(0.00370495673270417,0.00395749342600647,0.0119440217258281));
#3607=CARTESIAN_POINT('',(0.00298839428792136,0.00373249131586141,0.0121672081141563));
#3608=CARTESIAN_POINT('',(0.00300101495381401,0.00359312006892912,0.0128995434628388));
#3609=CARTESIAN_POINT('',(0.00380156621675232,0.00136982743270274,0.0119101223702865));
#3610=CARTESIAN_POINT('',(0.00308549861406241,0.00154213131603951,0.0121384338035785));
#3611=CARTESIAN_POINT('',(0.00307926863435743,0.00165237057666763,0.0128629321638306));
#3612=CARTESIAN_POINT('',(0.00295047575440655,-5.24991366870312E-5,0.0121612686526289));
#3613=CARTESIAN_POINT('',(0.00229211752617196,0.000470660870966493,0.0123146542637888));
#3614=CARTESIAN_POINT('',(0.00238988536368142,0.000585625642873872,0.0131341701363932));
#3615=CARTESIAN_POINT('',(0.00236812083532264,-0.00057552160235303,0.0122736304209191));
#3616=CARTESIAN_POINT('',(0.001818280427328,0.000110285159821671,0.012379718716038));
#3617=CARTESIAN_POINT('',(0.00191817787661134,0.000193358798235226,0.0132555208545926));
#3618=CARTESIAN_POINT('',(0.00343342522550725,0.001,0.0120192175793955));
#3619=CARTESIAN_POINT('',(0.00315322043049636,0.000909291300356977,0.0120988481823373));
#3620=CARTESIAN_POINT('',(0.00273784400780106,0.000713146560814737,0.0123468351320729));
#3621=CARTESIAN_POINT('',(0.00221259311366687,0.000393560151082158,0.0128294090031265));
#3622=CARTESIAN_POINT('',(0.00201220932142721,0.000274528344973253,0.0131055236850718));
#3623=CARTESIAN_POINT('',(0.00198432166008,0.000250029599178641,0.0132382094785672));
#3624=CARTESIAN_POINT('',(-0.00198432167330002,0.000250029610791743,0.0132382094156709));
#3625=CARTESIAN_POINT('',(-0.00201220935627087,0.000274528366430844,0.0131055236251));
#3626=CARTESIAN_POINT('',(-0.00221259316041676,0.000393560179261978,0.0128294089576162));
#3627=CARTESIAN_POINT('',(-0.00273784403385996,0.000713146575149215,0.0123468351138084));
#3628=CARTESIAN_POINT('',(-0.00315322044156387,0.000909291303940111,0.0120988481791922));
#3629=CARTESIAN_POINT('',(-0.00343342522550725,0.001,0.0120192175793955));
#3630=CARTESIAN_POINT('',(0.00315875120746667,0.,0.0110576801730439));
#3631=CARTESIAN_POINT('',(0.00263464591728479,0.,0.0112067662164934));
#3632=CARTESIAN_POINT('',(0.00216888845544303,0.,0.0115369560777776));
#3633=CARTESIAN_POINT('',(0.00166464113659848,0.,0.0121758983444599));
#3634=CARTESIAN_POINT('',(0.00152497267114691,0.,0.0124113395814288));
#3635=CARTESIAN_POINT('',(0.00136244838714374,0.,0.0128536819145616));
#3636=CARTESIAN_POINT('',(0.00132055662372069,0.,0.0130551595392461));
#3637=CARTESIAN_POINT('',(0.00132299135906075,0.,0.0132565539801931));
#3638=CARTESIAN_POINT('',(0.00343342522550725,0.001,0.0120192175793955));
#3639=CARTESIAN_POINT('',(0.00313155292175704,0.00090227703230289,0.0121050058099578));
#3640=CARTESIAN_POINT('',(0.00282960742201585,0.000757725182943623,0.0122895374461671));
#3641=CARTESIAN_POINT('',(0.00240713562017581,0.000511130307001694,0.0126521777171355));
#3642=CARTESIAN_POINT('',(0.00226489085638247,0.000426191575770641,0.0127867077310577));
#3643=CARTESIAN_POINT('',(0.00206703064459869,0.000306300520968275,0.0130332438549874));
#3644=CARTESIAN_POINT('',(0.00200176260783569,0.000266414942183909,0.0131429564842511));
#3645=CARTESIAN_POINT('',(0.00198243664589481,0.000248323125726658,0.0132477614197652));
#3646=CARTESIAN_POINT('',(0.00343342522550724,0.001,0.0120192175793955));
#3647=CARTESIAN_POINT('',(0.00334186721949372,0.000666666666666667,0.0116987051106116));
#3648=CARTESIAN_POINT('',(0.00325030921348019,0.000333333333333333,0.0113781926418278));
#3649=CARTESIAN_POINT('',(0.00315875120746667,0.,0.0110576801730439));
#3650=CARTESIAN_POINT('',(0.,0.,7.65404249467096E-19));
#3651=CARTESIAN_POINT('',(0.00386518167016396,2.34823312596048E-9,-0.010830993706304));
#3652=CARTESIAN_POINT('',(0.00397722218579189,0.00033334458830561,-0.011144942701981));
#3653=CARTESIAN_POINT('',(0.00408926298782833,0.000666686828378094,-0.0114588915954476));
#3654=CARTESIAN_POINT('',(0.00420130407627313,0.00100002906845058,-0.0117728403867036));
#3655=CARTESIAN_POINT('',(0.00420129588426274,0.00100005344192274,-0.0117728174311572));
#3656=CARTESIAN_POINT('',(0.00393715330242103,0.000958217902204499,-0.0118672810887792));
#3657=CARTESIAN_POINT('',(0.00369171317847185,0.000908439977235644,-0.0119991052050139));
#3658=CARTESIAN_POINT('',(0.00321927090868508,0.000784173752097909,-0.0123312749974052));
#3659=CARTESIAN_POINT('',(0.00299469252168505,0.000708829743514177,-0.012531429303412));
#3660=CARTESIAN_POINT('',(0.00268400092004953,0.000584951810996941,-0.0128602642472736));
#3661=CARTESIAN_POINT('',(0.00258216358338295,0.000540954109032868,-0.0129764298641527));
#3662=CARTESIAN_POINT('',(0.00238703590473425,0.000451290255690078,-0.0132175136264397));
#3663=CARTESIAN_POINT('',(0.00229600910080836,0.000408498364563898,-0.0133406721977768));
#3664=CARTESIAN_POINT('',(0.00213636643888763,0.000331600566512275,-0.0135923694568625));
#3665=CARTESIAN_POINT('',(0.00206922559430247,0.000298992430690154,-0.0137279223997912));
#3666=CARTESIAN_POINT('',(0.0020147540955922,0.000269406069094875,-0.0138830628041588));
#3667=CARTESIAN_POINT('',(0.0020063732604333,0.000264718983400082,-0.0139163801779313));
#3668=CARTESIAN_POINT('',(0.00199243393278794,0.000256243932806192,-0.0139805330382284));
#3669=CARTESIAN_POINT('',(0.00198583353520304,0.000251438562436214,-0.0140048476258127));
#3670=CARTESIAN_POINT('',(0.00198388023393076,0.000249730510181844,-0.0140517823492775));
#3671=CARTESIAN_POINT('',(0.00198368357029932,0.000249557721911181,-0.0140595915292005));
#3672=CARTESIAN_POINT('',(0.00198356436187285,0.00024945168192589,-0.0140677873600263));
#3673=CARTESIAN_POINT('',(0.00386518245941141,-3.90312782094781E-18,-0.0108309959179294));
#3674=CARTESIAN_POINT('',(0.00349951385368816,-8.22595659385046E-16,-0.0109618160130185));
#3675=CARTESIAN_POINT('',(0.00316655721035575,3.55690199001462E-16,-0.0111454420393047));
#3676=CARTESIAN_POINT('',(0.00255367486632805,-3.45281858145601E-16,-0.0116077180357511));
#3677=CARTESIAN_POINT('',(0.00227855308185134,6.06708237767414E-17,-0.0118857323919034));
#3678=CARTESIAN_POINT('',(0.00193251275727234,-3.03354118883707E-17,-0.012343725075918));
#3679=CARTESIAN_POINT('',(0.00182585078448358,-9.9471714683328E-18,-0.0125056674881088));
#3680=CARTESIAN_POINT('',(0.00163657060229549,4.03048322979269E-17,-0.0128432621961495));
#3681=CARTESIAN_POINT('',(0.00155442153830102,-2.66384259088209E-17,-0.0130171636970809));
#3682=CARTESIAN_POINT('',(0.00142113418946666,3.35773198127281E-17,-0.0133770594982441));
#3683=CARTESIAN_POINT('',(0.00137020312283984,-1.00224394022904E-16,-0.0135668678479339));
#3684=CARTESIAN_POINT('',(0.00133635530580915,2.26166436176338E-17,-0.0138047056124107));
#3685=CARTESIAN_POINT('',(0.00133142763037179,-3.54762477596047E-18,-0.0138524346834317));
#3686=CARTESIAN_POINT('',(0.00132456132399474,2.68026303797205E-18,-0.0139481017608272));
#3687=CARTESIAN_POINT('',(0.00132276907801861,-2.7289897338692E-16,-0.0139960611297573));
#3688=CARTESIAN_POINT('',(0.00132274725426569,4.77571514480257E-17,-0.0140529802270197));
#3689=CARTESIAN_POINT('',(0.001322746004837,7.41244607748955E-17,-0.014061804096083));
#3690=CARTESIAN_POINT('',(0.00132274675267699,8.51626059110332E-17,-0.0140706281182795));
#3691=CARTESIAN_POINT('',(-0.0019846987757234,0.000250516627841947,-0.014067606395194));
#3692=CARTESIAN_POINT('',(-0.00198482111262253,0.000250629528441995,-0.0140593039059625));
#3693=CARTESIAN_POINT('',(-0.00198502360091603,0.000250811439856889,-0.0140514012422099));
#3694=CARTESIAN_POINT('',(-0.00198702019876874,0.00025258228939604,-0.0140045166295197));
#3695=CARTESIAN_POINT('',(-0.00199360638064729,0.000257397036549351,-0.0139800545929318));
#3696=CARTESIAN_POINT('',(-0.00200752519587949,0.000265911421580521,-0.013915892534183));
#3697=CARTESIAN_POINT('',(-0.00201587858071637,0.000270606931582536,-0.0138825796562639));
#3698=CARTESIAN_POINT('',(-0.00207010446535474,0.000300166742198,-0.0137274640551985));
#3699=CARTESIAN_POINT('',(-0.00213666249910107,0.000332470366963024,-0.0135920063242995));
#3700=CARTESIAN_POINT('',(-0.00229504483739966,0.000408072928250011,-0.013340584441884));
#3701=CARTESIAN_POINT('',(-0.00238582798042159,0.000450543464705882,-0.013217538011534));
#3702=CARTESIAN_POINT('',(-0.00257980330822573,0.000538014713818806,-0.0129770847048415));
#3703=CARTESIAN_POINT('',(-0.00268247829674477,0.00058250067016698,-0.0128609400641452));
#3704=CARTESIAN_POINT('',(-0.00299587719017759,0.000709649517614257,-0.012531610725297));
#3705=CARTESIAN_POINT('',(-0.00321983956336182,0.000785118916829526,-0.0123312736997794));
#3706=CARTESIAN_POINT('',(-0.00369152485587766,0.000908735624851433,-0.0119992834344414));
#3707=CARTESIAN_POINT('',(-0.00393669546723979,0.000958168612291289,-0.0118675984500423));
#3708=CARTESIAN_POINT('',(-0.00420084358345948,0.0010000917832962,-0.0117731737560437));
#3709=CARTESIAN_POINT('',(-0.00420188670336508,0.00100025733773894,-0.0117728008732865));
#3710=CARTESIAN_POINT('',(-0.00420292982327068,0.00100042289218167,-0.0117724279905293));
#3711=CARTESIAN_POINT('',(-0.00420397294317628,0.00100058844662441,-0.0117720551077721));
#3712=CARTESIAN_POINT('',(-0.00132267458827702,-9.60524132189146E-17,-0.0140707580555606));
#3713=CARTESIAN_POINT('',(-0.00132266937824442,-8.29282399529844E-17,-0.0140618156788098));
#3714=CARTESIAN_POINT('',(-0.00132266642617514,-5.32002455850606E-17,-0.0140528734833544));
#3715=CARTESIAN_POINT('',(-0.00132266347202223,2.90374711289271E-16,-0.0139958223782605));
#3716=CARTESIAN_POINT('',(-0.00132444051404066,-1.07264323931752E-16,-0.0139478562047316));
#3717=CARTESIAN_POINT('',(-0.00133126014119317,1.0292751524181E-16,-0.0138521861456616));
#3718=CARTESIAN_POINT('',(-0.00133616113114609,-2.32122868418011E-17,-0.0138044561930961));
#3719=CARTESIAN_POINT('',(-0.00136985217456993,9.93543604021175E-17,-0.0135666912167346));
#3720=CARTESIAN_POINT('',(-0.00142061116630265,1.77860324580436E-17,-0.0133768785612107));
#3721=CARTESIAN_POINT('',(-0.0015538655124531,-2.16891602789914E-17,-0.0130169658649433));
#3722=CARTESIAN_POINT('',(-0.00163603463766842,-6.4459122254512E-19,-0.0128431390430735));
#3723=CARTESIAN_POINT('',(-0.00182564696206963,9.75188947142336E-18,-0.0125058355342984));
#3724=CARTESIAN_POINT('',(-0.00193256303817776,-3.20694961036074E-17,-0.012344062787114));
#3725=CARTESIAN_POINT('',(-0.00227890479145753,8.49556739189366E-17,-0.0118862660742068));
#3726=CARTESIAN_POINT('',(-0.00255368120267961,-3.33428409780466E-16,-0.0116079543925202));
#3727=CARTESIAN_POINT('',(-0.00316632063049838,3.19116941103657E-16,-0.0111456023780725));
#3728=CARTESIAN_POINT('',(-0.00349922866563003,-8.32590506548319E-16,-0.0109620521215459));
#3729=CARTESIAN_POINT('',(-0.00386486378828972,-3.25260651745651E-18,-0.0108313045672423));
#3730=CARTESIAN_POINT('',(-0.0038663076799975,2.24456932878504E-20,-0.0108307882456479));
#3731=CARTESIAN_POINT('',(-0.00386775157170526,3.29749790403221E-18,-0.0108302719240536));
#3732=CARTESIAN_POINT('',(-0.00386919546341303,6.57255011477658E-18,-0.0108297556024593));
#3733=CARTESIAN_POINT('',(-0.00420459841400972,0.001,-0.0117716333691169));
#3734=CARTESIAN_POINT('',(-0.00409247578963613,0.000666666666666667,-0.0114577231459405));
#3735=CARTESIAN_POINT('',(-0.00398035316526254,0.000333333333333333,-0.011143812922764));
#3736=CARTESIAN_POINT('',(-0.00386823054088895,0.,-0.0108299026995876));
#3737=CARTESIAN_POINT('',(0.,0.,7.65404249467096E-19));
#3738=CARTESIAN_POINT('',(-0.0031587512074667,2.16840434497101E-19,0.0110576801730439));
#3739=CARTESIAN_POINT('',(-0.00325030921348023,0.000333333333333333,0.0113781926418278));
#3740=CARTESIAN_POINT('',(-0.00334186721949375,0.000666666666666667,0.0116987051106116));
#3741=CARTESIAN_POINT('',(-0.00343342522550728,0.001,0.0120192175793955));
#3742=CARTESIAN_POINT('',(-0.00132299135906114,0.,0.0132565539801931));
#3743=CARTESIAN_POINT('',(-0.00132055662372155,0.,0.0130551595392463));
#3744=CARTESIAN_POINT('',(-0.00136244838714506,0.,0.0128536819145622));
#3745=CARTESIAN_POINT('',(-0.00152497267114767,0.,0.0124113395814292));
#3746=CARTESIAN_POINT('',(-0.00166464113659878,-2.15015387268279E-20,0.0121758983444601));
#3747=CARTESIAN_POINT('',(-0.00216888845544234,4.30030774536558E-20,0.0115369560777772));
#3748=CARTESIAN_POINT('',(-0.00263464591728477,-2.68008652968174E-19,0.0112067662164934));
#3749=CARTESIAN_POINT('',(-0.00315875120746667,2.16840434497101E-19,0.0110576801730439));
#3750=CARTESIAN_POINT('',(-0.00198243664589535,0.000248323125726758,0.0132477614197651));
#3751=CARTESIAN_POINT('',(-0.00200176260783681,0.000266414942184104,0.0131429564842512));
#3752=CARTESIAN_POINT('',(-0.0020670306446004,0.000306300520968555,0.0130332438549876));
#3753=CARTESIAN_POINT('',(-0.00226489085638345,0.000426191575770758,0.0127867077310579));
#3754=CARTESIAN_POINT('',(-0.00240713562017604,0.000511130307001627,0.0126521777171356));
#3755=CARTESIAN_POINT('',(-0.00282960742201534,0.000757725182943691,0.0122895374461668));
#3756=CARTESIAN_POINT('',(-0.0031315529217558,0.000902277032302837,0.0121050058099583));
#3757=CARTESIAN_POINT('',(-0.00343342522550725,0.001,0.0120192175793955));
#3758=CARTESIAN_POINT('',(0.,0.0025,-0.0165));
#3759=CARTESIAN_POINT('',(0.,0.0025,0.017));
#3760=MECHANICAL_DESIGN_GEOMETRIC_PRESENTATION_REPRESENTATION('',(#1648),
#3762);
#3761=MECHANICAL_DESIGN_GEOMETRIC_PRESENTATION_REPRESENTATION('',(#1649),
#3763);
#3762=(
GEOMETRIC_REPRESENTATION_CONTEXT(3)
GLOBAL_UNCERTAINTY_ASSIGNED_CONTEXT((#3764))
GLOBAL_UNIT_ASSIGNED_CONTEXT((#3770,#3768,#3766))
REPRESENTATION_CONTEXT('Part 2','TOP_LEVEL_ASSEMBLY_PART')
);
#3763=(
GEOMETRIC_REPRESENTATION_CONTEXT(3)
GLOBAL_UNCERTAINTY_ASSIGNED_CONTEXT((#3765))
GLOBAL_UNIT_ASSIGNED_CONTEXT((#3771,#3769,#3767))
REPRESENTATION_CONTEXT('Part 1','TOP_LEVEL_ASSEMBLY_PART')
);
#3764=UNCERTAINTY_MEASURE_WITH_UNIT(LENGTH_MEASURE(2.E-5),#3770,
'DISTANCE_ACCURACY_VALUE','Maximum Tolerance applied to model');
#3765=UNCERTAINTY_MEASURE_WITH_UNIT(LENGTH_MEASURE(2.E-5),#3771,
'DISTANCE_ACCURACY_VALUE','Maximum Tolerance applied to model');
#3766=(
NAMED_UNIT(*)
SI_UNIT($,.STERADIAN.)
SOLID_ANGLE_UNIT()
);
#3767=(
NAMED_UNIT(*)
SI_UNIT($,.STERADIAN.)
SOLID_ANGLE_UNIT()
);
#3768=(
NAMED_UNIT(*)
PLANE_ANGLE_UNIT()
SI_UNIT($,.RADIAN.)
);
#3769=(
NAMED_UNIT(*)
PLANE_ANGLE_UNIT()
SI_UNIT($,.RADIAN.)
);
#3770=(
LENGTH_UNIT()
NAMED_UNIT(*)
SI_UNIT($,.METRE.)
);
#3771=(
LENGTH_UNIT()
NAMED_UNIT(*)
SI_UNIT($,.METRE.)
);
#3772=PRODUCT_DEFINITION_SHAPE('','',#3774);
#3773=PRODUCT_DEFINITION_SHAPE('','',#3775);
#3774=PRODUCT_DEFINITION('','',#3778,#3776);
#3775=PRODUCT_DEFINITION('','',#3779,#3777);
#3776=PRODUCT_DEFINITION_CONTEXT('',#3790,'design');
#3777=PRODUCT_DEFINITION_CONTEXT('',#3791,'design');
#3778=PRODUCT_DEFINITION_FORMATION_WITH_SPECIFIED_SOURCE('','',#3782,
 .NOT_KNOWN.);
#3779=PRODUCT_DEFINITION_FORMATION_WITH_SPECIFIED_SOURCE('','',#3783,
 .NOT_KNOWN.);
#3780=PRODUCT_RELATED_PRODUCT_CATEGORY('','',(#3782));
#3781=PRODUCT_RELATED_PRODUCT_CATEGORY('','',(#3783));
#3782=PRODUCT('Part 2','Part 2','Part 2',(#3786));
#3783=PRODUCT('Part 1','Part 1','Part 1',(#3787));
#3784=PRODUCT_CATEGORY('','');
#3785=PRODUCT_CATEGORY('','');
#3786=PRODUCT_CONTEXT('',#3790,'mechanical');
#3787=PRODUCT_CONTEXT('',#3791,'mechanical');
#3788=APPLICATION_PROTOCOL_DEFINITION('international standard',
'ap242_managed_model_based_3d_engineering',2020,#3790);
#3789=APPLICATION_PROTOCOL_DEFINITION('international standard',
'ap242_managed_model_based_3d_engineering',2020,#3791);
#3790=APPLICATION_CONTEXT('managed model based 3d engineering');
#3791=APPLICATION_CONTEXT('managed model based 3d engineering');
ENDSEC;
END-ISO-10303-21;
