ISO-10303-21;
HEADER;
/* Generated by software containing ST-Developer
 * from STEP Tools, Inc. (www.steptools.com) 
 */
/* OPTION: using custom renumber hook */

FILE_DESCRIPTION(
/* description */ ('STEP AP242 Edition 2',
'CAx-IF Rec.Pracs.---Representation and Presentation of Product Manufa
cturing Information (PMI)---4.0---2014-10-13',
'CAx-IF Rec.Pracs.---3D Tessellated Geometry---0.4---2014-09-14','2;1',
'CAx-IF Rec.Pracs.---User Defined Attributes---1.5---2016-08-15'),
/* implementation_level */ '2;1');

FILE_NAME(
/* name */ 'front wheel bearing holder 1',
/* time_stamp */ '2026-09-29T21:24:47Z',
/* author */ (''),
/* organization */ (''),
/* preprocessor_version */ 'ST-DEVELOPER v20',
/* originating_system */ 'ONSHAPE BY PTC INC, 1.221',
/* authorisation */ '  ');

FILE_SCHEMA (('AP242_MANAGED_MODEL_BASED_3D_ENGINEERING_MIM_LF { 1 0 10303 442 3 1 4 }'));
ENDSEC;

DATA;
#10=SHAPE_REPRESENTATION_RELATIONSHIP('','',#3671,#12);
#11=SHAPE_REPRESENTATION_RELATIONSHIP('','',#3672,#13);
#12=ADVANCED_BREP_SHAPE_REPRESENTATION('',(#3667),#6571);
#13=ADVANCED_BREP_SHAPE_REPRESENTATION('',(#3668),#6572);
#14=(
BOUNDED_SURFACE()
B_SPLINE_SURFACE(3,2,((#5762,#5763,#5764),(#5765,#5766,#5767),(#5768,#5769,
#5770),(#5771,#5772,#5773),(#5774,#5775,#5776),(#5777,#5778,#5779),(#5780,
#5781,#5782),(#5783,#5784,#5785),(#5786,#5787,#5788)),.UNSPECIFIED.,.F.,
 .F.,.F.)
B_SPLINE_SURFACE_WITH_KNOTS((4,1,1,1,1,1,4),(3,3),(0.00325867017164476,
0.00395393410386805,0.0043015660699797,0.00464919803609134,0.00499683000220299,
0.00534446196831463,0.00603972590053792),(0.,1.),.UNSPECIFIED.)
GEOMETRIC_REPRESENTATION_ITEM()
RATIONAL_B_SPLINE_SURFACE(((1.,0.707106781186547,1.),(1.,0.696110796586257,
1.),(1.,0.658364426655075,1.),(1.,0.598897232557854,1.),(1.,0.567571803113766,
1.),(1.,0.565467359844693,1.),(1.,0.603979647407386,1.),(1.,0.654413989434191,
1.),(1.,0.677779962519813,1.)))
REPRESENTATION_ITEM('')
SURFACE()
);
#15=(
BOUNDED_SURFACE()
B_SPLINE_SURFACE(3,2,((#5798,#5799,#5800),(#5801,#5802,#5803),(#5804,#5805,
#5806),(#5807,#5808,#5809),(#5810,#5811,#5812)),.UNSPECIFIED.,.F.,.F.,.F.)
B_SPLINE_SURFACE_WITH_KNOTS((4,1,4),(3,3),(2.58377446781889,3.40937909185193,
4.23498371588496),(0.,1.),.UNSPECIFIED.)
GEOMETRIC_REPRESENTATION_ITEM()
RATIONAL_B_SPLINE_SURFACE(((1.,0.894404245550121,1.),(1.,0.923196376577997,
1.),(1.,0.938971415023031,1.),(1.,0.866999025204568,1.),(1.,0.813909906143282,
1.)))
REPRESENTATION_ITEM('')
SURFACE()
);
#16=(
BOUNDED_SURFACE()
B_SPLINE_SURFACE(3,2,((#5837,#5838,#5839),(#5840,#5841,#5842),(#5843,#5844,
#5845),(#5846,#5847,#5848),(#5849,#5850,#5851),(#5852,#5853,#5854),(#5855,
#5856,#5857)),.UNSPECIFIED.,.F.,.F.,.F.)
B_SPLINE_SURFACE_WITH_KNOTS((4,1,1,1,4),(3,3),(0.000567357995276281,0.00124246915844683,
0.00191758032161739,0.00259269148478794,0.0032678026479585),(0.,1.),
 .UNSPECIFIED.)
GEOMETRIC_REPRESENTATION_ITEM()
RATIONAL_B_SPLINE_SURFACE(((1.,0.689314680024134,1.),(1.,0.673742756972617,
1.),(1.,0.623696232980444,1.),(1.,0.604156352152271,1.),(1.,0.674406471258231,
1.),(1.,0.70531327191795,1.),(1.,0.707106781186547,1.)))
REPRESENTATION_ITEM('')
SURFACE()
);
#17=(
BOUNDED_SURFACE()
B_SPLINE_SURFACE(3,2,((#5874,#5875,#5876),(#5877,#5878,#5879),(#5880,#5881,
#5882),(#5883,#5884,#5885),(#5886,#5887,#5888)),.UNSPECIFIED.,.F.,.F.,.F.)
B_SPLINE_SURFACE_WITH_KNOTS((4,1,4),(3,3),(5.72536712140868,6.55097174544172,
7.37657636947476),(0.,1.),.UNSPECIFIED.)
GEOMETRIC_REPRESENTATION_ITEM()
RATIONAL_B_SPLINE_SURFACE(((1.,0.894404245550116,1.),(1.,0.923196376578441,
1.),(1.,0.938971415023082,1.),(1.,0.866999025204011,1.),(1.,0.813909906143276,
1.)))
REPRESENTATION_ITEM('')
SURFACE()
);
#18=(
BOUNDED_SURFACE()
B_SPLINE_SURFACE(3,2,((#6431,#6432,#6433),(#6434,#6435,#6436),(#6437,#6438,
#6439),(#6440,#6441,#6442),(#6443,#6444,#6445),(#6446,#6447,#6448),(#6449,
#6450,#6451),(#6452,#6453,#6454),(#6455,#6456,#6457)),.UNSPECIFIED.,.F.,
 .F.,.F.)
B_SPLINE_SURFACE_WITH_KNOTS((4,1,1,1,1,1,4),(3,3),(0.0032586701716447,0.003953934103868,
0.00430156606997964,0.00464919803609129,0.00499683000220294,0.00534446196831459,
0.00603972590053788),(0.,1.),.UNSPECIFIED.)
GEOMETRIC_REPRESENTATION_ITEM()
RATIONAL_B_SPLINE_SURFACE(((1.,0.707106781186548,1.),(1.,0.69611079658594,
1.),(1.,0.658364426655151,1.),(1.,0.598897232557841,1.),(1.,0.567571803113765,
1.),(1.,0.565467359844698,1.),(1.,0.603979647407366,1.),(1.,0.654413989434353,
1.),(1.,0.67777996251982,1.)))
REPRESENTATION_ITEM('')
SURFACE()
);
#19=(
BOUNDED_SURFACE()
B_SPLINE_SURFACE(3,2,((#6467,#6468,#6469),(#6470,#6471,#6472),(#6473,#6474,
#6475),(#6476,#6477,#6478),(#6479,#6480,#6481)),.UNSPECIFIED.,.F.,.F.,.F.)
B_SPLINE_SURFACE_WITH_KNOTS((4,1,4),(3,3),(2.58377446781889,3.40937909185193,
4.23498371588496),(0.,1.),.UNSPECIFIED.)
GEOMETRIC_REPRESENTATION_ITEM()
RATIONAL_B_SPLINE_SURFACE(((1.,0.894404245550121,1.),(1.,0.923196376577755,
1.),(1.,0.938971415024173,1.),(1.,0.866999025202526,1.),(1.,0.813909906143283,
1.)))
REPRESENTATION_ITEM('')
SURFACE()
);
#20=(
BOUNDED_SURFACE()
B_SPLINE_SURFACE(3,2,((#6506,#6507,#6508),(#6509,#6510,#6511),(#6512,#6513,
#6514),(#6515,#6516,#6517),(#6518,#6519,#6520),(#6521,#6522,#6523),(#6524,
#6525,#6526)),.UNSPECIFIED.,.F.,.F.,.F.)
B_SPLINE_SURFACE_WITH_KNOTS((4,1,1,1,4),(3,3),(0.000567357995276271,0.00124246915844685,
0.00191758032161743,0.00259269148478801,0.00326780264795858),(0.,1.),
 .UNSPECIFIED.)
GEOMETRIC_REPRESENTATION_ITEM()
RATIONAL_B_SPLINE_SURFACE(((1.,0.689314680024135,1.),(1.,0.673742756970638,
1.),(1.,0.62369623298146,1.),(1.,0.604156352151708,1.),(1.,0.674406471259467,
1.),(1.,0.705313271915441,1.),(1.,0.707106781186548,1.)))
REPRESENTATION_ITEM('')
SURFACE()
);
#21=(
BOUNDED_SURFACE()
B_SPLINE_SURFACE(3,2,((#6543,#6544,#6545),(#6546,#6547,#6548),(#6549,#6550,
#6551),(#6552,#6553,#6554),(#6555,#6556,#6557)),.UNSPECIFIED.,.F.,.F.,.F.)
B_SPLINE_SURFACE_WITH_KNOTS((4,1,4),(3,3),(5.72536712140868,6.55097174544172,
7.37657636947476),(0.,1.),.UNSPECIFIED.)
GEOMETRIC_REPRESENTATION_ITEM()
RATIONAL_B_SPLINE_SURFACE(((1.,0.894404245550116,1.),(1.,0.923196376578148,
1.),(1.,0.938971415022851,1.),(1.,0.866999025204767,1.),(1.,0.813909906143276,
1.)))
REPRESENTATION_ITEM('')
SURFACE()
);
#22=CONICAL_SURFACE('',#3750,0.0016,0.785398163397446);
#23=CONICAL_SURFACE('',#3751,0.0016,0.785398163397452);
#24=CONICAL_SURFACE('',#3963,0.0016,0.785398163397446);
#25=CONICAL_SURFACE('',#3964,0.0016,0.785398163397452);
#26=TOROIDAL_SURFACE('',#3734,0.00725,0.001);
#27=TOROIDAL_SURFACE('',#3741,0.00725,0.001);
#28=TOROIDAL_SURFACE('',#3742,0.00725,0.001);
#29=TOROIDAL_SURFACE('',#3749,0.00725,0.001);
#30=TOROIDAL_SURFACE('',#3777,0.0045,0.0005);
#31=TOROIDAL_SURFACE('',#3783,0.0045,0.0005);
#32=TOROIDAL_SURFACE('',#3796,0.0021,0.0005);
#33=TOROIDAL_SURFACE('',#3797,0.0021,0.0005);
#34=TOROIDAL_SURFACE('',#3798,0.0045,0.0005);
#35=TOROIDAL_SURFACE('',#3828,0.0045,0.0005);
#36=TOROIDAL_SURFACE('',#3848,0.0021,0.0005);
#37=TOROIDAL_SURFACE('',#3849,0.0021,0.0005);
#38=TOROIDAL_SURFACE('',#3855,0.0045,0.0005);
#39=TOROIDAL_SURFACE('',#3865,0.001,0.0005);
#40=TOROIDAL_SURFACE('',#3873,0.0045,0.0005);
#41=TOROIDAL_SURFACE('',#3883,0.001,0.0005);
#42=TOROIDAL_SURFACE('',#3947,0.00725,0.001);
#43=TOROIDAL_SURFACE('',#3954,0.00725,0.001);
#44=TOROIDAL_SURFACE('',#3955,0.00725,0.001);
#45=TOROIDAL_SURFACE('',#3962,0.00725,0.001);
#46=TOROIDAL_SURFACE('',#3990,0.0045,0.0005);
#47=TOROIDAL_SURFACE('',#3996,0.0045,0.0005);
#48=TOROIDAL_SURFACE('',#4009,0.0021,0.0005);
#49=TOROIDAL_SURFACE('',#4010,0.0021,0.0005);
#50=TOROIDAL_SURFACE('',#4011,0.0045,0.0005);
#51=TOROIDAL_SURFACE('',#4041,0.0045,0.0005);
#52=TOROIDAL_SURFACE('',#4061,0.0021,0.0005);
#53=TOROIDAL_SURFACE('',#4062,0.0021,0.0005);
#54=TOROIDAL_SURFACE('',#4068,0.0045,0.0005);
#55=TOROIDAL_SURFACE('',#4078,0.001,0.0005);
#56=TOROIDAL_SURFACE('',#4086,0.0045,0.0005);
#57=TOROIDAL_SURFACE('',#4096,0.001,0.0005);
#58=B_SPLINE_CURVE_WITH_KNOTS('',3,(#5270,#5271,#5272,#5273,#5274,#5275,
#5276),.UNSPECIFIED.,.F.,.F.,(4,1,1,1,4),(0.,0.000736240691512902,0.0014724813830258,
0.00220872207453871,0.00294496276605161),.UNSPECIFIED.);
#59=B_SPLINE_CURVE_WITH_KNOTS('',3,(#5283,#5284,#5285,#5286,#5287,#5288,
#5289),.UNSPECIFIED.,.F.,.F.,(4,1,1,1,4),(2.90167710509313E-20,0.00155512911839875,
0.0031102582367975,0.00466538735519626,0.00622051647359501),
 .UNSPECIFIED.);
#60=B_SPLINE_CURVE_WITH_KNOTS('',3,(#5409,#5410,#5411,#5412,#5413,#5414,
#5415),.UNSPECIFIED.,.F.,.F.,(4,1,1,1,4),(2.03287907341032E-19,0.000707764640387031,
0.00141552928077406,0.00212329392116109,0.00283105856154812),
 .UNSPECIFIED.);
#61=B_SPLINE_CURVE_WITH_KNOTS('',3,(#5420,#5421,#5422,#5423,#5424,#5425,
#5426),.UNSPECIFIED.,.F.,.F.,(4,1,1,1,4),(2.34348371277036E-20,0.00155512911839875,
0.0031102582367975,0.00466538735519625,0.006220516473595),.UNSPECIFIED.);
#62=B_SPLINE_CURVE_WITH_KNOTS('',3,(#5561,#5562,#5563,#5564,#5565),
 .UNSPECIFIED.,.F.,.F.,(4,1,4),(0.,0.000587360026517427,0.00117472005303485),
 .UNSPECIFIED.);
#63=B_SPLINE_CURVE_WITH_KNOTS('',3,(#5601,#5602,#5603,#5604,#5605),
 .UNSPECIFIED.,.F.,.F.,(4,1,4),(0.,0.000552494171829247,0.00110498834365849),
 .UNSPECIFIED.);
#64=B_SPLINE_CURVE_WITH_KNOTS('',3,(#5651,#5652,#5653,#5654),
 .UNSPECIFIED.,.F.,.F.,(4,4),(0.,0.000572596902017162),.UNSPECIFIED.);
#65=B_SPLINE_CURVE_WITH_KNOTS('',3,(#5657,#5658,#5659,#5660),
 .UNSPECIFIED.,.F.,.F.,(4,4),(0.,0.000574134058111443),.UNSPECIFIED.);
#66=B_SPLINE_CURVE_WITH_KNOTS('',3,(#5695,#5696,#5697,#5698,#5699),
 .UNSPECIFIED.,.F.,.F.,(4,1,4),(0.,0.000508806409304944,0.00101761281860989),
 .UNSPECIFIED.);
#67=B_SPLINE_CURVE_WITH_KNOTS('',3,(#5730,#5731,#5732,#5733,#5734),
 .UNSPECIFIED.,.F.,.F.,(4,1,4),(0.,0.000533381639058011,0.00106676327811602),
 .UNSPECIFIED.);
#68=B_SPLINE_CURVE_WITH_KNOTS('',3,(#5757,#5758,#5759,#5760),
 .UNSPECIFIED.,.F.,.F.,(4,4),(0.,0.000833733265918772),.UNSPECIFIED.);
#69=B_SPLINE_CURVE_WITH_KNOTS('',3,(#5815,#5816,#5817,#5818),
 .UNSPECIFIED.,.F.,.F.,(4,4),(2.11495021822191E-15,0.000614563704252335),
 .UNSPECIFIED.);
#70=B_SPLINE_CURVE_WITH_KNOTS('',3,(#5820,#5821,#5822,#5823,#5824,#5825),
 .UNSPECIFIED.,.F.,.F.,(4,1,1,4),(0.,0.000139171482208871,0.000278342964417742,
0.000556685928835485),.UNSPECIFIED.);
#71=B_SPLINE_CURVE_WITH_KNOTS('',3,(#5833,#5834,#5835,#5836),
 .UNSPECIFIED.,.F.,.F.,(4,4),(0.,0.000798279468276306),.UNSPECIFIED.);
#72=B_SPLINE_CURVE_WITH_KNOTS('',3,(#5868,#5869,#5870,#5871,#5872,#5873),
 .UNSPECIFIED.,.F.,.F.,(4,1,1,4),(0.,0.000274998947527502,0.000412498421291253,
0.000549997895055004),.UNSPECIFIED.);
#73=B_SPLINE_CURVE_WITH_KNOTS('',3,(#5889,#5890,#5891,#5892),
 .UNSPECIFIED.,.F.,.F.,(4,4),(2.0971588967405E-15,0.000614563704252362),
 .UNSPECIFIED.);
#74=B_SPLINE_CURVE_WITH_KNOTS('',3,(#5943,#5944,#5945,#5946,#5947,#5948,
#5949),.UNSPECIFIED.,.F.,.F.,(4,1,1,1,4),(2.90167710509322E-20,0.00155512911839875,
0.0031102582367975,0.00466538735519625,0.006220516473595),.UNSPECIFIED.);
#75=B_SPLINE_CURVE_WITH_KNOTS('',3,(#5956,#5957,#5958,#5959,#5960,#5961,
#5962),.UNSPECIFIED.,.F.,.F.,(4,1,1,1,4),(0.,0.000736240691512926,0.00147248138302585,
0.00220872207453878,0.0029449627660517),.UNSPECIFIED.);
#76=B_SPLINE_CURVE_WITH_KNOTS('',3,(#6075,#6076,#6077,#6078,#6079,#6080,
#6081),.UNSPECIFIED.,.F.,.F.,(4,1,1,1,4),(2.34348371277037E-20,0.00155512911839875,
0.0031102582367975,0.00466538735519625,0.006220516473595),.UNSPECIFIED.);
#77=B_SPLINE_CURVE_WITH_KNOTS('',3,(#6086,#6087,#6088,#6089,#6090,#6091,
#6092),.UNSPECIFIED.,.F.,.F.,(4,1,1,1,4),(2.03287907341032E-19,0.000707764640387036,
0.00141552928077407,0.00212329392116111,0.00283105856154814),
 .UNSPECIFIED.);
#78=B_SPLINE_CURVE_WITH_KNOTS('',3,(#6229,#6230,#6231,#6232,#6233),
 .UNSPECIFIED.,.F.,.F.,(4,1,4),(0.,0.000587360026517364,0.00117472005303473),
 .UNSPECIFIED.);
#79=B_SPLINE_CURVE_WITH_KNOTS('',3,(#6270,#6271,#6272,#6273,#6274),
 .UNSPECIFIED.,.F.,.F.,(4,1,4),(0.,0.000552494171829268,0.00110498834365854),
 .UNSPECIFIED.);
#80=B_SPLINE_CURVE_WITH_KNOTS('',3,(#6319,#6320,#6321,#6322),
 .UNSPECIFIED.,.F.,.F.,(4,4),(0.,0.000572596902017161),.UNSPECIFIED.);
#81=B_SPLINE_CURVE_WITH_KNOTS('',3,(#6326,#6327,#6328,#6329),
 .UNSPECIFIED.,.F.,.F.,(4,4),(0.,0.00057413405811145),.UNSPECIFIED.);
#82=B_SPLINE_CURVE_WITH_KNOTS('',3,(#6364,#6365,#6366,#6367,#6368),
 .UNSPECIFIED.,.F.,.F.,(4,1,4),(0.,0.000508806409304948,0.0010176128186099),
 .UNSPECIFIED.);
#83=B_SPLINE_CURVE_WITH_KNOTS('',3,(#6399,#6400,#6401,#6402,#6403),
 .UNSPECIFIED.,.F.,.F.,(4,1,4),(0.,0.000533381639058029,0.00106676327811606),
 .UNSPECIFIED.);
#84=B_SPLINE_CURVE_WITH_KNOTS('',3,(#6426,#6427,#6428,#6429),
 .UNSPECIFIED.,.F.,.F.,(4,4),(0.,0.000833733265918776),.UNSPECIFIED.);
#85=B_SPLINE_CURVE_WITH_KNOTS('',3,(#6484,#6485,#6486,#6487),
 .UNSPECIFIED.,.F.,.F.,(4,4),(2.11344430247836E-15,0.000614563704252358),
 .UNSPECIFIED.);
#86=B_SPLINE_CURVE_WITH_KNOTS('',3,(#6489,#6490,#6491,#6492,#6493,#6494),
 .UNSPECIFIED.,.F.,.F.,(4,1,1,4),(0.,0.000139171482208839,0.000278342964417678,
0.000556685928835356),.UNSPECIFIED.);
#87=B_SPLINE_CURVE_WITH_KNOTS('',3,(#6502,#6503,#6504,#6505),
 .UNSPECIFIED.,.F.,.F.,(4,4),(0.,0.000798279468276268),.UNSPECIFIED.);
#88=B_SPLINE_CURVE_WITH_KNOTS('',3,(#6537,#6538,#6539,#6540,#6541,#6542),
 .UNSPECIFIED.,.F.,.F.,(4,1,1,4),(0.,0.000274998947527491,0.000412498421291237,
0.000549997895054983),.UNSPECIFIED.);
#89=B_SPLINE_CURVE_WITH_KNOTS('',3,(#6558,#6559,#6560,#6561),
 .UNSPECIFIED.,.F.,.F.,(4,4),(2.10529563778756E-15,0.000614563704252385),
 .UNSPECIFIED.);
#90=CYLINDRICAL_SURFACE('',#3680,0.005);
#91=CYLINDRICAL_SURFACE('',#3689,0.0016);
#92=CYLINDRICAL_SURFACE('',#3701,0.005);
#93=CYLINDRICAL_SURFACE('',#3705,0.0016);
#94=CYLINDRICAL_SURFACE('',#3711,0.0016);
#95=CYLINDRICAL_SURFACE('',#3724,0.00625);
#96=CYLINDRICAL_SURFACE('',#3728,0.00625);
#97=CYLINDRICAL_SURFACE('',#3731,0.0016);
#98=CYLINDRICAL_SURFACE('',#3737,0.001);
#99=CYLINDRICAL_SURFACE('',#3739,0.001);
#100=CYLINDRICAL_SURFACE('',#3745,0.001);
#101=CYLINDRICAL_SURFACE('',#3747,0.001);
#102=CYLINDRICAL_SURFACE('',#3768,0.0005);
#103=CYLINDRICAL_SURFACE('',#3771,0.0005);
#104=CYLINDRICAL_SURFACE('',#3773,0.0005);
#105=CYLINDRICAL_SURFACE('',#3775,0.0005);
#106=CYLINDRICAL_SURFACE('',#3779,0.0005);
#107=CYLINDRICAL_SURFACE('',#3781,0.0005);
#108=CYLINDRICAL_SURFACE('',#3785,0.0005);
#109=CYLINDRICAL_SURFACE('',#3787,0.0005);
#110=CYLINDRICAL_SURFACE('',#3789,0.0005);
#111=CYLINDRICAL_SURFACE('',#3791,0.0005);
#112=CYLINDRICAL_SURFACE('',#3793,0.0005);
#113=CYLINDRICAL_SURFACE('',#3795,0.0005);
#114=CYLINDRICAL_SURFACE('',#3800,0.0005);
#115=CYLINDRICAL_SURFACE('',#3802,0.0005);
#116=CYLINDRICAL_SURFACE('',#3804,0.0005);
#117=CYLINDRICAL_SURFACE('',#3806,0.0005);
#118=CYLINDRICAL_SURFACE('',#3808,0.0005);
#119=CYLINDRICAL_SURFACE('',#3810,0.0005);
#120=CYLINDRICAL_SURFACE('',#3812,0.0005);
#121=CYLINDRICAL_SURFACE('',#3814,0.0005);
#122=CYLINDRICAL_SURFACE('',#3816,0.0005);
#123=CYLINDRICAL_SURFACE('',#3818,0.0005);
#124=CYLINDRICAL_SURFACE('',#3820,0.0005);
#125=CYLINDRICAL_SURFACE('',#3822,0.0005);
#126=CYLINDRICAL_SURFACE('',#3824,0.0005);
#127=CYLINDRICAL_SURFACE('',#3826,0.0005);
#128=CYLINDRICAL_SURFACE('',#3829,0.0005);
#129=CYLINDRICAL_SURFACE('',#3831,0.0005);
#130=CYLINDRICAL_SURFACE('',#3833,0.0005);
#131=CYLINDRICAL_SURFACE('',#3835,0.0005);
#132=CYLINDRICAL_SURFACE('',#3837,0.0005);
#133=CYLINDRICAL_SURFACE('',#3839,0.0005);
#134=CYLINDRICAL_SURFACE('',#3841,0.0005);
#135=CYLINDRICAL_SURFACE('',#3843,0.0005);
#136=CYLINDRICAL_SURFACE('',#3845,0.0005);
#137=CYLINDRICAL_SURFACE('',#3847,0.0005);
#138=CYLINDRICAL_SURFACE('',#3850,0.0005);
#139=CYLINDRICAL_SURFACE('',#3853,0.0005);
#140=CYLINDRICAL_SURFACE('',#3857,0.0005);
#141=CYLINDRICAL_SURFACE('',#3859,0.0005);
#142=CYLINDRICAL_SURFACE('',#3862,0.0005);
#143=CYLINDRICAL_SURFACE('',#3863,0.0005);
#144=CYLINDRICAL_SURFACE('',#3867,0.0005);
#145=CYLINDRICAL_SURFACE('',#3868,0.0005);
#146=CYLINDRICAL_SURFACE('',#3871,0.0005);
#147=CYLINDRICAL_SURFACE('',#3875,0.0005);
#148=CYLINDRICAL_SURFACE('',#3877,0.0005);
#149=CYLINDRICAL_SURFACE('',#3879,0.0005);
#150=CYLINDRICAL_SURFACE('',#3881,0.0005);
#151=CYLINDRICAL_SURFACE('',#3885,0.0005);
#152=CYLINDRICAL_SURFACE('',#3893,0.005);
#153=CYLINDRICAL_SURFACE('',#3902,0.0016);
#154=CYLINDRICAL_SURFACE('',#3914,0.005);
#155=CYLINDRICAL_SURFACE('',#3918,0.0016);
#156=CYLINDRICAL_SURFACE('',#3924,0.0016);
#157=CYLINDRICAL_SURFACE('',#3937,0.00625);
#158=CYLINDRICAL_SURFACE('',#3941,0.00625);
#159=CYLINDRICAL_SURFACE('',#3944,0.0016);
#160=CYLINDRICAL_SURFACE('',#3950,0.001);
#161=CYLINDRICAL_SURFACE('',#3952,0.001);
#162=CYLINDRICAL_SURFACE('',#3958,0.001);
#163=CYLINDRICAL_SURFACE('',#3960,0.001);
#164=CYLINDRICAL_SURFACE('',#3981,0.0005);
#165=CYLINDRICAL_SURFACE('',#3984,0.0005);
#166=CYLINDRICAL_SURFACE('',#3986,0.0005);
#167=CYLINDRICAL_SURFACE('',#3988,0.0005);
#168=CYLINDRICAL_SURFACE('',#3992,0.0005);
#169=CYLINDRICAL_SURFACE('',#3994,0.0005);
#170=CYLINDRICAL_SURFACE('',#3998,0.0005);
#171=CYLINDRICAL_SURFACE('',#4000,0.0005);
#172=CYLINDRICAL_SURFACE('',#4002,0.0005);
#173=CYLINDRICAL_SURFACE('',#4004,0.0005);
#174=CYLINDRICAL_SURFACE('',#4006,0.0005);
#175=CYLINDRICAL_SURFACE('',#4008,0.0005);
#176=CYLINDRICAL_SURFACE('',#4013,0.0005);
#177=CYLINDRICAL_SURFACE('',#4015,0.0005);
#178=CYLINDRICAL_SURFACE('',#4017,0.0005);
#179=CYLINDRICAL_SURFACE('',#4019,0.0005);
#180=CYLINDRICAL_SURFACE('',#4021,0.0005);
#181=CYLINDRICAL_SURFACE('',#4023,0.0005);
#182=CYLINDRICAL_SURFACE('',#4025,0.0005);
#183=CYLINDRICAL_SURFACE('',#4027,0.0005);
#184=CYLINDRICAL_SURFACE('',#4029,0.0005);
#185=CYLINDRICAL_SURFACE('',#4031,0.0005);
#186=CYLINDRICAL_SURFACE('',#4033,0.0005);
#187=CYLINDRICAL_SURFACE('',#4035,0.0005);
#188=CYLINDRICAL_SURFACE('',#4037,0.0005);
#189=CYLINDRICAL_SURFACE('',#4039,0.0005);
#190=CYLINDRICAL_SURFACE('',#4042,0.0005);
#191=CYLINDRICAL_SURFACE('',#4044,0.0005);
#192=CYLINDRICAL_SURFACE('',#4046,0.0005);
#193=CYLINDRICAL_SURFACE('',#4048,0.0005);
#194=CYLINDRICAL_SURFACE('',#4050,0.0005);
#195=CYLINDRICAL_SURFACE('',#4052,0.0005);
#196=CYLINDRICAL_SURFACE('',#4054,0.0005);
#197=CYLINDRICAL_SURFACE('',#4056,0.0005);
#198=CYLINDRICAL_SURFACE('',#4058,0.0005);
#199=CYLINDRICAL_SURFACE('',#4060,0.0005);
#200=CYLINDRICAL_SURFACE('',#4063,0.0005);
#201=CYLINDRICAL_SURFACE('',#4066,0.0005);
#202=CYLINDRICAL_SURFACE('',#4070,0.0005);
#203=CYLINDRICAL_SURFACE('',#4072,0.0005);
#204=CYLINDRICAL_SURFACE('',#4075,0.0005);
#205=CYLINDRICAL_SURFACE('',#4076,0.0005);
#206=CYLINDRICAL_SURFACE('',#4080,0.0005);
#207=CYLINDRICAL_SURFACE('',#4081,0.0005);
#208=CYLINDRICAL_SURFACE('',#4084,0.0005);
#209=CYLINDRICAL_SURFACE('',#4088,0.0005);
#210=CYLINDRICAL_SURFACE('',#4090,0.0005);
#211=CYLINDRICAL_SURFACE('',#4092,0.0005);
#212=CYLINDRICAL_SURFACE('',#4094,0.0005);
#213=CYLINDRICAL_SURFACE('',#4098,0.0005);
#214=ELLIPSE('',#3676,0.0014142135623731,0.001);
#215=ELLIPSE('',#3678,0.00141421356237309,0.001);
#216=ELLIPSE('',#3769,0.000541196100146197,0.0005);
#217=ELLIPSE('',#3770,0.000541196100146197,0.0005);
#218=ELLIPSE('',#3772,0.000541196100146197,0.0005);
#219=ELLIPSE('',#3776,0.000541196100146197,0.0005);
#220=ELLIPSE('',#3782,0.000519783826015509,0.0005);
#221=ELLIPSE('',#3786,0.000519783826015509,0.0005);
#222=ELLIPSE('',#3788,0.000519783826015509,0.0005);
#223=ELLIPSE('',#3790,0.000513743148373008,0.0005);
#224=ELLIPSE('',#3792,0.000519783826015509,0.0005);
#225=ELLIPSE('',#3794,0.000513743148373008,0.0005);
#226=ELLIPSE('',#3801,0.000519783826015509,0.0005);
#227=ELLIPSE('',#3803,0.000541196100146197,0.0005);
#228=ELLIPSE('',#3805,0.000519783826015509,0.0005);
#229=ELLIPSE('',#3807,0.000541196100146197,0.0005);
#230=ELLIPSE('',#3809,0.000513743148373008,0.0005);
#231=ELLIPSE('',#3811,0.000541196100146197,0.0005);
#232=ELLIPSE('',#3813,0.000513743148373008,0.0005);
#233=ELLIPSE('',#3815,0.000541196100146197,0.0005);
#234=ELLIPSE('',#3817,0.000519783826015509,0.0005);
#235=ELLIPSE('',#3819,0.000541196100146197,0.0005);
#236=ELLIPSE('',#3821,0.000519783826015509,0.0005);
#237=ELLIPSE('',#3823,0.000541196100146197,0.0005);
#238=ELLIPSE('',#3827,0.000541196100146197,0.0005);
#239=ELLIPSE('',#3830,0.000541196100146197,0.0005);
#240=ELLIPSE('',#3832,0.000541196100146197,0.0005);
#241=ELLIPSE('',#3834,0.000541196100146197,0.0005);
#242=ELLIPSE('',#3836,0.000541196100146197,0.0005);
#243=ELLIPSE('',#3838,0.000541196100146197,0.0005);
#244=ELLIPSE('',#3840,0.000541196100146197,0.0005);
#245=ELLIPSE('',#3842,0.000541196100146197,0.0005);
#246=ELLIPSE('',#3844,0.000541196100146197,0.0005);
#247=ELLIPSE('',#3846,0.000541196100146197,0.0005);
#248=ELLIPSE('',#3851,0.000541196100146197,0.0005);
#249=ELLIPSE('',#3854,0.000541196100146197,0.0005);
#250=ELLIPSE('',#3858,0.000541196100146197,0.0005);
#251=ELLIPSE('',#3861,0.0011180339887499,0.0005);
#252=ELLIPSE('',#3864,0.000541196100146197,0.0005);
#253=ELLIPSE('',#3869,0.000541196100146197,0.0005);
#254=ELLIPSE('',#3872,0.000541196100146197,0.0005);
#255=ELLIPSE('',#3876,0.000541196100146197,0.0005);
#256=ELLIPSE('',#3878,0.00111803398874989,0.0005);
#257=ELLIPSE('',#3882,0.000541196100146197,0.0005);
#258=ELLIPSE('',#3888,0.0014142135623731,0.001);
#259=ELLIPSE('',#3892,0.00141421356237309,0.001);
#260=ELLIPSE('',#3982,0.000541196100146197,0.0005);
#261=ELLIPSE('',#3983,0.000541196100146197,0.0005);
#262=ELLIPSE('',#3985,0.000541196100146197,0.0005);
#263=ELLIPSE('',#3989,0.000541196100146197,0.0005);
#264=ELLIPSE('',#3995,0.000519783826015509,0.0005);
#265=ELLIPSE('',#3999,0.000519783826015509,0.0005);
#266=ELLIPSE('',#4001,0.000519783826015509,0.0005);
#267=ELLIPSE('',#4003,0.000513743148373008,0.0005);
#268=ELLIPSE('',#4005,0.000519783826015509,0.0005);
#269=ELLIPSE('',#4007,0.000513743148373008,0.0005);
#270=ELLIPSE('',#4014,0.000519783826015509,0.0005);
#271=ELLIPSE('',#4016,0.000541196100146197,0.0005);
#272=ELLIPSE('',#4018,0.000519783826015509,0.0005);
#273=ELLIPSE('',#4020,0.000541196100146197,0.0005);
#274=ELLIPSE('',#4022,0.000513743148373008,0.0005);
#275=ELLIPSE('',#4024,0.000541196100146197,0.0005);
#276=ELLIPSE('',#4026,0.000513743148373008,0.0005);
#277=ELLIPSE('',#4028,0.000541196100146197,0.0005);
#278=ELLIPSE('',#4030,0.000519783826015509,0.0005);
#279=ELLIPSE('',#4032,0.000541196100146197,0.0005);
#280=ELLIPSE('',#4034,0.000519783826015509,0.0005);
#281=ELLIPSE('',#4036,0.000541196100146197,0.0005);
#282=ELLIPSE('',#4040,0.000541196100146197,0.0005);
#283=ELLIPSE('',#4043,0.000541196100146197,0.0005);
#284=ELLIPSE('',#4045,0.000541196100146197,0.0005);
#285=ELLIPSE('',#4047,0.000541196100146197,0.0005);
#286=ELLIPSE('',#4049,0.000541196100146197,0.0005);
#287=ELLIPSE('',#4051,0.000541196100146197,0.0005);
#288=ELLIPSE('',#4053,0.000541196100146197,0.0005);
#289=ELLIPSE('',#4055,0.000541196100146197,0.0005);
#290=ELLIPSE('',#4057,0.000541196100146197,0.0005);
#291=ELLIPSE('',#4059,0.000541196100146197,0.0005);
#292=ELLIPSE('',#4064,0.000541196100146197,0.0005);
#293=ELLIPSE('',#4067,0.000541196100146197,0.0005);
#294=ELLIPSE('',#4071,0.000541196100146197,0.0005);
#295=ELLIPSE('',#4074,0.0011180339887499,0.0005);
#296=ELLIPSE('',#4077,0.000541196100146197,0.0005);
#297=ELLIPSE('',#4082,0.000541196100146197,0.0005);
#298=ELLIPSE('',#4085,0.000541196100146197,0.0005);
#299=ELLIPSE('',#4089,0.000541196100146197,0.0005);
#300=ELLIPSE('',#4091,0.00111803398874989,0.0005);
#301=ELLIPSE('',#4095,0.000541196100146197,0.0005);
#302=CIRCLE('',#3675,0.001);
#303=CIRCLE('',#3679,0.001);
#304=CIRCLE('',#3681,0.005);
#305=CIRCLE('',#3682,0.005);
#306=CIRCLE('',#3683,0.005);
#307=CIRCLE('',#3685,0.0021);
#308=CIRCLE('',#3686,0.0021);
#309=CIRCLE('',#3687,0.0045);
#310=CIRCLE('',#3688,0.0045);
#311=CIRCLE('',#3690,0.0016);
#312=CIRCLE('',#3691,0.0016);
#313=CIRCLE('',#3693,0.0034);
#314=CIRCLE('',#3696,0.00725);
#315=CIRCLE('',#3697,0.00725);
#316=CIRCLE('',#3700,0.0034);
#317=CIRCLE('',#3702,0.005);
#318=CIRCLE('',#3703,0.005);
#319=CIRCLE('',#3704,0.005);
#320=CIRCLE('',#3706,0.0016);
#321=CIRCLE('',#3707,0.0016);
#322=CIRCLE('',#3709,0.00725);
#323=CIRCLE('',#3710,0.00725);
#324=CIRCLE('',#3712,0.0016);
#325=CIRCLE('',#3713,0.0016);
#326=CIRCLE('',#3715,0.0021);
#327=CIRCLE('',#3716,0.0021);
#328=CIRCLE('',#3717,0.0045);
#329=CIRCLE('',#3718,0.0045);
#330=CIRCLE('',#3725,0.00625);
#331=CIRCLE('',#3726,0.00625);
#332=CIRCLE('',#3729,0.00625);
#333=CIRCLE('',#3730,0.00625);
#334=CIRCLE('',#3732,0.0016);
#335=CIRCLE('',#3733,0.0016);
#336=CIRCLE('',#3735,0.001);
#337=CIRCLE('',#3736,0.001);
#338=CIRCLE('',#3738,0.001);
#339=CIRCLE('',#3740,0.001);
#340=CIRCLE('',#3743,0.001);
#341=CIRCLE('',#3744,0.001);
#342=CIRCLE('',#3746,0.001);
#343=CIRCLE('',#3748,0.001);
#344=CIRCLE('',#3756,0.0045);
#345=CIRCLE('',#3761,0.0045);
#346=CIRCLE('',#3774,0.0005);
#347=CIRCLE('',#3778,0.0005);
#348=CIRCLE('',#3780,0.0005);
#349=CIRCLE('',#3784,0.0005);
#350=CIRCLE('',#3799,0.0005);
#351=CIRCLE('',#3825,0.0005);
#352=CIRCLE('',#3852,0.0005);
#353=CIRCLE('',#3856,0.0005);
#354=CIRCLE('',#3860,0.0005);
#355=CIRCLE('',#3866,0.0005);
#356=CIRCLE('',#3870,0.0005);
#357=CIRCLE('',#3874,0.0005);
#358=CIRCLE('',#3880,0.0005);
#359=CIRCLE('',#3884,0.0005);
#360=CIRCLE('',#3889,0.001);
#361=CIRCLE('',#3891,0.001);
#362=CIRCLE('',#3894,0.005);
#363=CIRCLE('',#3895,0.005);
#364=CIRCLE('',#3896,0.005);
#365=CIRCLE('',#3898,0.0021);
#366=CIRCLE('',#3899,0.0021);
#367=CIRCLE('',#3900,0.0045);
#368=CIRCLE('',#3901,0.0045);
#369=CIRCLE('',#3903,0.0016);
#370=CIRCLE('',#3904,0.0016);
#371=CIRCLE('',#3906,0.0034);
#372=CIRCLE('',#3909,0.00725);
#373=CIRCLE('',#3910,0.00725);
#374=CIRCLE('',#3913,0.0034);
#375=CIRCLE('',#3915,0.005);
#376=CIRCLE('',#3916,0.005);
#377=CIRCLE('',#3917,0.005);
#378=CIRCLE('',#3919,0.0016);
#379=CIRCLE('',#3920,0.0016);
#380=CIRCLE('',#3922,0.00725);
#381=CIRCLE('',#3923,0.00725);
#382=CIRCLE('',#3925,0.0016);
#383=CIRCLE('',#3926,0.0016);
#384=CIRCLE('',#3928,0.0021);
#385=CIRCLE('',#3929,0.0021);
#386=CIRCLE('',#3930,0.0045);
#387=CIRCLE('',#3931,0.0045);
#388=CIRCLE('',#3938,0.00625);
#389=CIRCLE('',#3939,0.00625);
#390=CIRCLE('',#3942,0.00625);
#391=CIRCLE('',#3943,0.00625);
#392=CIRCLE('',#3945,0.0016);
#393=CIRCLE('',#3946,0.0016);
#394=CIRCLE('',#3948,0.001);
#395=CIRCLE('',#3949,0.001);
#396=CIRCLE('',#3951,0.001);
#397=CIRCLE('',#3953,0.001);
#398=CIRCLE('',#3956,0.001);
#399=CIRCLE('',#3957,0.001);
#400=CIRCLE('',#3959,0.001);
#401=CIRCLE('',#3961,0.001);
#402=CIRCLE('',#3969,0.0045);
#403=CIRCLE('',#3974,0.0045);
#404=CIRCLE('',#3987,0.0005);
#405=CIRCLE('',#3991,0.0005);
#406=CIRCLE('',#3993,0.0005);
#407=CIRCLE('',#3997,0.0005);
#408=CIRCLE('',#4012,0.0005);
#409=CIRCLE('',#4038,0.0005);
#410=CIRCLE('',#4065,0.0005);
#411=CIRCLE('',#4069,0.0005);
#412=CIRCLE('',#4073,0.0005);
#413=CIRCLE('',#4079,0.0005);
#414=CIRCLE('',#4083,0.0005);
#415=CIRCLE('',#4087,0.0005);
#416=CIRCLE('',#4093,0.0005);
#417=CIRCLE('',#4097,0.0005);
#418=ORIENTED_EDGE('',*,*,#1450,.F.);
#419=ORIENTED_EDGE('',*,*,#1451,.T.);
#420=ORIENTED_EDGE('',*,*,#1452,.T.);
#421=ORIENTED_EDGE('',*,*,#1453,.T.);
#422=ORIENTED_EDGE('',*,*,#1454,.T.);
#423=ORIENTED_EDGE('',*,*,#1455,.T.);
#424=ORIENTED_EDGE('',*,*,#1456,.T.);
#425=ORIENTED_EDGE('',*,*,#1457,.T.);
#426=ORIENTED_EDGE('',*,*,#1458,.T.);
#427=ORIENTED_EDGE('',*,*,#1459,.T.);
#428=ORIENTED_EDGE('',*,*,#1460,.T.);
#429=ORIENTED_EDGE('',*,*,#1461,.T.);
#430=ORIENTED_EDGE('',*,*,#1462,.T.);
#431=ORIENTED_EDGE('',*,*,#1463,.T.);
#432=ORIENTED_EDGE('',*,*,#1464,.T.);
#433=ORIENTED_EDGE('',*,*,#1465,.T.);
#434=ORIENTED_EDGE('',*,*,#1466,.F.);
#435=ORIENTED_EDGE('',*,*,#1467,.T.);
#436=ORIENTED_EDGE('',*,*,#1468,.T.);
#437=ORIENTED_EDGE('',*,*,#1450,.T.);
#438=ORIENTED_EDGE('',*,*,#1469,.T.);
#439=ORIENTED_EDGE('',*,*,#1470,.F.);
#440=ORIENTED_EDGE('',*,*,#1471,.T.);
#441=ORIENTED_EDGE('',*,*,#1472,.F.);
#442=ORIENTED_EDGE('',*,*,#1473,.T.);
#443=ORIENTED_EDGE('',*,*,#1474,.T.);
#444=ORIENTED_EDGE('',*,*,#1475,.T.);
#445=ORIENTED_EDGE('',*,*,#1476,.T.);
#446=ORIENTED_EDGE('',*,*,#1477,.T.);
#447=ORIENTED_EDGE('',*,*,#1478,.T.);
#448=ORIENTED_EDGE('',*,*,#1479,.T.);
#449=ORIENTED_EDGE('',*,*,#1480,.T.);
#450=ORIENTED_EDGE('',*,*,#1481,.T.);
#451=ORIENTED_EDGE('',*,*,#1482,.T.);
#452=ORIENTED_EDGE('',*,*,#1483,.T.);
#453=ORIENTED_EDGE('',*,*,#1484,.T.);
#454=ORIENTED_EDGE('',*,*,#1485,.T.);
#455=ORIENTED_EDGE('',*,*,#1486,.T.);
#456=ORIENTED_EDGE('',*,*,#1487,.T.);
#457=ORIENTED_EDGE('',*,*,#1488,.T.);
#458=ORIENTED_EDGE('',*,*,#1489,.T.);
#459=ORIENTED_EDGE('',*,*,#1490,.T.);
#460=ORIENTED_EDGE('',*,*,#1491,.T.);
#461=ORIENTED_EDGE('',*,*,#1492,.T.);
#462=ORIENTED_EDGE('',*,*,#1493,.T.);
#463=ORIENTED_EDGE('',*,*,#1494,.T.);
#464=ORIENTED_EDGE('',*,*,#1495,.T.);
#465=ORIENTED_EDGE('',*,*,#1496,.T.);
#466=ORIENTED_EDGE('',*,*,#1497,.T.);
#467=ORIENTED_EDGE('',*,*,#1498,.T.);
#468=ORIENTED_EDGE('',*,*,#1499,.T.);
#469=ORIENTED_EDGE('',*,*,#1500,.T.);
#470=ORIENTED_EDGE('',*,*,#1501,.T.);
#471=ORIENTED_EDGE('',*,*,#1502,.T.);
#472=ORIENTED_EDGE('',*,*,#1503,.F.);
#473=ORIENTED_EDGE('',*,*,#1470,.T.);
#474=ORIENTED_EDGE('',*,*,#1504,.T.);
#475=ORIENTED_EDGE('',*,*,#1505,.T.);
#476=ORIENTED_EDGE('',*,*,#1506,.T.);
#477=ORIENTED_EDGE('',*,*,#1472,.T.);
#478=ORIENTED_EDGE('',*,*,#1507,.T.);
#479=ORIENTED_EDGE('',*,*,#1508,.T.);
#480=ORIENTED_EDGE('',*,*,#1509,.T.);
#481=ORIENTED_EDGE('',*,*,#1510,.F.);
#482=ORIENTED_EDGE('',*,*,#1511,.T.);
#483=ORIENTED_EDGE('',*,*,#1512,.T.);
#484=ORIENTED_EDGE('',*,*,#1513,.T.);
#485=ORIENTED_EDGE('',*,*,#1514,.T.);
#486=ORIENTED_EDGE('',*,*,#1515,.T.);
#487=ORIENTED_EDGE('',*,*,#1510,.T.);
#488=ORIENTED_EDGE('',*,*,#1516,.T.);
#489=ORIENTED_EDGE('',*,*,#1517,.F.);
#490=ORIENTED_EDGE('',*,*,#1518,.T.);
#491=ORIENTED_EDGE('',*,*,#1517,.T.);
#492=ORIENTED_EDGE('',*,*,#1519,.T.);
#493=ORIENTED_EDGE('',*,*,#1520,.T.);
#494=ORIENTED_EDGE('',*,*,#1521,.T.);
#495=ORIENTED_EDGE('',*,*,#1522,.T.);
#496=ORIENTED_EDGE('',*,*,#1523,.T.);
#497=ORIENTED_EDGE('',*,*,#1524,.F.);
#498=ORIENTED_EDGE('',*,*,#1525,.T.);
#499=ORIENTED_EDGE('',*,*,#1526,.F.);
#500=ORIENTED_EDGE('',*,*,#1527,.T.);
#501=ORIENTED_EDGE('',*,*,#1524,.T.);
#502=ORIENTED_EDGE('',*,*,#1528,.T.);
#503=ORIENTED_EDGE('',*,*,#1462,.F.);
#504=ORIENTED_EDGE('',*,*,#1529,.T.);
#505=ORIENTED_EDGE('',*,*,#1530,.T.);
#506=ORIENTED_EDGE('',*,*,#1531,.T.);
#507=ORIENTED_EDGE('',*,*,#1532,.T.);
#508=ORIENTED_EDGE('',*,*,#1526,.T.);
#509=ORIENTED_EDGE('',*,*,#1533,.T.);
#510=ORIENTED_EDGE('',*,*,#1534,.T.);
#511=ORIENTED_EDGE('',*,*,#1535,.T.);
#512=ORIENTED_EDGE('',*,*,#1536,.T.);
#513=ORIENTED_EDGE('',*,*,#1537,.T.);
#514=ORIENTED_EDGE('',*,*,#1538,.T.);
#515=ORIENTED_EDGE('',*,*,#1539,.T.);
#516=ORIENTED_EDGE('',*,*,#1540,.T.);
#517=ORIENTED_EDGE('',*,*,#1541,.T.);
#518=ORIENTED_EDGE('',*,*,#1542,.T.);
#519=ORIENTED_EDGE('',*,*,#1543,.T.);
#520=ORIENTED_EDGE('',*,*,#1544,.T.);
#521=ORIENTED_EDGE('',*,*,#1545,.T.);
#522=ORIENTED_EDGE('',*,*,#1546,.T.);
#523=ORIENTED_EDGE('',*,*,#1547,.T.);
#524=ORIENTED_EDGE('',*,*,#1548,.T.);
#525=ORIENTED_EDGE('',*,*,#1549,.T.);
#526=ORIENTED_EDGE('',*,*,#1550,.T.);
#527=ORIENTED_EDGE('',*,*,#1551,.T.);
#528=ORIENTED_EDGE('',*,*,#1552,.T.);
#529=ORIENTED_EDGE('',*,*,#1553,.T.);
#530=ORIENTED_EDGE('',*,*,#1554,.T.);
#531=ORIENTED_EDGE('',*,*,#1555,.T.);
#532=ORIENTED_EDGE('',*,*,#1556,.T.);
#533=ORIENTED_EDGE('',*,*,#1557,.T.);
#534=ORIENTED_EDGE('',*,*,#1558,.T.);
#535=ORIENTED_EDGE('',*,*,#1559,.T.);
#536=ORIENTED_EDGE('',*,*,#1560,.T.);
#537=ORIENTED_EDGE('',*,*,#1561,.T.);
#538=ORIENTED_EDGE('',*,*,#1464,.F.);
#539=ORIENTED_EDGE('',*,*,#1562,.T.);
#540=ORIENTED_EDGE('',*,*,#1540,.F.);
#541=ORIENTED_EDGE('',*,*,#1563,.T.);
#542=ORIENTED_EDGE('',*,*,#1542,.F.);
#543=ORIENTED_EDGE('',*,*,#1564,.T.);
#544=ORIENTED_EDGE('',*,*,#1456,.F.);
#545=ORIENTED_EDGE('',*,*,#1565,.T.);
#546=ORIENTED_EDGE('',*,*,#1520,.F.);
#547=ORIENTED_EDGE('',*,*,#1566,.T.);
#548=ORIENTED_EDGE('',*,*,#1522,.F.);
#549=ORIENTED_EDGE('',*,*,#1567,.T.);
#550=ORIENTED_EDGE('',*,*,#1505,.F.);
#551=ORIENTED_EDGE('',*,*,#1568,.T.);
#552=ORIENTED_EDGE('',*,*,#1508,.F.);
#553=ORIENTED_EDGE('',*,*,#1569,.T.);
#554=ORIENTED_EDGE('',*,*,#1570,.T.);
#555=ORIENTED_EDGE('',*,*,#1571,.T.);
#556=ORIENTED_EDGE('',*,*,#1572,.F.);
#557=ORIENTED_EDGE('',*,*,#1573,.T.);
#558=ORIENTED_EDGE('',*,*,#1572,.T.);
#559=ORIENTED_EDGE('',*,*,#1574,.T.);
#560=ORIENTED_EDGE('',*,*,#1575,.F.);
#561=ORIENTED_EDGE('',*,*,#1576,.T.);
#562=ORIENTED_EDGE('',*,*,#1575,.T.);
#563=ORIENTED_EDGE('',*,*,#1577,.T.);
#564=ORIENTED_EDGE('',*,*,#1578,.F.);
#565=ORIENTED_EDGE('',*,*,#1579,.T.);
#566=ORIENTED_EDGE('',*,*,#1578,.T.);
#567=ORIENTED_EDGE('',*,*,#1580,.T.);
#568=ORIENTED_EDGE('',*,*,#1570,.F.);
#569=ORIENTED_EDGE('',*,*,#1581,.T.);
#570=ORIENTED_EDGE('',*,*,#1582,.T.);
#571=ORIENTED_EDGE('',*,*,#1583,.T.);
#572=ORIENTED_EDGE('',*,*,#1584,.F.);
#573=ORIENTED_EDGE('',*,*,#1515,.F.);
#574=ORIENTED_EDGE('',*,*,#1585,.F.);
#575=ORIENTED_EDGE('',*,*,#1574,.F.);
#576=ORIENTED_EDGE('',*,*,#1585,.T.);
#577=ORIENTED_EDGE('',*,*,#1514,.F.);
#578=ORIENTED_EDGE('',*,*,#1586,.F.);
#579=ORIENTED_EDGE('',*,*,#1577,.F.);
#580=ORIENTED_EDGE('',*,*,#1584,.T.);
#581=ORIENTED_EDGE('',*,*,#1571,.F.);
#582=ORIENTED_EDGE('',*,*,#1587,.F.);
#583=ORIENTED_EDGE('',*,*,#1512,.F.);
#584=ORIENTED_EDGE('',*,*,#1586,.T.);
#585=ORIENTED_EDGE('',*,*,#1513,.F.);
#586=ORIENTED_EDGE('',*,*,#1587,.T.);
#587=ORIENTED_EDGE('',*,*,#1580,.F.);
#588=ORIENTED_EDGE('',*,*,#1588,.F.);
#589=ORIENTED_EDGE('',*,*,#1576,.F.);
#590=ORIENTED_EDGE('',*,*,#1589,.F.);
#591=ORIENTED_EDGE('',*,*,#1539,.F.);
#592=ORIENTED_EDGE('',*,*,#1589,.T.);
#593=ORIENTED_EDGE('',*,*,#1579,.F.);
#594=ORIENTED_EDGE('',*,*,#1590,.F.);
#595=ORIENTED_EDGE('',*,*,#1536,.F.);
#596=ORIENTED_EDGE('',*,*,#1588,.T.);
#597=ORIENTED_EDGE('',*,*,#1538,.F.);
#598=ORIENTED_EDGE('',*,*,#1591,.F.);
#599=ORIENTED_EDGE('',*,*,#1573,.F.);
#600=ORIENTED_EDGE('',*,*,#1590,.T.);
#601=ORIENTED_EDGE('',*,*,#1581,.F.);
#602=ORIENTED_EDGE('',*,*,#1591,.T.);
#603=ORIENTED_EDGE('',*,*,#1537,.F.);
#604=ORIENTED_EDGE('',*,*,#1533,.F.);
#605=ORIENTED_EDGE('',*,*,#1525,.F.);
#606=ORIENTED_EDGE('',*,*,#1502,.F.);
#607=ORIENTED_EDGE('',*,*,#1471,.F.);
#608=ORIENTED_EDGE('',*,*,#1507,.F.);
#609=ORIENTED_EDGE('',*,*,#1583,.F.);
#610=ORIENTED_EDGE('',*,*,#1592,.T.);
#611=ORIENTED_EDGE('',*,*,#1593,.T.);
#612=ORIENTED_EDGE('',*,*,#1594,.T.);
#613=ORIENTED_EDGE('',*,*,#1595,.T.);
#614=ORIENTED_EDGE('',*,*,#1582,.F.);
#615=ORIENTED_EDGE('',*,*,#1596,.T.);
#616=ORIENTED_EDGE('',*,*,#1597,.T.);
#617=ORIENTED_EDGE('',*,*,#1598,.T.);
#618=ORIENTED_EDGE('',*,*,#1466,.T.);
#619=ORIENTED_EDGE('',*,*,#1599,.T.);
#620=ORIENTED_EDGE('',*,*,#1600,.T.);
#621=ORIENTED_EDGE('',*,*,#1601,.T.);
#622=ORIENTED_EDGE('',*,*,#1602,.T.);
#623=ORIENTED_EDGE('',*,*,#1603,.T.);
#624=ORIENTED_EDGE('',*,*,#1604,.T.);
#625=ORIENTED_EDGE('',*,*,#1605,.T.);
#626=ORIENTED_EDGE('',*,*,#1606,.T.);
#627=ORIENTED_EDGE('',*,*,#1607,.T.);
#628=ORIENTED_EDGE('',*,*,#1608,.T.);
#629=ORIENTED_EDGE('',*,*,#1609,.T.);
#630=ORIENTED_EDGE('',*,*,#1610,.T.);
#631=ORIENTED_EDGE('',*,*,#1611,.T.);
#632=ORIENTED_EDGE('',*,*,#1612,.T.);
#633=ORIENTED_EDGE('',*,*,#1613,.T.);
#634=ORIENTED_EDGE('',*,*,#1614,.T.);
#635=ORIENTED_EDGE('',*,*,#1503,.T.);
#636=ORIENTED_EDGE('',*,*,#1615,.T.);
#637=ORIENTED_EDGE('',*,*,#1616,.T.);
#638=ORIENTED_EDGE('',*,*,#1617,.T.);
#639=ORIENTED_EDGE('',*,*,#1618,.T.);
#640=ORIENTED_EDGE('',*,*,#1531,.F.);
#641=ORIENTED_EDGE('',*,*,#1619,.T.);
#642=ORIENTED_EDGE('',*,*,#1620,.T.);
#643=ORIENTED_EDGE('',*,*,#1621,.T.);
#644=ORIENTED_EDGE('',*,*,#1622,.T.);
#645=ORIENTED_EDGE('',*,*,#1623,.T.);
#646=ORIENTED_EDGE('',*,*,#1624,.T.);
#647=ORIENTED_EDGE('',*,*,#1625,.T.);
#648=ORIENTED_EDGE('',*,*,#1626,.T.);
#649=ORIENTED_EDGE('',*,*,#1627,.T.);
#650=ORIENTED_EDGE('',*,*,#1628,.T.);
#651=ORIENTED_EDGE('',*,*,#1629,.T.);
#652=ORIENTED_EDGE('',*,*,#1602,.F.);
#653=ORIENTED_EDGE('',*,*,#1630,.T.);
#654=ORIENTED_EDGE('',*,*,#1592,.F.);
#655=ORIENTED_EDGE('',*,*,#1631,.T.);
#656=ORIENTED_EDGE('',*,*,#1594,.F.);
#657=ORIENTED_EDGE('',*,*,#1632,.T.);
#658=ORIENTED_EDGE('',*,*,#1596,.F.);
#659=ORIENTED_EDGE('',*,*,#1633,.T.);
#660=ORIENTED_EDGE('',*,*,#1613,.F.);
#661=ORIENTED_EDGE('',*,*,#1634,.T.);
#662=ORIENTED_EDGE('',*,*,#1619,.F.);
#663=ORIENTED_EDGE('',*,*,#1635,.T.);
#664=ORIENTED_EDGE('',*,*,#1617,.F.);
#665=ORIENTED_EDGE('',*,*,#1636,.T.);
#666=ORIENTED_EDGE('',*,*,#1611,.F.);
#667=ORIENTED_EDGE('',*,*,#1637,.T.);
#668=ORIENTED_EDGE('',*,*,#1621,.F.);
#669=ORIENTED_EDGE('',*,*,#1638,.T.);
#670=ORIENTED_EDGE('',*,*,#1639,.T.);
#671=ORIENTED_EDGE('',*,*,#1458,.F.);
#672=ORIENTED_EDGE('',*,*,#1640,.T.);
#673=ORIENTED_EDGE('',*,*,#1641,.T.);
#674=ORIENTED_EDGE('',*,*,#1642,.T.);
#675=ORIENTED_EDGE('',*,*,#1600,.F.);
#676=ORIENTED_EDGE('',*,*,#1643,.T.);
#677=ORIENTED_EDGE('',*,*,#1454,.F.);
#678=ORIENTED_EDGE('',*,*,#1644,.F.);
#679=ORIENTED_EDGE('',*,*,#1564,.F.);
#680=ORIENTED_EDGE('',*,*,#1645,.F.);
#681=ORIENTED_EDGE('',*,*,#1558,.F.);
#682=ORIENTED_EDGE('',*,*,#1645,.T.);
#683=ORIENTED_EDGE('',*,*,#1541,.F.);
#684=ORIENTED_EDGE('',*,*,#1646,.F.);
#685=ORIENTED_EDGE('',*,*,#1559,.F.);
#686=ORIENTED_EDGE('',*,*,#1644,.T.);
#687=ORIENTED_EDGE('',*,*,#1557,.F.);
#688=ORIENTED_EDGE('',*,*,#1647,.F.);
#689=ORIENTED_EDGE('',*,*,#1457,.F.);
#690=ORIENTED_EDGE('',*,*,#1646,.T.);
#691=ORIENTED_EDGE('',*,*,#1562,.F.);
#692=ORIENTED_EDGE('',*,*,#1648,.F.);
#693=ORIENTED_EDGE('',*,*,#1560,.F.);
#694=ORIENTED_EDGE('',*,*,#1647,.T.);
#695=ORIENTED_EDGE('',*,*,#1556,.F.);
#696=ORIENTED_EDGE('',*,*,#1649,.F.);
#697=ORIENTED_EDGE('',*,*,#1469,.F.);
#698=ORIENTED_EDGE('',*,*,#1648,.T.);
#699=ORIENTED_EDGE('',*,*,#1463,.F.);
#700=ORIENTED_EDGE('',*,*,#1650,.F.);
#701=ORIENTED_EDGE('',*,*,#1561,.F.);
#702=ORIENTED_EDGE('',*,*,#1649,.T.);
#703=ORIENTED_EDGE('',*,*,#1555,.F.);
#704=ORIENTED_EDGE('',*,*,#1651,.F.);
#705=ORIENTED_EDGE('',*,*,#1504,.F.);
#706=ORIENTED_EDGE('',*,*,#1650,.T.);
#707=ORIENTED_EDGE('',*,*,#1528,.F.);
#708=ORIENTED_EDGE('',*,*,#1652,.F.);
#709=ORIENTED_EDGE('',*,*,#1548,.F.);
#710=ORIENTED_EDGE('',*,*,#1651,.T.);
#711=ORIENTED_EDGE('',*,*,#1554,.F.);
#712=ORIENTED_EDGE('',*,*,#1653,.F.);
#713=ORIENTED_EDGE('',*,*,#1568,.F.);
#714=ORIENTED_EDGE('',*,*,#1652,.T.);
#715=ORIENTED_EDGE('',*,*,#1523,.F.);
#716=ORIENTED_EDGE('',*,*,#1654,.F.);
#717=ORIENTED_EDGE('',*,*,#1549,.F.);
#718=ORIENTED_EDGE('',*,*,#1653,.T.);
#719=ORIENTED_EDGE('',*,*,#1553,.F.);
#720=ORIENTED_EDGE('',*,*,#1655,.F.);
#721=ORIENTED_EDGE('',*,*,#1509,.F.);
#722=ORIENTED_EDGE('',*,*,#1654,.T.);
#723=ORIENTED_EDGE('',*,*,#1566,.F.);
#724=ORIENTED_EDGE('',*,*,#1656,.F.);
#725=ORIENTED_EDGE('',*,*,#1550,.F.);
#726=ORIENTED_EDGE('',*,*,#1655,.T.);
#727=ORIENTED_EDGE('',*,*,#1552,.F.);
#728=ORIENTED_EDGE('',*,*,#1657,.F.);
#729=ORIENTED_EDGE('',*,*,#1516,.F.);
#730=ORIENTED_EDGE('',*,*,#1656,.T.);
#731=ORIENTED_EDGE('',*,*,#1519,.F.);
#732=ORIENTED_EDGE('',*,*,#1657,.T.);
#733=ORIENTED_EDGE('',*,*,#1551,.F.);
#734=ORIENTED_EDGE('',*,*,#1544,.F.);
#735=ORIENTED_EDGE('',*,*,#1546,.F.);
#736=ORIENTED_EDGE('',*,*,#1534,.F.);
#737=ORIENTED_EDGE('',*,*,#1547,.F.);
#738=ORIENTED_EDGE('',*,*,#1658,.F.);
#739=ORIENTED_EDGE('',*,*,#1494,.F.);
#740=ORIENTED_EDGE('',*,*,#1659,.F.);
#741=ORIENTED_EDGE('',*,*,#1532,.F.);
#742=ORIENTED_EDGE('',*,*,#1659,.T.);
#743=ORIENTED_EDGE('',*,*,#1493,.F.);
#744=ORIENTED_EDGE('',*,*,#1660,.F.);
#745=ORIENTED_EDGE('',*,*,#1527,.F.);
#746=ORIENTED_EDGE('',*,*,#1658,.T.);
#747=ORIENTED_EDGE('',*,*,#1618,.F.);
#748=ORIENTED_EDGE('',*,*,#1661,.F.);
#749=ORIENTED_EDGE('',*,*,#1495,.F.);
#750=ORIENTED_EDGE('',*,*,#1660,.T.);
#751=ORIENTED_EDGE('',*,*,#1492,.F.);
#752=ORIENTED_EDGE('',*,*,#1662,.F.);
#753=ORIENTED_EDGE('',*,*,#1567,.F.);
#754=ORIENTED_EDGE('',*,*,#1661,.T.);
#755=ORIENTED_EDGE('',*,*,#1637,.F.);
#756=ORIENTED_EDGE('',*,*,#1663,.F.);
#757=ORIENTED_EDGE('',*,*,#1496,.F.);
#758=ORIENTED_EDGE('',*,*,#1662,.T.);
#759=ORIENTED_EDGE('',*,*,#1491,.F.);
#760=ORIENTED_EDGE('',*,*,#1664,.F.);
#761=ORIENTED_EDGE('',*,*,#1521,.F.);
#762=ORIENTED_EDGE('',*,*,#1663,.T.);
#763=ORIENTED_EDGE('',*,*,#1614,.F.);
#764=ORIENTED_EDGE('',*,*,#1665,.F.);
#765=ORIENTED_EDGE('',*,*,#1497,.F.);
#766=ORIENTED_EDGE('',*,*,#1664,.T.);
#767=ORIENTED_EDGE('',*,*,#1490,.F.);
#768=ORIENTED_EDGE('',*,*,#1666,.F.);
#769=ORIENTED_EDGE('',*,*,#1518,.F.);
#770=ORIENTED_EDGE('',*,*,#1665,.T.);
#771=ORIENTED_EDGE('',*,*,#1635,.F.);
#772=ORIENTED_EDGE('',*,*,#1667,.F.);
#773=ORIENTED_EDGE('',*,*,#1498,.F.);
#774=ORIENTED_EDGE('',*,*,#1666,.T.);
#775=ORIENTED_EDGE('',*,*,#1489,.F.);
#776=ORIENTED_EDGE('',*,*,#1668,.F.);
#777=ORIENTED_EDGE('',*,*,#1511,.F.);
#778=ORIENTED_EDGE('',*,*,#1667,.T.);
#779=ORIENTED_EDGE('',*,*,#1622,.F.);
#780=ORIENTED_EDGE('',*,*,#1669,.F.);
#781=ORIENTED_EDGE('',*,*,#1499,.F.);
#782=ORIENTED_EDGE('',*,*,#1668,.T.);
#783=ORIENTED_EDGE('',*,*,#1488,.F.);
#784=ORIENTED_EDGE('',*,*,#1670,.F.);
#785=ORIENTED_EDGE('',*,*,#1569,.F.);
#786=ORIENTED_EDGE('',*,*,#1669,.T.);
#787=ORIENTED_EDGE('',*,*,#1640,.F.);
#788=ORIENTED_EDGE('',*,*,#1671,.F.);
#789=ORIENTED_EDGE('',*,*,#1500,.F.);
#790=ORIENTED_EDGE('',*,*,#1670,.T.);
#791=ORIENTED_EDGE('',*,*,#1487,.F.);
#792=ORIENTED_EDGE('',*,*,#1672,.F.);
#793=ORIENTED_EDGE('',*,*,#1506,.F.);
#794=ORIENTED_EDGE('',*,*,#1671,.T.);
#795=ORIENTED_EDGE('',*,*,#1465,.F.);
#796=ORIENTED_EDGE('',*,*,#1673,.F.);
#797=ORIENTED_EDGE('',*,*,#1501,.F.);
#798=ORIENTED_EDGE('',*,*,#1672,.T.);
#799=ORIENTED_EDGE('',*,*,#1486,.F.);
#800=ORIENTED_EDGE('',*,*,#1674,.F.);
#801=ORIENTED_EDGE('',*,*,#1473,.F.);
#802=ORIENTED_EDGE('',*,*,#1673,.T.);
#803=ORIENTED_EDGE('',*,*,#1563,.F.);
#804=ORIENTED_EDGE('',*,*,#1675,.F.);
#805=ORIENTED_EDGE('',*,*,#1476,.F.);
#806=ORIENTED_EDGE('',*,*,#1674,.T.);
#807=ORIENTED_EDGE('',*,*,#1485,.F.);
#808=ORIENTED_EDGE('',*,*,#1676,.F.);
#809=ORIENTED_EDGE('',*,*,#1599,.F.);
#810=ORIENTED_EDGE('',*,*,#1675,.T.);
#811=ORIENTED_EDGE('',*,*,#1543,.F.);
#812=ORIENTED_EDGE('',*,*,#1677,.F.);
#813=ORIENTED_EDGE('',*,*,#1477,.F.);
#814=ORIENTED_EDGE('',*,*,#1676,.T.);
#815=ORIENTED_EDGE('',*,*,#1484,.F.);
#816=ORIENTED_EDGE('',*,*,#1678,.F.);
#817=ORIENTED_EDGE('',*,*,#1633,.F.);
#818=ORIENTED_EDGE('',*,*,#1677,.T.);
#819=ORIENTED_EDGE('',*,*,#1565,.F.);
#820=ORIENTED_EDGE('',*,*,#1679,.F.);
#821=ORIENTED_EDGE('',*,*,#1478,.F.);
#822=ORIENTED_EDGE('',*,*,#1678,.T.);
#823=ORIENTED_EDGE('',*,*,#1483,.F.);
#824=ORIENTED_EDGE('',*,*,#1680,.F.);
#825=ORIENTED_EDGE('',*,*,#1595,.F.);
#826=ORIENTED_EDGE('',*,*,#1679,.T.);
#827=ORIENTED_EDGE('',*,*,#1455,.F.);
#828=ORIENTED_EDGE('',*,*,#1681,.F.);
#829=ORIENTED_EDGE('',*,*,#1479,.F.);
#830=ORIENTED_EDGE('',*,*,#1680,.T.);
#831=ORIENTED_EDGE('',*,*,#1482,.F.);
#832=ORIENTED_EDGE('',*,*,#1682,.F.);
#833=ORIENTED_EDGE('',*,*,#1631,.F.);
#834=ORIENTED_EDGE('',*,*,#1681,.T.);
#835=ORIENTED_EDGE('',*,*,#1643,.F.);
#836=ORIENTED_EDGE('',*,*,#1683,.F.);
#837=ORIENTED_EDGE('',*,*,#1480,.F.);
#838=ORIENTED_EDGE('',*,*,#1682,.T.);
#839=ORIENTED_EDGE('',*,*,#1481,.F.);
#840=ORIENTED_EDGE('',*,*,#1683,.T.);
#841=ORIENTED_EDGE('',*,*,#1603,.F.);
#842=ORIENTED_EDGE('',*,*,#1474,.F.);
#843=ORIENTED_EDGE('',*,*,#1545,.F.);
#844=ORIENTED_EDGE('',*,*,#1475,.F.);
#845=ORIENTED_EDGE('',*,*,#1535,.F.);
#846=ORIENTED_EDGE('',*,*,#1684,.F.);
#847=ORIENTED_EDGE('',*,*,#1597,.F.);
#848=ORIENTED_EDGE('',*,*,#1685,.F.);
#849=ORIENTED_EDGE('',*,*,#1610,.F.);
#850=ORIENTED_EDGE('',*,*,#1598,.F.);
#851=ORIENTED_EDGE('',*,*,#1684,.T.);
#852=ORIENTED_EDGE('',*,*,#1686,.F.);
#853=ORIENTED_EDGE('',*,*,#1467,.F.);
#854=ORIENTED_EDGE('',*,*,#1685,.T.);
#855=ORIENTED_EDGE('',*,*,#1632,.F.);
#856=ORIENTED_EDGE('',*,*,#1687,.F.);
#857=ORIENTED_EDGE('',*,*,#1604,.F.);
#858=ORIENTED_EDGE('',*,*,#1686,.T.);
#859=ORIENTED_EDGE('',*,*,#1609,.F.);
#860=ORIENTED_EDGE('',*,*,#1688,.F.);
#861=ORIENTED_EDGE('',*,*,#1468,.F.);
#862=ORIENTED_EDGE('',*,*,#1687,.T.);
#863=ORIENTED_EDGE('',*,*,#1593,.F.);
#864=ORIENTED_EDGE('',*,*,#1689,.F.);
#865=ORIENTED_EDGE('',*,*,#1605,.F.);
#866=ORIENTED_EDGE('',*,*,#1688,.T.);
#867=ORIENTED_EDGE('',*,*,#1608,.F.);
#868=ORIENTED_EDGE('',*,*,#1690,.F.);
#869=ORIENTED_EDGE('',*,*,#1451,.F.);
#870=ORIENTED_EDGE('',*,*,#1691,.F.);
#871=ORIENTED_EDGE('',*,*,#1641,.F.);
#872=ORIENTED_EDGE('',*,*,#1453,.F.);
#873=ORIENTED_EDGE('',*,*,#1692,.F.);
#874=ORIENTED_EDGE('',*,*,#1642,.F.);
#875=ORIENTED_EDGE('',*,*,#1691,.T.);
#876=ORIENTED_EDGE('',*,*,#1693,.F.);
#877=ORIENTED_EDGE('',*,*,#1689,.T.);
#878=ORIENTED_EDGE('',*,*,#1630,.F.);
#879=ORIENTED_EDGE('',*,*,#1694,.F.);
#880=ORIENTED_EDGE('',*,*,#1606,.F.);
#881=ORIENTED_EDGE('',*,*,#1452,.F.);
#882=ORIENTED_EDGE('',*,*,#1690,.T.);
#883=ORIENTED_EDGE('',*,*,#1695,.F.);
#884=ORIENTED_EDGE('',*,*,#1693,.T.);
#885=ORIENTED_EDGE('',*,*,#1692,.T.);
#886=ORIENTED_EDGE('',*,*,#1694,.T.);
#887=ORIENTED_EDGE('',*,*,#1601,.F.);
#888=ORIENTED_EDGE('',*,*,#1695,.T.);
#889=ORIENTED_EDGE('',*,*,#1607,.F.);
#890=ORIENTED_EDGE('',*,*,#1696,.F.);
#891=ORIENTED_EDGE('',*,*,#1616,.F.);
#892=ORIENTED_EDGE('',*,*,#1697,.F.);
#893=ORIENTED_EDGE('',*,*,#1626,.F.);
#894=ORIENTED_EDGE('',*,*,#1615,.F.);
#895=ORIENTED_EDGE('',*,*,#1530,.F.);
#896=ORIENTED_EDGE('',*,*,#1698,.F.);
#897=ORIENTED_EDGE('',*,*,#1697,.T.);
#898=ORIENTED_EDGE('',*,*,#1696,.T.);
#899=ORIENTED_EDGE('',*,*,#1625,.F.);
#900=ORIENTED_EDGE('',*,*,#1699,.F.);
#901=ORIENTED_EDGE('',*,*,#1636,.F.);
#902=ORIENTED_EDGE('',*,*,#1698,.T.);
#903=ORIENTED_EDGE('',*,*,#1529,.F.);
#904=ORIENTED_EDGE('',*,*,#1700,.F.);
#905=ORIENTED_EDGE('',*,*,#1627,.F.);
#906=ORIENTED_EDGE('',*,*,#1699,.T.);
#907=ORIENTED_EDGE('',*,*,#1624,.F.);
#908=ORIENTED_EDGE('',*,*,#1701,.F.);
#909=ORIENTED_EDGE('',*,*,#1612,.F.);
#910=ORIENTED_EDGE('',*,*,#1702,.F.);
#911=ORIENTED_EDGE('',*,*,#1638,.F.);
#912=ORIENTED_EDGE('',*,*,#1703,.F.);
#913=ORIENTED_EDGE('',*,*,#1639,.F.);
#914=ORIENTED_EDGE('',*,*,#1702,.T.);
#915=ORIENTED_EDGE('',*,*,#1704,.F.);
#916=ORIENTED_EDGE('',*,*,#1459,.F.);
#917=ORIENTED_EDGE('',*,*,#1700,.T.);
#918=ORIENTED_EDGE('',*,*,#1461,.F.);
#919=ORIENTED_EDGE('',*,*,#1705,.F.);
#920=ORIENTED_EDGE('',*,*,#1628,.F.);
#921=ORIENTED_EDGE('',*,*,#1701,.T.);
#922=ORIENTED_EDGE('',*,*,#1623,.F.);
#923=ORIENTED_EDGE('',*,*,#1706,.F.);
#924=ORIENTED_EDGE('',*,*,#1634,.F.);
#925=ORIENTED_EDGE('',*,*,#1704,.T.);
#926=ORIENTED_EDGE('',*,*,#1703,.T.);
#927=ORIENTED_EDGE('',*,*,#1707,.F.);
#928=ORIENTED_EDGE('',*,*,#1705,.T.);
#929=ORIENTED_EDGE('',*,*,#1460,.F.);
#930=ORIENTED_EDGE('',*,*,#1706,.T.);
#931=ORIENTED_EDGE('',*,*,#1629,.F.);
#932=ORIENTED_EDGE('',*,*,#1707,.T.);
#933=ORIENTED_EDGE('',*,*,#1620,.F.);
#934=ORIENTED_EDGE('',*,*,#1708,.T.);
#935=ORIENTED_EDGE('',*,*,#1709,.F.);
#936=ORIENTED_EDGE('',*,*,#1710,.F.);
#937=ORIENTED_EDGE('',*,*,#1711,.F.);
#938=ORIENTED_EDGE('',*,*,#1712,.F.);
#939=ORIENTED_EDGE('',*,*,#1713,.F.);
#940=ORIENTED_EDGE('',*,*,#1714,.F.);
#941=ORIENTED_EDGE('',*,*,#1715,.F.);
#942=ORIENTED_EDGE('',*,*,#1716,.F.);
#943=ORIENTED_EDGE('',*,*,#1717,.F.);
#944=ORIENTED_EDGE('',*,*,#1718,.F.);
#945=ORIENTED_EDGE('',*,*,#1719,.F.);
#946=ORIENTED_EDGE('',*,*,#1720,.F.);
#947=ORIENTED_EDGE('',*,*,#1721,.F.);
#948=ORIENTED_EDGE('',*,*,#1722,.F.);
#949=ORIENTED_EDGE('',*,*,#1723,.F.);
#950=ORIENTED_EDGE('',*,*,#1724,.T.);
#951=ORIENTED_EDGE('',*,*,#1725,.F.);
#952=ORIENTED_EDGE('',*,*,#1726,.T.);
#953=ORIENTED_EDGE('',*,*,#1727,.F.);
#954=ORIENTED_EDGE('',*,*,#1728,.T.);
#955=ORIENTED_EDGE('',*,*,#1729,.F.);
#956=ORIENTED_EDGE('',*,*,#1708,.F.);
#957=ORIENTED_EDGE('',*,*,#1730,.F.);
#958=ORIENTED_EDGE('',*,*,#1731,.F.);
#959=ORIENTED_EDGE('',*,*,#1732,.F.);
#960=ORIENTED_EDGE('',*,*,#1733,.F.);
#961=ORIENTED_EDGE('',*,*,#1734,.F.);
#962=ORIENTED_EDGE('',*,*,#1735,.F.);
#963=ORIENTED_EDGE('',*,*,#1736,.F.);
#964=ORIENTED_EDGE('',*,*,#1737,.F.);
#965=ORIENTED_EDGE('',*,*,#1738,.F.);
#966=ORIENTED_EDGE('',*,*,#1739,.F.);
#967=ORIENTED_EDGE('',*,*,#1740,.F.);
#968=ORIENTED_EDGE('',*,*,#1741,.F.);
#969=ORIENTED_EDGE('',*,*,#1742,.F.);
#970=ORIENTED_EDGE('',*,*,#1743,.F.);
#971=ORIENTED_EDGE('',*,*,#1744,.F.);
#972=ORIENTED_EDGE('',*,*,#1745,.F.);
#973=ORIENTED_EDGE('',*,*,#1746,.F.);
#974=ORIENTED_EDGE('',*,*,#1747,.F.);
#975=ORIENTED_EDGE('',*,*,#1748,.F.);
#976=ORIENTED_EDGE('',*,*,#1749,.F.);
#977=ORIENTED_EDGE('',*,*,#1750,.F.);
#978=ORIENTED_EDGE('',*,*,#1751,.F.);
#979=ORIENTED_EDGE('',*,*,#1752,.F.);
#980=ORIENTED_EDGE('',*,*,#1753,.F.);
#981=ORIENTED_EDGE('',*,*,#1754,.F.);
#982=ORIENTED_EDGE('',*,*,#1755,.F.);
#983=ORIENTED_EDGE('',*,*,#1756,.F.);
#984=ORIENTED_EDGE('',*,*,#1757,.F.);
#985=ORIENTED_EDGE('',*,*,#1758,.F.);
#986=ORIENTED_EDGE('',*,*,#1759,.F.);
#987=ORIENTED_EDGE('',*,*,#1760,.F.);
#988=ORIENTED_EDGE('',*,*,#1761,.T.);
#989=ORIENTED_EDGE('',*,*,#1728,.F.);
#990=ORIENTED_EDGE('',*,*,#1762,.F.);
#991=ORIENTED_EDGE('',*,*,#1726,.F.);
#992=ORIENTED_EDGE('',*,*,#1763,.F.);
#993=ORIENTED_EDGE('',*,*,#1764,.F.);
#994=ORIENTED_EDGE('',*,*,#1765,.F.);
#995=ORIENTED_EDGE('',*,*,#1766,.F.);
#996=ORIENTED_EDGE('',*,*,#1767,.F.);
#997=ORIENTED_EDGE('',*,*,#1768,.T.);
#998=ORIENTED_EDGE('',*,*,#1769,.F.);
#999=ORIENTED_EDGE('',*,*,#1770,.F.);
#1000=ORIENTED_EDGE('',*,*,#1771,.F.);
#1001=ORIENTED_EDGE('',*,*,#1772,.F.);
#1002=ORIENTED_EDGE('',*,*,#1773,.F.);
#1003=ORIENTED_EDGE('',*,*,#1768,.F.);
#1004=ORIENTED_EDGE('',*,*,#1774,.F.);
#1005=ORIENTED_EDGE('',*,*,#1775,.T.);
#1006=ORIENTED_EDGE('',*,*,#1776,.F.);
#1007=ORIENTED_EDGE('',*,*,#1775,.F.);
#1008=ORIENTED_EDGE('',*,*,#1777,.F.);
#1009=ORIENTED_EDGE('',*,*,#1778,.F.);
#1010=ORIENTED_EDGE('',*,*,#1779,.F.);
#1011=ORIENTED_EDGE('',*,*,#1780,.F.);
#1012=ORIENTED_EDGE('',*,*,#1781,.F.);
#1013=ORIENTED_EDGE('',*,*,#1782,.T.);
#1014=ORIENTED_EDGE('',*,*,#1783,.F.);
#1015=ORIENTED_EDGE('',*,*,#1784,.T.);
#1016=ORIENTED_EDGE('',*,*,#1785,.F.);
#1017=ORIENTED_EDGE('',*,*,#1784,.F.);
#1018=ORIENTED_EDGE('',*,*,#1786,.F.);
#1019=ORIENTED_EDGE('',*,*,#1782,.F.);
#1020=ORIENTED_EDGE('',*,*,#1787,.F.);
#1021=ORIENTED_EDGE('',*,*,#1788,.F.);
#1022=ORIENTED_EDGE('',*,*,#1789,.F.);
#1023=ORIENTED_EDGE('',*,*,#1790,.F.);
#1024=ORIENTED_EDGE('',*,*,#1720,.T.);
#1025=ORIENTED_EDGE('',*,*,#1791,.F.);
#1026=ORIENTED_EDGE('',*,*,#1792,.F.);
#1027=ORIENTED_EDGE('',*,*,#1793,.F.);
#1028=ORIENTED_EDGE('',*,*,#1794,.F.);
#1029=ORIENTED_EDGE('',*,*,#1795,.F.);
#1030=ORIENTED_EDGE('',*,*,#1796,.F.);
#1031=ORIENTED_EDGE('',*,*,#1797,.F.);
#1032=ORIENTED_EDGE('',*,*,#1798,.F.);
#1033=ORIENTED_EDGE('',*,*,#1799,.F.);
#1034=ORIENTED_EDGE('',*,*,#1800,.F.);
#1035=ORIENTED_EDGE('',*,*,#1801,.F.);
#1036=ORIENTED_EDGE('',*,*,#1802,.F.);
#1037=ORIENTED_EDGE('',*,*,#1803,.F.);
#1038=ORIENTED_EDGE('',*,*,#1804,.F.);
#1039=ORIENTED_EDGE('',*,*,#1805,.F.);
#1040=ORIENTED_EDGE('',*,*,#1806,.F.);
#1041=ORIENTED_EDGE('',*,*,#1807,.F.);
#1042=ORIENTED_EDGE('',*,*,#1808,.F.);
#1043=ORIENTED_EDGE('',*,*,#1809,.F.);
#1044=ORIENTED_EDGE('',*,*,#1810,.F.);
#1045=ORIENTED_EDGE('',*,*,#1811,.F.);
#1046=ORIENTED_EDGE('',*,*,#1812,.F.);
#1047=ORIENTED_EDGE('',*,*,#1813,.F.);
#1048=ORIENTED_EDGE('',*,*,#1814,.F.);
#1049=ORIENTED_EDGE('',*,*,#1815,.F.);
#1050=ORIENTED_EDGE('',*,*,#1816,.F.);
#1051=ORIENTED_EDGE('',*,*,#1817,.F.);
#1052=ORIENTED_EDGE('',*,*,#1818,.F.);
#1053=ORIENTED_EDGE('',*,*,#1819,.F.);
#1054=ORIENTED_EDGE('',*,*,#1718,.T.);
#1055=ORIENTED_EDGE('',*,*,#1820,.F.);
#1056=ORIENTED_EDGE('',*,*,#1798,.T.);
#1057=ORIENTED_EDGE('',*,*,#1821,.F.);
#1058=ORIENTED_EDGE('',*,*,#1800,.T.);
#1059=ORIENTED_EDGE('',*,*,#1822,.F.);
#1060=ORIENTED_EDGE('',*,*,#1710,.T.);
#1061=ORIENTED_EDGE('',*,*,#1823,.F.);
#1062=ORIENTED_EDGE('',*,*,#1778,.T.);
#1063=ORIENTED_EDGE('',*,*,#1824,.F.);
#1064=ORIENTED_EDGE('',*,*,#1780,.T.);
#1065=ORIENTED_EDGE('',*,*,#1825,.F.);
#1066=ORIENTED_EDGE('',*,*,#1764,.T.);
#1067=ORIENTED_EDGE('',*,*,#1826,.F.);
#1068=ORIENTED_EDGE('',*,*,#1766,.T.);
#1069=ORIENTED_EDGE('',*,*,#1827,.F.);
#1070=ORIENTED_EDGE('',*,*,#1828,.F.);
#1071=ORIENTED_EDGE('',*,*,#1829,.F.);
#1072=ORIENTED_EDGE('',*,*,#1830,.T.);
#1073=ORIENTED_EDGE('',*,*,#1831,.F.);
#1074=ORIENTED_EDGE('',*,*,#1830,.F.);
#1075=ORIENTED_EDGE('',*,*,#1832,.F.);
#1076=ORIENTED_EDGE('',*,*,#1833,.T.);
#1077=ORIENTED_EDGE('',*,*,#1834,.F.);
#1078=ORIENTED_EDGE('',*,*,#1833,.F.);
#1079=ORIENTED_EDGE('',*,*,#1835,.F.);
#1080=ORIENTED_EDGE('',*,*,#1836,.T.);
#1081=ORIENTED_EDGE('',*,*,#1837,.F.);
#1082=ORIENTED_EDGE('',*,*,#1836,.F.);
#1083=ORIENTED_EDGE('',*,*,#1838,.F.);
#1084=ORIENTED_EDGE('',*,*,#1828,.T.);
#1085=ORIENTED_EDGE('',*,*,#1839,.F.);
#1086=ORIENTED_EDGE('',*,*,#1840,.F.);
#1087=ORIENTED_EDGE('',*,*,#1841,.F.);
#1088=ORIENTED_EDGE('',*,*,#1842,.T.);
#1089=ORIENTED_EDGE('',*,*,#1834,.T.);
#1090=ORIENTED_EDGE('',*,*,#1843,.T.);
#1091=ORIENTED_EDGE('',*,*,#1771,.T.);
#1092=ORIENTED_EDGE('',*,*,#1843,.F.);
#1093=ORIENTED_EDGE('',*,*,#1837,.T.);
#1094=ORIENTED_EDGE('',*,*,#1844,.T.);
#1095=ORIENTED_EDGE('',*,*,#1772,.T.);
#1096=ORIENTED_EDGE('',*,*,#1842,.F.);
#1097=ORIENTED_EDGE('',*,*,#1770,.T.);
#1098=ORIENTED_EDGE('',*,*,#1845,.T.);
#1099=ORIENTED_EDGE('',*,*,#1831,.T.);
#1100=ORIENTED_EDGE('',*,*,#1844,.F.);
#1101=ORIENTED_EDGE('',*,*,#1839,.T.);
#1102=ORIENTED_EDGE('',*,*,#1845,.F.);
#1103=ORIENTED_EDGE('',*,*,#1773,.T.);
#1104=ORIENTED_EDGE('',*,*,#1846,.T.);
#1105=ORIENTED_EDGE('',*,*,#1795,.T.);
#1106=ORIENTED_EDGE('',*,*,#1847,.T.);
#1107=ORIENTED_EDGE('',*,*,#1832,.T.);
#1108=ORIENTED_EDGE('',*,*,#1847,.F.);
#1109=ORIENTED_EDGE('',*,*,#1794,.T.);
#1110=ORIENTED_EDGE('',*,*,#1848,.T.);
#1111=ORIENTED_EDGE('',*,*,#1835,.T.);
#1112=ORIENTED_EDGE('',*,*,#1846,.F.);
#1113=ORIENTED_EDGE('',*,*,#1829,.T.);
#1114=ORIENTED_EDGE('',*,*,#1849,.T.);
#1115=ORIENTED_EDGE('',*,*,#1796,.T.);
#1116=ORIENTED_EDGE('',*,*,#1848,.F.);
#1117=ORIENTED_EDGE('',*,*,#1797,.T.);
#1118=ORIENTED_EDGE('',*,*,#1849,.F.);
#1119=ORIENTED_EDGE('',*,*,#1838,.T.);
#1120=ORIENTED_EDGE('',*,*,#1786,.T.);
#1121=ORIENTED_EDGE('',*,*,#1783,.T.);
#1122=ORIENTED_EDGE('',*,*,#1760,.T.);
#1123=ORIENTED_EDGE('',*,*,#1727,.T.);
#1124=ORIENTED_EDGE('',*,*,#1762,.T.);
#1125=ORIENTED_EDGE('',*,*,#1841,.T.);
#1126=ORIENTED_EDGE('',*,*,#1850,.F.);
#1127=ORIENTED_EDGE('',*,*,#1851,.F.);
#1128=ORIENTED_EDGE('',*,*,#1852,.F.);
#1129=ORIENTED_EDGE('',*,*,#1853,.F.);
#1130=ORIENTED_EDGE('',*,*,#1840,.T.);
#1131=ORIENTED_EDGE('',*,*,#1854,.F.);
#1132=ORIENTED_EDGE('',*,*,#1855,.F.);
#1133=ORIENTED_EDGE('',*,*,#1724,.F.);
#1134=ORIENTED_EDGE('',*,*,#1856,.F.);
#1135=ORIENTED_EDGE('',*,*,#1857,.F.);
#1136=ORIENTED_EDGE('',*,*,#1858,.F.);
#1137=ORIENTED_EDGE('',*,*,#1859,.F.);
#1138=ORIENTED_EDGE('',*,*,#1860,.F.);
#1139=ORIENTED_EDGE('',*,*,#1861,.F.);
#1140=ORIENTED_EDGE('',*,*,#1862,.F.);
#1141=ORIENTED_EDGE('',*,*,#1863,.F.);
#1142=ORIENTED_EDGE('',*,*,#1864,.F.);
#1143=ORIENTED_EDGE('',*,*,#1865,.F.);
#1144=ORIENTED_EDGE('',*,*,#1866,.F.);
#1145=ORIENTED_EDGE('',*,*,#1867,.F.);
#1146=ORIENTED_EDGE('',*,*,#1868,.F.);
#1147=ORIENTED_EDGE('',*,*,#1869,.F.);
#1148=ORIENTED_EDGE('',*,*,#1870,.F.);
#1149=ORIENTED_EDGE('',*,*,#1871,.F.);
#1150=ORIENTED_EDGE('',*,*,#1872,.F.);
#1151=ORIENTED_EDGE('',*,*,#1761,.F.);
#1152=ORIENTED_EDGE('',*,*,#1873,.F.);
#1153=ORIENTED_EDGE('',*,*,#1788,.T.);
#1154=ORIENTED_EDGE('',*,*,#1874,.F.);
#1155=ORIENTED_EDGE('',*,*,#1875,.F.);
#1156=ORIENTED_EDGE('',*,*,#1876,.F.);
#1157=ORIENTED_EDGE('',*,*,#1877,.F.);
#1158=ORIENTED_EDGE('',*,*,#1878,.F.);
#1159=ORIENTED_EDGE('',*,*,#1879,.F.);
#1160=ORIENTED_EDGE('',*,*,#1880,.F.);
#1161=ORIENTED_EDGE('',*,*,#1881,.F.);
#1162=ORIENTED_EDGE('',*,*,#1882,.F.);
#1163=ORIENTED_EDGE('',*,*,#1883,.F.);
#1164=ORIENTED_EDGE('',*,*,#1884,.F.);
#1165=ORIENTED_EDGE('',*,*,#1885,.F.);
#1166=ORIENTED_EDGE('',*,*,#1886,.F.);
#1167=ORIENTED_EDGE('',*,*,#1887,.F.);
#1168=ORIENTED_EDGE('',*,*,#1860,.T.);
#1169=ORIENTED_EDGE('',*,*,#1888,.F.);
#1170=ORIENTED_EDGE('',*,*,#1850,.T.);
#1171=ORIENTED_EDGE('',*,*,#1889,.F.);
#1172=ORIENTED_EDGE('',*,*,#1852,.T.);
#1173=ORIENTED_EDGE('',*,*,#1890,.F.);
#1174=ORIENTED_EDGE('',*,*,#1854,.T.);
#1175=ORIENTED_EDGE('',*,*,#1891,.F.);
#1176=ORIENTED_EDGE('',*,*,#1871,.T.);
#1177=ORIENTED_EDGE('',*,*,#1892,.F.);
#1178=ORIENTED_EDGE('',*,*,#1877,.T.);
#1179=ORIENTED_EDGE('',*,*,#1893,.F.);
#1180=ORIENTED_EDGE('',*,*,#1875,.T.);
#1181=ORIENTED_EDGE('',*,*,#1894,.F.);
#1182=ORIENTED_EDGE('',*,*,#1869,.T.);
#1183=ORIENTED_EDGE('',*,*,#1895,.F.);
#1184=ORIENTED_EDGE('',*,*,#1879,.T.);
#1185=ORIENTED_EDGE('',*,*,#1896,.F.);
#1186=ORIENTED_EDGE('',*,*,#1716,.T.);
#1187=ORIENTED_EDGE('',*,*,#1897,.F.);
#1188=ORIENTED_EDGE('',*,*,#1898,.F.);
#1189=ORIENTED_EDGE('',*,*,#1899,.F.);
#1190=ORIENTED_EDGE('',*,*,#1712,.T.);
#1191=ORIENTED_EDGE('',*,*,#1900,.F.);
#1192=ORIENTED_EDGE('',*,*,#1858,.T.);
#1193=ORIENTED_EDGE('',*,*,#1901,.F.);
#1194=ORIENTED_EDGE('',*,*,#1902,.T.);
#1195=ORIENTED_EDGE('',*,*,#1810,.T.);
#1196=ORIENTED_EDGE('',*,*,#1903,.T.);
#1197=ORIENTED_EDGE('',*,*,#1823,.T.);
#1198=ORIENTED_EDGE('',*,*,#1903,.F.);
#1199=ORIENTED_EDGE('',*,*,#1809,.T.);
#1200=ORIENTED_EDGE('',*,*,#1904,.T.);
#1201=ORIENTED_EDGE('',*,*,#1801,.T.);
#1202=ORIENTED_EDGE('',*,*,#1902,.F.);
#1203=ORIENTED_EDGE('',*,*,#1709,.T.);
#1204=ORIENTED_EDGE('',*,*,#1905,.T.);
#1205=ORIENTED_EDGE('',*,*,#1811,.T.);
#1206=ORIENTED_EDGE('',*,*,#1904,.F.);
#1207=ORIENTED_EDGE('',*,*,#1808,.T.);
#1208=ORIENTED_EDGE('',*,*,#1906,.T.);
#1209=ORIENTED_EDGE('',*,*,#1821,.T.);
#1210=ORIENTED_EDGE('',*,*,#1905,.F.);
#1211=ORIENTED_EDGE('',*,*,#1729,.T.);
#1212=ORIENTED_EDGE('',*,*,#1907,.T.);
#1213=ORIENTED_EDGE('',*,*,#1812,.T.);
#1214=ORIENTED_EDGE('',*,*,#1906,.F.);
#1215=ORIENTED_EDGE('',*,*,#1807,.T.);
#1216=ORIENTED_EDGE('',*,*,#1908,.T.);
#1217=ORIENTED_EDGE('',*,*,#1719,.T.);
#1218=ORIENTED_EDGE('',*,*,#1907,.F.);
#1219=ORIENTED_EDGE('',*,*,#1765,.T.);
#1220=ORIENTED_EDGE('',*,*,#1909,.T.);
#1221=ORIENTED_EDGE('',*,*,#1813,.T.);
#1222=ORIENTED_EDGE('',*,*,#1908,.F.);
#1223=ORIENTED_EDGE('',*,*,#1806,.T.);
#1224=ORIENTED_EDGE('',*,*,#1910,.T.);
#1225=ORIENTED_EDGE('',*,*,#1791,.T.);
#1226=ORIENTED_EDGE('',*,*,#1909,.F.);
#1227=ORIENTED_EDGE('',*,*,#1827,.T.);
#1228=ORIENTED_EDGE('',*,*,#1911,.T.);
#1229=ORIENTED_EDGE('',*,*,#1814,.T.);
#1230=ORIENTED_EDGE('',*,*,#1910,.F.);
#1231=ORIENTED_EDGE('',*,*,#1819,.T.);
#1232=ORIENTED_EDGE('',*,*,#1912,.T.);
#1233=ORIENTED_EDGE('',*,*,#1785,.T.);
#1234=ORIENTED_EDGE('',*,*,#1911,.F.);
#1235=ORIENTED_EDGE('',*,*,#1769,.T.);
#1236=ORIENTED_EDGE('',*,*,#1913,.T.);
#1237=ORIENTED_EDGE('',*,*,#1815,.T.);
#1238=ORIENTED_EDGE('',*,*,#1912,.F.);
#1239=ORIENTED_EDGE('',*,*,#1818,.T.);
#1240=ORIENTED_EDGE('',*,*,#1914,.T.);
#1241=ORIENTED_EDGE('',*,*,#1825,.T.);
#1242=ORIENTED_EDGE('',*,*,#1913,.F.);
#1243=ORIENTED_EDGE('',*,*,#1776,.T.);
#1244=ORIENTED_EDGE('',*,*,#1915,.T.);
#1245=ORIENTED_EDGE('',*,*,#1816,.T.);
#1246=ORIENTED_EDGE('',*,*,#1914,.F.);
#1247=ORIENTED_EDGE('',*,*,#1817,.T.);
#1248=ORIENTED_EDGE('',*,*,#1915,.F.);
#1249=ORIENTED_EDGE('',*,*,#1779,.T.);
#1250=ORIENTED_EDGE('',*,*,#1802,.T.);
#1251=ORIENTED_EDGE('',*,*,#1804,.T.);
#1252=ORIENTED_EDGE('',*,*,#1792,.T.);
#1253=ORIENTED_EDGE('',*,*,#1805,.T.);
#1254=ORIENTED_EDGE('',*,*,#1916,.T.);
#1255=ORIENTED_EDGE('',*,*,#1787,.T.);
#1256=ORIENTED_EDGE('',*,*,#1917,.T.);
#1257=ORIENTED_EDGE('',*,*,#1742,.T.);
#1258=ORIENTED_EDGE('',*,*,#1917,.F.);
#1259=ORIENTED_EDGE('',*,*,#1781,.T.);
#1260=ORIENTED_EDGE('',*,*,#1918,.T.);
#1261=ORIENTED_EDGE('',*,*,#1743,.T.);
#1262=ORIENTED_EDGE('',*,*,#1916,.F.);
#1263=ORIENTED_EDGE('',*,*,#1741,.T.);
#1264=ORIENTED_EDGE('',*,*,#1919,.T.);
#1265=ORIENTED_EDGE('',*,*,#1874,.T.);
#1266=ORIENTED_EDGE('',*,*,#1918,.F.);
#1267=ORIENTED_EDGE('',*,*,#1824,.T.);
#1268=ORIENTED_EDGE('',*,*,#1920,.T.);
#1269=ORIENTED_EDGE('',*,*,#1744,.T.);
#1270=ORIENTED_EDGE('',*,*,#1919,.F.);
#1271=ORIENTED_EDGE('',*,*,#1740,.T.);
#1272=ORIENTED_EDGE('',*,*,#1921,.T.);
#1273=ORIENTED_EDGE('',*,*,#1894,.T.);
#1274=ORIENTED_EDGE('',*,*,#1920,.F.);
#1275=ORIENTED_EDGE('',*,*,#1777,.T.);
#1276=ORIENTED_EDGE('',*,*,#1922,.T.);
#1277=ORIENTED_EDGE('',*,*,#1745,.T.);
#1278=ORIENTED_EDGE('',*,*,#1921,.F.);
#1279=ORIENTED_EDGE('',*,*,#1739,.T.);
#1280=ORIENTED_EDGE('',*,*,#1923,.T.);
#1281=ORIENTED_EDGE('',*,*,#1870,.T.);
#1282=ORIENTED_EDGE('',*,*,#1922,.F.);
#1283=ORIENTED_EDGE('',*,*,#1774,.T.);
#1284=ORIENTED_EDGE('',*,*,#1924,.T.);
#1285=ORIENTED_EDGE('',*,*,#1746,.T.);
#1286=ORIENTED_EDGE('',*,*,#1923,.F.);
#1287=ORIENTED_EDGE('',*,*,#1738,.T.);
#1288=ORIENTED_EDGE('',*,*,#1925,.T.);
#1289=ORIENTED_EDGE('',*,*,#1892,.T.);
#1290=ORIENTED_EDGE('',*,*,#1924,.F.);
#1291=ORIENTED_EDGE('',*,*,#1767,.T.);
#1292=ORIENTED_EDGE('',*,*,#1926,.T.);
#1293=ORIENTED_EDGE('',*,*,#1747,.T.);
#1294=ORIENTED_EDGE('',*,*,#1925,.F.);
#1295=ORIENTED_EDGE('',*,*,#1737,.T.);
#1296=ORIENTED_EDGE('',*,*,#1927,.T.);
#1297=ORIENTED_EDGE('',*,*,#1878,.T.);
#1298=ORIENTED_EDGE('',*,*,#1926,.F.);
#1299=ORIENTED_EDGE('',*,*,#1826,.T.);
#1300=ORIENTED_EDGE('',*,*,#1928,.T.);
#1301=ORIENTED_EDGE('',*,*,#1748,.T.);
#1302=ORIENTED_EDGE('',*,*,#1927,.F.);
#1303=ORIENTED_EDGE('',*,*,#1736,.T.);
#1304=ORIENTED_EDGE('',*,*,#1929,.T.);
#1305=ORIENTED_EDGE('',*,*,#1896,.T.);
#1306=ORIENTED_EDGE('',*,*,#1928,.F.);
#1307=ORIENTED_EDGE('',*,*,#1763,.T.);
#1308=ORIENTED_EDGE('',*,*,#1930,.T.);
#1309=ORIENTED_EDGE('',*,*,#1749,.T.);
#1310=ORIENTED_EDGE('',*,*,#1929,.F.);
#1311=ORIENTED_EDGE('',*,*,#1735,.T.);
#1312=ORIENTED_EDGE('',*,*,#1931,.T.);
#1313=ORIENTED_EDGE('',*,*,#1717,.T.);
#1314=ORIENTED_EDGE('',*,*,#1930,.F.);
#1315=ORIENTED_EDGE('',*,*,#1725,.T.);
#1316=ORIENTED_EDGE('',*,*,#1932,.T.);
#1317=ORIENTED_EDGE('',*,*,#1750,.T.);
#1318=ORIENTED_EDGE('',*,*,#1931,.F.);
#1319=ORIENTED_EDGE('',*,*,#1734,.T.);
#1320=ORIENTED_EDGE('',*,*,#1933,.T.);
#1321=ORIENTED_EDGE('',*,*,#1820,.T.);
#1322=ORIENTED_EDGE('',*,*,#1932,.F.);
#1323=ORIENTED_EDGE('',*,*,#1855,.T.);
#1324=ORIENTED_EDGE('',*,*,#1934,.T.);
#1325=ORIENTED_EDGE('',*,*,#1751,.T.);
#1326=ORIENTED_EDGE('',*,*,#1933,.F.);
#1327=ORIENTED_EDGE('',*,*,#1759,.T.);
#1328=ORIENTED_EDGE('',*,*,#1935,.T.);
#1329=ORIENTED_EDGE('',*,*,#1799,.T.);
#1330=ORIENTED_EDGE('',*,*,#1934,.F.);
#1331=ORIENTED_EDGE('',*,*,#1890,.T.);
#1332=ORIENTED_EDGE('',*,*,#1936,.T.);
#1333=ORIENTED_EDGE('',*,*,#1752,.T.);
#1334=ORIENTED_EDGE('',*,*,#1935,.F.);
#1335=ORIENTED_EDGE('',*,*,#1758,.T.);
#1336=ORIENTED_EDGE('',*,*,#1937,.T.);
#1337=ORIENTED_EDGE('',*,*,#1822,.T.);
#1338=ORIENTED_EDGE('',*,*,#1936,.F.);
#1339=ORIENTED_EDGE('',*,*,#1851,.T.);
#1340=ORIENTED_EDGE('',*,*,#1938,.T.);
#1341=ORIENTED_EDGE('',*,*,#1753,.T.);
#1342=ORIENTED_EDGE('',*,*,#1937,.F.);
#1343=ORIENTED_EDGE('',*,*,#1757,.T.);
#1344=ORIENTED_EDGE('',*,*,#1939,.T.);
#1345=ORIENTED_EDGE('',*,*,#1711,.T.);
#1346=ORIENTED_EDGE('',*,*,#1938,.F.);
#1347=ORIENTED_EDGE('',*,*,#1888,.T.);
#1348=ORIENTED_EDGE('',*,*,#1940,.T.);
#1349=ORIENTED_EDGE('',*,*,#1754,.T.);
#1350=ORIENTED_EDGE('',*,*,#1939,.F.);
#1351=ORIENTED_EDGE('',*,*,#1756,.T.);
#1352=ORIENTED_EDGE('',*,*,#1941,.T.);
#1353=ORIENTED_EDGE('',*,*,#1900,.T.);
#1354=ORIENTED_EDGE('',*,*,#1940,.F.);
#1355=ORIENTED_EDGE('',*,*,#1859,.T.);
#1356=ORIENTED_EDGE('',*,*,#1941,.F.);
#1357=ORIENTED_EDGE('',*,*,#1755,.T.);
#1358=ORIENTED_EDGE('',*,*,#1732,.T.);
#1359=ORIENTED_EDGE('',*,*,#1803,.T.);
#1360=ORIENTED_EDGE('',*,*,#1733,.T.);
#1361=ORIENTED_EDGE('',*,*,#1793,.T.);
#1362=ORIENTED_EDGE('',*,*,#1942,.T.);
#1363=ORIENTED_EDGE('',*,*,#1863,.T.);
#1364=ORIENTED_EDGE('',*,*,#1943,.T.);
#1365=ORIENTED_EDGE('',*,*,#1857,.T.);
#1366=ORIENTED_EDGE('',*,*,#1856,.T.);
#1367=ORIENTED_EDGE('',*,*,#1731,.T.);
#1368=ORIENTED_EDGE('',*,*,#1944,.T.);
#1369=ORIENTED_EDGE('',*,*,#1942,.F.);
#1370=ORIENTED_EDGE('',*,*,#1943,.F.);
#1371=ORIENTED_EDGE('',*,*,#1862,.T.);
#1372=ORIENTED_EDGE('',*,*,#1945,.T.);
#1373=ORIENTED_EDGE('',*,*,#1891,.T.);
#1374=ORIENTED_EDGE('',*,*,#1944,.F.);
#1375=ORIENTED_EDGE('',*,*,#1730,.T.);
#1376=ORIENTED_EDGE('',*,*,#1946,.T.);
#1377=ORIENTED_EDGE('',*,*,#1864,.T.);
#1378=ORIENTED_EDGE('',*,*,#1945,.F.);
#1379=ORIENTED_EDGE('',*,*,#1868,.T.);
#1380=ORIENTED_EDGE('',*,*,#1947,.T.);
#1381=ORIENTED_EDGE('',*,*,#1853,.T.);
#1382=ORIENTED_EDGE('',*,*,#1946,.F.);
#1383=ORIENTED_EDGE('',*,*,#1715,.T.);
#1384=ORIENTED_EDGE('',*,*,#1948,.T.);
#1385=ORIENTED_EDGE('',*,*,#1865,.T.);
#1386=ORIENTED_EDGE('',*,*,#1949,.T.);
#1387=ORIENTED_EDGE('',*,*,#1950,.T.);
#1388=ORIENTED_EDGE('',*,*,#1713,.T.);
#1389=ORIENTED_EDGE('',*,*,#1899,.T.);
#1390=ORIENTED_EDGE('',*,*,#1901,.T.);
#1391=ORIENTED_EDGE('',*,*,#1951,.T.);
#1392=ORIENTED_EDGE('',*,*,#1949,.F.);
#1393=ORIENTED_EDGE('',*,*,#1947,.F.);
#1394=ORIENTED_EDGE('',*,*,#1867,.T.);
#1395=ORIENTED_EDGE('',*,*,#1952,.T.);
#1396=ORIENTED_EDGE('',*,*,#1889,.T.);
#1397=ORIENTED_EDGE('',*,*,#1714,.T.);
#1398=ORIENTED_EDGE('',*,*,#1950,.F.);
#1399=ORIENTED_EDGE('',*,*,#1951,.F.);
#1400=ORIENTED_EDGE('',*,*,#1953,.T.);
#1401=ORIENTED_EDGE('',*,*,#1948,.F.);
#1402=ORIENTED_EDGE('',*,*,#1952,.F.);
#1403=ORIENTED_EDGE('',*,*,#1866,.T.);
#1404=ORIENTED_EDGE('',*,*,#1953,.F.);
#1405=ORIENTED_EDGE('',*,*,#1861,.T.);
#1406=ORIENTED_EDGE('',*,*,#1954,.T.);
#1407=ORIENTED_EDGE('',*,*,#1885,.T.);
#1408=ORIENTED_EDGE('',*,*,#1955,.T.);
#1409=ORIENTED_EDGE('',*,*,#1876,.T.);
#1410=ORIENTED_EDGE('',*,*,#1873,.T.);
#1411=ORIENTED_EDGE('',*,*,#1955,.F.);
#1412=ORIENTED_EDGE('',*,*,#1956,.T.);
#1413=ORIENTED_EDGE('',*,*,#1789,.T.);
#1414=ORIENTED_EDGE('',*,*,#1954,.F.);
#1415=ORIENTED_EDGE('',*,*,#1895,.T.);
#1416=ORIENTED_EDGE('',*,*,#1957,.T.);
#1417=ORIENTED_EDGE('',*,*,#1886,.T.);
#1418=ORIENTED_EDGE('',*,*,#1956,.F.);
#1419=ORIENTED_EDGE('',*,*,#1884,.T.);
#1420=ORIENTED_EDGE('',*,*,#1958,.T.);
#1421=ORIENTED_EDGE('',*,*,#1790,.T.);
#1422=ORIENTED_EDGE('',*,*,#1957,.F.);
#1423=ORIENTED_EDGE('',*,*,#1872,.T.);
#1424=ORIENTED_EDGE('',*,*,#1959,.T.);
#1425=ORIENTED_EDGE('',*,*,#1887,.T.);
#1426=ORIENTED_EDGE('',*,*,#1960,.T.);
#1427=ORIENTED_EDGE('',*,*,#1961,.T.);
#1428=ORIENTED_EDGE('',*,*,#1898,.T.);
#1429=ORIENTED_EDGE('',*,*,#1897,.T.);
#1430=ORIENTED_EDGE('',*,*,#1723,.T.);
#1431=ORIENTED_EDGE('',*,*,#1962,.T.);
#1432=ORIENTED_EDGE('',*,*,#1960,.F.);
#1433=ORIENTED_EDGE('',*,*,#1958,.F.);
#1434=ORIENTED_EDGE('',*,*,#1883,.T.);
#1435=ORIENTED_EDGE('',*,*,#1963,.T.);
#1436=ORIENTED_EDGE('',*,*,#1721,.T.);
#1437=ORIENTED_EDGE('',*,*,#1959,.F.);
#1438=ORIENTED_EDGE('',*,*,#1893,.T.);
#1439=ORIENTED_EDGE('',*,*,#1964,.T.);
#1440=ORIENTED_EDGE('',*,*,#1881,.T.);
#1441=ORIENTED_EDGE('',*,*,#1962,.F.);
#1442=ORIENTED_EDGE('',*,*,#1722,.T.);
#1443=ORIENTED_EDGE('',*,*,#1963,.F.);
#1444=ORIENTED_EDGE('',*,*,#1965,.T.);
#1445=ORIENTED_EDGE('',*,*,#1961,.F.);
#1446=ORIENTED_EDGE('',*,*,#1964,.F.);
#1447=ORIENTED_EDGE('',*,*,#1880,.T.);
#1448=ORIENTED_EDGE('',*,*,#1965,.F.);
#1449=ORIENTED_EDGE('',*,*,#1882,.T.);
#1450=EDGE_CURVE('',#1966,#1967,#2274,.T.);
#1451=EDGE_CURVE('',#1966,#1968,#2275,.T.);
#1452=EDGE_CURVE('',#1968,#1969,#302,.F.);
#1453=EDGE_CURVE('',#1969,#1970,#214,.F.);
#1454=EDGE_CURVE('',#1970,#1971,#2276,.T.);
#1455=EDGE_CURVE('',#1971,#1972,#2277,.T.);
#1456=EDGE_CURVE('',#1972,#1973,#2278,.T.);
#1457=EDGE_CURVE('',#1973,#1967,#2279,.F.);
#1458=EDGE_CURVE('',#1974,#1975,#2280,.T.);
#1459=EDGE_CURVE('',#1975,#1976,#215,.T.);
#1460=EDGE_CURVE('',#1976,#1977,#303,.T.);
#1461=EDGE_CURVE('',#1977,#1978,#2281,.F.);
#1462=EDGE_CURVE('',#1978,#1979,#2282,.T.);
#1463=EDGE_CURVE('',#1979,#1980,#2283,.T.);
#1464=EDGE_CURVE('',#1980,#1981,#2284,.T.);
#1465=EDGE_CURVE('',#1981,#1974,#2285,.F.);
#1466=EDGE_CURVE('',#1982,#1983,#2286,.T.);
#1467=EDGE_CURVE('',#1982,#1984,#58,.T.);
#1468=EDGE_CURVE('',#1984,#1966,#304,.F.);
#1469=EDGE_CURVE('',#1967,#1985,#305,.T.);
#1470=EDGE_CURVE('',#1986,#1985,#2287,.T.);
#1471=EDGE_CURVE('',#1986,#1987,#59,.T.);
#1472=EDGE_CURVE('',#1988,#1987,#2288,.T.);
#1473=EDGE_CURVE('',#1988,#1983,#306,.F.);
#1474=EDGE_CURVE('',#1989,#1989,#307,.F.);
#1475=EDGE_CURVE('',#1990,#1990,#308,.F.);
#1476=EDGE_CURVE('',#1991,#1992,#2289,.T.);
#1477=EDGE_CURVE('',#1992,#1993,#2290,.F.);
#1478=EDGE_CURVE('',#1993,#1994,#2291,.F.);
#1479=EDGE_CURVE('',#1994,#1995,#2292,.F.);
#1480=EDGE_CURVE('',#1995,#1996,#2293,.T.);
#1481=EDGE_CURVE('',#1996,#1997,#2294,.F.);
#1482=EDGE_CURVE('',#1997,#1998,#2295,.F.);
#1483=EDGE_CURVE('',#1998,#1999,#2296,.F.);
#1484=EDGE_CURVE('',#1999,#2000,#2297,.T.);
#1485=EDGE_CURVE('',#2000,#2001,#2298,.T.);
#1486=EDGE_CURVE('',#2001,#2002,#309,.T.);
#1487=EDGE_CURVE('',#2002,#2003,#2299,.T.);
#1488=EDGE_CURVE('',#2003,#2004,#2300,.T.);
#1489=EDGE_CURVE('',#2004,#2005,#2301,.F.);
#1490=EDGE_CURVE('',#2005,#2006,#2302,.F.);
#1491=EDGE_CURVE('',#2006,#2007,#2303,.F.);
#1492=EDGE_CURVE('',#2007,#2008,#2304,.F.);
#1493=EDGE_CURVE('',#2008,#2009,#2305,.F.);
#1494=EDGE_CURVE('',#2009,#2010,#310,.T.);
#1495=EDGE_CURVE('',#2010,#2011,#2306,.F.);
#1496=EDGE_CURVE('',#2011,#2012,#2307,.T.);
#1497=EDGE_CURVE('',#2012,#2013,#2308,.T.);
#1498=EDGE_CURVE('',#2013,#2014,#2309,.F.);
#1499=EDGE_CURVE('',#2014,#2015,#2310,.T.);
#1500=EDGE_CURVE('',#2015,#2016,#2311,.T.);
#1501=EDGE_CURVE('',#2016,#1991,#2312,.T.);
#1502=EDGE_CURVE('',#2017,#2017,#311,.T.);
#1503=EDGE_CURVE('',#2018,#2018,#312,.F.);
#1504=EDGE_CURVE('',#1985,#2019,#2313,.T.);
#1505=EDGE_CURVE('',#2019,#2020,#2314,.T.);
#1506=EDGE_CURVE('',#2020,#1988,#2315,.F.);
#1507=EDGE_CURVE('',#1987,#1986,#313,.T.);
#1508=EDGE_CURVE('',#2021,#2022,#2316,.T.);
#1509=EDGE_CURVE('',#2022,#2023,#2317,.F.);
#1510=EDGE_CURVE('',#2024,#2023,#2318,.T.);
#1511=EDGE_CURVE('',#2024,#2021,#2319,.T.);
#1512=EDGE_CURVE('',#2025,#2026,#2320,.F.);
#1513=EDGE_CURVE('',#2026,#2027,#314,.F.);
#1514=EDGE_CURVE('',#2027,#2028,#2321,.T.);
#1515=EDGE_CURVE('',#2028,#2025,#315,.F.);
#1516=EDGE_CURVE('',#2023,#2029,#2322,.F.);
#1517=EDGE_CURVE('',#2030,#2029,#2323,.T.);
#1518=EDGE_CURVE('',#2030,#2024,#2324,.T.);
#1519=EDGE_CURVE('',#2029,#2031,#2325,.F.);
#1520=EDGE_CURVE('',#2031,#2032,#2326,.T.);
#1521=EDGE_CURVE('',#2032,#2030,#2327,.T.);
#1522=EDGE_CURVE('',#2033,#2034,#2328,.T.);
#1523=EDGE_CURVE('',#2034,#2035,#2329,.F.);
#1524=EDGE_CURVE('',#2036,#2035,#2330,.T.);
#1525=EDGE_CURVE('',#2036,#2037,#316,.F.);
#1526=EDGE_CURVE('',#2038,#2037,#2331,.T.);
#1527=EDGE_CURVE('',#2038,#2033,#2332,.T.);
#1528=EDGE_CURVE('',#2035,#1979,#317,.T.);
#1529=EDGE_CURVE('',#1978,#2039,#318,.F.);
#1530=EDGE_CURVE('',#2039,#2040,#60,.T.);
#1531=EDGE_CURVE('',#2040,#2041,#2333,.T.);
#1532=EDGE_CURVE('',#2041,#2038,#319,.F.);
#1533=EDGE_CURVE('',#2037,#2036,#61,.T.);
#1534=EDGE_CURVE('',#2042,#2042,#320,.F.);
#1535=EDGE_CURVE('',#2043,#2043,#321,.T.);
#1536=EDGE_CURVE('',#2044,#2045,#2334,.F.);
#1537=EDGE_CURVE('',#2045,#2046,#322,.F.);
#1538=EDGE_CURVE('',#2046,#2047,#2335,.T.);
#1539=EDGE_CURVE('',#2047,#2044,#323,.F.);
#1540=EDGE_CURVE('',#2048,#2049,#2336,.T.);
#1541=EDGE_CURVE('',#2049,#2050,#2337,.F.);
#1542=EDGE_CURVE('',#2050,#2051,#2338,.T.);
#1543=EDGE_CURVE('',#2051,#2048,#2339,.T.);
#1544=EDGE_CURVE('',#2052,#2052,#324,.F.);
#1545=EDGE_CURVE('',#2053,#2053,#325,.T.);
#1546=EDGE_CURVE('',#2054,#2054,#326,.T.);
#1547=EDGE_CURVE('',#2055,#2055,#327,.T.);
#1548=EDGE_CURVE('',#2056,#2057,#328,.F.);
#1549=EDGE_CURVE('',#2057,#2058,#2340,.T.);
#1550=EDGE_CURVE('',#2058,#2059,#2341,.F.);
#1551=EDGE_CURVE('',#2059,#2060,#2342,.T.);
#1552=EDGE_CURVE('',#2060,#2061,#2343,.T.);
#1553=EDGE_CURVE('',#2061,#2062,#2344,.T.);
#1554=EDGE_CURVE('',#2062,#2063,#2345,.T.);
#1555=EDGE_CURVE('',#2063,#2064,#2346,.F.);
#1556=EDGE_CURVE('',#2064,#2065,#329,.F.);
#1557=EDGE_CURVE('',#2065,#2066,#2347,.T.);
#1558=EDGE_CURVE('',#2066,#2067,#2348,.F.);
#1559=EDGE_CURVE('',#2067,#2068,#2349,.T.);
#1560=EDGE_CURVE('',#2068,#2069,#2350,.T.);
#1561=EDGE_CURVE('',#2069,#2056,#2351,.F.);
#1562=EDGE_CURVE('',#1980,#2049,#2352,.F.);
#1563=EDGE_CURVE('',#2048,#1981,#2353,.F.);
#1564=EDGE_CURVE('',#2050,#1973,#2354,.F.);
#1565=EDGE_CURVE('',#1972,#2051,#2355,.F.);
#1566=EDGE_CURVE('',#2031,#2034,#2356,.F.);
#1567=EDGE_CURVE('',#2033,#2032,#2357,.F.);
#1568=EDGE_CURVE('',#2019,#2022,#2358,.F.);
#1569=EDGE_CURVE('',#2021,#2020,#2359,.F.);
#1570=EDGE_CURVE('',#2070,#2071,#2360,.T.);
#1571=EDGE_CURVE('',#2071,#2072,#2361,.T.);
#1572=EDGE_CURVE('',#2073,#2072,#2362,.T.);
#1573=EDGE_CURVE('',#2073,#2070,#2363,.F.);
#1574=EDGE_CURVE('',#2072,#2074,#330,.T.);
#1575=EDGE_CURVE('',#2075,#2074,#2364,.T.);
#1576=EDGE_CURVE('',#2075,#2073,#331,.T.);
#1577=EDGE_CURVE('',#2074,#2076,#2365,.F.);
#1578=EDGE_CURVE('',#2077,#2076,#2366,.T.);
#1579=EDGE_CURVE('',#2077,#2075,#2367,.T.);
#1580=EDGE_CURVE('',#2076,#2071,#332,.T.);
#1581=EDGE_CURVE('',#2070,#2077,#333,.T.);
#1582=EDGE_CURVE('',#2078,#2078,#334,.F.);
#1583=EDGE_CURVE('',#2079,#2079,#335,.F.);
#1584=EDGE_CURVE('',#2025,#2072,#336,.T.);
#1585=EDGE_CURVE('',#2074,#2028,#337,.T.);
#1586=EDGE_CURVE('',#2076,#2027,#338,.T.);
#1587=EDGE_CURVE('',#2026,#2071,#339,.T.);
#1588=EDGE_CURVE('',#2073,#2047,#340,.T.);
#1589=EDGE_CURVE('',#2044,#2075,#341,.T.);
#1590=EDGE_CURVE('',#2045,#2077,#342,.T.);
#1591=EDGE_CURVE('',#2070,#2046,#343,.T.);
#1592=EDGE_CURVE('',#2080,#2081,#2368,.T.);
#1593=EDGE_CURVE('',#2081,#2082,#2369,.F.);
#1594=EDGE_CURVE('',#2082,#2083,#2370,.T.);
#1595=EDGE_CURVE('',#2083,#2080,#2371,.T.);
#1596=EDGE_CURVE('',#2084,#2085,#2372,.T.);
#1597=EDGE_CURVE('',#2085,#2086,#2373,.T.);
#1598=EDGE_CURVE('',#2086,#1982,#62,.F.);
#1599=EDGE_CURVE('',#1983,#2084,#2374,.F.);
#1600=EDGE_CURVE('',#2087,#2088,#2375,.T.);
#1601=EDGE_CURVE('',#2088,#2089,#2376,.F.);
#1602=EDGE_CURVE('',#2089,#2090,#2377,.T.);
#1603=EDGE_CURVE('',#2090,#2087,#2378,.T.);
#1604=EDGE_CURVE('',#2091,#2092,#2379,.T.);
#1605=EDGE_CURVE('',#2092,#2093,#2380,.T.);
#1606=EDGE_CURVE('',#2093,#2094,#2381,.F.);
#1607=EDGE_CURVE('',#2094,#2095,#2382,.T.);
#1608=EDGE_CURVE('',#2095,#2096,#2383,.F.);
#1609=EDGE_CURVE('',#2096,#2097,#344,.T.);
#1610=EDGE_CURVE('',#2097,#2091,#2384,.F.);
#1611=EDGE_CURVE('',#2098,#2099,#2385,.T.);
#1612=EDGE_CURVE('',#2099,#2100,#2386,.T.);
#1613=EDGE_CURVE('',#2100,#2101,#2387,.T.);
#1614=EDGE_CURVE('',#2101,#2098,#2388,.F.);
#1615=EDGE_CURVE('',#2040,#2102,#63,.T.);
#1616=EDGE_CURVE('',#2102,#2103,#2389,.F.);
#1617=EDGE_CURVE('',#2103,#2104,#2390,.T.);
#1618=EDGE_CURVE('',#2104,#2041,#2391,.T.);
#1619=EDGE_CURVE('',#2105,#2106,#2392,.T.);
#1620=EDGE_CURVE('',#2106,#2107,#2393,.T.);
#1621=EDGE_CURVE('',#2107,#2108,#2394,.T.);
#1622=EDGE_CURVE('',#2108,#2105,#2395,.F.);
#1623=EDGE_CURVE('',#2109,#2110,#2396,.F.);
#1624=EDGE_CURVE('',#2110,#2111,#2397,.F.);
#1625=EDGE_CURVE('',#2111,#2112,#2398,.T.);
#1626=EDGE_CURVE('',#2112,#2113,#2399,.T.);
#1627=EDGE_CURVE('',#2113,#2114,#345,.T.);
#1628=EDGE_CURVE('',#2114,#2115,#2400,.T.);
#1629=EDGE_CURVE('',#2115,#2109,#2401,.F.);
#1630=EDGE_CURVE('',#2089,#2081,#2402,.F.);
#1631=EDGE_CURVE('',#2080,#2090,#2403,.F.);
#1632=EDGE_CURVE('',#2082,#2085,#2404,.F.);
#1633=EDGE_CURVE('',#2084,#2083,#2405,.F.);
#1634=EDGE_CURVE('',#2100,#2106,#2406,.F.);
#1635=EDGE_CURVE('',#2105,#2101,#2407,.F.);
#1636=EDGE_CURVE('',#2103,#2099,#2408,.F.);
#1637=EDGE_CURVE('',#2098,#2104,#2409,.F.);
#1638=EDGE_CURVE('',#2107,#2116,#2410,.F.);
#1639=EDGE_CURVE('',#2116,#1975,#64,.F.);
#1640=EDGE_CURVE('',#1974,#2108,#2411,.F.);
#1641=EDGE_CURVE('',#1970,#2117,#65,.T.);
#1642=EDGE_CURVE('',#2117,#2088,#2412,.F.);
#1643=EDGE_CURVE('',#2087,#1971,#2413,.F.);
#1644=EDGE_CURVE('',#1973,#2066,#216,.T.);
#1645=EDGE_CURVE('',#2067,#2050,#217,.F.);
#1646=EDGE_CURVE('',#2068,#2049,#218,.F.);
#1647=EDGE_CURVE('',#1967,#2065,#346,.T.);
#1648=EDGE_CURVE('',#2069,#1980,#219,.T.);
#1649=EDGE_CURVE('',#1985,#2064,#347,.T.);
#1650=EDGE_CURVE('',#2056,#1979,#348,.T.);
#1651=EDGE_CURVE('',#2019,#2063,#220,.T.);
#1652=EDGE_CURVE('',#2057,#2035,#349,.T.);
#1653=EDGE_CURVE('',#2022,#2062,#221,.T.);
#1654=EDGE_CURVE('',#2058,#2034,#222,.F.);
#1655=EDGE_CURVE('',#2023,#2061,#223,.T.);
#1656=EDGE_CURVE('',#2059,#2031,#224,.T.);
#1657=EDGE_CURVE('',#2029,#2060,#225,.T.);
#1658=EDGE_CURVE('',#2010,#2041,#66,.F.);
#1659=EDGE_CURVE('',#2038,#2009,#350,.T.);
#1660=EDGE_CURVE('',#2033,#2008,#226,.T.);
#1661=EDGE_CURVE('',#2011,#2104,#227,.T.);
#1662=EDGE_CURVE('',#2032,#2007,#228,.T.);
#1663=EDGE_CURVE('',#2012,#2098,#229,.T.);
#1664=EDGE_CURVE('',#2030,#2006,#230,.T.);
#1665=EDGE_CURVE('',#2013,#2101,#231,.T.);
#1666=EDGE_CURVE('',#2024,#2005,#232,.T.);
#1667=EDGE_CURVE('',#2014,#2105,#233,.T.);
#1668=EDGE_CURVE('',#2021,#2004,#234,.F.);
#1669=EDGE_CURVE('',#2015,#2108,#235,.T.);
#1670=EDGE_CURVE('',#2020,#2003,#236,.F.);
#1671=EDGE_CURVE('',#2016,#1974,#237,.T.);
#1672=EDGE_CURVE('',#1988,#2002,#351,.T.);
#1673=EDGE_CURVE('',#1991,#1981,#238,.F.);
#1674=EDGE_CURVE('',#1983,#2001,#67,.T.);
#1675=EDGE_CURVE('',#1992,#2048,#239,.F.);
#1676=EDGE_CURVE('',#2084,#2000,#240,.F.);
#1677=EDGE_CURVE('',#1993,#2051,#241,.F.);
#1678=EDGE_CURVE('',#2083,#1999,#242,.F.);
#1679=EDGE_CURVE('',#1994,#1972,#243,.F.);
#1680=EDGE_CURVE('',#2080,#1998,#244,.F.);
#1681=EDGE_CURVE('',#1995,#1971,#245,.T.);
#1682=EDGE_CURVE('',#2090,#1997,#246,.F.);
#1683=EDGE_CURVE('',#1996,#2087,#247,.T.);
#1684=EDGE_CURVE('',#2086,#2097,#68,.T.);
#1685=EDGE_CURVE('',#2091,#2085,#248,.F.);
#1686=EDGE_CURVE('',#1984,#2097,#352,.T.);
#1687=EDGE_CURVE('',#2092,#2082,#249,.F.);
#1688=EDGE_CURVE('',#1966,#2096,#353,.T.);
#1689=EDGE_CURVE('',#2093,#2081,#250,.F.);
#1690=EDGE_CURVE('',#1968,#2095,#354,.T.);
#1691=EDGE_CURVE('',#2117,#2118,#251,.F.);
#1692=EDGE_CURVE('',#2118,#1969,#69,.T.);
#1693=EDGE_CURVE('',#2088,#2118,#70,.F.);
#1694=EDGE_CURVE('',#2094,#2089,#252,.F.);
#1695=EDGE_CURVE('',#2088,#2095,#355,.T.);
#1696=EDGE_CURVE('',#2103,#2112,#253,.T.);
#1697=EDGE_CURVE('',#2113,#2102,#71,.T.);
#1698=EDGE_CURVE('',#2113,#2039,#356,.T.);
#1699=EDGE_CURVE('',#2099,#2111,#254,.T.);
#1700=EDGE_CURVE('',#2114,#1978,#357,.T.);
#1701=EDGE_CURVE('',#2100,#2110,#255,.T.);
#1702=EDGE_CURVE('',#2116,#2119,#256,.F.);
#1703=EDGE_CURVE('',#2119,#2107,#72,.F.);
#1704=EDGE_CURVE('',#1976,#2119,#73,.F.);
#1705=EDGE_CURVE('',#2115,#1977,#358,.T.);
#1706=EDGE_CURVE('',#2106,#2109,#257,.T.);
#1707=EDGE_CURVE('',#2115,#2107,#359,.F.);
#1708=EDGE_CURVE('',#2120,#2121,#2414,.T.);
#1709=EDGE_CURVE('',#2122,#2121,#2415,.F.);
#1710=EDGE_CURVE('',#2123,#2122,#2416,.T.);
#1711=EDGE_CURVE('',#2124,#2123,#2417,.T.);
#1712=EDGE_CURVE('',#2125,#2124,#2418,.T.);
#1713=EDGE_CURVE('',#2126,#2125,#258,.F.);
#1714=EDGE_CURVE('',#2127,#2126,#360,.F.);
#1715=EDGE_CURVE('',#2120,#2127,#2419,.T.);
#1716=EDGE_CURVE('',#2128,#2129,#2420,.T.);
#1717=EDGE_CURVE('',#2130,#2128,#2421,.F.);
#1718=EDGE_CURVE('',#2131,#2130,#2422,.T.);
#1719=EDGE_CURVE('',#2132,#2131,#2423,.T.);
#1720=EDGE_CURVE('',#2133,#2132,#2424,.T.);
#1721=EDGE_CURVE('',#2134,#2133,#2425,.F.);
#1722=EDGE_CURVE('',#2135,#2134,#361,.T.);
#1723=EDGE_CURVE('',#2129,#2135,#259,.T.);
#1724=EDGE_CURVE('',#2136,#2137,#2426,.T.);
#1725=EDGE_CURVE('',#2138,#2137,#362,.F.);
#1726=EDGE_CURVE('',#2138,#2139,#2427,.T.);
#1727=EDGE_CURVE('',#2140,#2139,#74,.T.);
#1728=EDGE_CURVE('',#2140,#2141,#2428,.T.);
#1729=EDGE_CURVE('',#2121,#2141,#363,.T.);
#1730=EDGE_CURVE('',#2142,#2120,#364,.F.);
#1731=EDGE_CURVE('',#2136,#2142,#75,.T.);
#1732=EDGE_CURVE('',#2143,#2143,#365,.F.);
#1733=EDGE_CURVE('',#2144,#2144,#366,.F.);
#1734=EDGE_CURVE('',#2145,#2146,#2429,.T.);
#1735=EDGE_CURVE('',#2147,#2145,#2430,.T.);
#1736=EDGE_CURVE('',#2148,#2147,#2431,.T.);
#1737=EDGE_CURVE('',#2149,#2148,#2432,.T.);
#1738=EDGE_CURVE('',#2150,#2149,#2433,.F.);
#1739=EDGE_CURVE('',#2151,#2150,#2434,.T.);
#1740=EDGE_CURVE('',#2152,#2151,#2435,.T.);
#1741=EDGE_CURVE('',#2153,#2152,#2436,.F.);
#1742=EDGE_CURVE('',#2154,#2153,#367,.T.);
#1743=EDGE_CURVE('',#2155,#2154,#2437,.F.);
#1744=EDGE_CURVE('',#2156,#2155,#2438,.F.);
#1745=EDGE_CURVE('',#2157,#2156,#2439,.F.);
#1746=EDGE_CURVE('',#2158,#2157,#2440,.F.);
#1747=EDGE_CURVE('',#2159,#2158,#2441,.F.);
#1748=EDGE_CURVE('',#2160,#2159,#2442,.T.);
#1749=EDGE_CURVE('',#2161,#2160,#2443,.T.);
#1750=EDGE_CURVE('',#2162,#2161,#368,.T.);
#1751=EDGE_CURVE('',#2163,#2162,#2444,.T.);
#1752=EDGE_CURVE('',#2164,#2163,#2445,.T.);
#1753=EDGE_CURVE('',#2165,#2164,#2446,.F.);
#1754=EDGE_CURVE('',#2166,#2165,#2447,.F.);
#1755=EDGE_CURVE('',#2167,#2166,#2448,.F.);
#1756=EDGE_CURVE('',#2168,#2167,#2449,.T.);
#1757=EDGE_CURVE('',#2169,#2168,#2450,.F.);
#1758=EDGE_CURVE('',#2170,#2169,#2451,.F.);
#1759=EDGE_CURVE('',#2146,#2170,#2452,.F.);
#1760=EDGE_CURVE('',#2171,#2171,#369,.T.);
#1761=EDGE_CURVE('',#2172,#2172,#370,.F.);
#1762=EDGE_CURVE('',#2139,#2140,#371,.T.);
#1763=EDGE_CURVE('',#2173,#2138,#2453,.F.);
#1764=EDGE_CURVE('',#2174,#2173,#2454,.T.);
#1765=EDGE_CURVE('',#2141,#2174,#2455,.T.);
#1766=EDGE_CURVE('',#2175,#2176,#2456,.T.);
#1767=EDGE_CURVE('',#2177,#2175,#2457,.T.);
#1768=EDGE_CURVE('',#2177,#2178,#2458,.T.);
#1769=EDGE_CURVE('',#2176,#2178,#2459,.F.);
#1770=EDGE_CURVE('',#2179,#2180,#2460,.F.);
#1771=EDGE_CURVE('',#2181,#2179,#372,.F.);
#1772=EDGE_CURVE('',#2182,#2181,#2461,.T.);
#1773=EDGE_CURVE('',#2180,#2182,#373,.F.);
#1774=EDGE_CURVE('',#2183,#2177,#2462,.T.);
#1775=EDGE_CURVE('',#2183,#2184,#2463,.T.);
#1776=EDGE_CURVE('',#2178,#2184,#2464,.F.);
#1777=EDGE_CURVE('',#2185,#2183,#2465,.T.);
#1778=EDGE_CURVE('',#2186,#2185,#2466,.T.);
#1779=EDGE_CURVE('',#2184,#2186,#2467,.F.);
#1780=EDGE_CURVE('',#2187,#2188,#2468,.T.);
#1781=EDGE_CURVE('',#2189,#2187,#2469,.T.);
#1782=EDGE_CURVE('',#2189,#2190,#2470,.T.);
#1783=EDGE_CURVE('',#2191,#2190,#374,.F.);
#1784=EDGE_CURVE('',#2191,#2192,#2471,.T.);
#1785=EDGE_CURVE('',#2188,#2192,#2472,.F.);
#1786=EDGE_CURVE('',#2190,#2191,#76,.T.);
#1787=EDGE_CURVE('',#2193,#2189,#375,.F.);
#1788=EDGE_CURVE('',#2194,#2193,#2473,.T.);
#1789=EDGE_CURVE('',#2195,#2194,#77,.T.);
#1790=EDGE_CURVE('',#2133,#2195,#376,.F.);
#1791=EDGE_CURVE('',#2192,#2132,#377,.T.);
#1792=EDGE_CURVE('',#2196,#2196,#378,.F.);
#1793=EDGE_CURVE('',#2197,#2197,#379,.T.);
#1794=EDGE_CURVE('',#2198,#2199,#2474,.F.);
#1795=EDGE_CURVE('',#2200,#2198,#380,.F.);
#1796=EDGE_CURVE('',#2201,#2200,#2475,.T.);
#1797=EDGE_CURVE('',#2199,#2201,#381,.F.);
#1798=EDGE_CURVE('',#2202,#2203,#2476,.T.);
#1799=EDGE_CURVE('',#2204,#2202,#2477,.T.);
#1800=EDGE_CURVE('',#2205,#2204,#2478,.T.);
#1801=EDGE_CURVE('',#2203,#2205,#2479,.F.);
#1802=EDGE_CURVE('',#2206,#2206,#382,.F.);
#1803=EDGE_CURVE('',#2207,#2207,#383,.T.);
#1804=EDGE_CURVE('',#2208,#2208,#384,.T.);
#1805=EDGE_CURVE('',#2209,#2209,#385,.T.);
#1806=EDGE_CURVE('',#2210,#2211,#386,.F.);
#1807=EDGE_CURVE('',#2212,#2210,#2480,.F.);
#1808=EDGE_CURVE('',#2213,#2212,#2481,.T.);
#1809=EDGE_CURVE('',#2214,#2213,#2482,.T.);
#1810=EDGE_CURVE('',#2215,#2214,#2483,.F.);
#1811=EDGE_CURVE('',#2216,#2215,#2484,.T.);
#1812=EDGE_CURVE('',#2217,#2216,#387,.F.);
#1813=EDGE_CURVE('',#2218,#2217,#2485,.F.);
#1814=EDGE_CURVE('',#2219,#2218,#2486,.T.);
#1815=EDGE_CURVE('',#2220,#2219,#2487,.T.);
#1816=EDGE_CURVE('',#2221,#2220,#2488,.T.);
#1817=EDGE_CURVE('',#2222,#2221,#2489,.T.);
#1818=EDGE_CURVE('',#2223,#2222,#2490,.F.);
#1819=EDGE_CURVE('',#2211,#2223,#2491,.T.);
#1820=EDGE_CURVE('',#2202,#2130,#2492,.F.);
#1821=EDGE_CURVE('',#2131,#2203,#2493,.F.);
#1822=EDGE_CURVE('',#2123,#2204,#2494,.F.);
#1823=EDGE_CURVE('',#2205,#2122,#2495,.F.);
#1824=EDGE_CURVE('',#2187,#2185,#2496,.F.);
#1825=EDGE_CURVE('',#2186,#2188,#2497,.F.);
#1826=EDGE_CURVE('',#2175,#2173,#2498,.F.);
#1827=EDGE_CURVE('',#2174,#2176,#2499,.F.);
#1828=EDGE_CURVE('',#2224,#2225,#2500,.T.);
#1829=EDGE_CURVE('',#2226,#2224,#2501,.F.);
#1830=EDGE_CURVE('',#2226,#2227,#2502,.T.);
#1831=EDGE_CURVE('',#2225,#2227,#2503,.T.);
#1832=EDGE_CURVE('',#2228,#2226,#388,.T.);
#1833=EDGE_CURVE('',#2228,#2229,#2504,.T.);
#1834=EDGE_CURVE('',#2227,#2229,#389,.T.);
#1835=EDGE_CURVE('',#2230,#2228,#2505,.T.);
#1836=EDGE_CURVE('',#2230,#2231,#2506,.T.);
#1837=EDGE_CURVE('',#2229,#2231,#2507,.F.);
#1838=EDGE_CURVE('',#2224,#2230,#390,.T.);
#1839=EDGE_CURVE('',#2231,#2225,#391,.T.);
#1840=EDGE_CURVE('',#2232,#2232,#392,.F.);
#1841=EDGE_CURVE('',#2233,#2233,#393,.F.);
#1842=EDGE_CURVE('',#2179,#2227,#394,.T.);
#1843=EDGE_CURVE('',#2229,#2181,#395,.T.);
#1844=EDGE_CURVE('',#2231,#2182,#396,.T.);
#1845=EDGE_CURVE('',#2180,#2225,#397,.T.);
#1846=EDGE_CURVE('',#2226,#2200,#398,.T.);
#1847=EDGE_CURVE('',#2198,#2228,#399,.T.);
#1848=EDGE_CURVE('',#2199,#2230,#400,.T.);
#1849=EDGE_CURVE('',#2224,#2201,#401,.T.);
#1850=EDGE_CURVE('',#2234,#2235,#2508,.T.);
#1851=EDGE_CURVE('',#2236,#2234,#2509,.T.);
#1852=EDGE_CURVE('',#2237,#2236,#2510,.T.);
#1853=EDGE_CURVE('',#2235,#2237,#2511,.F.);
#1854=EDGE_CURVE('',#2238,#2239,#2512,.T.);
#1855=EDGE_CURVE('',#2137,#2238,#2513,.F.);
#1856=EDGE_CURVE('',#2240,#2136,#78,.F.);
#1857=EDGE_CURVE('',#2239,#2240,#2514,.T.);
#1858=EDGE_CURVE('',#2241,#2242,#2515,.T.);
#1859=EDGE_CURVE('',#2243,#2241,#2516,.T.);
#1860=EDGE_CURVE('',#2244,#2243,#2517,.T.);
#1861=EDGE_CURVE('',#2242,#2244,#2518,.F.);
#1862=EDGE_CURVE('',#2245,#2246,#2519,.T.);
#1863=EDGE_CURVE('',#2247,#2245,#2520,.F.);
#1864=EDGE_CURVE('',#2248,#2247,#402,.T.);
#1865=EDGE_CURVE('',#2249,#2248,#2521,.F.);
#1866=EDGE_CURVE('',#2250,#2249,#2522,.T.);
#1867=EDGE_CURVE('',#2251,#2250,#2523,.F.);
#1868=EDGE_CURVE('',#2246,#2251,#2524,.T.);
#1869=EDGE_CURVE('',#2252,#2253,#2525,.T.);
#1870=EDGE_CURVE('',#2254,#2252,#2526,.F.);
#1871=EDGE_CURVE('',#2255,#2254,#2527,.T.);
#1872=EDGE_CURVE('',#2253,#2255,#2528,.T.);
#1873=EDGE_CURVE('',#2194,#2256,#79,.T.);
#1874=EDGE_CURVE('',#2257,#2193,#2529,.T.);
#1875=EDGE_CURVE('',#2258,#2257,#2530,.T.);
#1876=EDGE_CURVE('',#2256,#2258,#2531,.F.);
#1877=EDGE_CURVE('',#2259,#2260,#2532,.T.);
#1878=EDGE_CURVE('',#2261,#2259,#2533,.F.);
#1879=EDGE_CURVE('',#2262,#2261,#2534,.T.);
#1880=EDGE_CURVE('',#2260,#2262,#2535,.T.);
#1881=EDGE_CURVE('',#2263,#2264,#2536,.F.);
#1882=EDGE_CURVE('',#2265,#2263,#2537,.F.);
#1883=EDGE_CURVE('',#2266,#2265,#2538,.T.);
#1884=EDGE_CURVE('',#2267,#2266,#403,.T.);
#1885=EDGE_CURVE('',#2268,#2267,#2539,.T.);
#1886=EDGE_CURVE('',#2269,#2268,#2540,.T.);
#1887=EDGE_CURVE('',#2264,#2269,#2541,.F.);
#1888=EDGE_CURVE('',#2234,#2243,#2542,.F.);
#1889=EDGE_CURVE('',#2244,#2235,#2543,.F.);
#1890=EDGE_CURVE('',#2238,#2236,#2544,.F.);
#1891=EDGE_CURVE('',#2237,#2239,#2545,.F.);
#1892=EDGE_CURVE('',#2259,#2254,#2546,.F.);
#1893=EDGE_CURVE('',#2255,#2260,#2547,.F.);
#1894=EDGE_CURVE('',#2252,#2257,#2548,.F.);
#1895=EDGE_CURVE('',#2258,#2253,#2549,.F.);
#1896=EDGE_CURVE('',#2128,#2261,#2550,.F.);
#1897=EDGE_CURVE('',#2270,#2129,#80,.F.);
#1898=EDGE_CURVE('',#2262,#2270,#2551,.F.);
#1899=EDGE_CURVE('',#2125,#2271,#81,.T.);
#1900=EDGE_CURVE('',#2241,#2124,#2552,.F.);
#1901=EDGE_CURVE('',#2271,#2242,#2553,.F.);
#1902=EDGE_CURVE('',#2122,#2215,#260,.T.);
#1903=EDGE_CURVE('',#2214,#2205,#261,.F.);
#1904=EDGE_CURVE('',#2213,#2203,#262,.F.);
#1905=EDGE_CURVE('',#2121,#2216,#404,.T.);
#1906=EDGE_CURVE('',#2212,#2131,#263,.T.);
#1907=EDGE_CURVE('',#2141,#2217,#405,.T.);
#1908=EDGE_CURVE('',#2210,#2132,#406,.T.);
#1909=EDGE_CURVE('',#2174,#2218,#264,.T.);
#1910=EDGE_CURVE('',#2211,#2192,#407,.T.);
#1911=EDGE_CURVE('',#2176,#2219,#265,.T.);
#1912=EDGE_CURVE('',#2223,#2188,#266,.F.);
#1913=EDGE_CURVE('',#2178,#2220,#267,.T.);
#1914=EDGE_CURVE('',#2222,#2186,#268,.T.);
#1915=EDGE_CURVE('',#2184,#2221,#269,.T.);
#1916=EDGE_CURVE('',#2153,#2193,#82,.F.);
#1917=EDGE_CURVE('',#2189,#2154,#408,.T.);
#1918=EDGE_CURVE('',#2187,#2155,#270,.T.);
#1919=EDGE_CURVE('',#2152,#2257,#271,.T.);
#1920=EDGE_CURVE('',#2185,#2156,#272,.T.);
#1921=EDGE_CURVE('',#2151,#2252,#273,.T.);
#1922=EDGE_CURVE('',#2183,#2157,#274,.T.);
#1923=EDGE_CURVE('',#2150,#2254,#275,.T.);
#1924=EDGE_CURVE('',#2177,#2158,#276,.T.);
#1925=EDGE_CURVE('',#2149,#2259,#277,.T.);
#1926=EDGE_CURVE('',#2175,#2159,#278,.F.);
#1927=EDGE_CURVE('',#2148,#2261,#279,.T.);
#1928=EDGE_CURVE('',#2173,#2160,#280,.F.);
#1929=EDGE_CURVE('',#2147,#2128,#281,.T.);
#1930=EDGE_CURVE('',#2138,#2161,#409,.T.);
#1931=EDGE_CURVE('',#2145,#2130,#282,.F.);
#1932=EDGE_CURVE('',#2137,#2162,#83,.T.);
#1933=EDGE_CURVE('',#2146,#2202,#283,.F.);
#1934=EDGE_CURVE('',#2238,#2163,#284,.F.);
#1935=EDGE_CURVE('',#2170,#2204,#285,.F.);
#1936=EDGE_CURVE('',#2236,#2164,#286,.F.);
#1937=EDGE_CURVE('',#2169,#2123,#287,.F.);
#1938=EDGE_CURVE('',#2234,#2165,#288,.F.);
#1939=EDGE_CURVE('',#2168,#2124,#289,.T.);
#1940=EDGE_CURVE('',#2243,#2166,#290,.F.);
#1941=EDGE_CURVE('',#2167,#2241,#291,.T.);
#1942=EDGE_CURVE('',#2240,#2247,#84,.T.);
#1943=EDGE_CURVE('',#2245,#2239,#292,.F.);
#1944=EDGE_CURVE('',#2142,#2247,#410,.T.);
#1945=EDGE_CURVE('',#2246,#2237,#293,.F.);
#1946=EDGE_CURVE('',#2120,#2248,#411,.T.);
#1947=EDGE_CURVE('',#2251,#2235,#294,.F.);
#1948=EDGE_CURVE('',#2127,#2249,#412,.T.);
#1949=EDGE_CURVE('',#2271,#2272,#295,.F.);
#1950=EDGE_CURVE('',#2272,#2126,#85,.T.);
#1951=EDGE_CURVE('',#2242,#2272,#86,.F.);
#1952=EDGE_CURVE('',#2250,#2244,#296,.F.);
#1953=EDGE_CURVE('',#2242,#2249,#413,.T.);
#1954=EDGE_CURVE('',#2258,#2268,#297,.T.);
#1955=EDGE_CURVE('',#2267,#2256,#87,.T.);
#1956=EDGE_CURVE('',#2267,#2195,#414,.T.);
#1957=EDGE_CURVE('',#2253,#2269,#298,.T.);
#1958=EDGE_CURVE('',#2266,#2133,#415,.T.);
#1959=EDGE_CURVE('',#2255,#2264,#299,.T.);
#1960=EDGE_CURVE('',#2270,#2273,#300,.F.);
#1961=EDGE_CURVE('',#2273,#2262,#88,.F.);
#1962=EDGE_CURVE('',#2135,#2273,#89,.F.);
#1963=EDGE_CURVE('',#2265,#2134,#416,.T.);
#1964=EDGE_CURVE('',#2260,#2263,#301,.T.);
#1965=EDGE_CURVE('',#2265,#2262,#417,.F.);
#1966=VERTEX_POINT('',#5234);
#1967=VERTEX_POINT('',#5235);
#1968=VERTEX_POINT('',#5237);
#1969=VERTEX_POINT('',#5239);
#1970=VERTEX_POINT('',#5241);
#1971=VERTEX_POINT('',#5243);
#1972=VERTEX_POINT('',#5245);
#1973=VERTEX_POINT('',#5247);
#1974=VERTEX_POINT('',#5251);
#1975=VERTEX_POINT('',#5252);
#1976=VERTEX_POINT('',#5254);
#1977=VERTEX_POINT('',#5256);
#1978=VERTEX_POINT('',#5258);
#1979=VERTEX_POINT('',#5260);
#1980=VERTEX_POINT('',#5262);
#1981=VERTEX_POINT('',#5264);
#1982=VERTEX_POINT('',#5268);
#1983=VERTEX_POINT('',#5269);
#1984=VERTEX_POINT('',#5277);
#1985=VERTEX_POINT('',#5280);
#1986=VERTEX_POINT('',#5282);
#1987=VERTEX_POINT('',#5290);
#1988=VERTEX_POINT('',#5292);
#1989=VERTEX_POINT('',#5296);
#1990=VERTEX_POINT('',#5298);
#1991=VERTEX_POINT('',#5300);
#1992=VERTEX_POINT('',#5301);
#1993=VERTEX_POINT('',#5303);
#1994=VERTEX_POINT('',#5305);
#1995=VERTEX_POINT('',#5307);
#1996=VERTEX_POINT('',#5309);
#1997=VERTEX_POINT('',#5311);
#1998=VERTEX_POINT('',#5313);
#1999=VERTEX_POINT('',#5315);
#2000=VERTEX_POINT('',#5317);
#2001=VERTEX_POINT('',#5319);
#2002=VERTEX_POINT('',#5321);
#2003=VERTEX_POINT('',#5323);
#2004=VERTEX_POINT('',#5325);
#2005=VERTEX_POINT('',#5327);
#2006=VERTEX_POINT('',#5329);
#2007=VERTEX_POINT('',#5331);
#2008=VERTEX_POINT('',#5333);
#2009=VERTEX_POINT('',#5335);
#2010=VERTEX_POINT('',#5337);
#2011=VERTEX_POINT('',#5339);
#2012=VERTEX_POINT('',#5341);
#2013=VERTEX_POINT('',#5343);
#2014=VERTEX_POINT('',#5345);
#2015=VERTEX_POINT('',#5347);
#2016=VERTEX_POINT('',#5349);
#2017=VERTEX_POINT('',#5353);
#2018=VERTEX_POINT('',#5355);
#2019=VERTEX_POINT('',#5358);
#2020=VERTEX_POINT('',#5360);
#2021=VERTEX_POINT('',#5365);
#2022=VERTEX_POINT('',#5366);
#2023=VERTEX_POINT('',#5368);
#2024=VERTEX_POINT('',#5370);
#2025=VERTEX_POINT('',#5374);
#2026=VERTEX_POINT('',#5375);
#2027=VERTEX_POINT('',#5377);
#2028=VERTEX_POINT('',#5379);
#2029=VERTEX_POINT('',#5382);
#2030=VERTEX_POINT('',#5384);
#2031=VERTEX_POINT('',#5388);
#2032=VERTEX_POINT('',#5390);
#2033=VERTEX_POINT('',#5394);
#2034=VERTEX_POINT('',#5395);
#2035=VERTEX_POINT('',#5397);
#2036=VERTEX_POINT('',#5399);
#2037=VERTEX_POINT('',#5401);
#2038=VERTEX_POINT('',#5403);
#2039=VERTEX_POINT('',#5408);
#2040=VERTEX_POINT('',#5416);
#2041=VERTEX_POINT('',#5418);
#2042=VERTEX_POINT('',#5429);
#2043=VERTEX_POINT('',#5431);
#2044=VERTEX_POINT('',#5434);
#2045=VERTEX_POINT('',#5435);
#2046=VERTEX_POINT('',#5437);
#2047=VERTEX_POINT('',#5439);
#2048=VERTEX_POINT('',#5442);
#2049=VERTEX_POINT('',#5443);
#2050=VERTEX_POINT('',#5445);
#2051=VERTEX_POINT('',#5447);
#2052=VERTEX_POINT('',#5451);
#2053=VERTEX_POINT('',#5453);
#2054=VERTEX_POINT('',#5456);
#2055=VERTEX_POINT('',#5458);
#2056=VERTEX_POINT('',#5460);
#2057=VERTEX_POINT('',#5461);
#2058=VERTEX_POINT('',#5463);
#2059=VERTEX_POINT('',#5465);
#2060=VERTEX_POINT('',#5467);
#2061=VERTEX_POINT('',#5469);
#2062=VERTEX_POINT('',#5471);
#2063=VERTEX_POINT('',#5473);
#2064=VERTEX_POINT('',#5475);
#2065=VERTEX_POINT('',#5477);
#2066=VERTEX_POINT('',#5479);
#2067=VERTEX_POINT('',#5481);
#2068=VERTEX_POINT('',#5483);
#2069=VERTEX_POINT('',#5485);
#2070=VERTEX_POINT('',#5501);
#2071=VERTEX_POINT('',#5502);
#2072=VERTEX_POINT('',#5504);
#2073=VERTEX_POINT('',#5506);
#2074=VERTEX_POINT('',#5510);
#2075=VERTEX_POINT('',#5512);
#2076=VERTEX_POINT('',#5516);
#2077=VERTEX_POINT('',#5518);
#2078=VERTEX_POINT('',#5525);
#2079=VERTEX_POINT('',#5527);
#2080=VERTEX_POINT('',#5548);
#2081=VERTEX_POINT('',#5549);
#2082=VERTEX_POINT('',#5551);
#2083=VERTEX_POINT('',#5553);
#2084=VERTEX_POINT('',#5557);
#2085=VERTEX_POINT('',#5558);
#2086=VERTEX_POINT('',#5560);
#2087=VERTEX_POINT('',#5569);
#2088=VERTEX_POINT('',#5570);
#2089=VERTEX_POINT('',#5572);
#2090=VERTEX_POINT('',#5574);
#2091=VERTEX_POINT('',#5578);
#2092=VERTEX_POINT('',#5579);
#2093=VERTEX_POINT('',#5581);
#2094=VERTEX_POINT('',#5583);
#2095=VERTEX_POINT('',#5585);
#2096=VERTEX_POINT('',#5587);
#2097=VERTEX_POINT('',#5589);
#2098=VERTEX_POINT('',#5593);
#2099=VERTEX_POINT('',#5594);
#2100=VERTEX_POINT('',#5596);
#2101=VERTEX_POINT('',#5598);
#2102=VERTEX_POINT('',#5606);
#2103=VERTEX_POINT('',#5608);
#2104=VERTEX_POINT('',#5610);
#2105=VERTEX_POINT('',#5614);
#2106=VERTEX_POINT('',#5615);
#2107=VERTEX_POINT('',#5617);
#2108=VERTEX_POINT('',#5619);
#2109=VERTEX_POINT('',#5623);
#2110=VERTEX_POINT('',#5624);
#2111=VERTEX_POINT('',#5626);
#2112=VERTEX_POINT('',#5628);
#2113=VERTEX_POINT('',#5630);
#2114=VERTEX_POINT('',#5632);
#2115=VERTEX_POINT('',#5634);
#2116=VERTEX_POINT('',#5650);
#2117=VERTEX_POINT('',#5661);
#2118=VERTEX_POINT('',#5814);
#2119=VERTEX_POINT('',#5867);
#2120=VERTEX_POINT('',#5903);
#2121=VERTEX_POINT('',#5904);
#2122=VERTEX_POINT('',#5906);
#2123=VERTEX_POINT('',#5908);
#2124=VERTEX_POINT('',#5910);
#2125=VERTEX_POINT('',#5912);
#2126=VERTEX_POINT('',#5914);
#2127=VERTEX_POINT('',#5916);
#2128=VERTEX_POINT('',#5920);
#2129=VERTEX_POINT('',#5921);
#2130=VERTEX_POINT('',#5923);
#2131=VERTEX_POINT('',#5925);
#2132=VERTEX_POINT('',#5927);
#2133=VERTEX_POINT('',#5929);
#2134=VERTEX_POINT('',#5931);
#2135=VERTEX_POINT('',#5933);
#2136=VERTEX_POINT('',#5937);
#2137=VERTEX_POINT('',#5938);
#2138=VERTEX_POINT('',#5940);
#2139=VERTEX_POINT('',#5942);
#2140=VERTEX_POINT('',#5950);
#2141=VERTEX_POINT('',#5952);
#2142=VERTEX_POINT('',#5955);
#2143=VERTEX_POINT('',#5965);
#2144=VERTEX_POINT('',#5967);
#2145=VERTEX_POINT('',#5969);
#2146=VERTEX_POINT('',#5970);
#2147=VERTEX_POINT('',#5972);
#2148=VERTEX_POINT('',#5974);
#2149=VERTEX_POINT('',#5976);
#2150=VERTEX_POINT('',#5978);
#2151=VERTEX_POINT('',#5980);
#2152=VERTEX_POINT('',#5982);
#2153=VERTEX_POINT('',#5984);
#2154=VERTEX_POINT('',#5986);
#2155=VERTEX_POINT('',#5988);
#2156=VERTEX_POINT('',#5990);
#2157=VERTEX_POINT('',#5992);
#2158=VERTEX_POINT('',#5994);
#2159=VERTEX_POINT('',#5996);
#2160=VERTEX_POINT('',#5998);
#2161=VERTEX_POINT('',#6000);
#2162=VERTEX_POINT('',#6002);
#2163=VERTEX_POINT('',#6004);
#2164=VERTEX_POINT('',#6006);
#2165=VERTEX_POINT('',#6008);
#2166=VERTEX_POINT('',#6010);
#2167=VERTEX_POINT('',#6012);
#2168=VERTEX_POINT('',#6014);
#2169=VERTEX_POINT('',#6016);
#2170=VERTEX_POINT('',#6018);
#2171=VERTEX_POINT('',#6022);
#2172=VERTEX_POINT('',#6024);
#2173=VERTEX_POINT('',#6028);
#2174=VERTEX_POINT('',#6030);
#2175=VERTEX_POINT('',#6034);
#2176=VERTEX_POINT('',#6035);
#2177=VERTEX_POINT('',#6037);
#2178=VERTEX_POINT('',#6039);
#2179=VERTEX_POINT('',#6043);
#2180=VERTEX_POINT('',#6044);
#2181=VERTEX_POINT('',#6046);
#2182=VERTEX_POINT('',#6048);
#2183=VERTEX_POINT('',#6051);
#2184=VERTEX_POINT('',#6053);
#2185=VERTEX_POINT('',#6057);
#2186=VERTEX_POINT('',#6059);
#2187=VERTEX_POINT('',#6063);
#2188=VERTEX_POINT('',#6064);
#2189=VERTEX_POINT('',#6066);
#2190=VERTEX_POINT('',#6068);
#2191=VERTEX_POINT('',#6070);
#2192=VERTEX_POINT('',#6072);
#2193=VERTEX_POINT('',#6083);
#2194=VERTEX_POINT('',#6085);
#2195=VERTEX_POINT('',#6093);
#2196=VERTEX_POINT('',#6098);
#2197=VERTEX_POINT('',#6100);
#2198=VERTEX_POINT('',#6103);
#2199=VERTEX_POINT('',#6104);
#2200=VERTEX_POINT('',#6106);
#2201=VERTEX_POINT('',#6108);
#2202=VERTEX_POINT('',#6111);
#2203=VERTEX_POINT('',#6112);
#2204=VERTEX_POINT('',#6114);
#2205=VERTEX_POINT('',#6116);
#2206=VERTEX_POINT('',#6120);
#2207=VERTEX_POINT('',#6122);
#2208=VERTEX_POINT('',#6125);
#2209=VERTEX_POINT('',#6127);
#2210=VERTEX_POINT('',#6129);
#2211=VERTEX_POINT('',#6130);
#2212=VERTEX_POINT('',#6132);
#2213=VERTEX_POINT('',#6134);
#2214=VERTEX_POINT('',#6136);
#2215=VERTEX_POINT('',#6138);
#2216=VERTEX_POINT('',#6140);
#2217=VERTEX_POINT('',#6142);
#2218=VERTEX_POINT('',#6144);
#2219=VERTEX_POINT('',#6146);
#2220=VERTEX_POINT('',#6148);
#2221=VERTEX_POINT('',#6150);
#2222=VERTEX_POINT('',#6152);
#2223=VERTEX_POINT('',#6154);
#2224=VERTEX_POINT('',#6170);
#2225=VERTEX_POINT('',#6171);
#2226=VERTEX_POINT('',#6173);
#2227=VERTEX_POINT('',#6175);
#2228=VERTEX_POINT('',#6179);
#2229=VERTEX_POINT('',#6181);
#2230=VERTEX_POINT('',#6185);
#2231=VERTEX_POINT('',#6187);
#2232=VERTEX_POINT('',#6194);
#2233=VERTEX_POINT('',#6196);
#2234=VERTEX_POINT('',#6217);
#2235=VERTEX_POINT('',#6218);
#2236=VERTEX_POINT('',#6220);
#2237=VERTEX_POINT('',#6222);
#2238=VERTEX_POINT('',#6226);
#2239=VERTEX_POINT('',#6227);
#2240=VERTEX_POINT('',#6234);
#2241=VERTEX_POINT('',#6238);
#2242=VERTEX_POINT('',#6239);
#2243=VERTEX_POINT('',#6241);
#2244=VERTEX_POINT('',#6243);
#2245=VERTEX_POINT('',#6247);
#2246=VERTEX_POINT('',#6248);
#2247=VERTEX_POINT('',#6250);
#2248=VERTEX_POINT('',#6252);
#2249=VERTEX_POINT('',#6254);
#2250=VERTEX_POINT('',#6256);
#2251=VERTEX_POINT('',#6258);
#2252=VERTEX_POINT('',#6262);
#2253=VERTEX_POINT('',#6263);
#2254=VERTEX_POINT('',#6265);
#2255=VERTEX_POINT('',#6267);
#2256=VERTEX_POINT('',#6275);
#2257=VERTEX_POINT('',#6277);
#2258=VERTEX_POINT('',#6279);
#2259=VERTEX_POINT('',#6283);
#2260=VERTEX_POINT('',#6284);
#2261=VERTEX_POINT('',#6286);
#2262=VERTEX_POINT('',#6288);
#2263=VERTEX_POINT('',#6292);
#2264=VERTEX_POINT('',#6293);
#2265=VERTEX_POINT('',#6295);
#2266=VERTEX_POINT('',#6297);
#2267=VERTEX_POINT('',#6299);
#2268=VERTEX_POINT('',#6301);
#2269=VERTEX_POINT('',#6303);
#2270=VERTEX_POINT('',#6323);
#2271=VERTEX_POINT('',#6330);
#2272=VERTEX_POINT('',#6483);
#2273=VERTEX_POINT('',#6536);
#2274=LINE('',#5233,#2554);
#2275=LINE('',#5236,#2555);
#2276=LINE('',#5242,#2556);
#2277=LINE('',#5244,#2557);
#2278=LINE('',#5246,#2558);
#2279=LINE('',#5248,#2559);
#2280=LINE('',#5250,#2560);
#2281=LINE('',#5257,#2561);
#2282=LINE('',#5259,#2562);
#2283=LINE('',#5261,#2563);
#2284=LINE('',#5263,#2564);
#2285=LINE('',#5265,#2565);
#2286=LINE('',#5267,#2566);
#2287=LINE('',#5281,#2567);
#2288=LINE('',#5291,#2568);
#2289=LINE('',#5299,#2569);
#2290=LINE('',#5302,#2570);
#2291=LINE('',#5304,#2571);
#2292=LINE('',#5306,#2572);
#2293=LINE('',#5308,#2573);
#2294=LINE('',#5310,#2574);
#2295=LINE('',#5312,#2575);
#2296=LINE('',#5314,#2576);
#2297=LINE('',#5316,#2577);
#2298=LINE('',#5318,#2578);
#2299=LINE('',#5322,#2579);
#2300=LINE('',#5324,#2580);
#2301=LINE('',#5326,#2581);
#2302=LINE('',#5328,#2582);
#2303=LINE('',#5330,#2583);
#2304=LINE('',#5332,#2584);
#2305=LINE('',#5334,#2585);
#2306=LINE('',#5338,#2586);
#2307=LINE('',#5340,#2587);
#2308=LINE('',#5342,#2588);
#2309=LINE('',#5344,#2589);
#2310=LINE('',#5346,#2590);
#2311=LINE('',#5348,#2591);
#2312=LINE('',#5350,#2592);
#2313=LINE('',#5357,#2593);
#2314=LINE('',#5359,#2594);
#2315=LINE('',#5361,#2595);
#2316=LINE('',#5364,#2596);
#2317=LINE('',#5367,#2597);
#2318=LINE('',#5369,#2598);
#2319=LINE('',#5371,#2599);
#2320=LINE('',#5373,#2600);
#2321=LINE('',#5378,#2601);
#2322=LINE('',#5381,#2602);
#2323=LINE('',#5383,#2603);
#2324=LINE('',#5385,#2604);
#2325=LINE('',#5387,#2605);
#2326=LINE('',#5389,#2606);
#2327=LINE('',#5391,#2607);
#2328=LINE('',#5393,#2608);
#2329=LINE('',#5396,#2609);
#2330=LINE('',#5398,#2610);
#2331=LINE('',#5402,#2611);
#2332=LINE('',#5404,#2612);
#2333=LINE('',#5417,#2613);
#2334=LINE('',#5433,#2614);
#2335=LINE('',#5438,#2615);
#2336=LINE('',#5441,#2616);
#2337=LINE('',#5444,#2617);
#2338=LINE('',#5446,#2618);
#2339=LINE('',#5448,#2619);
#2340=LINE('',#5462,#2620);
#2341=LINE('',#5464,#2621);
#2342=LINE('',#5466,#2622);
#2343=LINE('',#5468,#2623);
#2344=LINE('',#5470,#2624);
#2345=LINE('',#5472,#2625);
#2346=LINE('',#5474,#2626);
#2347=LINE('',#5478,#2627);
#2348=LINE('',#5480,#2628);
#2349=LINE('',#5482,#2629);
#2350=LINE('',#5484,#2630);
#2351=LINE('',#5486,#2631);
#2352=LINE('',#5488,#2632);
#2353=LINE('',#5489,#2633);
#2354=LINE('',#5491,#2634);
#2355=LINE('',#5492,#2635);
#2356=LINE('',#5494,#2636);
#2357=LINE('',#5495,#2637);
#2358=LINE('',#5497,#2638);
#2359=LINE('',#5498,#2639);
#2360=LINE('',#5500,#2640);
#2361=LINE('',#5503,#2641);
#2362=LINE('',#5505,#2642);
#2363=LINE('',#5507,#2643);
#2364=LINE('',#5511,#2644);
#2365=LINE('',#5515,#2645);
#2366=LINE('',#5517,#2646);
#2367=LINE('',#5519,#2647);
#2368=LINE('',#5547,#2648);
#2369=LINE('',#5550,#2649);
#2370=LINE('',#5552,#2650);
#2371=LINE('',#5554,#2651);
#2372=LINE('',#5556,#2652);
#2373=LINE('',#5559,#2653);
#2374=LINE('',#5566,#2654);
#2375=LINE('',#5568,#2655);
#2376=LINE('',#5571,#2656);
#2377=LINE('',#5573,#2657);
#2378=LINE('',#5575,#2658);
#2379=LINE('',#5577,#2659);
#2380=LINE('',#5580,#2660);
#2381=LINE('',#5582,#2661);
#2382=LINE('',#5584,#2662);
#2383=LINE('',#5586,#2663);
#2384=LINE('',#5590,#2664);
#2385=LINE('',#5592,#2665);
#2386=LINE('',#5595,#2666);
#2387=LINE('',#5597,#2667);
#2388=LINE('',#5599,#2668);
#2389=LINE('',#5607,#2669);
#2390=LINE('',#5609,#2670);
#2391=LINE('',#5611,#2671);
#2392=LINE('',#5613,#2672);
#2393=LINE('',#5616,#2673);
#2394=LINE('',#5618,#2674);
#2395=LINE('',#5620,#2675);
#2396=LINE('',#5622,#2676);
#2397=LINE('',#5625,#2677);
#2398=LINE('',#5627,#2678);
#2399=LINE('',#5629,#2679);
#2400=LINE('',#5633,#2680);
#2401=LINE('',#5635,#2681);
#2402=LINE('',#5637,#2682);
#2403=LINE('',#5638,#2683);
#2404=LINE('',#5640,#2684);
#2405=LINE('',#5641,#2685);
#2406=LINE('',#5643,#2686);
#2407=LINE('',#5644,#2687);
#2408=LINE('',#5646,#2688);
#2409=LINE('',#5647,#2689);
#2410=LINE('',#5649,#2690);
#2411=LINE('',#5655,#2691);
#2412=LINE('',#5662,#2692);
#2413=LINE('',#5663,#2693);
#2414=LINE('',#5902,#2694);
#2415=LINE('',#5905,#2695);
#2416=LINE('',#5907,#2696);
#2417=LINE('',#5909,#2697);
#2418=LINE('',#5911,#2698);
#2419=LINE('',#5917,#2699);
#2420=LINE('',#5919,#2700);
#2421=LINE('',#5922,#2701);
#2422=LINE('',#5924,#2702);
#2423=LINE('',#5926,#2703);
#2424=LINE('',#5928,#2704);
#2425=LINE('',#5930,#2705);
#2426=LINE('',#5936,#2706);
#2427=LINE('',#5941,#2707);
#2428=LINE('',#5951,#2708);
#2429=LINE('',#5968,#2709);
#2430=LINE('',#5971,#2710);
#2431=LINE('',#5973,#2711);
#2432=LINE('',#5975,#2712);
#2433=LINE('',#5977,#2713);
#2434=LINE('',#5979,#2714);
#2435=LINE('',#5981,#2715);
#2436=LINE('',#5983,#2716);
#2437=LINE('',#5987,#2717);
#2438=LINE('',#5989,#2718);
#2439=LINE('',#5991,#2719);
#2440=LINE('',#5993,#2720);
#2441=LINE('',#5995,#2721);
#2442=LINE('',#5997,#2722);
#2443=LINE('',#5999,#2723);
#2444=LINE('',#6003,#2724);
#2445=LINE('',#6005,#2725);
#2446=LINE('',#6007,#2726);
#2447=LINE('',#6009,#2727);
#2448=LINE('',#6011,#2728);
#2449=LINE('',#6013,#2729);
#2450=LINE('',#6015,#2730);
#2451=LINE('',#6017,#2731);
#2452=LINE('',#6019,#2732);
#2453=LINE('',#6027,#2733);
#2454=LINE('',#6029,#2734);
#2455=LINE('',#6031,#2735);
#2456=LINE('',#6033,#2736);
#2457=LINE('',#6036,#2737);
#2458=LINE('',#6038,#2738);
#2459=LINE('',#6040,#2739);
#2460=LINE('',#6042,#2740);
#2461=LINE('',#6047,#2741);
#2462=LINE('',#6050,#2742);
#2463=LINE('',#6052,#2743);
#2464=LINE('',#6054,#2744);
#2465=LINE('',#6056,#2745);
#2466=LINE('',#6058,#2746);
#2467=LINE('',#6060,#2747);
#2468=LINE('',#6062,#2748);
#2469=LINE('',#6065,#2749);
#2470=LINE('',#6067,#2750);
#2471=LINE('',#6071,#2751);
#2472=LINE('',#6073,#2752);
#2473=LINE('',#6084,#2753);
#2474=LINE('',#6102,#2754);
#2475=LINE('',#6107,#2755);
#2476=LINE('',#6110,#2756);
#2477=LINE('',#6113,#2757);
#2478=LINE('',#6115,#2758);
#2479=LINE('',#6117,#2759);
#2480=LINE('',#6131,#2760);
#2481=LINE('',#6133,#2761);
#2482=LINE('',#6135,#2762);
#2483=LINE('',#6137,#2763);
#2484=LINE('',#6139,#2764);
#2485=LINE('',#6143,#2765);
#2486=LINE('',#6145,#2766);
#2487=LINE('',#6147,#2767);
#2488=LINE('',#6149,#2768);
#2489=LINE('',#6151,#2769);
#2490=LINE('',#6153,#2770);
#2491=LINE('',#6155,#2771);
#2492=LINE('',#6157,#2772);
#2493=LINE('',#6158,#2773);
#2494=LINE('',#6160,#2774);
#2495=LINE('',#6161,#2775);
#2496=LINE('',#6163,#2776);
#2497=LINE('',#6164,#2777);
#2498=LINE('',#6166,#2778);
#2499=LINE('',#6167,#2779);
#2500=LINE('',#6169,#2780);
#2501=LINE('',#6172,#2781);
#2502=LINE('',#6174,#2782);
#2503=LINE('',#6176,#2783);
#2504=LINE('',#6180,#2784);
#2505=LINE('',#6184,#2785);
#2506=LINE('',#6186,#2786);
#2507=LINE('',#6188,#2787);
#2508=LINE('',#6216,#2788);
#2509=LINE('',#6219,#2789);
#2510=LINE('',#6221,#2790);
#2511=LINE('',#6223,#2791);
#2512=LINE('',#6225,#2792);
#2513=LINE('',#6228,#2793);
#2514=LINE('',#6235,#2794);
#2515=LINE('',#6237,#2795);
#2516=LINE('',#6240,#2796);
#2517=LINE('',#6242,#2797);
#2518=LINE('',#6244,#2798);
#2519=LINE('',#6246,#2799);
#2520=LINE('',#6249,#2800);
#2521=LINE('',#6253,#2801);
#2522=LINE('',#6255,#2802);
#2523=LINE('',#6257,#2803);
#2524=LINE('',#6259,#2804);
#2525=LINE('',#6261,#2805);
#2526=LINE('',#6264,#2806);
#2527=LINE('',#6266,#2807);
#2528=LINE('',#6268,#2808);
#2529=LINE('',#6276,#2809);
#2530=LINE('',#6278,#2810);
#2531=LINE('',#6280,#2811);
#2532=LINE('',#6282,#2812);
#2533=LINE('',#6285,#2813);
#2534=LINE('',#6287,#2814);
#2535=LINE('',#6289,#2815);
#2536=LINE('',#6291,#2816);
#2537=LINE('',#6294,#2817);
#2538=LINE('',#6296,#2818);
#2539=LINE('',#6300,#2819);
#2540=LINE('',#6302,#2820);
#2541=LINE('',#6304,#2821);
#2542=LINE('',#6306,#2822);
#2543=LINE('',#6307,#2823);
#2544=LINE('',#6309,#2824);
#2545=LINE('',#6310,#2825);
#2546=LINE('',#6312,#2826);
#2547=LINE('',#6313,#2827);
#2548=LINE('',#6315,#2828);
#2549=LINE('',#6316,#2829);
#2550=LINE('',#6318,#2830);
#2551=LINE('',#6324,#2831);
#2552=LINE('',#6331,#2832);
#2553=LINE('',#6332,#2833);
#2554=VECTOR('',#4103,1.);
#2555=VECTOR('',#4104,1.);
#2556=VECTOR('',#4109,1.);
#2557=VECTOR('',#4110,1.);
#2558=VECTOR('',#4111,1.);
#2559=VECTOR('',#4112,1.);
#2560=VECTOR('',#4115,1.);
#2561=VECTOR('',#4120,1.);
#2562=VECTOR('',#4121,1.);
#2563=VECTOR('',#4122,1.);
#2564=VECTOR('',#4123,1.);
#2565=VECTOR('',#4124,1.);
#2566=VECTOR('',#4127,1.);
#2567=VECTOR('',#4132,1.);
#2568=VECTOR('',#4133,1.);
#2569=VECTOR('',#4142,1.);
#2570=VECTOR('',#4143,1.);
#2571=VECTOR('',#4144,1.);
#2572=VECTOR('',#4145,1.);
#2573=VECTOR('',#4146,1.);
#2574=VECTOR('',#4147,1.);
#2575=VECTOR('',#4148,1.);
#2576=VECTOR('',#4149,1.);
#2577=VECTOR('',#4150,1.);
#2578=VECTOR('',#4151,1.);
#2579=VECTOR('',#4154,1.);
#2580=VECTOR('',#4155,1.);
#2581=VECTOR('',#4156,1.);
#2582=VECTOR('',#4157,1.);
#2583=VECTOR('',#4158,1.);
#2584=VECTOR('',#4159,1.);
#2585=VECTOR('',#4160,1.);
#2586=VECTOR('',#4163,1.);
#2587=VECTOR('',#4164,1.);
#2588=VECTOR('',#4165,1.);
#2589=VECTOR('',#4166,1.);
#2590=VECTOR('',#4167,1.);
#2591=VECTOR('',#4168,1.);
#2592=VECTOR('',#4169,1.);
#2593=VECTOR('',#4178,1.);
#2594=VECTOR('',#4179,1.);
#2595=VECTOR('',#4180,1.);
#2596=VECTOR('',#4185,1.);
#2597=VECTOR('',#4186,1.);
#2598=VECTOR('',#4187,1.);
#2599=VECTOR('',#4188,1.);
#2600=VECTOR('',#4191,1.);
#2601=VECTOR('',#4194,1.);
#2602=VECTOR('',#4197,1.);
#2603=VECTOR('',#4198,1.);
#2604=VECTOR('',#4199,1.);
#2605=VECTOR('',#4202,1.);
#2606=VECTOR('',#4203,1.);
#2607=VECTOR('',#4204,1.);
#2608=VECTOR('',#4207,1.);
#2609=VECTOR('',#4208,1.);
#2610=VECTOR('',#4209,1.);
#2611=VECTOR('',#4212,1.);
#2612=VECTOR('',#4213,1.);
#2613=VECTOR('',#4220,1.);
#2614=VECTOR('',#4231,1.);
#2615=VECTOR('',#4234,1.);
#2616=VECTOR('',#4237,1.);
#2617=VECTOR('',#4238,1.);
#2618=VECTOR('',#4239,1.);
#2619=VECTOR('',#4240,1.);
#2620=VECTOR('',#4255,1.);
#2621=VECTOR('',#4256,1.);
#2622=VECTOR('',#4257,1.);
#2623=VECTOR('',#4258,1.);
#2624=VECTOR('',#4259,1.);
#2625=VECTOR('',#4260,1.);
#2626=VECTOR('',#4261,1.);
#2627=VECTOR('',#4264,1.);
#2628=VECTOR('',#4265,1.);
#2629=VECTOR('',#4266,1.);
#2630=VECTOR('',#4267,1.);
#2631=VECTOR('',#4268,1.);
#2632=VECTOR('',#4271,1.);
#2633=VECTOR('',#4272,1.);
#2634=VECTOR('',#4275,1.);
#2635=VECTOR('',#4276,1.);
#2636=VECTOR('',#4279,1.);
#2637=VECTOR('',#4280,1.);
#2638=VECTOR('',#4283,1.);
#2639=VECTOR('',#4284,1.);
#2640=VECTOR('',#4287,1.);
#2641=VECTOR('',#4288,1.);
#2642=VECTOR('',#4289,1.);
#2643=VECTOR('',#4290,1.);
#2644=VECTOR('',#4295,1.);
#2645=VECTOR('',#4300,1.);
#2646=VECTOR('',#4301,1.);
#2647=VECTOR('',#4302,1.);
#2648=VECTOR('',#4353,1.);
#2649=VECTOR('',#4354,1.);
#2650=VECTOR('',#4355,1.);
#2651=VECTOR('',#4356,1.);
#2652=VECTOR('',#4359,1.);
#2653=VECTOR('',#4360,1.);
#2654=VECTOR('',#4361,1.);
#2655=VECTOR('',#4364,1.);
#2656=VECTOR('',#4365,1.);
#2657=VECTOR('',#4366,1.);
#2658=VECTOR('',#4367,1.);
#2659=VECTOR('',#4370,1.);
#2660=VECTOR('',#4371,1.);
#2661=VECTOR('',#4372,1.);
#2662=VECTOR('',#4373,1.);
#2663=VECTOR('',#4374,1.);
#2664=VECTOR('',#4377,1.);
#2665=VECTOR('',#4380,1.);
#2666=VECTOR('',#4381,1.);
#2667=VECTOR('',#4382,1.);
#2668=VECTOR('',#4383,1.);
#2669=VECTOR('',#4386,1.);
#2670=VECTOR('',#4387,1.);
#2671=VECTOR('',#4388,1.);
#2672=VECTOR('',#4391,1.);
#2673=VECTOR('',#4392,1.);
#2674=VECTOR('',#4393,1.);
#2675=VECTOR('',#4394,1.);
#2676=VECTOR('',#4397,1.);
#2677=VECTOR('',#4398,1.);
#2678=VECTOR('',#4399,1.);
#2679=VECTOR('',#4400,1.);
#2680=VECTOR('',#4403,1.);
#2681=VECTOR('',#4404,1.);
#2682=VECTOR('',#4407,1.);
#2683=VECTOR('',#4408,1.);
#2684=VECTOR('',#4411,1.);
#2685=VECTOR('',#4412,1.);
#2686=VECTOR('',#4415,1.);
#2687=VECTOR('',#4416,1.);
#2688=VECTOR('',#4419,1.);
#2689=VECTOR('',#4420,1.);
#2690=VECTOR('',#4423,1.);
#2691=VECTOR('',#4424,1.);
#2692=VECTOR('',#4427,1.);
#2693=VECTOR('',#4428,1.);
#2694=VECTOR('',#4669,1.);
#2695=VECTOR('',#4670,1.);
#2696=VECTOR('',#4671,1.);
#2697=VECTOR('',#4672,1.);
#2698=VECTOR('',#4673,1.);
#2699=VECTOR('',#4678,1.);
#2700=VECTOR('',#4681,1.);
#2701=VECTOR('',#4682,1.);
#2702=VECTOR('',#4683,1.);
#2703=VECTOR('',#4684,1.);
#2704=VECTOR('',#4685,1.);
#2705=VECTOR('',#4686,1.);
#2706=VECTOR('',#4693,1.);
#2707=VECTOR('',#4696,1.);
#2708=VECTOR('',#4697,1.);
#2709=VECTOR('',#4708,1.);
#2710=VECTOR('',#4709,1.);
#2711=VECTOR('',#4710,1.);
#2712=VECTOR('',#4711,1.);
#2713=VECTOR('',#4712,1.);
#2714=VECTOR('',#4713,1.);
#2715=VECTOR('',#4714,1.);
#2716=VECTOR('',#4715,1.);
#2717=VECTOR('',#4718,1.);
#2718=VECTOR('',#4719,1.);
#2719=VECTOR('',#4720,1.);
#2720=VECTOR('',#4721,1.);
#2721=VECTOR('',#4722,1.);
#2722=VECTOR('',#4723,1.);
#2723=VECTOR('',#4724,1.);
#2724=VECTOR('',#4727,1.);
#2725=VECTOR('',#4728,1.);
#2726=VECTOR('',#4729,1.);
#2727=VECTOR('',#4730,1.);
#2728=VECTOR('',#4731,1.);
#2729=VECTOR('',#4732,1.);
#2730=VECTOR('',#4733,1.);
#2731=VECTOR('',#4734,1.);
#2732=VECTOR('',#4735,1.);
#2733=VECTOR('',#4746,1.);
#2734=VECTOR('',#4747,1.);
#2735=VECTOR('',#4748,1.);
#2736=VECTOR('',#4751,1.);
#2737=VECTOR('',#4752,1.);
#2738=VECTOR('',#4753,1.);
#2739=VECTOR('',#4754,1.);
#2740=VECTOR('',#4757,1.);
#2741=VECTOR('',#4760,1.);
#2742=VECTOR('',#4763,1.);
#2743=VECTOR('',#4764,1.);
#2744=VECTOR('',#4765,1.);
#2745=VECTOR('',#4768,1.);
#2746=VECTOR('',#4769,1.);
#2747=VECTOR('',#4770,1.);
#2748=VECTOR('',#4773,1.);
#2749=VECTOR('',#4774,1.);
#2750=VECTOR('',#4775,1.);
#2751=VECTOR('',#4778,1.);
#2752=VECTOR('',#4779,1.);
#2753=VECTOR('',#4784,1.);
#2754=VECTOR('',#4797,1.);
#2755=VECTOR('',#4800,1.);
#2756=VECTOR('',#4803,1.);
#2757=VECTOR('',#4804,1.);
#2758=VECTOR('',#4805,1.);
#2759=VECTOR('',#4806,1.);
#2760=VECTOR('',#4821,1.);
#2761=VECTOR('',#4822,1.);
#2762=VECTOR('',#4823,1.);
#2763=VECTOR('',#4824,1.);
#2764=VECTOR('',#4825,1.);
#2765=VECTOR('',#4828,1.);
#2766=VECTOR('',#4829,1.);
#2767=VECTOR('',#4830,1.);
#2768=VECTOR('',#4831,1.);
#2769=VECTOR('',#4832,1.);
#2770=VECTOR('',#4833,1.);
#2771=VECTOR('',#4834,1.);
#2772=VECTOR('',#4837,1.);
#2773=VECTOR('',#4838,1.);
#2774=VECTOR('',#4841,1.);
#2775=VECTOR('',#4842,1.);
#2776=VECTOR('',#4845,1.);
#2777=VECTOR('',#4846,1.);
#2778=VECTOR('',#4849,1.);
#2779=VECTOR('',#4850,1.);
#2780=VECTOR('',#4853,1.);
#2781=VECTOR('',#4854,1.);
#2782=VECTOR('',#4855,1.);
#2783=VECTOR('',#4856,1.);
#2784=VECTOR('',#4861,1.);
#2785=VECTOR('',#4866,1.);
#2786=VECTOR('',#4867,1.);
#2787=VECTOR('',#4868,1.);
#2788=VECTOR('',#4919,1.);
#2789=VECTOR('',#4920,1.);
#2790=VECTOR('',#4921,1.);
#2791=VECTOR('',#4922,1.);
#2792=VECTOR('',#4925,1.);
#2793=VECTOR('',#4926,1.);
#2794=VECTOR('',#4927,1.);
#2795=VECTOR('',#4930,1.);
#2796=VECTOR('',#4931,1.);
#2797=VECTOR('',#4932,1.);
#2798=VECTOR('',#4933,1.);
#2799=VECTOR('',#4936,1.);
#2800=VECTOR('',#4937,1.);
#2801=VECTOR('',#4940,1.);
#2802=VECTOR('',#4941,1.);
#2803=VECTOR('',#4942,1.);
#2804=VECTOR('',#4943,1.);
#2805=VECTOR('',#4946,1.);
#2806=VECTOR('',#4947,1.);
#2807=VECTOR('',#4948,1.);
#2808=VECTOR('',#4949,1.);
#2809=VECTOR('',#4952,1.);
#2810=VECTOR('',#4953,1.);
#2811=VECTOR('',#4954,1.);
#2812=VECTOR('',#4957,1.);
#2813=VECTOR('',#4958,1.);
#2814=VECTOR('',#4959,1.);
#2815=VECTOR('',#4960,1.);
#2816=VECTOR('',#4963,1.);
#2817=VECTOR('',#4964,1.);
#2818=VECTOR('',#4965,1.);
#2819=VECTOR('',#4968,1.);
#2820=VECTOR('',#4969,1.);
#2821=VECTOR('',#4970,1.);
#2822=VECTOR('',#4973,1.);
#2823=VECTOR('',#4974,1.);
#2824=VECTOR('',#4977,1.);
#2825=VECTOR('',#4978,1.);
#2826=VECTOR('',#4981,1.);
#2827=VECTOR('',#4982,1.);
#2828=VECTOR('',#4985,1.);
#2829=VECTOR('',#4986,1.);
#2830=VECTOR('',#4989,1.);
#2831=VECTOR('',#4990,1.);
#2832=VECTOR('',#4993,1.);
#2833=VECTOR('',#4994,1.);
#2834=EDGE_LOOP('',(#418,#419,#420,#421,#422,#423,#424,#425));
#2835=EDGE_LOOP('',(#426,#427,#428,#429,#430,#431,#432,#433));
#2836=EDGE_LOOP('',(#434,#435,#436,#437,#438,#439,#440,#441,#442));
#2837=EDGE_LOOP('',(#443));
#2838=EDGE_LOOP('',(#444));
#2839=EDGE_LOOP('',(#445,#446,#447,#448,#449,#450,#451,#452,#453,#454,#455,
#456,#457,#458,#459,#460,#461,#462,#463,#464,#465,#466,#467,#468,#469,#470));
#2840=EDGE_LOOP('',(#471));
#2841=EDGE_LOOP('',(#472));
#2842=EDGE_LOOP('',(#473,#474,#475,#476,#477,#478));
#2843=EDGE_LOOP('',(#479,#480,#481,#482));
#2844=EDGE_LOOP('',(#483,#484,#485,#486));
#2845=EDGE_LOOP('',(#487,#488,#489,#490));
#2846=EDGE_LOOP('',(#491,#492,#493,#494));
#2847=EDGE_LOOP('',(#495,#496,#497,#498,#499,#500));
#2848=EDGE_LOOP('',(#501,#502,#503,#504,#505,#506,#507,#508,#509));
#2849=EDGE_LOOP('',(#510));
#2850=EDGE_LOOP('',(#511));
#2851=EDGE_LOOP('',(#512,#513,#514,#515));
#2852=EDGE_LOOP('',(#516,#517,#518,#519));
#2853=EDGE_LOOP('',(#520));
#2854=EDGE_LOOP('',(#521));
#2855=EDGE_LOOP('',(#522));
#2856=EDGE_LOOP('',(#523));
#2857=EDGE_LOOP('',(#524,#525,#526,#527,#528,#529,#530,#531,#532,#533,#534,
#535,#536,#537));
#2858=EDGE_LOOP('',(#538,#539,#540,#541));
#2859=EDGE_LOOP('',(#542,#543,#544,#545));
#2860=EDGE_LOOP('',(#546,#547,#548,#549));
#2861=EDGE_LOOP('',(#550,#551,#552,#553));
#2862=EDGE_LOOP('',(#554,#555,#556,#557));
#2863=EDGE_LOOP('',(#558,#559,#560,#561));
#2864=EDGE_LOOP('',(#562,#563,#564,#565));
#2865=EDGE_LOOP('',(#566,#567,#568,#569));
#2866=EDGE_LOOP('',(#570));
#2867=EDGE_LOOP('',(#571));
#2868=EDGE_LOOP('',(#572,#573,#574,#575));
#2869=EDGE_LOOP('',(#576,#577,#578,#579));
#2870=EDGE_LOOP('',(#580,#581,#582,#583));
#2871=EDGE_LOOP('',(#584,#585,#586,#587));
#2872=EDGE_LOOP('',(#588,#589,#590,#591));
#2873=EDGE_LOOP('',(#592,#593,#594,#595));
#2874=EDGE_LOOP('',(#596,#597,#598,#599));
#2875=EDGE_LOOP('',(#600,#601,#602,#603));
#2876=EDGE_LOOP('',(#604,#605));
#2877=EDGE_LOOP('',(#606));
#2878=EDGE_LOOP('',(#607,#608));
#2879=EDGE_LOOP('',(#609));
#2880=EDGE_LOOP('',(#610,#611,#612,#613));
#2881=EDGE_LOOP('',(#614));
#2882=EDGE_LOOP('',(#615,#616,#617,#618,#619));
#2883=EDGE_LOOP('',(#620,#621,#622,#623));
#2884=EDGE_LOOP('',(#624,#625,#626,#627,#628,#629,#630));
#2885=EDGE_LOOP('',(#631,#632,#633,#634));
#2886=EDGE_LOOP('',(#635));
#2887=EDGE_LOOP('',(#636,#637,#638,#639,#640));
#2888=EDGE_LOOP('',(#641,#642,#643,#644));
#2889=EDGE_LOOP('',(#645,#646,#647,#648,#649,#650,#651));
#2890=EDGE_LOOP('',(#652,#653,#654,#655));
#2891=EDGE_LOOP('',(#656,#657,#658,#659));
#2892=EDGE_LOOP('',(#660,#661,#662,#663));
#2893=EDGE_LOOP('',(#664,#665,#666,#667));
#2894=EDGE_LOOP('',(#668,#669,#670,#671,#672));
#2895=EDGE_LOOP('',(#673,#674,#675,#676,#677));
#2896=EDGE_LOOP('',(#678,#679,#680,#681));
#2897=EDGE_LOOP('',(#682,#683,#684,#685));
#2898=EDGE_LOOP('',(#686,#687,#688,#689));
#2899=EDGE_LOOP('',(#690,#691,#692,#693));
#2900=EDGE_LOOP('',(#694,#695,#696,#697));
#2901=EDGE_LOOP('',(#698,#699,#700,#701));
#2902=EDGE_LOOP('',(#702,#703,#704,#705));
#2903=EDGE_LOOP('',(#706,#707,#708,#709));
#2904=EDGE_LOOP('',(#710,#711,#712,#713));
#2905=EDGE_LOOP('',(#714,#715,#716,#717));
#2906=EDGE_LOOP('',(#718,#719,#720,#721));
#2907=EDGE_LOOP('',(#722,#723,#724,#725));
#2908=EDGE_LOOP('',(#726,#727,#728,#729));
#2909=EDGE_LOOP('',(#730,#731,#732,#733));
#2910=EDGE_LOOP('',(#734));
#2911=EDGE_LOOP('',(#735));
#2912=EDGE_LOOP('',(#736));
#2913=EDGE_LOOP('',(#737));
#2914=EDGE_LOOP('',(#738,#739,#740,#741));
#2915=EDGE_LOOP('',(#742,#743,#744,#745));
#2916=EDGE_LOOP('',(#746,#747,#748,#749));
#2917=EDGE_LOOP('',(#750,#751,#752,#753));
#2918=EDGE_LOOP('',(#754,#755,#756,#757));
#2919=EDGE_LOOP('',(#758,#759,#760,#761));
#2920=EDGE_LOOP('',(#762,#763,#764,#765));
#2921=EDGE_LOOP('',(#766,#767,#768,#769));
#2922=EDGE_LOOP('',(#770,#771,#772,#773));
#2923=EDGE_LOOP('',(#774,#775,#776,#777));
#2924=EDGE_LOOP('',(#778,#779,#780,#781));
#2925=EDGE_LOOP('',(#782,#783,#784,#785));
#2926=EDGE_LOOP('',(#786,#787,#788,#789));
#2927=EDGE_LOOP('',(#790,#791,#792,#793));
#2928=EDGE_LOOP('',(#794,#795,#796,#797));
#2929=EDGE_LOOP('',(#798,#799,#800,#801));
#2930=EDGE_LOOP('',(#802,#803,#804,#805));
#2931=EDGE_LOOP('',(#806,#807,#808,#809));
#2932=EDGE_LOOP('',(#810,#811,#812,#813));
#2933=EDGE_LOOP('',(#814,#815,#816,#817));
#2934=EDGE_LOOP('',(#818,#819,#820,#821));
#2935=EDGE_LOOP('',(#822,#823,#824,#825));
#2936=EDGE_LOOP('',(#826,#827,#828,#829));
#2937=EDGE_LOOP('',(#830,#831,#832,#833));
#2938=EDGE_LOOP('',(#834,#835,#836,#837));
#2939=EDGE_LOOP('',(#838,#839,#840,#841));
#2940=EDGE_LOOP('',(#842));
#2941=EDGE_LOOP('',(#843));
#2942=EDGE_LOOP('',(#844));
#2943=EDGE_LOOP('',(#845));
#2944=EDGE_LOOP('',(#846,#847,#848,#849));
#2945=EDGE_LOOP('',(#850,#851,#852,#853));
#2946=EDGE_LOOP('',(#854,#855,#856,#857));
#2947=EDGE_LOOP('',(#858,#859,#860,#861));
#2948=EDGE_LOOP('',(#862,#863,#864,#865));
#2949=EDGE_LOOP('',(#866,#867,#868,#869));
#2950=EDGE_LOOP('',(#870,#871,#872,#873));
#2951=EDGE_LOOP('',(#874,#875,#876));
#2952=EDGE_LOOP('',(#877,#878,#879,#880));
#2953=EDGE_LOOP('',(#881,#882,#883,#884,#885));
#2954=EDGE_LOOP('',(#886,#887,#888,#889));
#2955=EDGE_LOOP('',(#890,#891,#892,#893));
#2956=EDGE_LOOP('',(#894,#895,#896,#897));
#2957=EDGE_LOOP('',(#898,#899,#900,#901));
#2958=EDGE_LOOP('',(#902,#903,#904,#905));
#2959=EDGE_LOOP('',(#906,#907,#908,#909));
#2960=EDGE_LOOP('',(#910,#911,#912));
#2961=EDGE_LOOP('',(#913,#914,#915,#916));
#2962=EDGE_LOOP('',(#917,#918,#919,#920));
#2963=EDGE_LOOP('',(#921,#922,#923,#924));
#2964=EDGE_LOOP('',(#925,#926,#927,#928,#929));
#2965=EDGE_LOOP('',(#930,#931,#932,#933));
#2966=EDGE_LOOP('',(#934,#935,#936,#937,#938,#939,#940,#941));
#2967=EDGE_LOOP('',(#942,#943,#944,#945,#946,#947,#948,#949));
#2968=EDGE_LOOP('',(#950,#951,#952,#953,#954,#955,#956,#957,#958));
#2969=EDGE_LOOP('',(#959));
#2970=EDGE_LOOP('',(#960));
#2971=EDGE_LOOP('',(#961,#962,#963,#964,#965,#966,#967,#968,#969,#970,#971,
#972,#973,#974,#975,#976,#977,#978,#979,#980,#981,#982,#983,#984,#985,#986));
#2972=EDGE_LOOP('',(#987));
#2973=EDGE_LOOP('',(#988));
#2974=EDGE_LOOP('',(#989,#990,#991,#992,#993,#994));
#2975=EDGE_LOOP('',(#995,#996,#997,#998));
#2976=EDGE_LOOP('',(#999,#1000,#1001,#1002));
#2977=EDGE_LOOP('',(#1003,#1004,#1005,#1006));
#2978=EDGE_LOOP('',(#1007,#1008,#1009,#1010));
#2979=EDGE_LOOP('',(#1011,#1012,#1013,#1014,#1015,#1016));
#2980=EDGE_LOOP('',(#1017,#1018,#1019,#1020,#1021,#1022,#1023,#1024,#1025));
#2981=EDGE_LOOP('',(#1026));
#2982=EDGE_LOOP('',(#1027));
#2983=EDGE_LOOP('',(#1028,#1029,#1030,#1031));
#2984=EDGE_LOOP('',(#1032,#1033,#1034,#1035));
#2985=EDGE_LOOP('',(#1036));
#2986=EDGE_LOOP('',(#1037));
#2987=EDGE_LOOP('',(#1038));
#2988=EDGE_LOOP('',(#1039));
#2989=EDGE_LOOP('',(#1040,#1041,#1042,#1043,#1044,#1045,#1046,#1047,#1048,
#1049,#1050,#1051,#1052,#1053));
#2990=EDGE_LOOP('',(#1054,#1055,#1056,#1057));
#2991=EDGE_LOOP('',(#1058,#1059,#1060,#1061));
#2992=EDGE_LOOP('',(#1062,#1063,#1064,#1065));
#2993=EDGE_LOOP('',(#1066,#1067,#1068,#1069));
#2994=EDGE_LOOP('',(#1070,#1071,#1072,#1073));
#2995=EDGE_LOOP('',(#1074,#1075,#1076,#1077));
#2996=EDGE_LOOP('',(#1078,#1079,#1080,#1081));
#2997=EDGE_LOOP('',(#1082,#1083,#1084,#1085));
#2998=EDGE_LOOP('',(#1086));
#2999=EDGE_LOOP('',(#1087));
#3000=EDGE_LOOP('',(#1088,#1089,#1090,#1091));
#3001=EDGE_LOOP('',(#1092,#1093,#1094,#1095));
#3002=EDGE_LOOP('',(#1096,#1097,#1098,#1099));
#3003=EDGE_LOOP('',(#1100,#1101,#1102,#1103));
#3004=EDGE_LOOP('',(#1104,#1105,#1106,#1107));
#3005=EDGE_LOOP('',(#1108,#1109,#1110,#1111));
#3006=EDGE_LOOP('',(#1112,#1113,#1114,#1115));
#3007=EDGE_LOOP('',(#1116,#1117,#1118,#1119));
#3008=EDGE_LOOP('',(#1120,#1121));
#3009=EDGE_LOOP('',(#1122));
#3010=EDGE_LOOP('',(#1123,#1124));
#3011=EDGE_LOOP('',(#1125));
#3012=EDGE_LOOP('',(#1126,#1127,#1128,#1129));
#3013=EDGE_LOOP('',(#1130));
#3014=EDGE_LOOP('',(#1131,#1132,#1133,#1134,#1135));
#3015=EDGE_LOOP('',(#1136,#1137,#1138,#1139));
#3016=EDGE_LOOP('',(#1140,#1141,#1142,#1143,#1144,#1145,#1146));
#3017=EDGE_LOOP('',(#1147,#1148,#1149,#1150));
#3018=EDGE_LOOP('',(#1151));
#3019=EDGE_LOOP('',(#1152,#1153,#1154,#1155,#1156));
#3020=EDGE_LOOP('',(#1157,#1158,#1159,#1160));
#3021=EDGE_LOOP('',(#1161,#1162,#1163,#1164,#1165,#1166,#1167));
#3022=EDGE_LOOP('',(#1168,#1169,#1170,#1171));
#3023=EDGE_LOOP('',(#1172,#1173,#1174,#1175));
#3024=EDGE_LOOP('',(#1176,#1177,#1178,#1179));
#3025=EDGE_LOOP('',(#1180,#1181,#1182,#1183));
#3026=EDGE_LOOP('',(#1184,#1185,#1186,#1187,#1188));
#3027=EDGE_LOOP('',(#1189,#1190,#1191,#1192,#1193));
#3028=EDGE_LOOP('',(#1194,#1195,#1196,#1197));
#3029=EDGE_LOOP('',(#1198,#1199,#1200,#1201));
#3030=EDGE_LOOP('',(#1202,#1203,#1204,#1205));
#3031=EDGE_LOOP('',(#1206,#1207,#1208,#1209));
#3032=EDGE_LOOP('',(#1210,#1211,#1212,#1213));
#3033=EDGE_LOOP('',(#1214,#1215,#1216,#1217));
#3034=EDGE_LOOP('',(#1218,#1219,#1220,#1221));
#3035=EDGE_LOOP('',(#1222,#1223,#1224,#1225));
#3036=EDGE_LOOP('',(#1226,#1227,#1228,#1229));
#3037=EDGE_LOOP('',(#1230,#1231,#1232,#1233));
#3038=EDGE_LOOP('',(#1234,#1235,#1236,#1237));
#3039=EDGE_LOOP('',(#1238,#1239,#1240,#1241));
#3040=EDGE_LOOP('',(#1242,#1243,#1244,#1245));
#3041=EDGE_LOOP('',(#1246,#1247,#1248,#1249));
#3042=EDGE_LOOP('',(#1250));
#3043=EDGE_LOOP('',(#1251));
#3044=EDGE_LOOP('',(#1252));
#3045=EDGE_LOOP('',(#1253));
#3046=EDGE_LOOP('',(#1254,#1255,#1256,#1257));
#3047=EDGE_LOOP('',(#1258,#1259,#1260,#1261));
#3048=EDGE_LOOP('',(#1262,#1263,#1264,#1265));
#3049=EDGE_LOOP('',(#1266,#1267,#1268,#1269));
#3050=EDGE_LOOP('',(#1270,#1271,#1272,#1273));
#3051=EDGE_LOOP('',(#1274,#1275,#1276,#1277));
#3052=EDGE_LOOP('',(#1278,#1279,#1280,#1281));
#3053=EDGE_LOOP('',(#1282,#1283,#1284,#1285));
#3054=EDGE_LOOP('',(#1286,#1287,#1288,#1289));
#3055=EDGE_LOOP('',(#1290,#1291,#1292,#1293));
#3056=EDGE_LOOP('',(#1294,#1295,#1296,#1297));
#3057=EDGE_LOOP('',(#1298,#1299,#1300,#1301));
#3058=EDGE_LOOP('',(#1302,#1303,#1304,#1305));
#3059=EDGE_LOOP('',(#1306,#1307,#1308,#1309));
#3060=EDGE_LOOP('',(#1310,#1311,#1312,#1313));
#3061=EDGE_LOOP('',(#1314,#1315,#1316,#1317));
#3062=EDGE_LOOP('',(#1318,#1319,#1320,#1321));
#3063=EDGE_LOOP('',(#1322,#1323,#1324,#1325));
#3064=EDGE_LOOP('',(#1326,#1327,#1328,#1329));
#3065=EDGE_LOOP('',(#1330,#1331,#1332,#1333));
#3066=EDGE_LOOP('',(#1334,#1335,#1336,#1337));
#3067=EDGE_LOOP('',(#1338,#1339,#1340,#1341));
#3068=EDGE_LOOP('',(#1342,#1343,#1344,#1345));
#3069=EDGE_LOOP('',(#1346,#1347,#1348,#1349));
#3070=EDGE_LOOP('',(#1350,#1351,#1352,#1353));
#3071=EDGE_LOOP('',(#1354,#1355,#1356,#1357));
#3072=EDGE_LOOP('',(#1358));
#3073=EDGE_LOOP('',(#1359));
#3074=EDGE_LOOP('',(#1360));
#3075=EDGE_LOOP('',(#1361));
#3076=EDGE_LOOP('',(#1362,#1363,#1364,#1365));
#3077=EDGE_LOOP('',(#1366,#1367,#1368,#1369));
#3078=EDGE_LOOP('',(#1370,#1371,#1372,#1373));
#3079=EDGE_LOOP('',(#1374,#1375,#1376,#1377));
#3080=EDGE_LOOP('',(#1378,#1379,#1380,#1381));
#3081=EDGE_LOOP('',(#1382,#1383,#1384,#1385));
#3082=EDGE_LOOP('',(#1386,#1387,#1388,#1389));
#3083=EDGE_LOOP('',(#1390,#1391,#1392));
#3084=EDGE_LOOP('',(#1393,#1394,#1395,#1396));
#3085=EDGE_LOOP('',(#1397,#1398,#1399,#1400,#1401));
#3086=EDGE_LOOP('',(#1402,#1403,#1404,#1405));
#3087=EDGE_LOOP('',(#1406,#1407,#1408,#1409));
#3088=EDGE_LOOP('',(#1410,#1411,#1412,#1413));
#3089=EDGE_LOOP('',(#1414,#1415,#1416,#1417));
#3090=EDGE_LOOP('',(#1418,#1419,#1420,#1421));
#3091=EDGE_LOOP('',(#1422,#1423,#1424,#1425));
#3092=EDGE_LOOP('',(#1426,#1427,#1428));
#3093=EDGE_LOOP('',(#1429,#1430,#1431,#1432));
#3094=EDGE_LOOP('',(#1433,#1434,#1435,#1436));
#3095=EDGE_LOOP('',(#1437,#1438,#1439,#1440));
#3096=EDGE_LOOP('',(#1441,#1442,#1443,#1444,#1445));
#3097=EDGE_LOOP('',(#1446,#1447,#1448,#1449));
#3098=FACE_BOUND('',#2834,.T.);
#3099=FACE_BOUND('',#2835,.T.);
#3100=FACE_BOUND('',#2836,.T.);
#3101=FACE_BOUND('',#2837,.T.);
#3102=FACE_BOUND('',#2838,.T.);
#3103=FACE_BOUND('',#2839,.T.);
#3104=FACE_BOUND('',#2840,.T.);
#3105=FACE_BOUND('',#2841,.T.);
#3106=FACE_BOUND('',#2842,.T.);
#3107=FACE_BOUND('',#2843,.T.);
#3108=FACE_BOUND('',#2844,.T.);
#3109=FACE_BOUND('',#2845,.T.);
#3110=FACE_BOUND('',#2846,.T.);
#3111=FACE_BOUND('',#2847,.T.);
#3112=FACE_BOUND('',#2848,.T.);
#3113=FACE_BOUND('',#2849,.T.);
#3114=FACE_BOUND('',#2850,.T.);
#3115=FACE_BOUND('',#2851,.T.);
#3116=FACE_BOUND('',#2852,.T.);
#3117=FACE_BOUND('',#2853,.T.);
#3118=FACE_BOUND('',#2854,.T.);
#3119=FACE_BOUND('',#2855,.T.);
#3120=FACE_BOUND('',#2856,.T.);
#3121=FACE_BOUND('',#2857,.T.);
#3122=FACE_BOUND('',#2858,.T.);
#3123=FACE_BOUND('',#2859,.T.);
#3124=FACE_BOUND('',#2860,.T.);
#3125=FACE_BOUND('',#2861,.T.);
#3126=FACE_BOUND('',#2862,.T.);
#3127=FACE_BOUND('',#2863,.T.);
#3128=FACE_BOUND('',#2864,.T.);
#3129=FACE_BOUND('',#2865,.T.);
#3130=FACE_BOUND('',#2866,.T.);
#3131=FACE_BOUND('',#2867,.T.);
#3132=FACE_BOUND('',#2868,.T.);
#3133=FACE_BOUND('',#2869,.T.);
#3134=FACE_BOUND('',#2870,.T.);
#3135=FACE_BOUND('',#2871,.T.);
#3136=FACE_BOUND('',#2872,.T.);
#3137=FACE_BOUND('',#2873,.T.);
#3138=FACE_BOUND('',#2874,.T.);
#3139=FACE_BOUND('',#2875,.T.);
#3140=FACE_BOUND('',#2876,.T.);
#3141=FACE_BOUND('',#2877,.T.);
#3142=FACE_BOUND('',#2878,.T.);
#3143=FACE_BOUND('',#2879,.T.);
#3144=FACE_BOUND('',#2880,.T.);
#3145=FACE_BOUND('',#2881,.T.);
#3146=FACE_BOUND('',#2882,.T.);
#3147=FACE_BOUND('',#2883,.T.);
#3148=FACE_BOUND('',#2884,.T.);
#3149=FACE_BOUND('',#2885,.T.);
#3150=FACE_BOUND('',#2886,.T.);
#3151=FACE_BOUND('',#2887,.T.);
#3152=FACE_BOUND('',#2888,.T.);
#3153=FACE_BOUND('',#2889,.T.);
#3154=FACE_BOUND('',#2890,.T.);
#3155=FACE_BOUND('',#2891,.T.);
#3156=FACE_BOUND('',#2892,.T.);
#3157=FACE_BOUND('',#2893,.T.);
#3158=FACE_BOUND('',#2894,.T.);
#3159=FACE_BOUND('',#2895,.T.);
#3160=FACE_BOUND('',#2896,.T.);
#3161=FACE_BOUND('',#2897,.T.);
#3162=FACE_BOUND('',#2898,.T.);
#3163=FACE_BOUND('',#2899,.T.);
#3164=FACE_BOUND('',#2900,.T.);
#3165=FACE_BOUND('',#2901,.T.);
#3166=FACE_BOUND('',#2902,.T.);
#3167=FACE_BOUND('',#2903,.T.);
#3168=FACE_BOUND('',#2904,.T.);
#3169=FACE_BOUND('',#2905,.T.);
#3170=FACE_BOUND('',#2906,.T.);
#3171=FACE_BOUND('',#2907,.T.);
#3172=FACE_BOUND('',#2908,.T.);
#3173=FACE_BOUND('',#2909,.T.);
#3174=FACE_BOUND('',#2910,.T.);
#3175=FACE_BOUND('',#2911,.T.);
#3176=FACE_BOUND('',#2912,.T.);
#3177=FACE_BOUND('',#2913,.T.);
#3178=FACE_BOUND('',#2914,.T.);
#3179=FACE_BOUND('',#2915,.T.);
#3180=FACE_BOUND('',#2916,.T.);
#3181=FACE_BOUND('',#2917,.T.);
#3182=FACE_BOUND('',#2918,.T.);
#3183=FACE_BOUND('',#2919,.T.);
#3184=FACE_BOUND('',#2920,.T.);
#3185=FACE_BOUND('',#2921,.T.);
#3186=FACE_BOUND('',#2922,.T.);
#3187=FACE_BOUND('',#2923,.T.);
#3188=FACE_BOUND('',#2924,.T.);
#3189=FACE_BOUND('',#2925,.T.);
#3190=FACE_BOUND('',#2926,.T.);
#3191=FACE_BOUND('',#2927,.T.);
#3192=FACE_BOUND('',#2928,.T.);
#3193=FACE_BOUND('',#2929,.T.);
#3194=FACE_BOUND('',#2930,.T.);
#3195=FACE_BOUND('',#2931,.T.);
#3196=FACE_BOUND('',#2932,.T.);
#3197=FACE_BOUND('',#2933,.T.);
#3198=FACE_BOUND('',#2934,.T.);
#3199=FACE_BOUND('',#2935,.T.);
#3200=FACE_BOUND('',#2936,.T.);
#3201=FACE_BOUND('',#2937,.T.);
#3202=FACE_BOUND('',#2938,.T.);
#3203=FACE_BOUND('',#2939,.T.);
#3204=FACE_BOUND('',#2940,.T.);
#3205=FACE_BOUND('',#2941,.T.);
#3206=FACE_BOUND('',#2942,.T.);
#3207=FACE_BOUND('',#2943,.T.);
#3208=FACE_BOUND('',#2944,.T.);
#3209=FACE_BOUND('',#2945,.T.);
#3210=FACE_BOUND('',#2946,.T.);
#3211=FACE_BOUND('',#2947,.T.);
#3212=FACE_BOUND('',#2948,.T.);
#3213=FACE_BOUND('',#2949,.T.);
#3214=FACE_BOUND('',#2950,.T.);
#3215=FACE_BOUND('',#2951,.T.);
#3216=FACE_BOUND('',#2952,.T.);
#3217=FACE_BOUND('',#2953,.T.);
#3218=FACE_BOUND('',#2954,.T.);
#3219=FACE_BOUND('',#2955,.T.);
#3220=FACE_BOUND('',#2956,.T.);
#3221=FACE_BOUND('',#2957,.T.);
#3222=FACE_BOUND('',#2958,.T.);
#3223=FACE_BOUND('',#2959,.T.);
#3224=FACE_BOUND('',#2960,.T.);
#3225=FACE_BOUND('',#2961,.T.);
#3226=FACE_BOUND('',#2962,.T.);
#3227=FACE_BOUND('',#2963,.T.);
#3228=FACE_BOUND('',#2964,.T.);
#3229=FACE_BOUND('',#2965,.T.);
#3230=FACE_BOUND('',#2966,.T.);
#3231=FACE_BOUND('',#2967,.T.);
#3232=FACE_BOUND('',#2968,.T.);
#3233=FACE_BOUND('',#2969,.T.);
#3234=FACE_BOUND('',#2970,.T.);
#3235=FACE_BOUND('',#2971,.T.);
#3236=FACE_BOUND('',#2972,.T.);
#3237=FACE_BOUND('',#2973,.T.);
#3238=FACE_BOUND('',#2974,.T.);
#3239=FACE_BOUND('',#2975,.T.);
#3240=FACE_BOUND('',#2976,.T.);
#3241=FACE_BOUND('',#2977,.T.);
#3242=FACE_BOUND('',#2978,.T.);
#3243=FACE_BOUND('',#2979,.T.);
#3244=FACE_BOUND('',#2980,.T.);
#3245=FACE_BOUND('',#2981,.T.);
#3246=FACE_BOUND('',#2982,.T.);
#3247=FACE_BOUND('',#2983,.T.);
#3248=FACE_BOUND('',#2984,.T.);
#3249=FACE_BOUND('',#2985,.T.);
#3250=FACE_BOUND('',#2986,.T.);
#3251=FACE_BOUND('',#2987,.T.);
#3252=FACE_BOUND('',#2988,.T.);
#3253=FACE_BOUND('',#2989,.T.);
#3254=FACE_BOUND('',#2990,.T.);
#3255=FACE_BOUND('',#2991,.T.);
#3256=FACE_BOUND('',#2992,.T.);
#3257=FACE_BOUND('',#2993,.T.);
#3258=FACE_BOUND('',#2994,.T.);
#3259=FACE_BOUND('',#2995,.T.);
#3260=FACE_BOUND('',#2996,.T.);
#3261=FACE_BOUND('',#2997,.T.);
#3262=FACE_BOUND('',#2998,.T.);
#3263=FACE_BOUND('',#2999,.T.);
#3264=FACE_BOUND('',#3000,.T.);
#3265=FACE_BOUND('',#3001,.T.);
#3266=FACE_BOUND('',#3002,.T.);
#3267=FACE_BOUND('',#3003,.T.);
#3268=FACE_BOUND('',#3004,.T.);
#3269=FACE_BOUND('',#3005,.T.);
#3270=FACE_BOUND('',#3006,.T.);
#3271=FACE_BOUND('',#3007,.T.);
#3272=FACE_BOUND('',#3008,.T.);
#3273=FACE_BOUND('',#3009,.T.);
#3274=FACE_BOUND('',#3010,.T.);
#3275=FACE_BOUND('',#3011,.T.);
#3276=FACE_BOUND('',#3012,.T.);
#3277=FACE_BOUND('',#3013,.T.);
#3278=FACE_BOUND('',#3014,.T.);
#3279=FACE_BOUND('',#3015,.T.);
#3280=FACE_BOUND('',#3016,.T.);
#3281=FACE_BOUND('',#3017,.T.);
#3282=FACE_BOUND('',#3018,.T.);
#3283=FACE_BOUND('',#3019,.T.);
#3284=FACE_BOUND('',#3020,.T.);
#3285=FACE_BOUND('',#3021,.T.);
#3286=FACE_BOUND('',#3022,.T.);
#3287=FACE_BOUND('',#3023,.T.);
#3288=FACE_BOUND('',#3024,.T.);
#3289=FACE_BOUND('',#3025,.T.);
#3290=FACE_BOUND('',#3026,.T.);
#3291=FACE_BOUND('',#3027,.T.);
#3292=FACE_BOUND('',#3028,.T.);
#3293=FACE_BOUND('',#3029,.T.);
#3294=FACE_BOUND('',#3030,.T.);
#3295=FACE_BOUND('',#3031,.T.);
#3296=FACE_BOUND('',#3032,.T.);
#3297=FACE_BOUND('',#3033,.T.);
#3298=FACE_BOUND('',#3034,.T.);
#3299=FACE_BOUND('',#3035,.T.);
#3300=FACE_BOUND('',#3036,.T.);
#3301=FACE_BOUND('',#3037,.T.);
#3302=FACE_BOUND('',#3038,.T.);
#3303=FACE_BOUND('',#3039,.T.);
#3304=FACE_BOUND('',#3040,.T.);
#3305=FACE_BOUND('',#3041,.T.);
#3306=FACE_BOUND('',#3042,.T.);
#3307=FACE_BOUND('',#3043,.T.);
#3308=FACE_BOUND('',#3044,.T.);
#3309=FACE_BOUND('',#3045,.T.);
#3310=FACE_BOUND('',#3046,.T.);
#3311=FACE_BOUND('',#3047,.T.);
#3312=FACE_BOUND('',#3048,.T.);
#3313=FACE_BOUND('',#3049,.T.);
#3314=FACE_BOUND('',#3050,.T.);
#3315=FACE_BOUND('',#3051,.T.);
#3316=FACE_BOUND('',#3052,.T.);
#3317=FACE_BOUND('',#3053,.T.);
#3318=FACE_BOUND('',#3054,.T.);
#3319=FACE_BOUND('',#3055,.T.);
#3320=FACE_BOUND('',#3056,.T.);
#3321=FACE_BOUND('',#3057,.T.);
#3322=FACE_BOUND('',#3058,.T.);
#3323=FACE_BOUND('',#3059,.T.);
#3324=FACE_BOUND('',#3060,.T.);
#3325=FACE_BOUND('',#3061,.T.);
#3326=FACE_BOUND('',#3062,.T.);
#3327=FACE_BOUND('',#3063,.T.);
#3328=FACE_BOUND('',#3064,.T.);
#3329=FACE_BOUND('',#3065,.T.);
#3330=FACE_BOUND('',#3066,.T.);
#3331=FACE_BOUND('',#3067,.T.);
#3332=FACE_BOUND('',#3068,.T.);
#3333=FACE_BOUND('',#3069,.T.);
#3334=FACE_BOUND('',#3070,.T.);
#3335=FACE_BOUND('',#3071,.T.);
#3336=FACE_BOUND('',#3072,.T.);
#3337=FACE_BOUND('',#3073,.T.);
#3338=FACE_BOUND('',#3074,.T.);
#3339=FACE_BOUND('',#3075,.T.);
#3340=FACE_BOUND('',#3076,.T.);
#3341=FACE_BOUND('',#3077,.T.);
#3342=FACE_BOUND('',#3078,.T.);
#3343=FACE_BOUND('',#3079,.T.);
#3344=FACE_BOUND('',#3080,.T.);
#3345=FACE_BOUND('',#3081,.T.);
#3346=FACE_BOUND('',#3082,.T.);
#3347=FACE_BOUND('',#3083,.T.);
#3348=FACE_BOUND('',#3084,.T.);
#3349=FACE_BOUND('',#3085,.T.);
#3350=FACE_BOUND('',#3086,.T.);
#3351=FACE_BOUND('',#3087,.T.);
#3352=FACE_BOUND('',#3088,.T.);
#3353=FACE_BOUND('',#3089,.T.);
#3354=FACE_BOUND('',#3090,.T.);
#3355=FACE_BOUND('',#3091,.T.);
#3356=FACE_BOUND('',#3092,.T.);
#3357=FACE_BOUND('',#3093,.T.);
#3358=FACE_BOUND('',#3094,.T.);
#3359=FACE_BOUND('',#3095,.T.);
#3360=FACE_BOUND('',#3096,.T.);
#3361=FACE_BOUND('',#3097,.T.);
#3362=PLANE('',#3674);
#3363=PLANE('',#3677);
#3364=PLANE('',#3684);
#3365=PLANE('',#3692);
#3366=PLANE('',#3694);
#3367=PLANE('',#3695);
#3368=PLANE('',#3698);
#3369=PLANE('',#3699);
#3370=PLANE('',#3708);
#3371=PLANE('',#3714);
#3372=PLANE('',#3719);
#3373=PLANE('',#3720);
#3374=PLANE('',#3721);
#3375=PLANE('',#3722);
#3376=PLANE('',#3723);
#3377=PLANE('',#3727);
#3378=PLANE('',#3752);
#3379=PLANE('',#3753);
#3380=PLANE('',#3754);
#3381=PLANE('',#3755);
#3382=PLANE('',#3757);
#3383=PLANE('',#3758);
#3384=PLANE('',#3759);
#3385=PLANE('',#3760);
#3386=PLANE('',#3762);
#3387=PLANE('',#3763);
#3388=PLANE('',#3764);
#3389=PLANE('',#3765);
#3390=PLANE('',#3766);
#3391=PLANE('',#3767);
#3392=PLANE('',#3887);
#3393=PLANE('',#3890);
#3394=PLANE('',#3897);
#3395=PLANE('',#3905);
#3396=PLANE('',#3907);
#3397=PLANE('',#3908);
#3398=PLANE('',#3911);
#3399=PLANE('',#3912);
#3400=PLANE('',#3921);
#3401=PLANE('',#3927);
#3402=PLANE('',#3932);
#3403=PLANE('',#3933);
#3404=PLANE('',#3934);
#3405=PLANE('',#3935);
#3406=PLANE('',#3936);
#3407=PLANE('',#3940);
#3408=PLANE('',#3965);
#3409=PLANE('',#3966);
#3410=PLANE('',#3967);
#3411=PLANE('',#3968);
#3412=PLANE('',#3970);
#3413=PLANE('',#3971);
#3414=PLANE('',#3972);
#3415=PLANE('',#3973);
#3416=PLANE('',#3975);
#3417=PLANE('',#3976);
#3418=PLANE('',#3977);
#3419=PLANE('',#3978);
#3420=PLANE('',#3979);
#3421=PLANE('',#3980);
#3422=ADVANCED_FACE('',(#3098),#3362,.T.);
#3423=ADVANCED_FACE('',(#3099),#3363,.F.);
#3424=ADVANCED_FACE('',(#3100),#90,.T.);
#3425=ADVANCED_FACE('',(#3101,#3102,#3103),#3364,.T.);
#3426=ADVANCED_FACE('',(#3104,#3105),#91,.F.);
#3427=ADVANCED_FACE('',(#3106),#3365,.F.);
#3428=ADVANCED_FACE('',(#3107),#3366,.T.);
#3429=ADVANCED_FACE('',(#3108,#3109),#3367,.T.);
#3430=ADVANCED_FACE('',(#3110),#3368,.T.);
#3431=ADVANCED_FACE('',(#3111),#3369,.T.);
#3432=ADVANCED_FACE('',(#3112),#92,.T.);
#3433=ADVANCED_FACE('',(#3113,#3114),#93,.F.);
#3434=ADVANCED_FACE('',(#3115,#3116),#3370,.T.);
#3435=ADVANCED_FACE('',(#3117,#3118),#94,.F.);
#3436=ADVANCED_FACE('',(#3119,#3120,#3121),#3371,.F.);
#3437=ADVANCED_FACE('',(#3122),#3372,.F.);
#3438=ADVANCED_FACE('',(#3123),#3373,.T.);
#3439=ADVANCED_FACE('',(#3124),#3374,.F.);
#3440=ADVANCED_FACE('',(#3125),#3375,.T.);
#3441=ADVANCED_FACE('',(#3126),#3376,.F.);
#3442=ADVANCED_FACE('',(#3127),#95,.F.);
#3443=ADVANCED_FACE('',(#3128),#3377,.T.);
#3444=ADVANCED_FACE('',(#3129),#96,.F.);
#3445=ADVANCED_FACE('',(#3130,#3131),#97,.F.);
#3446=ADVANCED_FACE('',(#3132),#26,.T.);
#3447=ADVANCED_FACE('',(#3133),#98,.T.);
#3448=ADVANCED_FACE('',(#3134),#99,.T.);
#3449=ADVANCED_FACE('',(#3135),#27,.T.);
#3450=ADVANCED_FACE('',(#3136),#28,.T.);
#3451=ADVANCED_FACE('',(#3137),#100,.T.);
#3452=ADVANCED_FACE('',(#3138),#101,.T.);
#3453=ADVANCED_FACE('',(#3139),#29,.T.);
#3454=ADVANCED_FACE('',(#3140,#3141),#22,.F.);
#3455=ADVANCED_FACE('',(#3142,#3143),#23,.F.);
#3456=ADVANCED_FACE('',(#3144,#3145),#3378,.F.);
#3457=ADVANCED_FACE('',(#3146),#3379,.T.);
#3458=ADVANCED_FACE('',(#3147),#3380,.F.);
#3459=ADVANCED_FACE('',(#3148),#3381,.T.);
#3460=ADVANCED_FACE('',(#3149,#3150),#3382,.T.);
#3461=ADVANCED_FACE('',(#3151),#3383,.F.);
#3462=ADVANCED_FACE('',(#3152),#3384,.T.);
#3463=ADVANCED_FACE('',(#3153),#3385,.T.);
#3464=ADVANCED_FACE('',(#3154),#3386,.T.);
#3465=ADVANCED_FACE('',(#3155),#3387,.F.);
#3466=ADVANCED_FACE('',(#3156),#3388,.T.);
#3467=ADVANCED_FACE('',(#3157),#3389,.F.);
#3468=ADVANCED_FACE('',(#3158),#3390,.T.);
#3469=ADVANCED_FACE('',(#3159),#3391,.T.);
#3470=ADVANCED_FACE('',(#3160),#102,.T.);
#3471=ADVANCED_FACE('',(#3161),#103,.T.);
#3472=ADVANCED_FACE('',(#3162),#104,.T.);
#3473=ADVANCED_FACE('',(#3163),#105,.T.);
#3474=ADVANCED_FACE('',(#3164),#30,.T.);
#3475=ADVANCED_FACE('',(#3165),#106,.T.);
#3476=ADVANCED_FACE('',(#3166),#107,.T.);
#3477=ADVANCED_FACE('',(#3167),#31,.T.);
#3478=ADVANCED_FACE('',(#3168),#108,.T.);
#3479=ADVANCED_FACE('',(#3169),#109,.T.);
#3480=ADVANCED_FACE('',(#3170),#110,.T.);
#3481=ADVANCED_FACE('',(#3171),#111,.T.);
#3482=ADVANCED_FACE('',(#3172),#112,.T.);
#3483=ADVANCED_FACE('',(#3173),#113,.T.);
#3484=ADVANCED_FACE('',(#3174,#3175),#32,.T.);
#3485=ADVANCED_FACE('',(#3176,#3177),#33,.T.);
#3486=ADVANCED_FACE('',(#3178),#34,.T.);
#3487=ADVANCED_FACE('',(#3179),#114,.T.);
#3488=ADVANCED_FACE('',(#3180),#115,.T.);
#3489=ADVANCED_FACE('',(#3181),#116,.T.);
#3490=ADVANCED_FACE('',(#3182),#117,.T.);
#3491=ADVANCED_FACE('',(#3183),#118,.T.);
#3492=ADVANCED_FACE('',(#3184),#119,.T.);
#3493=ADVANCED_FACE('',(#3185),#120,.T.);
#3494=ADVANCED_FACE('',(#3186),#121,.T.);
#3495=ADVANCED_FACE('',(#3187),#122,.T.);
#3496=ADVANCED_FACE('',(#3188),#123,.T.);
#3497=ADVANCED_FACE('',(#3189),#124,.T.);
#3498=ADVANCED_FACE('',(#3190),#125,.T.);
#3499=ADVANCED_FACE('',(#3191),#126,.T.);
#3500=ADVANCED_FACE('',(#3192),#127,.T.);
#3501=ADVANCED_FACE('',(#3193),#35,.T.);
#3502=ADVANCED_FACE('',(#3194),#128,.T.);
#3503=ADVANCED_FACE('',(#3195),#129,.T.);
#3504=ADVANCED_FACE('',(#3196),#130,.T.);
#3505=ADVANCED_FACE('',(#3197),#131,.T.);
#3506=ADVANCED_FACE('',(#3198),#132,.T.);
#3507=ADVANCED_FACE('',(#3199),#133,.T.);
#3508=ADVANCED_FACE('',(#3200),#134,.T.);
#3509=ADVANCED_FACE('',(#3201),#135,.T.);
#3510=ADVANCED_FACE('',(#3202),#136,.T.);
#3511=ADVANCED_FACE('',(#3203),#137,.T.);
#3512=ADVANCED_FACE('',(#3204,#3205),#36,.T.);
#3513=ADVANCED_FACE('',(#3206,#3207),#37,.T.);
#3514=ADVANCED_FACE('',(#3208),#138,.F.);
#3515=ADVANCED_FACE('',(#3209),#14,.T.);
#3516=ADVANCED_FACE('',(#3210),#139,.F.);
#3517=ADVANCED_FACE('',(#3211),#38,.T.);
#3518=ADVANCED_FACE('',(#3212),#140,.F.);
#3519=ADVANCED_FACE('',(#3213),#141,.T.);
#3520=ADVANCED_FACE('',(#3214),#15,.T.);
#3521=ADVANCED_FACE('',(#3215),#142,.F.);
#3522=ADVANCED_FACE('',(#3216),#143,.F.);
#3523=ADVANCED_FACE('',(#3217),#39,.T.);
#3524=ADVANCED_FACE('',(#3218),#144,.F.);
#3525=ADVANCED_FACE('',(#3219),#145,.F.);
#3526=ADVANCED_FACE('',(#3220),#16,.T.);
#3527=ADVANCED_FACE('',(#3221),#146,.F.);
#3528=ADVANCED_FACE('',(#3222),#40,.T.);
#3529=ADVANCED_FACE('',(#3223),#147,.F.);
#3530=ADVANCED_FACE('',(#3224),#148,.F.);
#3531=ADVANCED_FACE('',(#3225),#17,.T.);
#3532=ADVANCED_FACE('',(#3226),#149,.T.);
#3533=ADVANCED_FACE('',(#3227),#150,.F.);
#3534=ADVANCED_FACE('',(#3228),#41,.T.);
#3535=ADVANCED_FACE('',(#3229),#151,.F.);
#3536=ADVANCED_FACE('',(#3230),#3392,.T.);
#3537=ADVANCED_FACE('',(#3231),#3393,.F.);
#3538=ADVANCED_FACE('',(#3232),#152,.T.);
#3539=ADVANCED_FACE('',(#3233,#3234,#3235),#3394,.T.);
#3540=ADVANCED_FACE('',(#3236,#3237),#153,.F.);
#3541=ADVANCED_FACE('',(#3238),#3395,.F.);
#3542=ADVANCED_FACE('',(#3239),#3396,.T.);
#3543=ADVANCED_FACE('',(#3240,#3241),#3397,.T.);
#3544=ADVANCED_FACE('',(#3242),#3398,.T.);
#3545=ADVANCED_FACE('',(#3243),#3399,.T.);
#3546=ADVANCED_FACE('',(#3244),#154,.T.);
#3547=ADVANCED_FACE('',(#3245,#3246),#155,.F.);
#3548=ADVANCED_FACE('',(#3247,#3248),#3400,.T.);
#3549=ADVANCED_FACE('',(#3249,#3250),#156,.F.);
#3550=ADVANCED_FACE('',(#3251,#3252,#3253),#3401,.F.);
#3551=ADVANCED_FACE('',(#3254),#3402,.F.);
#3552=ADVANCED_FACE('',(#3255),#3403,.T.);
#3553=ADVANCED_FACE('',(#3256),#3404,.F.);
#3554=ADVANCED_FACE('',(#3257),#3405,.T.);
#3555=ADVANCED_FACE('',(#3258),#3406,.F.);
#3556=ADVANCED_FACE('',(#3259),#157,.F.);
#3557=ADVANCED_FACE('',(#3260),#3407,.T.);
#3558=ADVANCED_FACE('',(#3261),#158,.F.);
#3559=ADVANCED_FACE('',(#3262,#3263),#159,.F.);
#3560=ADVANCED_FACE('',(#3264),#42,.T.);
#3561=ADVANCED_FACE('',(#3265),#160,.T.);
#3562=ADVANCED_FACE('',(#3266),#161,.T.);
#3563=ADVANCED_FACE('',(#3267),#43,.T.);
#3564=ADVANCED_FACE('',(#3268),#44,.T.);
#3565=ADVANCED_FACE('',(#3269),#162,.T.);
#3566=ADVANCED_FACE('',(#3270),#163,.T.);
#3567=ADVANCED_FACE('',(#3271),#45,.T.);
#3568=ADVANCED_FACE('',(#3272,#3273),#24,.F.);
#3569=ADVANCED_FACE('',(#3274,#3275),#25,.F.);
#3570=ADVANCED_FACE('',(#3276,#3277),#3408,.F.);
#3571=ADVANCED_FACE('',(#3278),#3409,.T.);
#3572=ADVANCED_FACE('',(#3279),#3410,.F.);
#3573=ADVANCED_FACE('',(#3280),#3411,.T.);
#3574=ADVANCED_FACE('',(#3281,#3282),#3412,.T.);
#3575=ADVANCED_FACE('',(#3283),#3413,.F.);
#3576=ADVANCED_FACE('',(#3284),#3414,.T.);
#3577=ADVANCED_FACE('',(#3285),#3415,.T.);
#3578=ADVANCED_FACE('',(#3286),#3416,.T.);
#3579=ADVANCED_FACE('',(#3287),#3417,.F.);
#3580=ADVANCED_FACE('',(#3288),#3418,.T.);
#3581=ADVANCED_FACE('',(#3289),#3419,.F.);
#3582=ADVANCED_FACE('',(#3290),#3420,.T.);
#3583=ADVANCED_FACE('',(#3291),#3421,.T.);
#3584=ADVANCED_FACE('',(#3292),#164,.T.);
#3585=ADVANCED_FACE('',(#3293),#165,.T.);
#3586=ADVANCED_FACE('',(#3294),#166,.T.);
#3587=ADVANCED_FACE('',(#3295),#167,.T.);
#3588=ADVANCED_FACE('',(#3296),#46,.T.);
#3589=ADVANCED_FACE('',(#3297),#168,.T.);
#3590=ADVANCED_FACE('',(#3298),#169,.T.);
#3591=ADVANCED_FACE('',(#3299),#47,.T.);
#3592=ADVANCED_FACE('',(#3300),#170,.T.);
#3593=ADVANCED_FACE('',(#3301),#171,.T.);
#3594=ADVANCED_FACE('',(#3302),#172,.T.);
#3595=ADVANCED_FACE('',(#3303),#173,.T.);
#3596=ADVANCED_FACE('',(#3304),#174,.T.);
#3597=ADVANCED_FACE('',(#3305),#175,.T.);
#3598=ADVANCED_FACE('',(#3306,#3307),#48,.T.);
#3599=ADVANCED_FACE('',(#3308,#3309),#49,.T.);
#3600=ADVANCED_FACE('',(#3310),#50,.T.);
#3601=ADVANCED_FACE('',(#3311),#176,.T.);
#3602=ADVANCED_FACE('',(#3312),#177,.T.);
#3603=ADVANCED_FACE('',(#3313),#178,.T.);
#3604=ADVANCED_FACE('',(#3314),#179,.T.);
#3605=ADVANCED_FACE('',(#3315),#180,.T.);
#3606=ADVANCED_FACE('',(#3316),#181,.T.);
#3607=ADVANCED_FACE('',(#3317),#182,.T.);
#3608=ADVANCED_FACE('',(#3318),#183,.T.);
#3609=ADVANCED_FACE('',(#3319),#184,.T.);
#3610=ADVANCED_FACE('',(#3320),#185,.T.);
#3611=ADVANCED_FACE('',(#3321),#186,.T.);
#3612=ADVANCED_FACE('',(#3322),#187,.T.);
#3613=ADVANCED_FACE('',(#3323),#188,.T.);
#3614=ADVANCED_FACE('',(#3324),#189,.T.);
#3615=ADVANCED_FACE('',(#3325),#51,.T.);
#3616=ADVANCED_FACE('',(#3326),#190,.T.);
#3617=ADVANCED_FACE('',(#3327),#191,.T.);
#3618=ADVANCED_FACE('',(#3328),#192,.T.);
#3619=ADVANCED_FACE('',(#3329),#193,.T.);
#3620=ADVANCED_FACE('',(#3330),#194,.T.);
#3621=ADVANCED_FACE('',(#3331),#195,.T.);
#3622=ADVANCED_FACE('',(#3332),#196,.T.);
#3623=ADVANCED_FACE('',(#3333),#197,.T.);
#3624=ADVANCED_FACE('',(#3334),#198,.T.);
#3625=ADVANCED_FACE('',(#3335),#199,.T.);
#3626=ADVANCED_FACE('',(#3336,#3337),#52,.T.);
#3627=ADVANCED_FACE('',(#3338,#3339),#53,.T.);
#3628=ADVANCED_FACE('',(#3340),#200,.F.);
#3629=ADVANCED_FACE('',(#3341),#18,.T.);
#3630=ADVANCED_FACE('',(#3342),#201,.F.);
#3631=ADVANCED_FACE('',(#3343),#54,.T.);
#3632=ADVANCED_FACE('',(#3344),#202,.F.);
#3633=ADVANCED_FACE('',(#3345),#203,.T.);
#3634=ADVANCED_FACE('',(#3346),#19,.T.);
#3635=ADVANCED_FACE('',(#3347),#204,.F.);
#3636=ADVANCED_FACE('',(#3348),#205,.F.);
#3637=ADVANCED_FACE('',(#3349),#55,.T.);
#3638=ADVANCED_FACE('',(#3350),#206,.F.);
#3639=ADVANCED_FACE('',(#3351),#207,.F.);
#3640=ADVANCED_FACE('',(#3352),#20,.T.);
#3641=ADVANCED_FACE('',(#3353),#208,.F.);
#3642=ADVANCED_FACE('',(#3354),#56,.T.);
#3643=ADVANCED_FACE('',(#3355),#209,.F.);
#3644=ADVANCED_FACE('',(#3356),#210,.F.);
#3645=ADVANCED_FACE('',(#3357),#21,.T.);
#3646=ADVANCED_FACE('',(#3358),#211,.T.);
#3647=ADVANCED_FACE('',(#3359),#212,.F.);
#3648=ADVANCED_FACE('',(#3360),#57,.T.);
#3649=ADVANCED_FACE('',(#3361),#213,.F.);
#3650=CLOSED_SHELL('',(#3422,#3423,#3424,#3425,#3426,#3427,#3428,#3429,
#3430,#3431,#3432,#3433,#3434,#3435,#3436,#3437,#3438,#3439,#3440,#3441,
#3442,#3443,#3444,#3445,#3446,#3447,#3448,#3449,#3450,#3451,#3452,#3453,
#3454,#3455,#3456,#3457,#3458,#3459,#3460,#3461,#3462,#3463,#3464,#3465,
#3466,#3467,#3468,#3469,#3470,#3471,#3472,#3473,#3474,#3475,#3476,#3477,
#3478,#3479,#3480,#3481,#3482,#3483,#3484,#3485,#3486,#3487,#3488,#3489,
#3490,#3491,#3492,#3493,#3494,#3495,#3496,#3497,#3498,#3499,#3500,#3501,
#3502,#3503,#3504,#3505,#3506,#3507,#3508,#3509,#3510,#3511,#3512,#3513,
#3514,#3515,#3516,#3517,#3518,#3519,#3520,#3521,#3522,#3523,#3524,#3525,
#3526,#3527,#3528,#3529,#3530,#3531,#3532,#3533,#3534,#3535));
#3651=CLOSED_SHELL('',(#3536,#3537,#3538,#3539,#3540,#3541,#3542,#3543,
#3544,#3545,#3546,#3547,#3548,#3549,#3550,#3551,#3552,#3553,#3554,#3555,
#3556,#3557,#3558,#3559,#3560,#3561,#3562,#3563,#3564,#3565,#3566,#3567,
#3568,#3569,#3570,#3571,#3572,#3573,#3574,#3575,#3576,#3577,#3578,#3579,
#3580,#3581,#3582,#3583,#3584,#3585,#3586,#3587,#3588,#3589,#3590,#3591,
#3592,#3593,#3594,#3595,#3596,#3597,#3598,#3599,#3600,#3601,#3602,#3603,
#3604,#3605,#3606,#3607,#3608,#3609,#3610,#3611,#3612,#3613,#3614,#3615,
#3616,#3617,#3618,#3619,#3620,#3621,#3622,#3623,#3624,#3625,#3626,#3627,
#3628,#3629,#3630,#3631,#3632,#3633,#3634,#3635,#3636,#3637,#3638,#3639,
#3640,#3641,#3642,#3643,#3644,#3645,#3646,#3647,#3648,#3649));
#3652=STYLED_ITEM('',(#3654),#3667);
#3653=STYLED_ITEM('',(#3655),#3668);
#3654=PRESENTATION_STYLE_ASSIGNMENT((#3656));
#3655=PRESENTATION_STYLE_ASSIGNMENT((#3657));
#3656=SURFACE_STYLE_USAGE(.BOTH.,#3658);
#3657=SURFACE_STYLE_USAGE(.BOTH.,#3659);
#3658=SURFACE_SIDE_STYLE('',(#3660));
#3659=SURFACE_SIDE_STYLE('',(#3661));
#3660=SURFACE_STYLE_FILL_AREA(#3662);
#3661=SURFACE_STYLE_FILL_AREA(#3663);
#3662=FILL_AREA_STYLE('',(#3664));
#3663=FILL_AREA_STYLE('',(#3665));
#3664=FILL_AREA_STYLE_COLOUR('',#3666);
#3665=FILL_AREA_STYLE_COLOUR('',#3666);
#3666=DRAUGHTING_PRE_DEFINED_COLOUR('black');
#3667=MANIFOLD_SOLID_BREP('Part 1',#3650);
#3668=MANIFOLD_SOLID_BREP('Part 2',#3651);
#3669=SHAPE_DEFINITION_REPRESENTATION(#6581,#3671);
#3670=SHAPE_DEFINITION_REPRESENTATION(#6582,#3672);
#3671=SHAPE_REPRESENTATION('Part 1',(#3673),#6571);
#3672=SHAPE_REPRESENTATION('Part 2',(#3886),#6572);
#3673=AXIS2_PLACEMENT_3D('',#5231,#4099,#4100);
#3674=AXIS2_PLACEMENT_3D('',#5232,#4101,#4102);
#3675=AXIS2_PLACEMENT_3D('',#5238,#4105,#4106);
#3676=AXIS2_PLACEMENT_3D('',#5240,#4107,#4108);
#3677=AXIS2_PLACEMENT_3D('',#5249,#4113,#4114);
#3678=AXIS2_PLACEMENT_3D('',#5253,#4116,#4117);
#3679=AXIS2_PLACEMENT_3D('',#5255,#4118,#4119);
#3680=AXIS2_PLACEMENT_3D('',#5266,#4125,#4126);
#3681=AXIS2_PLACEMENT_3D('',#5278,#4128,#4129);
#3682=AXIS2_PLACEMENT_3D('',#5279,#4130,#4131);
#3683=AXIS2_PLACEMENT_3D('',#5293,#4134,#4135);
#3684=AXIS2_PLACEMENT_3D('',#5294,#4136,#4137);
#3685=AXIS2_PLACEMENT_3D('',#5295,#4138,#4139);
#3686=AXIS2_PLACEMENT_3D('',#5297,#4140,#4141);
#3687=AXIS2_PLACEMENT_3D('',#5320,#4152,#4153);
#3688=AXIS2_PLACEMENT_3D('',#5336,#4161,#4162);
#3689=AXIS2_PLACEMENT_3D('',#5351,#4170,#4171);
#3690=AXIS2_PLACEMENT_3D('',#5352,#4172,#4173);
#3691=AXIS2_PLACEMENT_3D('',#5354,#4174,#4175);
#3692=AXIS2_PLACEMENT_3D('',#5356,#4176,#4177);
#3693=AXIS2_PLACEMENT_3D('',#5362,#4181,#4182);
#3694=AXIS2_PLACEMENT_3D('',#5363,#4183,#4184);
#3695=AXIS2_PLACEMENT_3D('',#5372,#4189,#4190);
#3696=AXIS2_PLACEMENT_3D('',#5376,#4192,#4193);
#3697=AXIS2_PLACEMENT_3D('',#5380,#4195,#4196);
#3698=AXIS2_PLACEMENT_3D('',#5386,#4200,#4201);
#3699=AXIS2_PLACEMENT_3D('',#5392,#4205,#4206);
#3700=AXIS2_PLACEMENT_3D('',#5400,#4210,#4211);
#3701=AXIS2_PLACEMENT_3D('',#5405,#4214,#4215);
#3702=AXIS2_PLACEMENT_3D('',#5406,#4216,#4217);
#3703=AXIS2_PLACEMENT_3D('',#5407,#4218,#4219);
#3704=AXIS2_PLACEMENT_3D('',#5419,#4221,#4222);
#3705=AXIS2_PLACEMENT_3D('',#5427,#4223,#4224);
#3706=AXIS2_PLACEMENT_3D('',#5428,#4225,#4226);
#3707=AXIS2_PLACEMENT_3D('',#5430,#4227,#4228);
#3708=AXIS2_PLACEMENT_3D('',#5432,#4229,#4230);
#3709=AXIS2_PLACEMENT_3D('',#5436,#4232,#4233);
#3710=AXIS2_PLACEMENT_3D('',#5440,#4235,#4236);
#3711=AXIS2_PLACEMENT_3D('',#5449,#4241,#4242);
#3712=AXIS2_PLACEMENT_3D('',#5450,#4243,#4244);
#3713=AXIS2_PLACEMENT_3D('',#5452,#4245,#4246);
#3714=AXIS2_PLACEMENT_3D('',#5454,#4247,#4248);
#3715=AXIS2_PLACEMENT_3D('',#5455,#4249,#4250);
#3716=AXIS2_PLACEMENT_3D('',#5457,#4251,#4252);
#3717=AXIS2_PLACEMENT_3D('',#5459,#4253,#4254);
#3718=AXIS2_PLACEMENT_3D('',#5476,#4262,#4263);
#3719=AXIS2_PLACEMENT_3D('',#5487,#4269,#4270);
#3720=AXIS2_PLACEMENT_3D('',#5490,#4273,#4274);
#3721=AXIS2_PLACEMENT_3D('',#5493,#4277,#4278);
#3722=AXIS2_PLACEMENT_3D('',#5496,#4281,#4282);
#3723=AXIS2_PLACEMENT_3D('',#5499,#4285,#4286);
#3724=AXIS2_PLACEMENT_3D('',#5508,#4291,#4292);
#3725=AXIS2_PLACEMENT_3D('',#5509,#4293,#4294);
#3726=AXIS2_PLACEMENT_3D('',#5513,#4296,#4297);
#3727=AXIS2_PLACEMENT_3D('',#5514,#4298,#4299);
#3728=AXIS2_PLACEMENT_3D('',#5520,#4303,#4304);
#3729=AXIS2_PLACEMENT_3D('',#5521,#4305,#4306);
#3730=AXIS2_PLACEMENT_3D('',#5522,#4307,#4308);
#3731=AXIS2_PLACEMENT_3D('',#5523,#4309,#4310);
#3732=AXIS2_PLACEMENT_3D('',#5524,#4311,#4312);
#3733=AXIS2_PLACEMENT_3D('',#5526,#4313,#4314);
#3734=AXIS2_PLACEMENT_3D('',#5528,#4315,#4316);
#3735=AXIS2_PLACEMENT_3D('',#5529,#4317,#4318);
#3736=AXIS2_PLACEMENT_3D('',#5530,#4319,#4320);
#3737=AXIS2_PLACEMENT_3D('',#5531,#4321,#4322);
#3738=AXIS2_PLACEMENT_3D('',#5532,#4323,#4324);
#3739=AXIS2_PLACEMENT_3D('',#5533,#4325,#4326);
#3740=AXIS2_PLACEMENT_3D('',#5534,#4327,#4328);
#3741=AXIS2_PLACEMENT_3D('',#5535,#4329,#4330);
#3742=AXIS2_PLACEMENT_3D('',#5536,#4331,#4332);
#3743=AXIS2_PLACEMENT_3D('',#5537,#4333,#4334);
#3744=AXIS2_PLACEMENT_3D('',#5538,#4335,#4336);
#3745=AXIS2_PLACEMENT_3D('',#5539,#4337,#4338);
#3746=AXIS2_PLACEMENT_3D('',#5540,#4339,#4340);
#3747=AXIS2_PLACEMENT_3D('',#5541,#4341,#4342);
#3748=AXIS2_PLACEMENT_3D('',#5542,#4343,#4344);
#3749=AXIS2_PLACEMENT_3D('',#5543,#4345,#4346);
#3750=AXIS2_PLACEMENT_3D('',#5544,#4347,#4348);
#3751=AXIS2_PLACEMENT_3D('',#5545,#4349,#4350);
#3752=AXIS2_PLACEMENT_3D('',#5546,#4351,#4352);
#3753=AXIS2_PLACEMENT_3D('',#5555,#4357,#4358);
#3754=AXIS2_PLACEMENT_3D('',#5567,#4362,#4363);
#3755=AXIS2_PLACEMENT_3D('',#5576,#4368,#4369);
#3756=AXIS2_PLACEMENT_3D('',#5588,#4375,#4376);
#3757=AXIS2_PLACEMENT_3D('',#5591,#4378,#4379);
#3758=AXIS2_PLACEMENT_3D('',#5600,#4384,#4385);
#3759=AXIS2_PLACEMENT_3D('',#5612,#4389,#4390);
#3760=AXIS2_PLACEMENT_3D('',#5621,#4395,#4396);
#3761=AXIS2_PLACEMENT_3D('',#5631,#4401,#4402);
#3762=AXIS2_PLACEMENT_3D('',#5636,#4405,#4406);
#3763=AXIS2_PLACEMENT_3D('',#5639,#4409,#4410);
#3764=AXIS2_PLACEMENT_3D('',#5642,#4413,#4414);
#3765=AXIS2_PLACEMENT_3D('',#5645,#4417,#4418);
#3766=AXIS2_PLACEMENT_3D('',#5648,#4421,#4422);
#3767=AXIS2_PLACEMENT_3D('',#5656,#4425,#4426);
#3768=AXIS2_PLACEMENT_3D('',#5664,#4429,#4430);
#3769=AXIS2_PLACEMENT_3D('',#5665,#4431,#4432);
#3770=AXIS2_PLACEMENT_3D('',#5666,#4433,#4434);
#3771=AXIS2_PLACEMENT_3D('',#5667,#4435,#4436);
#3772=AXIS2_PLACEMENT_3D('',#5668,#4437,#4438);
#3773=AXIS2_PLACEMENT_3D('',#5669,#4439,#4440);
#3774=AXIS2_PLACEMENT_3D('',#5670,#4441,#4442);
#3775=AXIS2_PLACEMENT_3D('',#5671,#4443,#4444);
#3776=AXIS2_PLACEMENT_3D('',#5672,#4445,#4446);
#3777=AXIS2_PLACEMENT_3D('',#5673,#4447,#4448);
#3778=AXIS2_PLACEMENT_3D('',#5674,#4449,#4450);
#3779=AXIS2_PLACEMENT_3D('',#5675,#4451,#4452);
#3780=AXIS2_PLACEMENT_3D('',#5676,#4453,#4454);
#3781=AXIS2_PLACEMENT_3D('',#5677,#4455,#4456);
#3782=AXIS2_PLACEMENT_3D('',#5678,#4457,#4458);
#3783=AXIS2_PLACEMENT_3D('',#5679,#4459,#4460);
#3784=AXIS2_PLACEMENT_3D('',#5680,#4461,#4462);
#3785=AXIS2_PLACEMENT_3D('',#5681,#4463,#4464);
#3786=AXIS2_PLACEMENT_3D('',#5682,#4465,#4466);
#3787=AXIS2_PLACEMENT_3D('',#5683,#4467,#4468);
#3788=AXIS2_PLACEMENT_3D('',#5684,#4469,#4470);
#3789=AXIS2_PLACEMENT_3D('',#5685,#4471,#4472);
#3790=AXIS2_PLACEMENT_3D('',#5686,#4473,#4474);
#3791=AXIS2_PLACEMENT_3D('',#5687,#4475,#4476);
#3792=AXIS2_PLACEMENT_3D('',#5688,#4477,#4478);
#3793=AXIS2_PLACEMENT_3D('',#5689,#4479,#4480);
#3794=AXIS2_PLACEMENT_3D('',#5690,#4481,#4482);
#3795=AXIS2_PLACEMENT_3D('',#5691,#4483,#4484);
#3796=AXIS2_PLACEMENT_3D('',#5692,#4485,#4486);
#3797=AXIS2_PLACEMENT_3D('',#5693,#4487,#4488);
#3798=AXIS2_PLACEMENT_3D('',#5694,#4489,#4490);
#3799=AXIS2_PLACEMENT_3D('',#5700,#4491,#4492);
#3800=AXIS2_PLACEMENT_3D('',#5701,#4493,#4494);
#3801=AXIS2_PLACEMENT_3D('',#5702,#4495,#4496);
#3802=AXIS2_PLACEMENT_3D('',#5703,#4497,#4498);
#3803=AXIS2_PLACEMENT_3D('',#5704,#4499,#4500);
#3804=AXIS2_PLACEMENT_3D('',#5705,#4501,#4502);
#3805=AXIS2_PLACEMENT_3D('',#5706,#4503,#4504);
#3806=AXIS2_PLACEMENT_3D('',#5707,#4505,#4506);
#3807=AXIS2_PLACEMENT_3D('',#5708,#4507,#4508);
#3808=AXIS2_PLACEMENT_3D('',#5709,#4509,#4510);
#3809=AXIS2_PLACEMENT_3D('',#5710,#4511,#4512);
#3810=AXIS2_PLACEMENT_3D('',#5711,#4513,#4514);
#3811=AXIS2_PLACEMENT_3D('',#5712,#4515,#4516);
#3812=AXIS2_PLACEMENT_3D('',#5713,#4517,#4518);
#3813=AXIS2_PLACEMENT_3D('',#5714,#4519,#4520);
#3814=AXIS2_PLACEMENT_3D('',#5715,#4521,#4522);
#3815=AXIS2_PLACEMENT_3D('',#5716,#4523,#4524);
#3816=AXIS2_PLACEMENT_3D('',#5717,#4525,#4526);
#3817=AXIS2_PLACEMENT_3D('',#5718,#4527,#4528);
#3818=AXIS2_PLACEMENT_3D('',#5719,#4529,#4530);
#3819=AXIS2_PLACEMENT_3D('',#5720,#4531,#4532);
#3820=AXIS2_PLACEMENT_3D('',#5721,#4533,#4534);
#3821=AXIS2_PLACEMENT_3D('',#5722,#4535,#4536);
#3822=AXIS2_PLACEMENT_3D('',#5723,#4537,#4538);
#3823=AXIS2_PLACEMENT_3D('',#5724,#4539,#4540);
#3824=AXIS2_PLACEMENT_3D('',#5725,#4541,#4542);
#3825=AXIS2_PLACEMENT_3D('',#5726,#4543,#4544);
#3826=AXIS2_PLACEMENT_3D('',#5727,#4545,#4546);
#3827=AXIS2_PLACEMENT_3D('',#5728,#4547,#4548);
#3828=AXIS2_PLACEMENT_3D('',#5729,#4549,#4550);
#3829=AXIS2_PLACEMENT_3D('',#5735,#4551,#4552);
#3830=AXIS2_PLACEMENT_3D('',#5736,#4553,#4554);
#3831=AXIS2_PLACEMENT_3D('',#5737,#4555,#4556);
#3832=AXIS2_PLACEMENT_3D('',#5738,#4557,#4558);
#3833=AXIS2_PLACEMENT_3D('',#5739,#4559,#4560);
#3834=AXIS2_PLACEMENT_3D('',#5740,#4561,#4562);
#3835=AXIS2_PLACEMENT_3D('',#5741,#4563,#4564);
#3836=AXIS2_PLACEMENT_3D('',#5742,#4565,#4566);
#3837=AXIS2_PLACEMENT_3D('',#5743,#4567,#4568);
#3838=AXIS2_PLACEMENT_3D('',#5744,#4569,#4570);
#3839=AXIS2_PLACEMENT_3D('',#5745,#4571,#4572);
#3840=AXIS2_PLACEMENT_3D('',#5746,#4573,#4574);
#3841=AXIS2_PLACEMENT_3D('',#5747,#4575,#4576);
#3842=AXIS2_PLACEMENT_3D('',#5748,#4577,#4578);
#3843=AXIS2_PLACEMENT_3D('',#5749,#4579,#4580);
#3844=AXIS2_PLACEMENT_3D('',#5750,#4581,#4582);
#3845=AXIS2_PLACEMENT_3D('',#5751,#4583,#4584);
#3846=AXIS2_PLACEMENT_3D('',#5752,#4585,#4586);
#3847=AXIS2_PLACEMENT_3D('',#5753,#4587,#4588);
#3848=AXIS2_PLACEMENT_3D('',#5754,#4589,#4590);
#3849=AXIS2_PLACEMENT_3D('',#5755,#4591,#4592);
#3850=AXIS2_PLACEMENT_3D('',#5756,#4593,#4594);
#3851=AXIS2_PLACEMENT_3D('',#5761,#4595,#4596);
#3852=AXIS2_PLACEMENT_3D('',#5789,#4597,#4598);
#3853=AXIS2_PLACEMENT_3D('',#5790,#4599,#4600);
#3854=AXIS2_PLACEMENT_3D('',#5791,#4601,#4602);
#3855=AXIS2_PLACEMENT_3D('',#5792,#4603,#4604);
#3856=AXIS2_PLACEMENT_3D('',#5793,#4605,#4606);
#3857=AXIS2_PLACEMENT_3D('',#5794,#4607,#4608);
#3858=AXIS2_PLACEMENT_3D('',#5795,#4609,#4610);
#3859=AXIS2_PLACEMENT_3D('',#5796,#4611,#4612);
#3860=AXIS2_PLACEMENT_3D('',#5797,#4613,#4614);
#3861=AXIS2_PLACEMENT_3D('',#5813,#4615,#4616);
#3862=AXIS2_PLACEMENT_3D('',#5819,#4617,#4618);
#3863=AXIS2_PLACEMENT_3D('',#5826,#4619,#4620);
#3864=AXIS2_PLACEMENT_3D('',#5827,#4621,#4622);
#3865=AXIS2_PLACEMENT_3D('',#5828,#4623,#4624);
#3866=AXIS2_PLACEMENT_3D('',#5829,#4625,#4626);
#3867=AXIS2_PLACEMENT_3D('',#5830,#4627,#4628);
#3868=AXIS2_PLACEMENT_3D('',#5831,#4629,#4630);
#3869=AXIS2_PLACEMENT_3D('',#5832,#4631,#4632);
#3870=AXIS2_PLACEMENT_3D('',#5858,#4633,#4634);
#3871=AXIS2_PLACEMENT_3D('',#5859,#4635,#4636);
#3872=AXIS2_PLACEMENT_3D('',#5860,#4637,#4638);
#3873=AXIS2_PLACEMENT_3D('',#5861,#4639,#4640);
#3874=AXIS2_PLACEMENT_3D('',#5862,#4641,#4642);
#3875=AXIS2_PLACEMENT_3D('',#5863,#4643,#4644);
#3876=AXIS2_PLACEMENT_3D('',#5864,#4645,#4646);
#3877=AXIS2_PLACEMENT_3D('',#5865,#4647,#4648);
#3878=AXIS2_PLACEMENT_3D('',#5866,#4649,#4650);
#3879=AXIS2_PLACEMENT_3D('',#5893,#4651,#4652);
#3880=AXIS2_PLACEMENT_3D('',#5894,#4653,#4654);
#3881=AXIS2_PLACEMENT_3D('',#5895,#4655,#4656);
#3882=AXIS2_PLACEMENT_3D('',#5896,#4657,#4658);
#3883=AXIS2_PLACEMENT_3D('',#5897,#4659,#4660);
#3884=AXIS2_PLACEMENT_3D('',#5898,#4661,#4662);
#3885=AXIS2_PLACEMENT_3D('',#5899,#4663,#4664);
#3886=AXIS2_PLACEMENT_3D('',#5900,#4665,#4666);
#3887=AXIS2_PLACEMENT_3D('',#5901,#4667,#4668);
#3888=AXIS2_PLACEMENT_3D('',#5913,#4674,#4675);
#3889=AXIS2_PLACEMENT_3D('',#5915,#4676,#4677);
#3890=AXIS2_PLACEMENT_3D('',#5918,#4679,#4680);
#3891=AXIS2_PLACEMENT_3D('',#5932,#4687,#4688);
#3892=AXIS2_PLACEMENT_3D('',#5934,#4689,#4690);
#3893=AXIS2_PLACEMENT_3D('',#5935,#4691,#4692);
#3894=AXIS2_PLACEMENT_3D('',#5939,#4694,#4695);
#3895=AXIS2_PLACEMENT_3D('',#5953,#4698,#4699);
#3896=AXIS2_PLACEMENT_3D('',#5954,#4700,#4701);
#3897=AXIS2_PLACEMENT_3D('',#5963,#4702,#4703);
#3898=AXIS2_PLACEMENT_3D('',#5964,#4704,#4705);
#3899=AXIS2_PLACEMENT_3D('',#5966,#4706,#4707);
#3900=AXIS2_PLACEMENT_3D('',#5985,#4716,#4717);
#3901=AXIS2_PLACEMENT_3D('',#6001,#4725,#4726);
#3902=AXIS2_PLACEMENT_3D('',#6020,#4736,#4737);
#3903=AXIS2_PLACEMENT_3D('',#6021,#4738,#4739);
#3904=AXIS2_PLACEMENT_3D('',#6023,#4740,#4741);
#3905=AXIS2_PLACEMENT_3D('',#6025,#4742,#4743);
#3906=AXIS2_PLACEMENT_3D('',#6026,#4744,#4745);
#3907=AXIS2_PLACEMENT_3D('',#6032,#4749,#4750);
#3908=AXIS2_PLACEMENT_3D('',#6041,#4755,#4756);
#3909=AXIS2_PLACEMENT_3D('',#6045,#4758,#4759);
#3910=AXIS2_PLACEMENT_3D('',#6049,#4761,#4762);
#3911=AXIS2_PLACEMENT_3D('',#6055,#4766,#4767);
#3912=AXIS2_PLACEMENT_3D('',#6061,#4771,#4772);
#3913=AXIS2_PLACEMENT_3D('',#6069,#4776,#4777);
#3914=AXIS2_PLACEMENT_3D('',#6074,#4780,#4781);
#3915=AXIS2_PLACEMENT_3D('',#6082,#4782,#4783);
#3916=AXIS2_PLACEMENT_3D('',#6094,#4785,#4786);
#3917=AXIS2_PLACEMENT_3D('',#6095,#4787,#4788);
#3918=AXIS2_PLACEMENT_3D('',#6096,#4789,#4790);
#3919=AXIS2_PLACEMENT_3D('',#6097,#4791,#4792);
#3920=AXIS2_PLACEMENT_3D('',#6099,#4793,#4794);
#3921=AXIS2_PLACEMENT_3D('',#6101,#4795,#4796);
#3922=AXIS2_PLACEMENT_3D('',#6105,#4798,#4799);
#3923=AXIS2_PLACEMENT_3D('',#6109,#4801,#4802);
#3924=AXIS2_PLACEMENT_3D('',#6118,#4807,#4808);
#3925=AXIS2_PLACEMENT_3D('',#6119,#4809,#4810);
#3926=AXIS2_PLACEMENT_3D('',#6121,#4811,#4812);
#3927=AXIS2_PLACEMENT_3D('',#6123,#4813,#4814);
#3928=AXIS2_PLACEMENT_3D('',#6124,#4815,#4816);
#3929=AXIS2_PLACEMENT_3D('',#6126,#4817,#4818);
#3930=AXIS2_PLACEMENT_3D('',#6128,#4819,#4820);
#3931=AXIS2_PLACEMENT_3D('',#6141,#4826,#4827);
#3932=AXIS2_PLACEMENT_3D('',#6156,#4835,#4836);
#3933=AXIS2_PLACEMENT_3D('',#6159,#4839,#4840);
#3934=AXIS2_PLACEMENT_3D('',#6162,#4843,#4844);
#3935=AXIS2_PLACEMENT_3D('',#6165,#4847,#4848);
#3936=AXIS2_PLACEMENT_3D('',#6168,#4851,#4852);
#3937=AXIS2_PLACEMENT_3D('',#6177,#4857,#4858);
#3938=AXIS2_PLACEMENT_3D('',#6178,#4859,#4860);
#3939=AXIS2_PLACEMENT_3D('',#6182,#4862,#4863);
#3940=AXIS2_PLACEMENT_3D('',#6183,#4864,#4865);
#3941=AXIS2_PLACEMENT_3D('',#6189,#4869,#4870);
#3942=AXIS2_PLACEMENT_3D('',#6190,#4871,#4872);
#3943=AXIS2_PLACEMENT_3D('',#6191,#4873,#4874);
#3944=AXIS2_PLACEMENT_3D('',#6192,#4875,#4876);
#3945=AXIS2_PLACEMENT_3D('',#6193,#4877,#4878);
#3946=AXIS2_PLACEMENT_3D('',#6195,#4879,#4880);
#3947=AXIS2_PLACEMENT_3D('',#6197,#4881,#4882);
#3948=AXIS2_PLACEMENT_3D('',#6198,#4883,#4884);
#3949=AXIS2_PLACEMENT_3D('',#6199,#4885,#4886);
#3950=AXIS2_PLACEMENT_3D('',#6200,#4887,#4888);
#3951=AXIS2_PLACEMENT_3D('',#6201,#4889,#4890);
#3952=AXIS2_PLACEMENT_3D('',#6202,#4891,#4892);
#3953=AXIS2_PLACEMENT_3D('',#6203,#4893,#4894);
#3954=AXIS2_PLACEMENT_3D('',#6204,#4895,#4896);
#3955=AXIS2_PLACEMENT_3D('',#6205,#4897,#4898);
#3956=AXIS2_PLACEMENT_3D('',#6206,#4899,#4900);
#3957=AXIS2_PLACEMENT_3D('',#6207,#4901,#4902);
#3958=AXIS2_PLACEMENT_3D('',#6208,#4903,#4904);
#3959=AXIS2_PLACEMENT_3D('',#6209,#4905,#4906);
#3960=AXIS2_PLACEMENT_3D('',#6210,#4907,#4908);
#3961=AXIS2_PLACEMENT_3D('',#6211,#4909,#4910);
#3962=AXIS2_PLACEMENT_3D('',#6212,#4911,#4912);
#3963=AXIS2_PLACEMENT_3D('',#6213,#4913,#4914);
#3964=AXIS2_PLACEMENT_3D('',#6214,#4915,#4916);
#3965=AXIS2_PLACEMENT_3D('',#6215,#4917,#4918);
#3966=AXIS2_PLACEMENT_3D('',#6224,#4923,#4924);
#3967=AXIS2_PLACEMENT_3D('',#6236,#4928,#4929);
#3968=AXIS2_PLACEMENT_3D('',#6245,#4934,#4935);
#3969=AXIS2_PLACEMENT_3D('',#6251,#4938,#4939);
#3970=AXIS2_PLACEMENT_3D('',#6260,#4944,#4945);
#3971=AXIS2_PLACEMENT_3D('',#6269,#4950,#4951);
#3972=AXIS2_PLACEMENT_3D('',#6281,#4955,#4956);
#3973=AXIS2_PLACEMENT_3D('',#6290,#4961,#4962);
#3974=AXIS2_PLACEMENT_3D('',#6298,#4966,#4967);
#3975=AXIS2_PLACEMENT_3D('',#6305,#4971,#4972);
#3976=AXIS2_PLACEMENT_3D('',#6308,#4975,#4976);
#3977=AXIS2_PLACEMENT_3D('',#6311,#4979,#4980);
#3978=AXIS2_PLACEMENT_3D('',#6314,#4983,#4984);
#3979=AXIS2_PLACEMENT_3D('',#6317,#4987,#4988);
#3980=AXIS2_PLACEMENT_3D('',#6325,#4991,#4992);
#3981=AXIS2_PLACEMENT_3D('',#6333,#4995,#4996);
#3982=AXIS2_PLACEMENT_3D('',#6334,#4997,#4998);
#3983=AXIS2_PLACEMENT_3D('',#6335,#4999,#5000);
#3984=AXIS2_PLACEMENT_3D('',#6336,#5001,#5002);
#3985=AXIS2_PLACEMENT_3D('',#6337,#5003,#5004);
#3986=AXIS2_PLACEMENT_3D('',#6338,#5005,#5006);
#3987=AXIS2_PLACEMENT_3D('',#6339,#5007,#5008);
#3988=AXIS2_PLACEMENT_3D('',#6340,#5009,#5010);
#3989=AXIS2_PLACEMENT_3D('',#6341,#5011,#5012);
#3990=AXIS2_PLACEMENT_3D('',#6342,#5013,#5014);
#3991=AXIS2_PLACEMENT_3D('',#6343,#5015,#5016);
#3992=AXIS2_PLACEMENT_3D('',#6344,#5017,#5018);
#3993=AXIS2_PLACEMENT_3D('',#6345,#5019,#5020);
#3994=AXIS2_PLACEMENT_3D('',#6346,#5021,#5022);
#3995=AXIS2_PLACEMENT_3D('',#6347,#5023,#5024);
#3996=AXIS2_PLACEMENT_3D('',#6348,#5025,#5026);
#3997=AXIS2_PLACEMENT_3D('',#6349,#5027,#5028);
#3998=AXIS2_PLACEMENT_3D('',#6350,#5029,#5030);
#3999=AXIS2_PLACEMENT_3D('',#6351,#5031,#5032);
#4000=AXIS2_PLACEMENT_3D('',#6352,#5033,#5034);
#4001=AXIS2_PLACEMENT_3D('',#6353,#5035,#5036);
#4002=AXIS2_PLACEMENT_3D('',#6354,#5037,#5038);
#4003=AXIS2_PLACEMENT_3D('',#6355,#5039,#5040);
#4004=AXIS2_PLACEMENT_3D('',#6356,#5041,#5042);
#4005=AXIS2_PLACEMENT_3D('',#6357,#5043,#5044);
#4006=AXIS2_PLACEMENT_3D('',#6358,#5045,#5046);
#4007=AXIS2_PLACEMENT_3D('',#6359,#5047,#5048);
#4008=AXIS2_PLACEMENT_3D('',#6360,#5049,#5050);
#4009=AXIS2_PLACEMENT_3D('',#6361,#5051,#5052);
#4010=AXIS2_PLACEMENT_3D('',#6362,#5053,#5054);
#4011=AXIS2_PLACEMENT_3D('',#6363,#5055,#5056);
#4012=AXIS2_PLACEMENT_3D('',#6369,#5057,#5058);
#4013=AXIS2_PLACEMENT_3D('',#6370,#5059,#5060);
#4014=AXIS2_PLACEMENT_3D('',#6371,#5061,#5062);
#4015=AXIS2_PLACEMENT_3D('',#6372,#5063,#5064);
#4016=AXIS2_PLACEMENT_3D('',#6373,#5065,#5066);
#4017=AXIS2_PLACEMENT_3D('',#6374,#5067,#5068);
#4018=AXIS2_PLACEMENT_3D('',#6375,#5069,#5070);
#4019=AXIS2_PLACEMENT_3D('',#6376,#5071,#5072);
#4020=AXIS2_PLACEMENT_3D('',#6377,#5073,#5074);
#4021=AXIS2_PLACEMENT_3D('',#6378,#5075,#5076);
#4022=AXIS2_PLACEMENT_3D('',#6379,#5077,#5078);
#4023=AXIS2_PLACEMENT_3D('',#6380,#5079,#5080);
#4024=AXIS2_PLACEMENT_3D('',#6381,#5081,#5082);
#4025=AXIS2_PLACEMENT_3D('',#6382,#5083,#5084);
#4026=AXIS2_PLACEMENT_3D('',#6383,#5085,#5086);
#4027=AXIS2_PLACEMENT_3D('',#6384,#5087,#5088);
#4028=AXIS2_PLACEMENT_3D('',#6385,#5089,#5090);
#4029=AXIS2_PLACEMENT_3D('',#6386,#5091,#5092);
#4030=AXIS2_PLACEMENT_3D('',#6387,#5093,#5094);
#4031=AXIS2_PLACEMENT_3D('',#6388,#5095,#5096);
#4032=AXIS2_PLACEMENT_3D('',#6389,#5097,#5098);
#4033=AXIS2_PLACEMENT_3D('',#6390,#5099,#5100);
#4034=AXIS2_PLACEMENT_3D('',#6391,#5101,#5102);
#4035=AXIS2_PLACEMENT_3D('',#6392,#5103,#5104);
#4036=AXIS2_PLACEMENT_3D('',#6393,#5105,#5106);
#4037=AXIS2_PLACEMENT_3D('',#6394,#5107,#5108);
#4038=AXIS2_PLACEMENT_3D('',#6395,#5109,#5110);
#4039=AXIS2_PLACEMENT_3D('',#6396,#5111,#5112);
#4040=AXIS2_PLACEMENT_3D('',#6397,#5113,#5114);
#4041=AXIS2_PLACEMENT_3D('',#6398,#5115,#5116);
#4042=AXIS2_PLACEMENT_3D('',#6404,#5117,#5118);
#4043=AXIS2_PLACEMENT_3D('',#6405,#5119,#5120);
#4044=AXIS2_PLACEMENT_3D('',#6406,#5121,#5122);
#4045=AXIS2_PLACEMENT_3D('',#6407,#5123,#5124);
#4046=AXIS2_PLACEMENT_3D('',#6408,#5125,#5126);
#4047=AXIS2_PLACEMENT_3D('',#6409,#5127,#5128);
#4048=AXIS2_PLACEMENT_3D('',#6410,#5129,#5130);
#4049=AXIS2_PLACEMENT_3D('',#6411,#5131,#5132);
#4050=AXIS2_PLACEMENT_3D('',#6412,#5133,#5134);
#4051=AXIS2_PLACEMENT_3D('',#6413,#5135,#5136);
#4052=AXIS2_PLACEMENT_3D('',#6414,#5137,#5138);
#4053=AXIS2_PLACEMENT_3D('',#6415,#5139,#5140);
#4054=AXIS2_PLACEMENT_3D('',#6416,#5141,#5142);
#4055=AXIS2_PLACEMENT_3D('',#6417,#5143,#5144);
#4056=AXIS2_PLACEMENT_3D('',#6418,#5145,#5146);
#4057=AXIS2_PLACEMENT_3D('',#6419,#5147,#5148);
#4058=AXIS2_PLACEMENT_3D('',#6420,#5149,#5150);
#4059=AXIS2_PLACEMENT_3D('',#6421,#5151,#5152);
#4060=AXIS2_PLACEMENT_3D('',#6422,#5153,#5154);
#4061=AXIS2_PLACEMENT_3D('',#6423,#5155,#5156);
#4062=AXIS2_PLACEMENT_3D('',#6424,#5157,#5158);
#4063=AXIS2_PLACEMENT_3D('',#6425,#5159,#5160);
#4064=AXIS2_PLACEMENT_3D('',#6430,#5161,#5162);
#4065=AXIS2_PLACEMENT_3D('',#6458,#5163,#5164);
#4066=AXIS2_PLACEMENT_3D('',#6459,#5165,#5166);
#4067=AXIS2_PLACEMENT_3D('',#6460,#5167,#5168);
#4068=AXIS2_PLACEMENT_3D('',#6461,#5169,#5170);
#4069=AXIS2_PLACEMENT_3D('',#6462,#5171,#5172);
#4070=AXIS2_PLACEMENT_3D('',#6463,#5173,#5174);
#4071=AXIS2_PLACEMENT_3D('',#6464,#5175,#5176);
#4072=AXIS2_PLACEMENT_3D('',#6465,#5177,#5178);
#4073=AXIS2_PLACEMENT_3D('',#6466,#5179,#5180);
#4074=AXIS2_PLACEMENT_3D('',#6482,#5181,#5182);
#4075=AXIS2_PLACEMENT_3D('',#6488,#5183,#5184);
#4076=AXIS2_PLACEMENT_3D('',#6495,#5185,#5186);
#4077=AXIS2_PLACEMENT_3D('',#6496,#5187,#5188);
#4078=AXIS2_PLACEMENT_3D('',#6497,#5189,#5190);
#4079=AXIS2_PLACEMENT_3D('',#6498,#5191,#5192);
#4080=AXIS2_PLACEMENT_3D('',#6499,#5193,#5194);
#4081=AXIS2_PLACEMENT_3D('',#6500,#5195,#5196);
#4082=AXIS2_PLACEMENT_3D('',#6501,#5197,#5198);
#4083=AXIS2_PLACEMENT_3D('',#6527,#5199,#5200);
#4084=AXIS2_PLACEMENT_3D('',#6528,#5201,#5202);
#4085=AXIS2_PLACEMENT_3D('',#6529,#5203,#5204);
#4086=AXIS2_PLACEMENT_3D('',#6530,#5205,#5206);
#4087=AXIS2_PLACEMENT_3D('',#6531,#5207,#5208);
#4088=AXIS2_PLACEMENT_3D('',#6532,#5209,#5210);
#4089=AXIS2_PLACEMENT_3D('',#6533,#5211,#5212);
#4090=AXIS2_PLACEMENT_3D('',#6534,#5213,#5214);
#4091=AXIS2_PLACEMENT_3D('',#6535,#5215,#5216);
#4092=AXIS2_PLACEMENT_3D('',#6562,#5217,#5218);
#4093=AXIS2_PLACEMENT_3D('',#6563,#5219,#5220);
#4094=AXIS2_PLACEMENT_3D('',#6564,#5221,#5222);
#4095=AXIS2_PLACEMENT_3D('',#6565,#5223,#5224);
#4096=AXIS2_PLACEMENT_3D('',#6566,#5225,#5226);
#4097=AXIS2_PLACEMENT_3D('',#6567,#5227,#5228);
#4098=AXIS2_PLACEMENT_3D('',#6568,#5229,#5230);
#4099=DIRECTION('',(0.,0.,1.));
#4100=DIRECTION('',(1.,0.,0.));
#4101=DIRECTION('',(0.,0.,-1.));
#4102=DIRECTION('',(-1.,0.,0.));
#4103=DIRECTION('',(0.,1.,0.));
#4104=DIRECTION('',(-1.,0.,0.));
#4105=DIRECTION('',(0.,0.,-1.));
#4106=DIRECTION('',(-1.,0.,0.));
#4107=DIRECTION('',(0.,0.,-1.));
#4108=DIRECTION('',(1.,0.,0.));
#4109=DIRECTION('',(0.,-1.,0.));
#4110=DIRECTION('',(-1.,0.,0.));
#4111=DIRECTION('',(0.,1.,0.));
#4112=DIRECTION('',(-1.,0.,0.));
#4113=DIRECTION('',(0.,0.,-1.));
#4114=DIRECTION('',(-1.,0.,0.));
#4115=DIRECTION('',(0.,1.,0.));
#4116=DIRECTION('',(0.,0.,-1.));
#4117=DIRECTION('',(-1.,0.,0.));
#4118=DIRECTION('',(0.,0.,-1.));
#4119=DIRECTION('',(-1.,0.,0.));
#4120=DIRECTION('',(-1.,0.,0.));
#4121=DIRECTION('',(0.,1.,0.));
#4122=DIRECTION('',(-1.,0.,0.));
#4123=DIRECTION('',(0.,-1.,0.));
#4124=DIRECTION('',(-1.,0.,0.));
#4125=DIRECTION('',(0.,1.,0.));
#4126=DIRECTION('',(0.,0.,1.));
#4127=DIRECTION('',(0.,-1.,0.));
#4128=DIRECTION('',(0.,-1.,0.));
#4129=DIRECTION('',(0.,0.,-1.));
#4130=DIRECTION('',(0.,-1.,0.));
#4131=DIRECTION('',(0.,0.,-1.));
#4132=DIRECTION('',(0.,1.,0.));
#4133=DIRECTION('',(0.,1.,0.));
#4134=DIRECTION('',(0.,-1.,0.));
#4135=DIRECTION('',(0.,0.,-1.));
#4136=DIRECTION('',(0.,-1.,0.));
#4137=DIRECTION('',(1.,0.,0.));
#4138=DIRECTION('',(0.,-1.,0.));
#4139=DIRECTION('',(0.,0.,-1.));
#4140=DIRECTION('',(0.,-1.,0.));
#4141=DIRECTION('',(0.,0.,-1.));
#4142=DIRECTION('',(-0.707106781186548,0.,0.707106781186548));
#4143=DIRECTION('',(0.,0.,-1.));
#4144=DIRECTION('',(-0.707106781186548,0.,-0.707106781186548));
#4145=DIRECTION('',(-1.,0.,0.));
#4146=DIRECTION('',(0.707106781186548,0.,0.707106781186547));
#4147=DIRECTION('',(-2.16840434497101E-16,0.,-1.));
#4148=DIRECTION('',(-0.707106781186547,0.,-0.707106781186548));
#4149=DIRECTION('',(-1.,0.,1.39897054514259E-16));
#4150=DIRECTION('',(0.707106781186547,0.,-0.707106781186548));
#4151=DIRECTION('',(-1.62630325872825E-16,0.,-1.));
#4152=DIRECTION('',(0.,-1.,0.));
#4153=DIRECTION('',(0.,0.,-1.));
#4154=DIRECTION('',(-1.,0.,0.));
#4155=DIRECTION('',(-0.85065080835204,0.,-0.525731112119134));
#4156=DIRECTION('',(0.447213595499958,0.,0.894427190999916));
#4157=DIRECTION('',(0.,0.,1.));
#4158=DIRECTION('',(-0.447213595499959,0.,0.894427190999916));
#4159=DIRECTION('',(-0.850650808352041,0.,0.525731112119132));
#4160=DIRECTION('',(-1.,0.,0.));
#4161=DIRECTION('',(0.,-1.,0.));
#4162=DIRECTION('',(0.,0.,-1.));
#4163=DIRECTION('',(2.98155597433513E-16,0.,1.));
#4164=DIRECTION('',(-0.707106781186547,0.,-0.707106781186548));
#4165=DIRECTION('',(-1.,0.,0.));
#4166=DIRECTION('',(0.707106781186547,0.,-0.707106781186548));
#4167=DIRECTION('',(2.16840434497101E-16,0.,1.));
#4168=DIRECTION('',(-0.707106781186548,0.,0.707106781186548));
#4169=DIRECTION('',(-1.,0.,0.));
#4170=DIRECTION('',(0.,0.,1.));
#4171=DIRECTION('',(1.,0.,0.));
#4172=DIRECTION('',(0.,0.,-1.));
#4173=DIRECTION('',(-1.,0.,0.));
#4174=DIRECTION('',(0.,0.,1.));
#4175=DIRECTION('',(1.,0.,0.));
#4176=DIRECTION('',(0.,0.,-1.));
#4177=DIRECTION('',(-1.,0.,0.));
#4178=DIRECTION('',(-1.,0.,0.));
#4179=DIRECTION('',(0.,-1.,0.));
#4180=DIRECTION('',(-1.,0.,0.));
#4181=DIRECTION('',(0.,0.,-1.));
#4182=DIRECTION('',(-1.,0.,0.));
#4183=DIRECTION('',(-0.894427190999916,0.,0.447213595499958));
#4184=DIRECTION('',(0.447213595499958,0.,0.894427190999916));
#4185=DIRECTION('',(0.,1.,0.));
#4186=DIRECTION('',(0.447213595499958,0.,0.894427190999916));
#4187=DIRECTION('',(0.,1.,0.));
#4188=DIRECTION('',(0.447213595499958,0.,0.894427190999916));
#4189=DIRECTION('',(-1.,0.,0.));
#4190=DIRECTION('',(0.,0.,1.));
#4191=DIRECTION('',(0.,0.,1.));
#4192=DIRECTION('',(-1.,0.,0.));
#4193=DIRECTION('',(0.,0.,1.));
#4194=DIRECTION('',(0.,0.,1.));
#4195=DIRECTION('',(-1.,0.,0.));
#4196=DIRECTION('',(0.,0.,1.));
#4197=DIRECTION('',(0.,0.,1.));
#4198=DIRECTION('',(0.,1.,0.));
#4199=DIRECTION('',(0.,0.,1.));
#4200=DIRECTION('',(-0.894427190999916,0.,-0.447213595499959));
#4201=DIRECTION('',(-0.447213595499959,0.,0.894427190999916));
#4202=DIRECTION('',(-0.447213595499959,0.,0.894427190999916));
#4203=DIRECTION('',(0.,-1.,0.));
#4204=DIRECTION('',(-0.447213595499959,0.,0.894427190999916));
#4205=DIRECTION('',(0.,0.,-1.));
#4206=DIRECTION('',(-1.,0.,0.));
#4207=DIRECTION('',(0.,1.,0.));
#4208=DIRECTION('',(-1.,0.,0.));
#4209=DIRECTION('',(0.,1.,0.));
#4210=DIRECTION('',(0.,0.,-1.));
#4211=DIRECTION('',(-1.,0.,0.));
#4212=DIRECTION('',(0.,1.,0.));
#4213=DIRECTION('',(-1.,0.,0.));
#4214=DIRECTION('',(0.,1.,0.));
#4215=DIRECTION('',(0.,0.,1.));
#4216=DIRECTION('',(0.,-1.,0.));
#4217=DIRECTION('',(0.,0.,-1.));
#4218=DIRECTION('',(0.,-1.,0.));
#4219=DIRECTION('',(0.,0.,-1.));
#4220=DIRECTION('',(0.,-1.,0.));
#4221=DIRECTION('',(0.,-1.,0.));
#4222=DIRECTION('',(0.,0.,-1.));
#4223=DIRECTION('',(0.,1.,0.));
#4224=DIRECTION('',(0.,0.,1.));
#4225=DIRECTION('',(0.,-1.,0.));
#4226=DIRECTION('',(0.,0.,-1.));
#4227=DIRECTION('',(0.,-1.,0.));
#4228=DIRECTION('',(0.,0.,-1.));
#4229=DIRECTION('',(1.,0.,0.));
#4230=DIRECTION('',(0.,0.,-1.));
#4231=DIRECTION('',(0.,0.,1.));
#4232=DIRECTION('',(1.,0.,0.));
#4233=DIRECTION('',(0.,0.,-1.));
#4234=DIRECTION('',(0.,0.,1.));
#4235=DIRECTION('',(1.,0.,0.));
#4236=DIRECTION('',(0.,0.,-1.));
#4237=DIRECTION('',(0.,1.,0.));
#4238=DIRECTION('',(0.,0.,-1.));
#4239=DIRECTION('',(0.,-1.,0.));
#4240=DIRECTION('',(0.,0.,-1.));
#4241=DIRECTION('',(0.,1.,0.));
#4242=DIRECTION('',(0.,0.,1.));
#4243=DIRECTION('',(0.,-1.,0.));
#4244=DIRECTION('',(0.,0.,-1.));
#4245=DIRECTION('',(0.,-1.,0.));
#4246=DIRECTION('',(0.,0.,-1.));
#4247=DIRECTION('',(0.,-1.,0.));
#4248=DIRECTION('',(1.,0.,0.));
#4249=DIRECTION('',(0.,-1.,0.));
#4250=DIRECTION('',(0.,0.,-1.));
#4251=DIRECTION('',(0.,-1.,0.));
#4252=DIRECTION('',(0.,0.,-1.));
#4253=DIRECTION('',(0.,-1.,0.));
#4254=DIRECTION('',(0.,0.,-1.));
#4255=DIRECTION('',(-1.,0.,0.));
#4256=DIRECTION('',(0.850650808352041,0.,-0.525731112119132));
#4257=DIRECTION('',(-0.447213595499959,0.,0.894427190999916));
#4258=DIRECTION('',(0.,0.,1.));
#4259=DIRECTION('',(0.447213595499958,0.,0.894427190999916));
#4260=DIRECTION('',(0.85065080835204,0.,0.525731112119134));
#4261=DIRECTION('',(-1.,0.,0.));
#4262=DIRECTION('',(0.,-1.,0.));
#4263=DIRECTION('',(0.,0.,-1.));
#4264=DIRECTION('',(-1.,0.,0.));
#4265=DIRECTION('',(0.707106781186548,0.,0.707106781186548));
#4266=DIRECTION('',(0.,0.,-1.));
#4267=DIRECTION('',(0.707106781186548,0.,-0.707106781186548));
#4268=DIRECTION('',(-1.,0.,0.));
#4269=DIRECTION('',(-0.707106781186548,0.,-0.707106781186548));
#4270=DIRECTION('',(0.,1.,0.));
#4271=DIRECTION('',(0.707106781186548,0.,-0.707106781186548));
#4272=DIRECTION('',(-0.707106781186548,0.,0.707106781186548));
#4273=DIRECTION('',(0.707106781186548,0.,-0.707106781186548));
#4274=DIRECTION('',(0.,-1.,0.));
#4275=DIRECTION('',(-0.707106781186548,0.,-0.707106781186548));
#4276=DIRECTION('',(0.707106781186548,0.,0.707106781186548));
#4277=DIRECTION('',(0.525731112119132,0.,0.850650808352041));
#4278=DIRECTION('',(0.,1.,0.));
#4279=DIRECTION('',(-0.850650808352041,0.,0.525731112119132));
#4280=DIRECTION('',(0.850650808352041,0.,-0.525731112119132));
#4281=DIRECTION('',(-0.525731112119134,0.,0.85065080835204));
#4282=DIRECTION('',(0.,-1.,0.));
#4283=DIRECTION('',(0.85065080835204,0.,0.525731112119134));
#4284=DIRECTION('',(-0.85065080835204,0.,-0.525731112119134));
#4285=DIRECTION('',(0.,-1.,0.));
#4286=DIRECTION('',(0.,0.,-1.));
#4287=DIRECTION('',(-1.,0.,0.));
#4288=DIRECTION('',(0.,0.,1.));
#4289=DIRECTION('',(-1.,0.,0.));
#4290=DIRECTION('',(0.,0.,1.));
#4291=DIRECTION('',(-1.,0.,0.));
#4292=DIRECTION('',(0.,0.,1.));
#4293=DIRECTION('',(-1.,0.,0.));
#4294=DIRECTION('',(0.,0.,1.));
#4295=DIRECTION('',(-1.,0.,0.));
#4296=DIRECTION('',(1.,0.,0.));
#4297=DIRECTION('',(0.,0.,-1.));
#4298=DIRECTION('',(0.,-1.,0.));
#4299=DIRECTION('',(0.,0.,-1.));
#4300=DIRECTION('',(0.,0.,1.));
#4301=DIRECTION('',(-1.,0.,0.));
#4302=DIRECTION('',(0.,0.,1.));
#4303=DIRECTION('',(-1.,0.,0.));
#4304=DIRECTION('',(0.,0.,1.));
#4305=DIRECTION('',(-1.,0.,0.));
#4306=DIRECTION('',(0.,0.,1.));
#4307=DIRECTION('',(1.,0.,0.));
#4308=DIRECTION('',(0.,0.,-1.));
#4309=DIRECTION('',(0.,0.,1.));
#4310=DIRECTION('',(1.,0.,0.));
#4311=DIRECTION('',(1.39897054514259E-16,0.,1.));
#4312=DIRECTION('',(1.,0.,-1.39897054514259E-16));
#4313=DIRECTION('',(0.,0.,-1.));
#4314=DIRECTION('',(-1.,0.,0.));
#4315=DIRECTION('',(-1.,0.,0.));
#4316=DIRECTION('',(0.,0.,1.));
#4317=DIRECTION('',(0.,0.,-1.));
#4318=DIRECTION('',(-1.,0.,0.));
#4319=DIRECTION('',(0.,0.,-1.));
#4320=DIRECTION('',(-1.,0.,0.));
#4321=DIRECTION('',(0.,0.,1.));
#4322=DIRECTION('',(1.,0.,0.));
#4323=DIRECTION('',(0.,0.,-1.));
#4324=DIRECTION('',(-1.,0.,0.));
#4325=DIRECTION('',(0.,0.,-1.));
#4326=DIRECTION('',(-1.,0.,0.));
#4327=DIRECTION('',(0.,0.,-1.));
#4328=DIRECTION('',(-1.,0.,0.));
#4329=DIRECTION('',(-1.,0.,0.));
#4330=DIRECTION('',(0.,0.,1.));
#4331=DIRECTION('',(1.,0.,0.));
#4332=DIRECTION('',(0.,0.,-1.));
#4333=DIRECTION('',(0.,0.,-1.));
#4334=DIRECTION('',(-1.,0.,0.));
#4335=DIRECTION('',(0.,0.,-1.));
#4336=DIRECTION('',(-1.,0.,0.));
#4337=DIRECTION('',(0.,0.,1.));
#4338=DIRECTION('',(1.,0.,0.));
#4339=DIRECTION('',(0.,0.,-1.));
#4340=DIRECTION('',(-1.,0.,0.));
#4341=DIRECTION('',(0.,0.,-1.));
#4342=DIRECTION('',(-1.,0.,0.));
#4343=DIRECTION('',(0.,0.,-1.));
#4344=DIRECTION('',(-1.,0.,0.));
#4345=DIRECTION('',(1.,0.,0.));
#4346=DIRECTION('',(0.,0.,-1.));
#4347=DIRECTION('',(0.,0.,-1.));
#4348=DIRECTION('',(-1.,0.,0.));
#4349=DIRECTION('',(0.,0.,1.));
#4350=DIRECTION('',(1.,0.,0.));
#4351=DIRECTION('',(1.39897054514259E-16,0.,1.));
#4352=DIRECTION('',(1.,0.,-1.39897054514259E-16));
#4353=DIRECTION('',(0.,1.,0.));
#4354=DIRECTION('',(-1.,0.,1.39897054514259E-16));
#4355=DIRECTION('',(0.,-1.,0.));
#4356=DIRECTION('',(-1.,0.,1.39897054514259E-16));
#4357=DIRECTION('',(-1.,0.,1.62630325872825E-16));
#4358=DIRECTION('',(1.62630325872825E-16,0.,1.));
#4359=DIRECTION('',(0.,1.,0.));
#4360=DIRECTION('',(-1.62630325872825E-16,0.,-1.));
#4361=DIRECTION('',(-1.62630325872825E-16,0.,-1.));
#4362=DIRECTION('',(-1.,0.,2.16840434497101E-16));
#4363=DIRECTION('',(2.16840434497101E-16,0.,1.));
#4364=DIRECTION('',(0.,1.,0.));
#4365=DIRECTION('',(-2.16840434497101E-16,0.,-1.));
#4366=DIRECTION('',(0.,-1.,0.));
#4367=DIRECTION('',(-2.16840434497101E-16,0.,-1.));
#4368=DIRECTION('',(0.,-1.,0.));
#4369=DIRECTION('',(1.,0.,0.));
#4370=DIRECTION('',(-0.707106781186547,0.,0.707106781186548));
#4371=DIRECTION('',(-1.,0.,1.39897054514259E-16));
#4372=DIRECTION('',(0.707106781186547,0.,0.707106781186548));
#4373=DIRECTION('',(-2.16840434497101E-16,0.,-1.));
#4374=DIRECTION('',(-1.,0.,0.));
#4375=DIRECTION('',(0.,-1.,0.));
#4376=DIRECTION('',(0.,0.,-1.));
#4377=DIRECTION('',(-1.62630325872825E-16,0.,-1.));
#4378=DIRECTION('',(0.,0.,1.));
#4379=DIRECTION('',(1.,0.,0.));
#4380=DIRECTION('',(0.,1.,0.));
#4381=DIRECTION('',(-1.,0.,0.));
#4382=DIRECTION('',(0.,-1.,0.));
#4383=DIRECTION('',(-1.,0.,0.));
#4384=DIRECTION('',(1.,0.,-2.98155597433513E-16));
#4385=DIRECTION('',(-2.98155597433513E-16,0.,-1.));
#4386=DIRECTION('',(2.98155597433513E-16,0.,1.));
#4387=DIRECTION('',(0.,-1.,0.));
#4388=DIRECTION('',(2.98155597433513E-16,0.,1.));
#4389=DIRECTION('',(1.,0.,-2.16840434497101E-16));
#4390=DIRECTION('',(-2.16840434497101E-16,0.,-1.));
#4391=DIRECTION('',(0.,1.,0.));
#4392=DIRECTION('',(2.16840434497101E-16,0.,1.));
#4393=DIRECTION('',(0.,-1.,0.));
#4394=DIRECTION('',(2.16840434497101E-16,0.,1.));
#4395=DIRECTION('',(0.,-1.,0.));
#4396=DIRECTION('',(1.,0.,0.));
#4397=DIRECTION('',(-0.707106781186547,0.,0.707106781186548));
#4398=DIRECTION('',(-1.,0.,0.));
#4399=DIRECTION('',(0.707106781186547,0.,0.707106781186548));
#4400=DIRECTION('',(2.98155597433513E-16,0.,1.));
#4401=DIRECTION('',(0.,-1.,0.));
#4402=DIRECTION('',(0.,0.,-1.));
#4403=DIRECTION('',(-1.,0.,0.));
#4404=DIRECTION('',(2.16840434497101E-16,0.,1.));
#4405=DIRECTION('',(0.707106781186548,0.,-0.707106781186547));
#4406=DIRECTION('',(0.,1.,0.));
#4407=DIRECTION('',(-0.707106781186547,0.,-0.707106781186548));
#4408=DIRECTION('',(0.707106781186547,0.,0.707106781186548));
#4409=DIRECTION('',(0.707106781186548,0.,0.707106781186547));
#4410=DIRECTION('',(0.,-1.,0.));
#4411=DIRECTION('',(-0.707106781186547,0.,0.707106781186548));
#4412=DIRECTION('',(0.707106781186547,0.,-0.707106781186548));
#4413=DIRECTION('',(0.707106781186548,0.,0.707106781186547));
#4414=DIRECTION('',(0.,1.,0.));
#4415=DIRECTION('',(0.707106781186547,0.,-0.707106781186548));
#4416=DIRECTION('',(-0.707106781186547,0.,0.707106781186548));
#4417=DIRECTION('',(0.707106781186548,0.,-0.707106781186547));
#4418=DIRECTION('',(0.,-1.,0.));
#4419=DIRECTION('',(0.707106781186547,0.,0.707106781186548));
#4420=DIRECTION('',(-0.707106781186547,0.,-0.707106781186548));
#4421=DIRECTION('',(0.707106781186548,0.,0.707106781186548));
#4422=DIRECTION('',(0.,1.,0.));
#4423=DIRECTION('',(0.707106781186548,0.,-0.707106781186548));
#4424=DIRECTION('',(-0.707106781186548,0.,0.707106781186548));
#4425=DIRECTION('',(0.707106781186547,0.,-0.707106781186548));
#4426=DIRECTION('',(0.,1.,0.));
#4427=DIRECTION('',(-0.707106781186548,0.,-0.707106781186547));
#4428=DIRECTION('',(0.707106781186548,0.,0.707106781186547));
#4429=DIRECTION('',(0.707106781186548,0.,0.707106781186548));
#4430=DIRECTION('',(0.707106781186548,0.,-0.707106781186548));
#4431=DIRECTION('',(0.923879532511287,0.,0.38268343236509));
#4432=DIRECTION('',(-0.38268343236509,0.,0.923879532511287));
#4433=DIRECTION('',(0.38268343236509,0.,0.923879532511287));
#4434=DIRECTION('',(-0.923879532511287,0.,0.38268343236509));
#4435=DIRECTION('',(0.,0.,1.));
#4436=DIRECTION('',(1.,0.,0.));
#4437=DIRECTION('',(-0.38268343236509,0.,0.923879532511287));
#4438=DIRECTION('',(0.923879532511287,0.,0.38268343236509));
#4439=DIRECTION('',(1.,0.,0.));
#4440=DIRECTION('',(0.,0.,-1.));
#4441=DIRECTION('',(1.,0.,0.));
#4442=DIRECTION('',(0.,0.,-1.));
#4443=DIRECTION('',(0.707106781186548,0.,-0.707106781186548));
#4444=DIRECTION('',(-0.707106781186548,0.,-0.707106781186548));
#4445=DIRECTION('',(0.923879532511287,0.,-0.38268343236509));
#4446=DIRECTION('',(-0.38268343236509,0.,-0.923879532511287));
#4447=DIRECTION('',(0.,-1.,0.));
#4448=DIRECTION('',(0.,0.,-1.));
#4449=DIRECTION('',(-1.,-9.9579925010296E-17,-9.95799250102962E-17));
#4450=DIRECTION('',(-9.95799250102962E-17,0.,1.));
#4451=DIRECTION('',(-1.,0.,0.));
#4452=DIRECTION('',(0.,0.,1.));
#4453=DIRECTION('',(1.,0.,0.));
#4454=DIRECTION('',(0.,0.,-1.));
#4455=DIRECTION('',(-1.,0.,0.));
#4456=DIRECTION('',(0.,0.,1.));
#4457=DIRECTION('',(-0.961938357783917,0.,-0.273266528912672));
#4458=DIRECTION('',(-0.273266528912672,0.,0.961938357783917));
#4459=DIRECTION('',(0.,-1.,0.));
#4460=DIRECTION('',(0.,0.,-1.));
#4461=DIRECTION('',(-1.,0.,0.));
#4462=DIRECTION('',(0.,0.,1.));
#4463=DIRECTION('',(-0.85065080835204,0.,-0.525731112119134));
#4464=DIRECTION('',(-0.525731112119134,0.,0.85065080835204));
#4465=DIRECTION('',(-0.674608925483529,0.,-0.738175316342912));
#4466=DIRECTION('',(-0.738175316342912,0.,0.674608925483529));
#4467=DIRECTION('',(1.,0.,0.));
#4468=DIRECTION('',(0.,0.,-1.));
#4469=DIRECTION('',(0.961938357783918,0.,-0.273266528912671));
#4470=DIRECTION('',(0.273266528912671,0.,0.961938357783918));
#4471=DIRECTION('',(-0.447213595499958,0.,-0.894427190999916));
#4472=DIRECTION('',(-0.894427190999916,0.,0.447213595499958));
#4473=DIRECTION('',(-0.229752920547361,0.,-0.97324898946773));
#4474=DIRECTION('',(0.97324898946773,0.,-0.229752920547361));
#4475=DIRECTION('',(-0.850650808352041,0.,0.525731112119132));
#4476=DIRECTION('',(0.525731112119132,0.,0.850650808352041));
#4477=DIRECTION('',(-0.67460892548353,0.,0.738175316342912));
#4478=DIRECTION('',(-0.738175316342911,0.,-0.67460892548353));
#4479=DIRECTION('',(0.,0.,-1.));
#4480=DIRECTION('',(-1.,0.,0.));
#4481=DIRECTION('',(0.229752920547361,0.,-0.97324898946773));
#4482=DIRECTION('',(-0.97324898946773,0.,-0.229752920547361));
#4483=DIRECTION('',(0.447213595499959,0.,-0.894427190999916));
#4484=DIRECTION('',(-0.894427190999916,0.,-0.447213595499959));
#4485=DIRECTION('',(0.,-1.,0.));
#4486=DIRECTION('',(0.,0.,-1.));
#4487=DIRECTION('',(0.,-1.,0.));
#4488=DIRECTION('',(0.,0.,-1.));
#4489=DIRECTION('',(0.,-1.,0.));
#4490=DIRECTION('',(0.,0.,-1.));
#4491=DIRECTION('',(-1.,0.,1.22464679914735E-16));
#4492=DIRECTION('',(1.22464679914735E-16,0.,1.));
#4493=DIRECTION('',(-1.,0.,0.));
#4494=DIRECTION('',(0.,0.,1.));
#4495=DIRECTION('',(-0.961938357783918,0.,0.273266528912671));
#4496=DIRECTION('',(0.273266528912671,0.,0.961938357783918));
#4497=DIRECTION('',(-2.98155597433513E-16,0.,-1.));
#4498=DIRECTION('',(-1.,0.,2.98155597433513E-16));
#4499=DIRECTION('',(-0.38268343236509,0.,-0.923879532511287));
#4500=DIRECTION('',(0.923879532511287,0.,-0.38268343236509));
#4501=DIRECTION('',(-0.850650808352041,0.,0.525731112119132));
#4502=DIRECTION('',(0.525731112119132,0.,0.850650808352041));
#4503=DIRECTION('',(-0.67460892548353,0.,0.738175316342912));
#4504=DIRECTION('',(-0.738175316342911,0.,-0.67460892548353));
#4505=DIRECTION('',(0.707106781186547,0.,0.707106781186548));
#4506=DIRECTION('',(0.707106781186548,0.,-0.707106781186547));
#4507=DIRECTION('',(-0.923879532511287,0.,-0.38268343236509));
#4508=DIRECTION('',(-0.38268343236509,0.,0.923879532511287));
#4509=DIRECTION('',(-0.447213595499959,0.,0.894427190999916));
#4510=DIRECTION('',(0.894427190999916,0.,0.447213595499959));
#4511=DIRECTION('',(-0.229752920547361,0.,0.97324898946773));
#4512=DIRECTION('',(0.97324898946773,0.,0.229752920547361));
#4513=DIRECTION('',(-1.,0.,0.));
#4514=DIRECTION('',(0.,0.,1.));
#4515=DIRECTION('',(-0.923879532511287,0.,0.38268343236509));
#4516=DIRECTION('',(-0.382683432365091,0.,-0.923879532511287));
#4517=DIRECTION('',(0.,0.,1.));
#4518=DIRECTION('',(1.,0.,0.));
#4519=DIRECTION('',(0.229752920547361,0.,0.97324898946773));
#4520=DIRECTION('',(-0.97324898946773,0.,0.229752920547361));
#4521=DIRECTION('',(-0.707106781186547,0.,0.707106781186548));
#4522=DIRECTION('',(0.707106781186548,0.,0.707106781186547));
#4523=DIRECTION('',(-0.38268343236509,0.,0.923879532511287));
#4524=DIRECTION('',(0.923879532511287,0.,0.38268343236509));
#4525=DIRECTION('',(0.447213595499958,0.,0.894427190999916));
#4526=DIRECTION('',(0.894427190999916,0.,-0.447213595499958));
#4527=DIRECTION('',(-0.674608925483529,0.,-0.738175316342912));
#4528=DIRECTION('',(-0.738175316342912,0.,0.674608925483529));
#4529=DIRECTION('',(2.16840434497101E-16,0.,1.));
#4530=DIRECTION('',(1.,0.,-2.16840434497101E-16));
#4531=DIRECTION('',(-0.38268343236509,0.,0.923879532511287));
#4532=DIRECTION('',(-0.923879532511287,0.,-0.38268343236509));
#4533=DIRECTION('',(-0.85065080835204,0.,-0.525731112119134));
#4534=DIRECTION('',(-0.525731112119134,0.,0.85065080835204));
#4535=DIRECTION('',(-0.961938357783917,0.,-0.273266528912672));
#4536=DIRECTION('',(0.273266528912672,0.,-0.961938357783917));
#4537=DIRECTION('',(-0.707106781186548,0.,0.707106781186548));
#4538=DIRECTION('',(0.707106781186548,0.,0.707106781186548));
#4539=DIRECTION('',(-0.923879532511287,0.,0.38268343236509));
#4540=DIRECTION('',(0.38268343236509,0.,0.923879532511287));
#4541=DIRECTION('',(1.,0.,0.));
#4542=DIRECTION('',(0.,0.,-1.));
#4543=DIRECTION('',(1.,9.9579925010296E-17,0.));
#4544=DIRECTION('',(-9.9579925010296E-17,1.,0.));
#4545=DIRECTION('',(1.,0.,0.));
#4546=DIRECTION('',(0.,0.,-1.));
#4547=DIRECTION('',(0.923879532511287,0.,-0.38268343236509));
#4548=DIRECTION('',(0.38268343236509,0.,0.923879532511287));
#4549=DIRECTION('',(0.,-1.,0.));
#4550=DIRECTION('',(0.,0.,-1.));
#4551=DIRECTION('',(0.707106781186548,0.,-0.707106781186548));
#4552=DIRECTION('',(-0.707106781186548,0.,-0.707106781186548));
#4553=DIRECTION('',(0.38268343236509,0.,-0.923879532511287));
#4554=DIRECTION('',(-0.923879532511287,0.,-0.38268343236509));
#4555=DIRECTION('',(-1.62630325872825E-16,0.,-1.));
#4556=DIRECTION('',(-1.,0.,1.62630325872825E-16));
#4557=DIRECTION('',(0.38268343236509,0.,-0.923879532511287));
#4558=DIRECTION('',(-0.923879532511287,0.,-0.38268343236509));
#4559=DIRECTION('',(0.,0.,-1.));
#4560=DIRECTION('',(-1.,0.,0.));
#4561=DIRECTION('',(-0.38268343236509,0.,-0.923879532511287));
#4562=DIRECTION('',(0.923879532511287,0.,-0.38268343236509));
#4563=DIRECTION('',(-0.707106781186547,0.,0.707106781186548));
#4564=DIRECTION('',(0.707106781186548,0.,0.707106781186547));
#4565=DIRECTION('',(0.923879532511287,0.,-0.38268343236509));
#4566=DIRECTION('',(0.38268343236509,0.,0.923879532511287));
#4567=DIRECTION('',(0.707106781186548,0.,0.707106781186548));
#4568=DIRECTION('',(0.707106781186548,0.,-0.707106781186548));
#4569=DIRECTION('',(-0.923879532511287,0.,-0.38268343236509));
#4570=DIRECTION('',(-0.38268343236509,0.,0.923879532511287));
#4571=DIRECTION('',(1.,0.,-1.39897054514259E-16));
#4572=DIRECTION('',(-1.39897054514259E-16,0.,-1.));
#4573=DIRECTION('',(0.923879532511287,0.,0.382683432365091));
#4574=DIRECTION('',(0.382683432365091,0.,-0.923879532511287));
#4575=DIRECTION('',(-1.,0.,0.));
#4576=DIRECTION('',(0.,0.,1.));
#4577=DIRECTION('',(0.923879532511287,0.,0.38268343236509));
#4578=DIRECTION('',(-0.38268343236509,0.,0.923879532511287));
#4579=DIRECTION('',(0.707106781186547,0.,0.707106781186548));
#4580=DIRECTION('',(0.707106781186548,0.,-0.707106781186547));
#4581=DIRECTION('',(0.38268343236509,0.,0.923879532511287));
#4582=DIRECTION('',(-0.923879532511287,0.,0.38268343236509));
#4583=DIRECTION('',(0.707106781186548,0.,0.707106781186547));
#4584=DIRECTION('',(0.707106781186547,0.,-0.707106781186548));
#4585=DIRECTION('',(0.382683432365091,0.,0.923879532511287));
#4586=DIRECTION('',(0.923879532511287,0.,-0.382683432365091));
#4587=DIRECTION('',(2.16840434497101E-16,0.,1.));
#4588=DIRECTION('',(1.,0.,-2.16840434497101E-16));
#4589=DIRECTION('',(0.,-1.,0.));
#4590=DIRECTION('',(0.,0.,-1.));
#4591=DIRECTION('',(0.,-1.,0.));
#4592=DIRECTION('',(0.,0.,-1.));
#4593=DIRECTION('',(1.62630325872825E-16,0.,1.));
#4594=DIRECTION('',(1.,0.,-1.62630325872825E-16));
#4595=DIRECTION('',(-0.38268343236509,0.,0.923879532511287));
#4596=DIRECTION('',(0.923879532511287,0.,0.38268343236509));
#4597=DIRECTION('',(-0.991071249821234,2.31296463463576E-16,-0.133333333333334));
#4598=DIRECTION('',(-0.133333333333334,0.,0.991071249821234));
#4599=DIRECTION('',(-0.707106781186547,0.,0.707106781186548));
#4600=DIRECTION('',(0.707106781186548,0.,0.707106781186547));
#4601=DIRECTION('',(-0.923879532511287,0.,0.38268343236509));
#4602=DIRECTION('',(-0.38268343236509,0.,-0.923879532511287));
#4603=DIRECTION('',(0.,-1.,0.));
#4604=DIRECTION('',(0.,0.,-1.));
#4605=DIRECTION('',(-1.,1.22464679914735E-16,1.22464679914735E-16));
#4606=DIRECTION('',(1.22464679914735E-16,0.,1.));
#4607=DIRECTION('',(-1.,0.,1.39897054514259E-16));
#4608=DIRECTION('',(1.39897054514259E-16,0.,1.));
#4609=DIRECTION('',(-0.923879532511287,0.,-0.382683432365091));
#4610=DIRECTION('',(-0.382683432365091,0.,0.923879532511287));
#4611=DIRECTION('',(-1.,0.,0.));
#4612=DIRECTION('',(0.,0.,1.));
#4613=DIRECTION('',(-1.,0.,0.));
#4614=DIRECTION('',(0.,0.,1.));
#4615=DIRECTION('',(-0.316227766016838,0.,0.948683298050514));
#4616=DIRECTION('',(0.948683298050514,0.,0.316227766016838));
#4617=DIRECTION('',(0.707106781186548,0.,0.707106781186547));
#4618=DIRECTION('',(0.707106781186547,0.,-0.707106781186548));
#4619=DIRECTION('',(0.707106781186547,0.,0.707106781186548));
#4620=DIRECTION('',(0.707106781186548,0.,-0.707106781186547));
#4621=DIRECTION('',(-0.38268343236509,0.,-0.923879532511287));
#4622=DIRECTION('',(0.923879532511287,0.,-0.38268343236509));
#4623=DIRECTION('',(0.,0.,-1.));
#4624=DIRECTION('',(-1.,0.,0.));
#4625=DIRECTION('',(0.,0.,-1.));
#4626=DIRECTION('',(-1.,0.,0.));
#4627=DIRECTION('',(-2.16840434497101E-16,0.,-1.));
#4628=DIRECTION('',(-1.,0.,2.16840434497101E-16));
#4629=DIRECTION('',(2.98155597433513E-16,0.,1.));
#4630=DIRECTION('',(1.,0.,-2.98155597433513E-16));
#4631=DIRECTION('',(0.38268343236509,0.,0.923879532511287));
#4632=DIRECTION('',(-0.923879532511287,0.,0.38268343236509));
#4633=DIRECTION('',(-0.999753055929066,0.,0.0222222222222234));
#4634=DIRECTION('',(0.0222222222222234,0.,0.999753055929066));
#4635=DIRECTION('',(0.707106781186547,0.,0.707106781186548));
#4636=DIRECTION('',(0.707106781186548,0.,-0.707106781186547));
#4637=DIRECTION('',(0.923879532511287,0.,0.38268343236509));
#4638=DIRECTION('',(0.38268343236509,0.,-0.923879532511287));
#4639=DIRECTION('',(0.,-1.,0.));
#4640=DIRECTION('',(0.,0.,-1.));
#4641=DIRECTION('',(-1.,0.,0.));
#4642=DIRECTION('',(0.,0.,1.));
#4643=DIRECTION('',(1.,0.,0.));
#4644=DIRECTION('',(0.,0.,-1.));
#4645=DIRECTION('',(0.923879532511287,0.,-0.38268343236509));
#4646=DIRECTION('',(0.382683432365091,0.,0.923879532511287));
#4647=DIRECTION('',(-0.707106781186548,0.,0.707106781186548));
#4648=DIRECTION('',(0.707106781186548,0.,0.707106781186548));
#4649=DIRECTION('',(0.316227766016837,0.,0.948683298050514));
#4650=DIRECTION('',(-0.948683298050514,0.,0.316227766016837));
#4651=DIRECTION('',(1.,0.,0.));
#4652=DIRECTION('',(0.,0.,-1.));
#4653=DIRECTION('',(-1.,0.,0.));
#4654=DIRECTION('',(0.,0.,1.));
#4655=DIRECTION('',(-0.707106781186547,0.,0.707106781186548));
#4656=DIRECTION('',(0.707106781186548,0.,0.707106781186547));
#4657=DIRECTION('',(0.38268343236509,0.,-0.923879532511287));
#4658=DIRECTION('',(-0.923879532511287,0.,-0.38268343236509));
#4659=DIRECTION('',(0.,0.,-1.));
#4660=DIRECTION('',(-1.,0.,0.));
#4661=DIRECTION('',(0.,0.,-1.));
#4662=DIRECTION('',(-1.,0.,0.));
#4663=DIRECTION('',(-2.16840434497101E-16,0.,-1.));
#4664=DIRECTION('',(-1.,0.,2.16840434497101E-16));
#4665=DIRECTION('',(0.,0.,1.));
#4666=DIRECTION('',(1.,0.,0.));
#4667=DIRECTION('',(0.,0.,-1.));
#4668=DIRECTION('',(-1.,0.,0.));
#4669=DIRECTION('',(0.,-1.,0.));
#4670=DIRECTION('',(-1.,0.,0.));
#4671=DIRECTION('',(0.,-1.,0.));
#4672=DIRECTION('',(-1.,0.,0.));
#4673=DIRECTION('',(0.,1.,0.));
#4674=DIRECTION('',(0.,0.,1.));
#4675=DIRECTION('',(1.,0.,0.));
#4676=DIRECTION('',(0.,0.,1.));
#4677=DIRECTION('',(-1.,0.,0.));
#4678=DIRECTION('',(-1.,0.,0.));
#4679=DIRECTION('',(0.,0.,-1.));
#4680=DIRECTION('',(-1.,0.,0.));
#4681=DIRECTION('',(0.,-1.,0.));
#4682=DIRECTION('',(-1.,0.,0.));
#4683=DIRECTION('',(0.,1.,0.));
#4684=DIRECTION('',(-1.,0.,0.));
#4685=DIRECTION('',(0.,-1.,0.));
#4686=DIRECTION('',(-1.,0.,0.));
#4687=DIRECTION('',(0.,0.,1.));
#4688=DIRECTION('',(-1.,0.,0.));
#4689=DIRECTION('',(0.,0.,1.));
#4690=DIRECTION('',(-1.,0.,0.));
#4691=DIRECTION('',(0.,-1.,0.));
#4692=DIRECTION('',(0.,0.,1.));
#4693=DIRECTION('',(0.,1.,0.));
#4694=DIRECTION('',(0.,-1.,0.));
#4695=DIRECTION('',(0.,0.,-1.));
#4696=DIRECTION('',(0.,-1.,0.));
#4697=DIRECTION('',(0.,-1.,0.));
#4698=DIRECTION('',(0.,-1.,0.));
#4699=DIRECTION('',(0.,0.,-1.));
#4700=DIRECTION('',(0.,-1.,0.));
#4701=DIRECTION('',(0.,0.,-1.));
#4702=DIRECTION('',(0.,1.,0.));
#4703=DIRECTION('',(1.,0.,0.));
#4704=DIRECTION('',(0.,-1.,0.));
#4705=DIRECTION('',(0.,0.,-1.));
#4706=DIRECTION('',(0.,-1.,0.));
#4707=DIRECTION('',(0.,0.,-1.));
#4708=DIRECTION('',(-0.707106781186548,0.,0.707106781186548));
#4709=DIRECTION('',(-1.,0.,0.));
#4710=DIRECTION('',(-0.707106781186548,0.,0.707106781186548));
#4711=DIRECTION('',(2.16840434497101E-16,0.,1.));
#4712=DIRECTION('',(0.707106781186547,0.,-0.707106781186548));
#4713=DIRECTION('',(-1.,0.,0.));
#4714=DIRECTION('',(-0.707106781186547,0.,-0.707106781186548));
#4715=DIRECTION('',(2.98155597433513E-16,0.,1.));
#4716=DIRECTION('',(0.,-1.,0.));
#4717=DIRECTION('',(0.,0.,-1.));
#4718=DIRECTION('',(-1.,0.,0.));
#4719=DIRECTION('',(-0.850650808352041,0.,0.525731112119132));
#4720=DIRECTION('',(-0.447213595499959,0.,0.894427190999916));
#4721=DIRECTION('',(0.,0.,1.));
#4722=DIRECTION('',(0.447213595499958,0.,0.894427190999916));
#4723=DIRECTION('',(-0.85065080835204,0.,-0.525731112119134));
#4724=DIRECTION('',(-1.,0.,0.));
#4725=DIRECTION('',(0.,-1.,0.));
#4726=DIRECTION('',(0.,0.,-1.));
#4727=DIRECTION('',(-1.62630325872825E-16,0.,-1.));
#4728=DIRECTION('',(0.707106781186547,0.,-0.707106781186548));
#4729=DIRECTION('',(-1.,0.,1.39897054514259E-16));
#4730=DIRECTION('',(-0.707106781186547,0.,-0.707106781186548));
#4731=DIRECTION('',(-2.16840434497101E-16,0.,-1.));
#4732=DIRECTION('',(0.707106781186548,0.,0.707106781186547));
#4733=DIRECTION('',(-1.,0.,0.));
#4734=DIRECTION('',(-0.707106781186548,0.,-0.707106781186548));
#4735=DIRECTION('',(0.,0.,-1.));
#4736=DIRECTION('',(0.,0.,1.));
#4737=DIRECTION('',(1.,0.,0.));
#4738=DIRECTION('',(0.,0.,1.));
#4739=DIRECTION('',(-1.,0.,0.));
#4740=DIRECTION('',(0.,0.,-1.));
#4741=DIRECTION('',(1.,0.,0.));
#4742=DIRECTION('',(0.,0.,-1.));
#4743=DIRECTION('',(-1.,0.,0.));
#4744=DIRECTION('',(0.,0.,1.));
#4745=DIRECTION('',(-1.,0.,0.));
#4746=DIRECTION('',(-1.,0.,0.));
#4747=DIRECTION('',(0.,1.,0.));
#4748=DIRECTION('',(-1.,0.,0.));
#4749=DIRECTION('',(-0.894427190999916,0.,0.447213595499958));
#4750=DIRECTION('',(0.447213595499958,0.,0.894427190999916));
#4751=DIRECTION('',(0.,-1.,0.));
#4752=DIRECTION('',(0.447213595499958,0.,0.894427190999916));
#4753=DIRECTION('',(0.,-1.,0.));
#4754=DIRECTION('',(0.447213595499958,0.,0.894427190999916));
#4755=DIRECTION('',(-1.,0.,0.));
#4756=DIRECTION('',(0.,0.,1.));
#4757=DIRECTION('',(0.,0.,1.));
#4758=DIRECTION('',(1.,0.,0.));
#4759=DIRECTION('',(0.,0.,1.));
#4760=DIRECTION('',(0.,0.,1.));
#4761=DIRECTION('',(1.,0.,0.));
#4762=DIRECTION('',(0.,0.,1.));
#4763=DIRECTION('',(0.,0.,1.));
#4764=DIRECTION('',(0.,-1.,0.));
#4765=DIRECTION('',(0.,0.,1.));
#4766=DIRECTION('',(-0.894427190999916,0.,-0.447213595499959));
#4767=DIRECTION('',(-0.447213595499959,0.,0.894427190999916));
#4768=DIRECTION('',(-0.447213595499959,0.,0.894427190999916));
#4769=DIRECTION('',(0.,1.,0.));
#4770=DIRECTION('',(-0.447213595499959,0.,0.894427190999916));
#4771=DIRECTION('',(0.,0.,-1.));
#4772=DIRECTION('',(-1.,0.,0.));
#4773=DIRECTION('',(0.,-1.,0.));
#4774=DIRECTION('',(-1.,0.,0.));
#4775=DIRECTION('',(0.,-1.,0.));
#4776=DIRECTION('',(0.,0.,1.));
#4777=DIRECTION('',(-1.,0.,0.));
#4778=DIRECTION('',(0.,-1.,0.));
#4779=DIRECTION('',(-1.,0.,0.));
#4780=DIRECTION('',(0.,-1.,0.));
#4781=DIRECTION('',(0.,0.,1.));
#4782=DIRECTION('',(0.,-1.,0.));
#4783=DIRECTION('',(0.,0.,-1.));
#4784=DIRECTION('',(0.,1.,0.));
#4785=DIRECTION('',(0.,-1.,0.));
#4786=DIRECTION('',(0.,0.,-1.));
#4787=DIRECTION('',(0.,-1.,0.));
#4788=DIRECTION('',(0.,0.,-1.));
#4789=DIRECTION('',(0.,-1.,0.));
#4790=DIRECTION('',(0.,0.,1.));
#4791=DIRECTION('',(0.,-1.,0.));
#4792=DIRECTION('',(0.,0.,-1.));
#4793=DIRECTION('',(0.,-1.,0.));
#4794=DIRECTION('',(0.,0.,-1.));
#4795=DIRECTION('',(1.,0.,0.));
#4796=DIRECTION('',(0.,0.,-1.));
#4797=DIRECTION('',(0.,0.,1.));
#4798=DIRECTION('',(-1.,0.,0.));
#4799=DIRECTION('',(0.,0.,-1.));
#4800=DIRECTION('',(0.,0.,1.));
#4801=DIRECTION('',(-1.,0.,0.));
#4802=DIRECTION('',(0.,0.,-1.));
#4803=DIRECTION('',(0.,-1.,0.));
#4804=DIRECTION('',(0.,0.,-1.));
#4805=DIRECTION('',(0.,1.,0.));
#4806=DIRECTION('',(0.,0.,-1.));
#4807=DIRECTION('',(0.,-1.,0.));
#4808=DIRECTION('',(0.,0.,1.));
#4809=DIRECTION('',(0.,-1.,0.));
#4810=DIRECTION('',(0.,0.,-1.));
#4811=DIRECTION('',(0.,-1.,0.));
#4812=DIRECTION('',(0.,0.,-1.));
#4813=DIRECTION('',(0.,1.,0.));
#4814=DIRECTION('',(1.,0.,0.));
#4815=DIRECTION('',(0.,-1.,0.));
#4816=DIRECTION('',(0.,0.,-1.));
#4817=DIRECTION('',(0.,-1.,0.));
#4818=DIRECTION('',(0.,0.,-1.));
#4819=DIRECTION('',(0.,-1.,0.));
#4820=DIRECTION('',(0.,0.,-1.));
#4821=DIRECTION('',(-1.,0.,0.));
#4822=DIRECTION('',(0.707106781186548,0.,-0.707106781186548));
#4823=DIRECTION('',(0.,0.,-1.));
#4824=DIRECTION('',(0.707106781186548,0.,0.707106781186548));
#4825=DIRECTION('',(-1.,0.,0.));
#4826=DIRECTION('',(0.,-1.,0.));
#4827=DIRECTION('',(0.,0.,-1.));
#4828=DIRECTION('',(-1.,0.,0.));
#4829=DIRECTION('',(0.85065080835204,0.,0.525731112119134));
#4830=DIRECTION('',(0.447213595499958,0.,0.894427190999916));
#4831=DIRECTION('',(0.,0.,1.));
#4832=DIRECTION('',(-0.447213595499959,0.,0.894427190999916));
#4833=DIRECTION('',(0.850650808352041,0.,-0.525731112119132));
#4834=DIRECTION('',(-1.,0.,0.));
#4835=DIRECTION('',(-0.707106781186548,0.,-0.707106781186548));
#4836=DIRECTION('',(0.,-1.,0.));
#4837=DIRECTION('',(-0.707106781186548,0.,0.707106781186548));
#4838=DIRECTION('',(0.707106781186548,0.,-0.707106781186548));
#4839=DIRECTION('',(0.707106781186548,0.,-0.707106781186548));
#4840=DIRECTION('',(0.,1.,0.));
#4841=DIRECTION('',(0.707106781186548,0.,0.707106781186548));
#4842=DIRECTION('',(-0.707106781186548,0.,-0.707106781186548));
#4843=DIRECTION('',(0.525731112119132,0.,0.850650808352041));
#4844=DIRECTION('',(0.,-1.,0.));
#4845=DIRECTION('',(0.850650808352041,0.,-0.525731112119132));
#4846=DIRECTION('',(-0.850650808352041,0.,0.525731112119132));
#4847=DIRECTION('',(-0.525731112119134,0.,0.85065080835204));
#4848=DIRECTION('',(0.,1.,0.));
#4849=DIRECTION('',(-0.85065080835204,0.,-0.525731112119134));
#4850=DIRECTION('',(0.85065080835204,0.,0.525731112119134));
#4851=DIRECTION('',(0.,1.,0.));
#4852=DIRECTION('',(0.,0.,-1.));
#4853=DIRECTION('',(-1.,0.,0.));
#4854=DIRECTION('',(0.,0.,1.));
#4855=DIRECTION('',(-1.,0.,0.));
#4856=DIRECTION('',(0.,0.,1.));
#4857=DIRECTION('',(-1.,0.,0.));
#4858=DIRECTION('',(0.,0.,1.));
#4859=DIRECTION('',(-1.,0.,0.));
#4860=DIRECTION('',(0.,0.,-1.));
#4861=DIRECTION('',(-1.,0.,0.));
#4862=DIRECTION('',(1.,0.,0.));
#4863=DIRECTION('',(0.,0.,1.));
#4864=DIRECTION('',(0.,1.,0.));
#4865=DIRECTION('',(0.,0.,-1.));
#4866=DIRECTION('',(0.,0.,1.));
#4867=DIRECTION('',(-1.,0.,0.));
#4868=DIRECTION('',(0.,0.,1.));
#4869=DIRECTION('',(-1.,0.,0.));
#4870=DIRECTION('',(0.,0.,1.));
#4871=DIRECTION('',(-1.,0.,0.));
#4872=DIRECTION('',(0.,0.,-1.));
#4873=DIRECTION('',(1.,0.,0.));
#4874=DIRECTION('',(0.,0.,1.));
#4875=DIRECTION('',(0.,0.,1.));
#4876=DIRECTION('',(1.,0.,0.));
#4877=DIRECTION('',(-1.39897054514259E-16,0.,-1.));
#4878=DIRECTION('',(1.,0.,-1.39897054514259E-16));
#4879=DIRECTION('',(0.,0.,1.));
#4880=DIRECTION('',(-1.,0.,0.));
#4881=DIRECTION('',(-1.,0.,0.));
#4882=DIRECTION('',(0.,0.,1.));
#4883=DIRECTION('',(0.,0.,1.));
#4884=DIRECTION('',(-1.,0.,0.));
#4885=DIRECTION('',(0.,0.,1.));
#4886=DIRECTION('',(-1.,0.,0.));
#4887=DIRECTION('',(0.,0.,1.));
#4888=DIRECTION('',(1.,0.,0.));
#4889=DIRECTION('',(0.,0.,1.));
#4890=DIRECTION('',(-1.,0.,0.));
#4891=DIRECTION('',(0.,0.,-1.));
#4892=DIRECTION('',(-1.,0.,0.));
#4893=DIRECTION('',(0.,0.,1.));
#4894=DIRECTION('',(-1.,0.,0.));
#4895=DIRECTION('',(-1.,0.,0.));
#4896=DIRECTION('',(0.,0.,1.));
#4897=DIRECTION('',(1.,0.,0.));
#4898=DIRECTION('',(0.,0.,-1.));
#4899=DIRECTION('',(0.,0.,1.));
#4900=DIRECTION('',(-1.,0.,0.));
#4901=DIRECTION('',(0.,0.,1.));
#4902=DIRECTION('',(-1.,0.,0.));
#4903=DIRECTION('',(0.,0.,1.));
#4904=DIRECTION('',(1.,0.,0.));
#4905=DIRECTION('',(0.,0.,1.));
#4906=DIRECTION('',(-1.,0.,0.));
#4907=DIRECTION('',(0.,0.,-1.));
#4908=DIRECTION('',(-1.,0.,0.));
#4909=DIRECTION('',(0.,0.,1.));
#4910=DIRECTION('',(-1.,0.,0.));
#4911=DIRECTION('',(1.,0.,0.));
#4912=DIRECTION('',(0.,0.,-1.));
#4913=DIRECTION('',(0.,0.,-1.));
#4914=DIRECTION('',(-1.,0.,0.));
#4915=DIRECTION('',(0.,0.,1.));
#4916=DIRECTION('',(1.,0.,0.));
#4917=DIRECTION('',(1.39897054514259E-16,0.,1.));
#4918=DIRECTION('',(1.,0.,-1.39897054514259E-16));
#4919=DIRECTION('',(0.,-1.,0.));
#4920=DIRECTION('',(-1.,0.,1.39897054514259E-16));
#4921=DIRECTION('',(0.,1.,0.));
#4922=DIRECTION('',(-1.,0.,1.39897054514259E-16));
#4923=DIRECTION('',(-1.,0.,1.62630325872825E-16));
#4924=DIRECTION('',(1.62630325872825E-16,0.,1.));
#4925=DIRECTION('',(0.,-1.,0.));
#4926=DIRECTION('',(-1.62630325872825E-16,0.,-1.));
#4927=DIRECTION('',(-1.62630325872825E-16,0.,-1.));
#4928=DIRECTION('',(-1.,0.,2.16840434497101E-16));
#4929=DIRECTION('',(2.16840434497101E-16,0.,1.));
#4930=DIRECTION('',(0.,-1.,0.));
#4931=DIRECTION('',(-2.16840434497101E-16,0.,-1.));
#4932=DIRECTION('',(0.,1.,0.));
#4933=DIRECTION('',(-2.16840434497101E-16,0.,-1.));
#4934=DIRECTION('',(0.,1.,0.));
#4935=DIRECTION('',(1.,0.,0.));
#4936=DIRECTION('',(-0.707106781186547,0.,0.707106781186548));
#4937=DIRECTION('',(-1.62630325872825E-16,0.,-1.));
#4938=DIRECTION('',(0.,-1.,0.));
#4939=DIRECTION('',(0.,0.,-1.));
#4940=DIRECTION('',(-1.,0.,0.));
#4941=DIRECTION('',(-2.16840434497101E-16,0.,-1.));
#4942=DIRECTION('',(0.707106781186547,0.,0.707106781186548));
#4943=DIRECTION('',(-1.,0.,1.39897054514259E-16));
#4944=DIRECTION('',(0.,0.,1.));
#4945=DIRECTION('',(1.,0.,0.));
#4946=DIRECTION('',(0.,-1.,0.));
#4947=DIRECTION('',(-1.,0.,0.));
#4948=DIRECTION('',(0.,1.,0.));
#4949=DIRECTION('',(-1.,0.,0.));
#4950=DIRECTION('',(1.,0.,-2.98155597433513E-16));
#4951=DIRECTION('',(-2.98155597433513E-16,0.,-1.));
#4952=DIRECTION('',(2.98155597433513E-16,0.,1.));
#4953=DIRECTION('',(0.,1.,0.));
#4954=DIRECTION('',(2.98155597433513E-16,0.,1.));
#4955=DIRECTION('',(1.,0.,-2.16840434497101E-16));
#4956=DIRECTION('',(-2.16840434497101E-16,0.,-1.));
#4957=DIRECTION('',(0.,-1.,0.));
#4958=DIRECTION('',(2.16840434497101E-16,0.,1.));
#4959=DIRECTION('',(0.,1.,0.));
#4960=DIRECTION('',(2.16840434497101E-16,0.,1.));
#4961=DIRECTION('',(0.,1.,0.));
#4962=DIRECTION('',(1.,0.,0.));
#4963=DIRECTION('',(-0.707106781186547,0.,0.707106781186548));
#4964=DIRECTION('',(2.16840434497101E-16,0.,1.));
#4965=DIRECTION('',(-1.,0.,0.));
#4966=DIRECTION('',(0.,-1.,0.));
#4967=DIRECTION('',(0.,0.,-1.));
#4968=DIRECTION('',(2.98155597433513E-16,0.,1.));
#4969=DIRECTION('',(0.707106781186547,0.,0.707106781186548));
#4970=DIRECTION('',(-1.,0.,0.));
#4971=DIRECTION('',(0.707106781186548,0.,-0.707106781186547));
#4972=DIRECTION('',(0.,-1.,0.));
#4973=DIRECTION('',(0.707106781186547,0.,0.707106781186548));
#4974=DIRECTION('',(-0.707106781186547,0.,-0.707106781186548));
#4975=DIRECTION('',(0.707106781186548,0.,0.707106781186547));
#4976=DIRECTION('',(0.,1.,0.));
#4977=DIRECTION('',(0.707106781186547,0.,-0.707106781186548));
#4978=DIRECTION('',(-0.707106781186547,0.,0.707106781186548));
#4979=DIRECTION('',(0.707106781186548,0.,0.707106781186547));
#4980=DIRECTION('',(0.,-1.,0.));
#4981=DIRECTION('',(-0.707106781186547,0.,0.707106781186548));
#4982=DIRECTION('',(0.707106781186547,0.,-0.707106781186548));
#4983=DIRECTION('',(0.707106781186548,0.,-0.707106781186547));
#4984=DIRECTION('',(0.,1.,0.));
#4985=DIRECTION('',(-0.707106781186547,0.,-0.707106781186548));
#4986=DIRECTION('',(0.707106781186547,0.,0.707106781186548));
#4987=DIRECTION('',(0.707106781186548,0.,0.707106781186548));
#4988=DIRECTION('',(0.,-1.,0.));
#4989=DIRECTION('',(-0.707106781186548,0.,0.707106781186548));
#4990=DIRECTION('',(0.707106781186548,0.,-0.707106781186548));
#4991=DIRECTION('',(0.707106781186547,0.,-0.707106781186548));
#4992=DIRECTION('',(0.,-1.,0.));
#4993=DIRECTION('',(0.707106781186548,0.,0.707106781186547));
#4994=DIRECTION('',(-0.707106781186548,0.,-0.707106781186547));
#4995=DIRECTION('',(0.707106781186548,0.,0.707106781186548));
#4996=DIRECTION('',(0.707106781186548,0.,-0.707106781186548));
#4997=DIRECTION('',(-0.923879532511287,0.,-0.38268343236509));
#4998=DIRECTION('',(-0.38268343236509,0.,0.923879532511287));
#4999=DIRECTION('',(-0.38268343236509,0.,-0.923879532511287));
#5000=DIRECTION('',(-0.923879532511287,0.,0.38268343236509));
#5001=DIRECTION('',(0.,0.,1.));
#5002=DIRECTION('',(1.,0.,0.));
#5003=DIRECTION('',(0.38268343236509,0.,-0.923879532511287));
#5004=DIRECTION('',(0.923879532511287,0.,0.38268343236509));
#5005=DIRECTION('',(1.,0.,0.));
#5006=DIRECTION('',(0.,0.,-1.));
#5007=DIRECTION('',(-1.,0.,0.));
#5008=DIRECTION('',(0.,0.,-1.));
#5009=DIRECTION('',(0.707106781186548,0.,-0.707106781186548));
#5010=DIRECTION('',(-0.707106781186548,0.,-0.707106781186548));
#5011=DIRECTION('',(-0.923879532511287,0.,0.38268343236509));
#5012=DIRECTION('',(-0.38268343236509,0.,-0.923879532511287));
#5013=DIRECTION('',(0.,1.,0.));
#5014=DIRECTION('',(0.,0.,-1.));
#5015=DIRECTION('',(1.,-9.9579925010296E-17,9.95799250102962E-17));
#5016=DIRECTION('',(-9.95799250102962E-17,0.,1.));
#5017=DIRECTION('',(-1.,0.,0.));
#5018=DIRECTION('',(0.,0.,1.));
#5019=DIRECTION('',(-1.,0.,0.));
#5020=DIRECTION('',(0.,0.,-1.));
#5021=DIRECTION('',(-1.,0.,0.));
#5022=DIRECTION('',(0.,0.,1.));
#5023=DIRECTION('',(0.961938357783917,0.,0.273266528912672));
#5024=DIRECTION('',(-0.273266528912672,0.,0.961938357783917));
#5025=DIRECTION('',(0.,1.,0.));
#5026=DIRECTION('',(0.,0.,-1.));
#5027=DIRECTION('',(1.,0.,0.));
#5028=DIRECTION('',(0.,0.,1.));
#5029=DIRECTION('',(-0.85065080835204,0.,-0.525731112119134));
#5030=DIRECTION('',(-0.525731112119134,0.,0.85065080835204));
#5031=DIRECTION('',(0.674608925483529,0.,0.738175316342912));
#5032=DIRECTION('',(-0.738175316342912,0.,0.674608925483529));
#5033=DIRECTION('',(1.,0.,0.));
#5034=DIRECTION('',(0.,0.,-1.));
#5035=DIRECTION('',(-0.961938357783918,0.,0.273266528912671));
#5036=DIRECTION('',(0.273266528912671,0.,0.961938357783918));
#5037=DIRECTION('',(-0.447213595499958,0.,-0.894427190999916));
#5038=DIRECTION('',(-0.894427190999916,0.,0.447213595499958));
#5039=DIRECTION('',(0.229752920547361,0.,0.97324898946773));
#5040=DIRECTION('',(0.97324898946773,0.,-0.229752920547361));
#5041=DIRECTION('',(-0.850650808352041,0.,0.525731112119132));
#5042=DIRECTION('',(0.525731112119132,0.,0.850650808352041));
#5043=DIRECTION('',(0.67460892548353,0.,-0.738175316342912));
#5044=DIRECTION('',(-0.738175316342911,0.,-0.67460892548353));
#5045=DIRECTION('',(0.,0.,-1.));
#5046=DIRECTION('',(-1.,0.,0.));
#5047=DIRECTION('',(-0.229752920547361,0.,0.97324898946773));
#5048=DIRECTION('',(-0.97324898946773,0.,-0.229752920547361));
#5049=DIRECTION('',(0.447213595499959,0.,-0.894427190999916));
#5050=DIRECTION('',(-0.894427190999916,0.,-0.447213595499959));
#5051=DIRECTION('',(0.,1.,0.));
#5052=DIRECTION('',(0.,0.,-1.));
#5053=DIRECTION('',(0.,1.,0.));
#5054=DIRECTION('',(0.,0.,-1.));
#5055=DIRECTION('',(0.,1.,0.));
#5056=DIRECTION('',(0.,0.,-1.));
#5057=DIRECTION('',(1.,0.,-1.22464679914735E-16));
#5058=DIRECTION('',(1.22464679914735E-16,0.,1.));
#5059=DIRECTION('',(-1.,0.,0.));
#5060=DIRECTION('',(0.,0.,1.));
#5061=DIRECTION('',(0.961938357783918,0.,-0.273266528912671));
#5062=DIRECTION('',(0.273266528912671,0.,0.961938357783918));
#5063=DIRECTION('',(-2.98155597433513E-16,0.,-1.));
#5064=DIRECTION('',(-1.,0.,2.98155597433513E-16));
#5065=DIRECTION('',(0.38268343236509,0.,0.923879532511287));
#5066=DIRECTION('',(0.923879532511287,0.,-0.38268343236509));
#5067=DIRECTION('',(-0.850650808352041,0.,0.525731112119132));
#5068=DIRECTION('',(0.525731112119132,0.,0.850650808352041));
#5069=DIRECTION('',(0.67460892548353,0.,-0.738175316342912));
#5070=DIRECTION('',(-0.738175316342911,0.,-0.67460892548353));
#5071=DIRECTION('',(0.707106781186547,0.,0.707106781186548));
#5072=DIRECTION('',(0.707106781186548,0.,-0.707106781186547));
#5073=DIRECTION('',(0.923879532511287,0.,0.38268343236509));
#5074=DIRECTION('',(-0.38268343236509,0.,0.923879532511287));
#5075=DIRECTION('',(-0.447213595499959,0.,0.894427190999916));
#5076=DIRECTION('',(0.894427190999916,0.,0.447213595499959));
#5077=DIRECTION('',(0.229752920547361,0.,-0.97324898946773));
#5078=DIRECTION('',(0.97324898946773,0.,0.229752920547361));
#5079=DIRECTION('',(-1.,0.,0.));
#5080=DIRECTION('',(0.,0.,1.));
#5081=DIRECTION('',(0.923879532511287,0.,-0.38268343236509));
#5082=DIRECTION('',(-0.382683432365091,0.,-0.923879532511287));
#5083=DIRECTION('',(0.,0.,1.));
#5084=DIRECTION('',(1.,0.,0.));
#5085=DIRECTION('',(-0.229752920547361,0.,-0.97324898946773));
#5086=DIRECTION('',(-0.97324898946773,0.,0.229752920547361));
#5087=DIRECTION('',(-0.707106781186547,0.,0.707106781186548));
#5088=DIRECTION('',(0.707106781186548,0.,0.707106781186547));
#5089=DIRECTION('',(0.38268343236509,0.,-0.923879532511287));
#5090=DIRECTION('',(0.923879532511287,0.,0.38268343236509));
#5091=DIRECTION('',(0.447213595499958,0.,0.894427190999916));
#5092=DIRECTION('',(0.894427190999916,0.,-0.447213595499958));
#5093=DIRECTION('',(0.674608925483529,0.,0.738175316342912));
#5094=DIRECTION('',(-0.738175316342912,0.,0.674608925483529));
#5095=DIRECTION('',(2.16840434497101E-16,0.,1.));
#5096=DIRECTION('',(1.,0.,-2.16840434497101E-16));
#5097=DIRECTION('',(0.38268343236509,0.,-0.923879532511287));
#5098=DIRECTION('',(-0.923879532511287,0.,-0.38268343236509));
#5099=DIRECTION('',(-0.85065080835204,0.,-0.525731112119134));
#5100=DIRECTION('',(-0.525731112119134,0.,0.85065080835204));
#5101=DIRECTION('',(0.961938357783917,0.,0.273266528912672));
#5102=DIRECTION('',(0.273266528912672,0.,-0.961938357783917));
#5103=DIRECTION('',(-0.707106781186548,0.,0.707106781186548));
#5104=DIRECTION('',(0.707106781186548,0.,0.707106781186548));
#5105=DIRECTION('',(0.923879532511287,0.,-0.38268343236509));
#5106=DIRECTION('',(0.38268343236509,0.,0.923879532511287));
#5107=DIRECTION('',(1.,0.,0.));
#5108=DIRECTION('',(0.,0.,-1.));
#5109=DIRECTION('',(-1.,9.9579925010296E-17,0.));
#5110=DIRECTION('',(-9.9579925010296E-17,-1.,0.));
#5111=DIRECTION('',(1.,0.,0.));
#5112=DIRECTION('',(0.,0.,-1.));
#5113=DIRECTION('',(-0.923879532511287,0.,0.38268343236509));
#5114=DIRECTION('',(0.38268343236509,0.,0.923879532511287));
#5115=DIRECTION('',(0.,1.,0.));
#5116=DIRECTION('',(0.,0.,-1.));
#5117=DIRECTION('',(0.707106781186548,0.,-0.707106781186548));
#5118=DIRECTION('',(-0.707106781186548,0.,-0.707106781186548));
#5119=DIRECTION('',(-0.38268343236509,0.,0.923879532511287));
#5120=DIRECTION('',(-0.923879532511287,0.,-0.38268343236509));
#5121=DIRECTION('',(-1.62630325872825E-16,0.,-1.));
#5122=DIRECTION('',(-1.,0.,1.62630325872825E-16));
#5123=DIRECTION('',(-0.38268343236509,0.,0.923879532511287));
#5124=DIRECTION('',(-0.923879532511287,0.,-0.38268343236509));
#5125=DIRECTION('',(0.,0.,-1.));
#5126=DIRECTION('',(-1.,0.,0.));
#5127=DIRECTION('',(0.38268343236509,0.,0.923879532511287));
#5128=DIRECTION('',(0.923879532511287,0.,-0.38268343236509));
#5129=DIRECTION('',(-0.707106781186547,0.,0.707106781186548));
#5130=DIRECTION('',(0.707106781186548,0.,0.707106781186547));
#5131=DIRECTION('',(-0.923879532511287,0.,0.38268343236509));
#5132=DIRECTION('',(0.38268343236509,0.,0.923879532511287));
#5133=DIRECTION('',(0.707106781186548,0.,0.707106781186548));
#5134=DIRECTION('',(0.707106781186548,0.,-0.707106781186548));
#5135=DIRECTION('',(0.923879532511287,0.,0.38268343236509));
#5136=DIRECTION('',(-0.38268343236509,0.,0.923879532511287));
#5137=DIRECTION('',(1.,0.,-1.39897054514259E-16));
#5138=DIRECTION('',(-1.39897054514259E-16,0.,-1.));
#5139=DIRECTION('',(-0.923879532511287,0.,-0.382683432365091));
#5140=DIRECTION('',(0.382683432365091,0.,-0.923879532511287));
#5141=DIRECTION('',(-1.,0.,0.));
#5142=DIRECTION('',(0.,0.,1.));
#5143=DIRECTION('',(-0.923879532511287,0.,-0.38268343236509));
#5144=DIRECTION('',(-0.38268343236509,0.,0.923879532511287));
#5145=DIRECTION('',(0.707106781186547,0.,0.707106781186548));
#5146=DIRECTION('',(0.707106781186548,0.,-0.707106781186547));
#5147=DIRECTION('',(-0.38268343236509,0.,-0.923879532511287));
#5148=DIRECTION('',(-0.923879532511287,0.,0.38268343236509));
#5149=DIRECTION('',(0.707106781186548,0.,0.707106781186547));
#5150=DIRECTION('',(0.707106781186547,0.,-0.707106781186548));
#5151=DIRECTION('',(-0.382683432365091,0.,-0.923879532511287));
#5152=DIRECTION('',(0.923879532511287,0.,-0.382683432365091));
#5153=DIRECTION('',(2.16840434497101E-16,0.,1.));
#5154=DIRECTION('',(1.,0.,-2.16840434497101E-16));
#5155=DIRECTION('',(0.,1.,0.));
#5156=DIRECTION('',(0.,0.,-1.));
#5157=DIRECTION('',(0.,1.,0.));
#5158=DIRECTION('',(0.,0.,-1.));
#5159=DIRECTION('',(1.62630325872825E-16,0.,1.));
#5160=DIRECTION('',(1.,0.,-1.62630325872825E-16));
#5161=DIRECTION('',(0.38268343236509,0.,-0.923879532511287));
#5162=DIRECTION('',(0.923879532511287,0.,0.38268343236509));
#5163=DIRECTION('',(0.991071249821234,2.31296463463576E-16,0.133333333333334));
#5164=DIRECTION('',(-0.133333333333334,0.,0.991071249821234));
#5165=DIRECTION('',(-0.707106781186547,0.,0.707106781186548));
#5166=DIRECTION('',(0.707106781186548,0.,0.707106781186547));
#5167=DIRECTION('',(0.923879532511287,0.,-0.38268343236509));
#5168=DIRECTION('',(-0.38268343236509,0.,-0.923879532511287));
#5169=DIRECTION('',(0.,1.,0.));
#5170=DIRECTION('',(0.,0.,-1.));
#5171=DIRECTION('',(1.,1.22464679914735E-16,-1.22464679914735E-16));
#5172=DIRECTION('',(1.22464679914735E-16,0.,1.));
#5173=DIRECTION('',(-1.,0.,1.39897054514259E-16));
#5174=DIRECTION('',(1.39897054514259E-16,0.,1.));
#5175=DIRECTION('',(0.923879532511287,0.,0.382683432365091));
#5176=DIRECTION('',(-0.382683432365091,0.,0.923879532511287));
#5177=DIRECTION('',(-1.,0.,0.));
#5178=DIRECTION('',(0.,0.,1.));
#5179=DIRECTION('',(1.,0.,0.));
#5180=DIRECTION('',(0.,0.,1.));
#5181=DIRECTION('',(0.316227766016838,0.,-0.948683298050514));
#5182=DIRECTION('',(0.948683298050514,0.,0.316227766016838));
#5183=DIRECTION('',(0.707106781186548,0.,0.707106781186547));
#5184=DIRECTION('',(0.707106781186547,0.,-0.707106781186548));
#5185=DIRECTION('',(0.707106781186547,0.,0.707106781186548));
#5186=DIRECTION('',(0.707106781186548,0.,-0.707106781186547));
#5187=DIRECTION('',(0.38268343236509,0.,0.923879532511287));
#5188=DIRECTION('',(0.923879532511287,0.,-0.38268343236509));
#5189=DIRECTION('',(0.,0.,-1.));
#5190=DIRECTION('',(-1.,0.,0.));
#5191=DIRECTION('',(0.,0.,1.));
#5192=DIRECTION('',(-1.,0.,0.));
#5193=DIRECTION('',(-2.16840434497101E-16,0.,-1.));
#5194=DIRECTION('',(-1.,0.,2.16840434497101E-16));
#5195=DIRECTION('',(2.98155597433513E-16,0.,1.));
#5196=DIRECTION('',(1.,0.,-2.98155597433513E-16));
#5197=DIRECTION('',(-0.38268343236509,0.,-0.923879532511287));
#5198=DIRECTION('',(-0.923879532511287,0.,0.38268343236509));
#5199=DIRECTION('',(0.999753055929066,0.,-0.0222222222222234));
#5200=DIRECTION('',(0.0222222222222234,0.,0.999753055929066));
#5201=DIRECTION('',(0.707106781186547,0.,0.707106781186548));
#5202=DIRECTION('',(0.707106781186548,0.,-0.707106781186547));
#5203=DIRECTION('',(-0.923879532511287,0.,-0.38268343236509));
#5204=DIRECTION('',(0.38268343236509,0.,-0.923879532511287));
#5205=DIRECTION('',(0.,1.,0.));
#5206=DIRECTION('',(0.,0.,-1.));
#5207=DIRECTION('',(1.,0.,0.));
#5208=DIRECTION('',(0.,0.,1.));
#5209=DIRECTION('',(1.,0.,0.));
#5210=DIRECTION('',(0.,0.,-1.));
#5211=DIRECTION('',(-0.923879532511287,0.,0.38268343236509));
#5212=DIRECTION('',(0.382683432365091,0.,0.923879532511287));
#5213=DIRECTION('',(-0.707106781186548,0.,0.707106781186548));
#5214=DIRECTION('',(0.707106781186548,0.,0.707106781186548));
#5215=DIRECTION('',(-0.316227766016837,0.,-0.948683298050514));
#5216=DIRECTION('',(-0.948683298050514,0.,0.316227766016837));
#5217=DIRECTION('',(1.,0.,0.));
#5218=DIRECTION('',(0.,0.,-1.));
#5219=DIRECTION('',(1.,0.,0.));
#5220=DIRECTION('',(0.,0.,1.));
#5221=DIRECTION('',(-0.707106781186547,0.,0.707106781186548));
#5222=DIRECTION('',(0.707106781186548,0.,0.707106781186547));
#5223=DIRECTION('',(-0.38268343236509,0.,0.923879532511287));
#5224=DIRECTION('',(-0.923879532511287,0.,-0.38268343236509));
#5225=DIRECTION('',(0.,0.,-1.));
#5226=DIRECTION('',(-1.,0.,0.));
#5227=DIRECTION('',(0.,0.,1.));
#5228=DIRECTION('',(-1.,0.,0.));
#5229=DIRECTION('',(-2.16840434497101E-16,0.,-1.));
#5230=DIRECTION('',(-1.,0.,2.16840434497101E-16));
#5231=CARTESIAN_POINT('',(0.,0.,0.));
#5232=CARTESIAN_POINT('',(-0.0075,-0.018,-0.005));
#5233=CARTESIAN_POINT('',(-9.18485099360515E-19,-0.018,-0.005));
#5234=CARTESIAN_POINT('',(-9.18485099360515E-19,-0.0055,-0.005));
#5235=CARTESIAN_POINT('',(-9.18485099360515E-19,-0.0005,-0.005));
#5236=CARTESIAN_POINT('',(-0.0075,-0.0055,-0.005));
#5237=CARTESIAN_POINT('',(-0.0046,-0.0055,-0.005));
#5238=CARTESIAN_POINT('',(-0.0046,-0.0065,-0.005));
#5239=CARTESIAN_POINT('',(-0.0051,-0.00563397459621556,-0.005));
#5240=CARTESIAN_POINT('',(-0.00439289321881344,-0.0065,-0.005));
#5241=CARTESIAN_POINT('',(-0.0056,-0.00702100538327999,-0.005));
#5242=CARTESIAN_POINT('',(-0.0056,-0.018,-0.005));
#5243=CARTESIAN_POINT('',(-0.0056,-0.0175,-0.005));
#5244=CARTESIAN_POINT('',(-0.0075,-0.0175,-0.005));
#5245=CARTESIAN_POINT('',(-0.01,-0.0175,-0.005));
#5246=CARTESIAN_POINT('',(-0.01,0.,-0.005));
#5247=CARTESIAN_POINT('',(-0.01,-0.0005,-0.005));
#5248=CARTESIAN_POINT('',(-8.67361737988404E-19,-0.0005,-0.005));
#5249=CARTESIAN_POINT('',(-0.0075,-0.018,-0.035));
#5250=CARTESIAN_POINT('',(-0.0051,-0.006,-0.035));
#5251=CARTESIAN_POINT('',(-0.0051,-0.0175,-0.035));
#5252=CARTESIAN_POINT('',(-0.0051,-0.00702100538327999,-0.035));
#5253=CARTESIAN_POINT('',(-0.00389289321881345,-0.0065,-0.035));
#5254=CARTESIAN_POINT('',(-0.0046,-0.00563397459621554,-0.035));
#5255=CARTESIAN_POINT('',(-0.0041,-0.0065,-0.035));
#5256=CARTESIAN_POINT('',(-0.0041,-0.0055,-0.035));
#5257=CARTESIAN_POINT('',(0.,-0.0055,-0.035));
#5258=CARTESIAN_POINT('',(0.,-0.0055,-0.035));
#5259=CARTESIAN_POINT('',(0.,-0.018,-0.035));
#5260=CARTESIAN_POINT('',(0.,-0.0005,-0.035));
#5261=CARTESIAN_POINT('',(-0.0075,-0.0005,-0.035));
#5262=CARTESIAN_POINT('',(-0.01,-0.0005,-0.035));
#5263=CARTESIAN_POINT('',(-0.01,-0.018,-0.035));
#5264=CARTESIAN_POINT('',(-0.01,-0.0175,-0.035));
#5265=CARTESIAN_POINT('',(-0.0051,-0.0175,-0.035));
#5266=CARTESIAN_POINT('',(-3.06161699786838E-19,-0.018,0.));
#5267=CARTESIAN_POINT('',(0.0011,-0.006,-0.00487749935930288));
#5268=CARTESIAN_POINT('',(0.0011,-0.00742081485652655,-0.00487749935930288));
#5269=CARTESIAN_POINT('',(0.0011,-0.0175,-0.00487749935930288));
#5270=CARTESIAN_POINT('',(0.0011,-0.00742081485652655,-0.00487749935930288));
#5271=CARTESIAN_POINT('',(0.00132453254482559,-0.00733522661620312,-0.00482686156704216));
#5272=CARTESIAN_POINT('',(0.00172120776374236,-0.00703188279635574,-0.00469918560731328));
#5273=CARTESIAN_POINT('',(0.0018486675671631,-0.00624700926978099,-0.00464604427160384));
#5274=CARTESIAN_POINT('',(0.00138223739058742,-0.00563943038682698,-0.00481983236601051));
#5275=CARTESIAN_POINT('',(0.000909905113739256,-0.0055,-0.00492263227194624));
#5276=CARTESIAN_POINT('',(0.000666666666666672,-0.0055,-0.00495535624910617));
#5277=CARTESIAN_POINT('',(0.000666666666666672,-0.0055,-0.00495535624910617));
#5278=CARTESIAN_POINT('',(-3.06161699786838E-19,-0.0055,0.));
#5279=CARTESIAN_POINT('',(-3.06161699786838E-19,-0.0005,0.));
#5280=CARTESIAN_POINT('',(-8.04061324838318E-19,-0.0005,0.005));
#5281=CARTESIAN_POINT('',(-8.04061324838318E-19,-0.018,0.005));
#5282=CARTESIAN_POINT('',(-8.04061324838318E-19,-0.00625045458302649,0.005));
#5283=CARTESIAN_POINT('',(-8.67361737988404E-19,-0.00625045458302649,0.005));
#5284=CARTESIAN_POINT('',(0.000427957146210032,-0.00656174760155105,0.005));
#5285=CARTESIAN_POINT('',(0.00104304746786953,-0.00743180774075144,0.00490046344341751));
#5286=CARTESIAN_POINT('',(0.00134195755379576,-0.00899811679270826,0.00481448967401654));
#5287=CARTESIAN_POINT('',(0.00104726610942534,-0.010559973852331,0.00489972802825282));
#5288=CARTESIAN_POINT('',(0.000427076279207042,-0.0114388931349122,0.005));
#5289=CARTESIAN_POINT('',(-2.75275231178981E-19,-0.0117495454169735,0.005));
#5290=CARTESIAN_POINT('',(-8.04061324838318E-19,-0.0117495454169735,0.005));
#5291=CARTESIAN_POINT('',(-8.04061324838318E-19,-0.018,0.005));
#5292=CARTESIAN_POINT('',(-8.04061324838318E-19,-0.0175,0.005));
#5293=CARTESIAN_POINT('',(-3.06161699786838E-19,-0.0175,0.));
#5294=CARTESIAN_POINT('',(-0.0075,-0.018,-0.02));
#5295=CARTESIAN_POINT('',(-0.008,-0.018,-0.04));
#5296=CARTESIAN_POINT('',(-0.008,-0.018,-0.0421));
#5297=CARTESIAN_POINT('',(-0.008,-0.018,9.79717439317883E-20));
#5298=CARTESIAN_POINT('',(-0.008,-0.018,-0.0021));
#5299=CARTESIAN_POINT('',(-0.0153535533905932,-0.018,-0.0303535533905933));
#5300=CARTESIAN_POINT('',(-0.0102071067811865,-0.018,-0.0355));
#5301=CARTESIAN_POINT('',(-0.0155,-0.018,-0.0302071067811866));
#5302=CARTESIAN_POINT('',(-0.0155,-0.018,-0.02));
#5303=CARTESIAN_POINT('',(-0.0155,-0.018,-0.00979289321881345));
#5304=CARTESIAN_POINT('',(-0.0103535533905933,-0.018,-0.00464644660940673));
#5305=CARTESIAN_POINT('',(-0.0102071067811865,-0.018,-0.0045));
#5306=CARTESIAN_POINT('',(-0.0075,-0.018,-0.0045));
#5307=CARTESIAN_POINT('',(-0.00580710678118655,-0.018,-0.0045));
#5308=CARTESIAN_POINT('',(-0.0144035533905933,-0.018,-0.0130964466094067));
#5309=CARTESIAN_POINT('',(-0.0056,-0.018,-0.00429289321881346));
#5310=CARTESIAN_POINT('',(-0.0056,-0.018,-0.00375));
#5311=CARTESIAN_POINT('',(-0.0056,-0.018,-0.00354289321881346));
#5312=CARTESIAN_POINT('',(-0.00470355339059327,-0.018,-0.00264644660940673));
#5313=CARTESIAN_POINT('',(-0.00455710678118654,-0.018,-0.0025));
#5314=CARTESIAN_POINT('',(0.000350000000000005,-0.018,-0.0025));
#5315=CARTESIAN_POINT('',(0.000557106781186548,-0.018,-0.0025));
#5316=CARTESIAN_POINT('',(0.00145355339059328,-0.018,-0.00339644660940673));
#5317=CARTESIAN_POINT('',(0.0016,-0.018,-0.00354289321881346));
#5318=CARTESIAN_POINT('',(0.0016,-0.018,-0.02));
#5319=CARTESIAN_POINT('',(0.0016,-0.018,-0.00420594816896262));
#5320=CARTESIAN_POINT('',(-3.06161699786838E-19,-0.018,0.));
#5321=CARTESIAN_POINT('',(-7.5427136233317E-19,-0.018,0.0045));
#5322=CARTESIAN_POINT('',(-0.0125,-0.018,0.0045));
#5323=CARTESIAN_POINT('',(-0.0123579604780798,-0.018,0.0045));
#5324=CARTESIAN_POINT('',(-0.0197994403426895,-0.018,-9.90874829267588E-5));
#5325=CARTESIAN_POINT('',(-0.015734342398551,-0.018,0.00241328121414817));
#5326=CARTESIAN_POINT('',(-0.0230527864045001,-0.018,-0.01222360679775));
#5327=CARTESIAN_POINT('',(-0.0195,-0.018,-0.00511803398874988));
#5328=CARTESIAN_POINT('',(-0.0195,-0.018,-0.02));
#5329=CARTESIAN_POINT('',(-0.0195,-0.018,-0.0348819660112501));
#5330=CARTESIAN_POINT('',(-0.0230527864045001,-0.018,-0.02777639320225));
#5331=CARTESIAN_POINT('',(-0.015734342398551,-0.018,-0.0424132812141481));
#5332=CARTESIAN_POINT('',(-0.0197994403426894,-0.018,-0.0399009125170733));
#5333=CARTESIAN_POINT('',(-0.0123579604780798,-0.018,-0.0445));
#5334=CARTESIAN_POINT('',(-0.0075,-0.018,-0.0445));
#5335=CARTESIAN_POINT('',(-8.57252759403147E-19,-0.018,-0.0445));
#5336=CARTESIAN_POINT('',(-3.06161699786838E-19,-0.018,-0.04));
#5337=CARTESIAN_POINT('',(0.0011,-0.018,-0.0356365151541457));
#5338=CARTESIAN_POINT('',(0.0011,-0.018,-0.03625));
#5339=CARTESIAN_POINT('',(0.0011,-0.018,-0.0364571067811865));
#5340=CARTESIAN_POINT('',(0.000203553390593278,-0.018,-0.0373535533905933));
#5341=CARTESIAN_POINT('',(5.71067811865499E-5,-0.018,-0.0375));
#5342=CARTESIAN_POINT('',(-0.0075,-0.018,-0.0375));
#5343=CARTESIAN_POINT('',(-0.00405710678118654,-0.018,-0.0375));
#5344=CARTESIAN_POINT('',(-0.00495355339059327,-0.018,-0.0366035533905933));
#5345=CARTESIAN_POINT('',(-0.0051,-0.018,-0.0364571067811865));
#5346=CARTESIAN_POINT('',(-0.0051,-0.018,-0.02));
#5347=CARTESIAN_POINT('',(-0.0051,-0.018,-0.0357071067811865));
#5348=CARTESIAN_POINT('',(-0.0141535533905933,-0.018,-0.0266535533905933));
#5349=CARTESIAN_POINT('',(-0.00530710678118654,-0.018,-0.0355));
#5350=CARTESIAN_POINT('',(-0.01,-0.018,-0.0355));
#5351=CARTESIAN_POINT('',(-0.002,-0.009,-0.0556));
#5352=CARTESIAN_POINT('',(-0.002,-0.009,-0.0432));
#5353=CARTESIAN_POINT('',(-0.0036,-0.009,-0.0432));
#5354=CARTESIAN_POINT('',(-0.002,-0.009,-0.037));
#5355=CARTESIAN_POINT('',(-0.0004,-0.009,-0.037));
#5356=CARTESIAN_POINT('',(-0.0075,-0.018,0.005));
#5357=CARTESIAN_POINT('',(-0.0075,-0.0005,0.005));
#5358=CARTESIAN_POINT('',(-0.0125,-0.0005,0.005));
#5359=CARTESIAN_POINT('',(-0.0125,-0.018,0.005));
#5360=CARTESIAN_POINT('',(-0.0125,-0.0175,0.005));
#5361=CARTESIAN_POINT('',(-8.67361737988404E-19,-0.0175,0.005));
#5362=CARTESIAN_POINT('',(-0.002,-0.009,0.005));
#5363=CARTESIAN_POINT('',(-0.0175,-0.018,0.));
#5364=CARTESIAN_POINT('',(-0.0161180339887499,0.,0.00276393202250021));
#5365=CARTESIAN_POINT('',(-0.0161180339887499,-0.0175,0.00276393202250021));
#5366=CARTESIAN_POINT('',(-0.0161180339887499,-0.0005,0.00276393202250021));
#5367=CARTESIAN_POINT('',(-0.02,-0.0005,-0.005));
#5368=CARTESIAN_POINT('',(-0.02,-0.0005,-0.005));
#5369=CARTESIAN_POINT('',(-0.02,-0.018,-0.005));
#5370=CARTESIAN_POINT('',(-0.02,-0.0175,-0.005));
#5371=CARTESIAN_POINT('',(-0.0175,-0.0175,0.));
#5372=CARTESIAN_POINT('',(-0.02,-0.018,-0.02));
#5373=CARTESIAN_POINT('',(-0.02,-0.01625,-0.0225));
#5374=CARTESIAN_POINT('',(-0.02,-0.01625,-0.0175));
#5375=CARTESIAN_POINT('',(-0.02,-0.01625,-0.0225));
#5376=CARTESIAN_POINT('',(-0.02,-0.009,-0.0225));
#5377=CARTESIAN_POINT('',(-0.02,-0.00175,-0.0225));
#5378=CARTESIAN_POINT('',(-0.02,-0.00175,-0.02));
#5379=CARTESIAN_POINT('',(-0.02,-0.00175,-0.0175));
#5380=CARTESIAN_POINT('',(-0.02,-0.009,-0.0175));
#5381=CARTESIAN_POINT('',(-0.02,-0.0005,-0.035));
#5382=CARTESIAN_POINT('',(-0.02,-0.0005,-0.035));
#5383=CARTESIAN_POINT('',(-0.02,-0.018,-0.035));
#5384=CARTESIAN_POINT('',(-0.02,-0.0175,-0.035));
#5385=CARTESIAN_POINT('',(-0.02,-0.0175,-0.02));
#5386=CARTESIAN_POINT('',(-0.0175,-0.018,-0.04));
#5387=CARTESIAN_POINT('',(-0.0161180339887499,-0.0005,-0.0427639320225002));
#5388=CARTESIAN_POINT('',(-0.0161180339887499,-0.0005,-0.0427639320225002));
#5389=CARTESIAN_POINT('',(-0.0161180339887499,-0.018,-0.0427639320225002));
#5390=CARTESIAN_POINT('',(-0.0161180339887499,-0.0175,-0.0427639320225002));
#5391=CARTESIAN_POINT('',(-0.0175,-0.0175,-0.04));
#5392=CARTESIAN_POINT('',(-0.0075,-0.018,-0.045));
#5393=CARTESIAN_POINT('',(-0.0125,-0.018,-0.045));
#5394=CARTESIAN_POINT('',(-0.0125,-0.0175,-0.045));
#5395=CARTESIAN_POINT('',(-0.0125,-0.0005,-0.045));
#5396=CARTESIAN_POINT('',(-8.67361737988404E-19,-0.0005,-0.045));
#5397=CARTESIAN_POINT('',(-9.18485099360515E-19,-0.0005,-0.045));
#5398=CARTESIAN_POINT('',(-9.18485099360515E-19,-0.018,-0.045));
#5399=CARTESIAN_POINT('',(-9.18485099360515E-19,-0.0062504545830265,-0.045));
#5400=CARTESIAN_POINT('',(-0.002,-0.009,-0.045));
#5401=CARTESIAN_POINT('',(-9.18485099360515E-19,-0.0117495454169735,-0.045));
#5402=CARTESIAN_POINT('',(-9.18485099360515E-19,-0.018,-0.045));
#5403=CARTESIAN_POINT('',(-9.18485099360515E-19,-0.0175,-0.045));
#5404=CARTESIAN_POINT('',(-0.0075,-0.0175,-0.045));
#5405=CARTESIAN_POINT('',(-3.06161699786838E-19,-0.018,-0.04));
#5406=CARTESIAN_POINT('',(-3.06161699786838E-19,-0.0005,-0.04));
#5407=CARTESIAN_POINT('',(-3.06161699786838E-19,-0.0055,-0.04));
#5408=CARTESIAN_POINT('',(0.000111111111111118,-0.0055,-0.0350012347203547));
#5409=CARTESIAN_POINT('',(0.000111111111111118,-0.0055,-0.0350012347203547));
#5410=CARTESIAN_POINT('',(0.000348785994478884,-0.0055,-0.0350065176890273));
#5411=CARTESIAN_POINT('',(0.000817260450064421,-0.0056353986141552,-0.0350539413902911));
#5412=CARTESIAN_POINT('',(0.00127965978930599,-0.00622380037886733,-0.0351660764662923));
#5413=CARTESIAN_POINT('',(0.00118936528655522,-0.00698209618876713,-0.0351401913554745));
#5414=CARTESIAN_POINT('',(0.000816238904541392,-0.00730264051383285,-0.0350622680828529));
#5415=CARTESIAN_POINT('',(0.000600000000000007,-0.00739799777282575,-0.0350361305416036));
#5416=CARTESIAN_POINT('',(0.0006,-0.00739799777282575,-0.0350361305416036));
#5417=CARTESIAN_POINT('',(0.0006,-0.006,-0.0350361305416036));
#5418=CARTESIAN_POINT('',(0.0006,-0.0175,-0.0350361305416036));
#5419=CARTESIAN_POINT('',(-3.06161699786838E-19,-0.0175,-0.04));
#5420=CARTESIAN_POINT('',(-8.67361737988404E-19,-0.0117495454169735,-0.045));
#5421=CARTESIAN_POINT('',(0.00042795714621003,-0.0114382523984489,-0.045));
#5422=CARTESIAN_POINT('',(0.0010430474678695,-0.0105681922592485,-0.0449004634434175));
#5423=CARTESIAN_POINT('',(0.00134195755379575,-0.00900188320729174,-0.0448144896740165));
#5424=CARTESIAN_POINT('',(0.00104726610942531,-0.007440026147669,-0.0448997280282528));
#5425=CARTESIAN_POINT('',(0.000427076279207042,-0.00656110686508783,-0.045));
#5426=CARTESIAN_POINT('',(-8.94748307550828E-19,-0.0062504545830265,-0.045));
#5427=CARTESIAN_POINT('',(-0.008,-0.018,9.79717439317883E-20));
#5428=CARTESIAN_POINT('',(-0.008,-0.0005,9.79717439317883E-20));
#5429=CARTESIAN_POINT('',(-0.008,-0.0005,-0.0016));
#5430=CARTESIAN_POINT('',(-0.008,-0.0175,9.79717439317883E-20));
#5431=CARTESIAN_POINT('',(-0.008,-0.0175,-0.0016));
#5432=CARTESIAN_POINT('',(-0.015,-0.018,-0.02));
#5433=CARTESIAN_POINT('',(-0.015,-0.00175,-0.02));
#5434=CARTESIAN_POINT('',(-0.015,-0.00175,-0.0175));
#5435=CARTESIAN_POINT('',(-0.015,-0.00175,-0.0225));
#5436=CARTESIAN_POINT('',(-0.015,-0.009,-0.0225));
#5437=CARTESIAN_POINT('',(-0.015,-0.01625,-0.0225));
#5438=CARTESIAN_POINT('',(-0.015,-0.01625,-0.0175));
#5439=CARTESIAN_POINT('',(-0.015,-0.01625,-0.0175));
#5440=CARTESIAN_POINT('',(-0.015,-0.009,-0.0175));
#5441=CARTESIAN_POINT('',(-0.015,-0.018,-0.03));
#5442=CARTESIAN_POINT('',(-0.015,-0.0175,-0.03));
#5443=CARTESIAN_POINT('',(-0.015,-0.0005,-0.03));
#5444=CARTESIAN_POINT('',(-0.015,-0.0005,-0.01));
#5445=CARTESIAN_POINT('',(-0.015,-0.0005,-0.01));
#5446=CARTESIAN_POINT('',(-0.015,-0.018,-0.01));
#5447=CARTESIAN_POINT('',(-0.015,-0.0175,-0.01));
#5448=CARTESIAN_POINT('',(-0.015,-0.0175,-0.02));
#5449=CARTESIAN_POINT('',(-0.008,-0.018,-0.04));
#5450=CARTESIAN_POINT('',(-0.008,-0.0005,-0.04));
#5451=CARTESIAN_POINT('',(-0.008,-0.0005,-0.0416));
#5452=CARTESIAN_POINT('',(-0.008,-0.0175,-0.04));
#5453=CARTESIAN_POINT('',(-0.008,-0.0175,-0.0416));
#5454=CARTESIAN_POINT('',(-0.0075,0.,-0.02));
#5455=CARTESIAN_POINT('',(-0.008,0.,-0.04));
#5456=CARTESIAN_POINT('',(-0.008,0.,-0.0421));
#5457=CARTESIAN_POINT('',(-0.008,0.,9.79717439317883E-20));
#5458=CARTESIAN_POINT('',(-0.008,0.,-0.0021));
#5459=CARTESIAN_POINT('',(-3.06161699786838E-19,0.,-0.04));
#5460=CARTESIAN_POINT('',(0.,0.,-0.0355));
#5461=CARTESIAN_POINT('',(-9.18485099360515E-19,0.,-0.0445));
#5462=CARTESIAN_POINT('',(-0.0125,0.,-0.0445));
#5463=CARTESIAN_POINT('',(-0.0123579604780798,0.,-0.0445));
#5464=CARTESIAN_POINT('',(-0.0158551684326903,0.,-0.0423386066183242));
#5465=CARTESIAN_POINT('',(-0.015734342398551,0.,-0.0424132812141481));
#5466=CARTESIAN_POINT('',(-0.0195527864045001,0.,-0.03477639320225));
#5467=CARTESIAN_POINT('',(-0.0195,0.,-0.0348819660112501));
#5468=CARTESIAN_POINT('',(-0.0195,0.,-0.005));
#5469=CARTESIAN_POINT('',(-0.0195,0.,-0.00511803398874987));
#5470=CARTESIAN_POINT('',(-0.0156708203932499,0.,0.00254032522475024));
#5471=CARTESIAN_POINT('',(-0.015734342398551,0.,0.00241328121414816));
#5472=CARTESIAN_POINT('',(-0.0122371344439404,0.,0.00457467459582398));
#5473=CARTESIAN_POINT('',(-0.0123579604780798,0.,0.0045));
#5474=CARTESIAN_POINT('',(-0.0075,0.,0.0045));
#5475=CARTESIAN_POINT('',(-8.04061324838318E-19,0.,0.0045));
#5476=CARTESIAN_POINT('',(-3.06161699786838E-19,0.,0.));
#5477=CARTESIAN_POINT('',(-9.18485099360515E-19,0.,-0.0045));
#5478=CARTESIAN_POINT('',(-0.01,0.,-0.0045));
#5479=CARTESIAN_POINT('',(-0.0102071067811865,0.,-0.0045));
#5480=CARTESIAN_POINT('',(-0.0166035533905933,0.,-0.0108964466094067));
#5481=CARTESIAN_POINT('',(-0.0155,0.,-0.00979289321881345));
#5482=CARTESIAN_POINT('',(-0.0155,0.,-0.03));
#5483=CARTESIAN_POINT('',(-0.0155,0.,-0.0302071067811866));
#5484=CARTESIAN_POINT('',(-0.0166035533905933,0.,-0.0291035533905933));
#5485=CARTESIAN_POINT('',(-0.0102071067811865,0.,-0.0355));
#5486=CARTESIAN_POINT('',(-0.0075,0.,-0.0355));
#5487=CARTESIAN_POINT('',(-0.015,-0.018,-0.03));
#5488=CARTESIAN_POINT('',(-0.015,-0.0005,-0.03));
#5489=CARTESIAN_POINT('',(-0.01,-0.0175,-0.035));
#5490=CARTESIAN_POINT('',(-0.01,-0.018,-0.005));
#5491=CARTESIAN_POINT('',(-0.01,-0.0005,-0.005));
#5492=CARTESIAN_POINT('',(-0.015,-0.0175,-0.01));
#5493=CARTESIAN_POINT('',(-0.0125,-0.018,-0.045));
#5494=CARTESIAN_POINT('',(-0.0125,-0.0005,-0.045));
#5495=CARTESIAN_POINT('',(-0.0125,-0.0175,-0.045));
#5496=CARTESIAN_POINT('',(-0.0161180339887499,-0.018,0.00276393202250021));
#5497=CARTESIAN_POINT('',(-0.0161180339887499,-0.0005,0.00276393202250021));
#5498=CARTESIAN_POINT('',(-0.0161180339887499,-0.0175,0.00276393202250021));
#5499=CARTESIAN_POINT('',(-0.015,-0.01525,-0.02));
#5500=CARTESIAN_POINT('',(-0.015,-0.01525,-0.0225));
#5501=CARTESIAN_POINT('',(-0.016,-0.01525,-0.0225));
#5502=CARTESIAN_POINT('',(-0.019,-0.01525,-0.0225));
#5503=CARTESIAN_POINT('',(-0.019,-0.01525,-0.0175));
#5504=CARTESIAN_POINT('',(-0.019,-0.01525,-0.0175));
#5505=CARTESIAN_POINT('',(-0.015,-0.01525,-0.0175));
#5506=CARTESIAN_POINT('',(-0.016,-0.01525,-0.0175));
#5507=CARTESIAN_POINT('',(-0.016,-0.01525,-0.0225));
#5508=CARTESIAN_POINT('',(-0.015,-0.009,-0.0175));
#5509=CARTESIAN_POINT('',(-0.019,-0.009,-0.0175));
#5510=CARTESIAN_POINT('',(-0.019,-0.00275,-0.0175));
#5511=CARTESIAN_POINT('',(-0.015,-0.00275,-0.0175));
#5512=CARTESIAN_POINT('',(-0.016,-0.00275,-0.0175));
#5513=CARTESIAN_POINT('',(-0.016,-0.009,-0.0175));
#5514=CARTESIAN_POINT('',(-0.015,-0.00275,-0.02));
#5515=CARTESIAN_POINT('',(-0.019,-0.00275,-0.02));
#5516=CARTESIAN_POINT('',(-0.019,-0.00275,-0.0225));
#5517=CARTESIAN_POINT('',(-0.015,-0.00275,-0.0225));
#5518=CARTESIAN_POINT('',(-0.016,-0.00275,-0.0225));
#5519=CARTESIAN_POINT('',(-0.016,-0.00275,-0.02));
#5520=CARTESIAN_POINT('',(-0.015,-0.009,-0.0225));
#5521=CARTESIAN_POINT('',(-0.019,-0.009,-0.0225));
#5522=CARTESIAN_POINT('',(-0.016,-0.009,-0.0225));
#5523=CARTESIAN_POINT('',(-0.002,-0.009,-0.0556));
#5524=CARTESIAN_POINT('',(-0.002,-0.009,-0.003));
#5525=CARTESIAN_POINT('',(-0.0004,-0.009,-0.003));
#5526=CARTESIAN_POINT('',(-0.002,-0.009,0.0032));
#5527=CARTESIAN_POINT('',(-0.0036,-0.009,0.0032));
#5528=CARTESIAN_POINT('',(-0.019,-0.009,-0.0175));
#5529=CARTESIAN_POINT('',(-0.019,-0.01625,-0.0175));
#5530=CARTESIAN_POINT('',(-0.019,-0.00175,-0.0175));
#5531=CARTESIAN_POINT('',(-0.019,-0.00175,-0.02));
#5532=CARTESIAN_POINT('',(-0.019,-0.00175,-0.0225));
#5533=CARTESIAN_POINT('',(-0.019,-0.01625,-0.02));
#5534=CARTESIAN_POINT('',(-0.019,-0.01625,-0.0225));
#5535=CARTESIAN_POINT('',(-0.019,-0.009,-0.0225));
#5536=CARTESIAN_POINT('',(-0.016,-0.009,-0.0175));
#5537=CARTESIAN_POINT('',(-0.016,-0.01625,-0.0175));
#5538=CARTESIAN_POINT('',(-0.016,-0.00175,-0.0175));
#5539=CARTESIAN_POINT('',(-0.016,-0.00175,-0.02));
#5540=CARTESIAN_POINT('',(-0.016,-0.00175,-0.0225));
#5541=CARTESIAN_POINT('',(-0.016,-0.01625,-0.02));
#5542=CARTESIAN_POINT('',(-0.016,-0.01625,-0.0225));
#5543=CARTESIAN_POINT('',(-0.016,-0.009,-0.0225));
#5544=CARTESIAN_POINT('',(-0.002,-0.009,-0.0432));
#5545=CARTESIAN_POINT('',(-0.002,-0.009,0.0032));
#5546=CARTESIAN_POINT('',(-0.002,-0.006,-0.003));
#5547=CARTESIAN_POINT('',(-0.00435,-0.006,-0.003));
#5548=CARTESIAN_POINT('',(-0.00435,-0.0175,-0.003));
#5549=CARTESIAN_POINT('',(-0.00435,-0.0065,-0.003));
#5550=CARTESIAN_POINT('',(-0.002,-0.0065,-0.003));
#5551=CARTESIAN_POINT('',(0.000350000000000005,-0.0065,-0.003));
#5552=CARTESIAN_POINT('',(0.000350000000000005,-0.006,-0.003));
#5553=CARTESIAN_POINT('',(0.000350000000000005,-0.0175,-0.003));
#5554=CARTESIAN_POINT('',(-0.00435,-0.0175,-0.003));
#5555=CARTESIAN_POINT('',(0.0011,-0.006,-0.005));
#5556=CARTESIAN_POINT('',(0.0011,-0.006,-0.00375));
#5557=CARTESIAN_POINT('',(0.0011,-0.0175,-0.00375));
#5558=CARTESIAN_POINT('',(0.0011,-0.0065,-0.00375));
#5559=CARTESIAN_POINT('',(0.0011,-0.0065,-0.00487749935930288));
#5560=CARTESIAN_POINT('',(0.0011,-0.0065,-0.00420594816896262));
#5561=CARTESIAN_POINT('',(0.0011,-0.00742081485652655,-0.00487749935930288));
#5562=CARTESIAN_POINT('',(0.0011,-0.00722185147988886,-0.00487749935930288));
#5563=CARTESIAN_POINT('',(0.00109999999999998,-0.0068633105341072,-0.00466651811666158));
#5564=CARTESIAN_POINT('',(0.00110000000000005,-0.00663827615309821,-0.00434455598905191));
#5565=CARTESIAN_POINT('',(0.0011,-0.00649999999999974,-0.00420594816896262));
#5566=CARTESIAN_POINT('',(0.0011,-0.0175,-0.005));
#5567=CARTESIAN_POINT('',(-0.0051,-0.006,-0.005));
#5568=CARTESIAN_POINT('',(-0.0051,-0.006,-0.0045));
#5569=CARTESIAN_POINT('',(-0.0051,-0.0175,-0.0045));
#5570=CARTESIAN_POINT('',(-0.0051,-0.0065,-0.0045));
#5571=CARTESIAN_POINT('',(-0.0051,-0.0065,-0.005));
#5572=CARTESIAN_POINT('',(-0.0051,-0.0065,-0.00375));
#5573=CARTESIAN_POINT('',(-0.0051,-0.018,-0.00375));
#5574=CARTESIAN_POINT('',(-0.0051,-0.0175,-0.00375));
#5575=CARTESIAN_POINT('',(-0.0051,-0.0175,-0.0045));
#5576=CARTESIAN_POINT('',(-0.0075,-0.006,-0.02));
#5577=CARTESIAN_POINT('',(0.00457144660940673,-0.006,-0.00792855339059328));
#5578=CARTESIAN_POINT('',(0.0006,-0.006,-0.00395710678118654));
#5579=CARTESIAN_POINT('',(0.000142893218813462,-0.006,-0.0035));
#5580=CARTESIAN_POINT('',(-0.0075,-0.006,-0.0035));
#5581=CARTESIAN_POINT('',(-0.00414289321881345,-0.006,-0.0035));
#5582=CARTESIAN_POINT('',(-0.0140714466094067,-0.006,-0.0134285533905933));
#5583=CARTESIAN_POINT('',(-0.0046,-0.006,-0.00395710678118654));
#5584=CARTESIAN_POINT('',(-0.0046,-0.006,-0.02));
#5585=CARTESIAN_POINT('',(-0.0046,-0.006,-0.0045));
#5586=CARTESIAN_POINT('',(-0.0075,-0.006,-0.0045));
#5587=CARTESIAN_POINT('',(-9.18485099360515E-19,-0.006,-0.0045));
#5588=CARTESIAN_POINT('',(-3.06161699786838E-19,-0.006,0.));
#5589=CARTESIAN_POINT('',(0.0006,-0.006,-0.00445982062419555));
#5590=CARTESIAN_POINT('',(0.0006,-0.006,-0.00375));
#5591=CARTESIAN_POINT('',(-0.002,-0.006,-0.037));
#5592=CARTESIAN_POINT('',(-0.000149999999999995,-0.006,-0.037));
#5593=CARTESIAN_POINT('',(-0.000149999999999995,-0.0175,-0.037));
#5594=CARTESIAN_POINT('',(-0.000149999999999995,-0.0065,-0.037));
#5595=CARTESIAN_POINT('',(-0.00385,-0.0065,-0.037));
#5596=CARTESIAN_POINT('',(-0.00385,-0.0065,-0.037));
#5597=CARTESIAN_POINT('',(-0.00385,-0.018,-0.037));
#5598=CARTESIAN_POINT('',(-0.00385,-0.0175,-0.037));
#5599=CARTESIAN_POINT('',(-0.002,-0.0175,-0.037));
#5600=CARTESIAN_POINT('',(0.0006,-0.006,-0.035));
#5601=CARTESIAN_POINT('',(0.0006,-0.00739799777282575,-0.0350361305416036));
#5602=CARTESIAN_POINT('',(0.0006,-0.00721017326412902,-0.0350361305416036));
#5603=CARTESIAN_POINT('',(0.000599999999999998,-0.00686628717059892,-0.0352107224301169));
#5604=CARTESIAN_POINT('',(0.000600000000000004,-0.00663012092622831,-0.0355061879117805));
#5605=CARTESIAN_POINT('',(0.0006,-0.0065,-0.0356365151541457));
#5606=CARTESIAN_POINT('',(0.0006,-0.0065,-0.0356365151541457));
#5607=CARTESIAN_POINT('',(0.0006,-0.0065,-0.035));
#5608=CARTESIAN_POINT('',(0.0006,-0.0065,-0.03625));
#5609=CARTESIAN_POINT('',(0.0006,-0.006,-0.03625));
#5610=CARTESIAN_POINT('',(0.0006,-0.0175,-0.03625));
#5611=CARTESIAN_POINT('',(0.0006,-0.0175,-0.0350361305416036));
#5612=CARTESIAN_POINT('',(-0.0046,-0.006,-0.035));
#5613=CARTESIAN_POINT('',(-0.0046,-0.006,-0.03625));
#5614=CARTESIAN_POINT('',(-0.0046,-0.0175,-0.03625));
#5615=CARTESIAN_POINT('',(-0.0046,-0.0065,-0.03625));
#5616=CARTESIAN_POINT('',(-0.0046,-0.0065,-0.0355));
#5617=CARTESIAN_POINT('',(-0.0046,-0.0065,-0.0355));
#5618=CARTESIAN_POINT('',(-0.0046,-0.018,-0.0355));
#5619=CARTESIAN_POINT('',(-0.0046,-0.0175,-0.0355));
#5620=CARTESIAN_POINT('',(-0.0046,-0.0175,-0.035));
#5621=CARTESIAN_POINT('',(-0.0075,-0.006,-0.02));
#5622=CARTESIAN_POINT('',(-0.0138214466094067,-0.006,-0.0263214466094067));
#5623=CARTESIAN_POINT('',(-0.0041,-0.006,-0.0360428932188135));
#5624=CARTESIAN_POINT('',(-0.00364289321881345,-0.006,-0.0365));
#5625=CARTESIAN_POINT('',(-0.000149999999999995,-0.006,-0.0365));
#5626=CARTESIAN_POINT('',(-0.00035710678118654,-0.006,-0.0365));
#5627=CARTESIAN_POINT('',(0.00432144660940673,-0.006,-0.0318214466094068));
#5628=CARTESIAN_POINT('',(0.000100000000000006,-0.006,-0.0360428932188135));
#5629=CARTESIAN_POINT('',(0.000100000000000011,-0.006,-0.02));
#5630=CARTESIAN_POINT('',(0.000100000000000006,-0.006,-0.0355011112483192));
#5631=CARTESIAN_POINT('',(-3.06161699786838E-19,-0.006,-0.04));
#5632=CARTESIAN_POINT('',(0.,-0.006,-0.0355));
#5633=CARTESIAN_POINT('',(-0.0051,-0.006,-0.0355));
#5634=CARTESIAN_POINT('',(-0.0041,-0.006,-0.0355));
#5635=CARTESIAN_POINT('',(-0.0041,-0.006,-0.03625));
#5636=CARTESIAN_POINT('',(-0.0051,-0.006,-0.00375));
#5637=CARTESIAN_POINT('',(-0.0051,-0.0065,-0.00375));
#5638=CARTESIAN_POINT('',(-0.0051,-0.0175,-0.00375));
#5639=CARTESIAN_POINT('',(0.000350000000000005,-0.006,-0.003));
#5640=CARTESIAN_POINT('',(0.000350000000000005,-0.0065,-0.003));
#5641=CARTESIAN_POINT('',(0.000350000000000005,-0.0175,-0.003));
#5642=CARTESIAN_POINT('',(-0.00385,-0.006,-0.037));
#5643=CARTESIAN_POINT('',(-0.00385,-0.0065,-0.037));
#5644=CARTESIAN_POINT('',(-0.00385,-0.0175,-0.037));
#5645=CARTESIAN_POINT('',(0.0006,-0.006,-0.03625));
#5646=CARTESIAN_POINT('',(0.0006,-0.0065,-0.03625));
#5647=CARTESIAN_POINT('',(0.0006,-0.0175,-0.03625));
#5648=CARTESIAN_POINT('',(-0.0046,-0.006,-0.0355));
#5649=CARTESIAN_POINT('',(-0.0051,-0.0065,-0.035));
#5650=CARTESIAN_POINT('',(-0.00495355339059327,-0.0065,-0.0351464466094068));
#5651=CARTESIAN_POINT('',(-0.0051,-0.00702100538327999,-0.035));
#5652=CARTESIAN_POINT('',(-0.0051,-0.00682740541341055,-0.035));
#5653=CARTESIAN_POINT('',(-0.00504868347270949,-0.00663538916203865,-0.0350513165272905));
#5654=CARTESIAN_POINT('',(-0.00495355339059327,-0.0065,-0.0351464466094068));
#5655=CARTESIAN_POINT('',(-0.0046,-0.0175,-0.0355));
#5656=CARTESIAN_POINT('',(-0.0056,-0.018,-0.005));
#5657=CARTESIAN_POINT('',(-0.0056,-0.00702100538327999,-0.005));
#5658=CARTESIAN_POINT('',(-0.0056,-0.00682772238351283,-0.005));
#5659=CARTESIAN_POINT('',(-0.0055489388651117,-0.00663575260144821,-0.0049489388651117));
#5660=CARTESIAN_POINT('',(-0.00545355339059327,-0.0065,-0.00485355339059327));
#5661=CARTESIAN_POINT('',(-0.00545355339059327,-0.0065,-0.00485355339059328));
#5662=CARTESIAN_POINT('',(-0.0051,-0.0065,-0.0045));
#5663=CARTESIAN_POINT('',(-0.0056,-0.0175,-0.005));
#5664=CARTESIAN_POINT('',(-0.0166035533905933,-0.0005,-0.0108964466094067));
#5665=CARTESIAN_POINT('',(-0.0102071067811865,-0.0005,-0.0045));
#5666=CARTESIAN_POINT('',(-0.0155,-0.0005,-0.00979289321881345));
#5667=CARTESIAN_POINT('',(-0.0155,-0.0005,-0.02));
#5668=CARTESIAN_POINT('',(-0.0155,-0.0005,-0.0302071067811866));
#5669=CARTESIAN_POINT('',(-0.0075,-0.0005,-0.0045));
#5670=CARTESIAN_POINT('',(-9.18485099360515E-19,-0.0005,-0.0045));
#5671=CARTESIAN_POINT('',(-0.0166035533905933,-0.0005,-0.0291035533905933));
#5672=CARTESIAN_POINT('',(-0.0102071067811865,-0.0005,-0.0355));
#5673=CARTESIAN_POINT('',(-3.06161699786838E-19,-0.0005,0.));
#5674=CARTESIAN_POINT('',(-7.5427136233317E-19,-0.0005,0.0045));
#5675=CARTESIAN_POINT('',(-0.0075,-0.0005,-0.0355));
#5676=CARTESIAN_POINT('',(0.,-0.0005,-0.0355));
#5677=CARTESIAN_POINT('',(-0.0075,-0.0005,0.0045));
#5678=CARTESIAN_POINT('',(-0.0123579604780798,-0.0005,0.0045));
#5679=CARTESIAN_POINT('',(-3.06161699786838E-19,-0.0005,-0.04));
#5680=CARTESIAN_POINT('',(-9.18485099360515E-19,-0.0005,-0.0445));
#5681=CARTESIAN_POINT('',(-0.0197994403426895,-0.0005,-9.90874829267623E-5));
#5682=CARTESIAN_POINT('',(-0.015734342398551,-0.0005,0.00241328121414818));
#5683=CARTESIAN_POINT('',(-0.0075,-0.0005,-0.0445));
#5684=CARTESIAN_POINT('',(-0.0123579604780798,-0.0005,-0.0445));
#5685=CARTESIAN_POINT('',(-0.0230527864045001,-0.0005,-0.01222360679775));
#5686=CARTESIAN_POINT('',(-0.0195,-0.0005,-0.00511803398874988));
#5687=CARTESIAN_POINT('',(-0.0197994403426894,-0.0005,-0.0399009125170733));
#5688=CARTESIAN_POINT('',(-0.015734342398551,-0.0005,-0.0424132812141481));
#5689=CARTESIAN_POINT('',(-0.0195,-0.0005,-0.02));
#5690=CARTESIAN_POINT('',(-0.0195,-0.0005,-0.0348819660112501));
#5691=CARTESIAN_POINT('',(-0.0230527864045001,-0.0005,-0.02777639320225));
#5692=CARTESIAN_POINT('',(-0.008,-0.0005,-0.04));
#5693=CARTESIAN_POINT('',(-0.008,-0.0005,9.79717439317883E-20));
#5694=CARTESIAN_POINT('',(-3.06161699786838E-19,-0.0175,-0.04));
#5695=CARTESIAN_POINT('',(0.0006,-0.0175,-0.0350361305416036));
#5696=CARTESIAN_POINT('',(0.0006,-0.0176727110735003,-0.0350361305416036));
#5697=CARTESIAN_POINT('',(0.000780047504788621,-0.0179465920351406,-0.0352387326771526));
#5698=CARTESIAN_POINT('',(0.00099572960138633,-0.018,-0.0355027517308305));
#5699=CARTESIAN_POINT('',(0.0011,-0.018,-0.0356365151541457));
#5700=CARTESIAN_POINT('',(-8.57252759403147E-19,-0.0175,-0.0445));
#5701=CARTESIAN_POINT('',(-0.0075,-0.0175,-0.0445));
#5702=CARTESIAN_POINT('',(-0.0123579604780798,-0.0175,-0.0445));
#5703=CARTESIAN_POINT('',(0.0011,-0.0175,-0.035));
#5704=CARTESIAN_POINT('',(0.0011,-0.0175,-0.0364571067811865));
#5705=CARTESIAN_POINT('',(-0.0197994403426894,-0.0175,-0.0399009125170733));
#5706=CARTESIAN_POINT('',(-0.015734342398551,-0.0175,-0.0424132812141481));
#5707=CARTESIAN_POINT('',(0.00502855339059328,-0.0175,-0.0325285533905933));
#5708=CARTESIAN_POINT('',(5.71067811865481E-5,-0.0175,-0.0375));
#5709=CARTESIAN_POINT('',(-0.0170527864045,-0.0175,-0.03977639320225));
#5710=CARTESIAN_POINT('',(-0.0195,-0.0175,-0.0348819660112501));
#5711=CARTESIAN_POINT('',(-0.0075,-0.0175,-0.0375));
#5712=CARTESIAN_POINT('',(-0.00405710678118654,-0.0175,-0.0375));
#5713=CARTESIAN_POINT('',(-0.0195,-0.0175,-0.02));
#5714=CARTESIAN_POINT('',(-0.0195,-0.0175,-0.0051180339887499));
#5715=CARTESIAN_POINT('',(-0.0145285533905933,-0.0175,-0.0270285533905933));
#5716=CARTESIAN_POINT('',(-0.0051,-0.0175,-0.0364571067811865));
#5717=CARTESIAN_POINT('',(-0.0170527864045,-0.0175,-0.000223606797749979));
#5718=CARTESIAN_POINT('',(-0.015734342398551,-0.0175,0.00241328121414817));
#5719=CARTESIAN_POINT('',(-0.0051,-0.0175,-0.02));
#5720=CARTESIAN_POINT('',(-0.0051,-0.0175,-0.0357071067811865));
#5721=CARTESIAN_POINT('',(-0.0197994403426895,-0.0175,-9.90874829267623E-5));
#5722=CARTESIAN_POINT('',(-0.0123579604780798,-0.0175,0.0045));
#5723=CARTESIAN_POINT('',(-0.0141535533905933,-0.0175,-0.0266535533905933));
#5724=CARTESIAN_POINT('',(-0.00530710678118654,-0.0175,-0.0355));
#5725=CARTESIAN_POINT('',(-0.0075,-0.0175,0.0045));
#5726=CARTESIAN_POINT('',(-8.04061324838318E-19,-0.0175,0.0045));
#5727=CARTESIAN_POINT('',(-0.0075,-0.0175,-0.0355));
#5728=CARTESIAN_POINT('',(-0.0102071067811865,-0.0175,-0.0355));
#5729=CARTESIAN_POINT('',(-3.06161699786838E-19,-0.0175,0.));
#5730=CARTESIAN_POINT('',(0.0011,-0.0175,-0.00487749935930288));
#5731=CARTESIAN_POINT('',(0.0011,-0.0176812193976441,-0.00487749935930288));
#5732=CARTESIAN_POINT('',(0.00129103038188509,-0.0179522169872909,-0.00463877594378844));
#5733=CARTESIAN_POINT('',(0.00149904490809557,-0.018,-0.00435229981189714));
#5734=CARTESIAN_POINT('',(0.0016,-0.018,-0.00420594816896262));
#5735=CARTESIAN_POINT('',(-0.0166035533905933,-0.0175,-0.0291035533905933));
#5736=CARTESIAN_POINT('',(-0.0155,-0.0175,-0.0302071067811866));
#5737=CARTESIAN_POINT('',(0.0016,-0.0175,-0.02));
#5738=CARTESIAN_POINT('',(0.0016,-0.0175,-0.00354289321881346));
#5739=CARTESIAN_POINT('',(-0.0155,-0.0175,-0.02));
#5740=CARTESIAN_POINT('',(-0.0155,-0.0175,-0.00979289321881345));
#5741=CARTESIAN_POINT('',(0.00527855339059328,-0.0175,-0.00722144660940673));
#5742=CARTESIAN_POINT('',(0.000557106781186546,-0.0175,-0.0025));
#5743=CARTESIAN_POINT('',(-0.0166035533905933,-0.0175,-0.0108964466094067));
#5744=CARTESIAN_POINT('',(-0.0102071067811865,-0.0175,-0.0045));
#5745=CARTESIAN_POINT('',(-0.002,-0.0175,-0.0025));
#5746=CARTESIAN_POINT('',(-0.00455710678118654,-0.0175,-0.0025));
#5747=CARTESIAN_POINT('',(-0.0075,-0.0175,-0.0045));
#5748=CARTESIAN_POINT('',(-0.00580710678118654,-0.0175,-0.0045));
#5749=CARTESIAN_POINT('',(-0.0147785533905933,-0.0175,-0.0127214466094067));
#5750=CARTESIAN_POINT('',(-0.0056,-0.0175,-0.00354289321881346));
#5751=CARTESIAN_POINT('',(-0.0144035533905933,-0.0175,-0.0130964466094067));
#5752=CARTESIAN_POINT('',(-0.0056,-0.0175,-0.00429289321881346));
#5753=CARTESIAN_POINT('',(-0.0056,-0.0175,-0.005));
#5754=CARTESIAN_POINT('',(-0.008,-0.0175,-0.04));
#5755=CARTESIAN_POINT('',(-0.008,-0.0175,9.79717439317883E-20));
#5756=CARTESIAN_POINT('',(0.0006,-0.0065,-0.005));
#5757=CARTESIAN_POINT('',(0.0011,-0.0065,-0.00420594816896262));
#5758=CARTESIAN_POINT('',(0.0011,-0.00621980583989656,-0.00420594816896262));
#5759=CARTESIAN_POINT('',(0.000869897732942166,-0.006,-0.00438719947935096));
#5760=CARTESIAN_POINT('',(0.0006,-0.006,-0.00445982062419555));
#5761=CARTESIAN_POINT('',(0.0006,-0.0065,-0.00395710678118654));
#5762=CARTESIAN_POINT('',(0.000666666666666667,-0.0055,-0.00495535624910617));
#5763=CARTESIAN_POINT('',(0.000666666666666667,-0.006,-0.00495535624910617));
#5764=CARTESIAN_POINT('',(0.0006,-0.006,-0.00445982062419555));
#5765=CARTESIAN_POINT('',(0.000925844390240651,-0.00550000004698608,-0.00492048788841454));
#5766=CARTESIAN_POINT('',(0.000813572382723259,-0.00601579635768078,-0.00493559234712739));
#5767=CARTESIAN_POINT('',(0.000716629975001358,-0.006,-0.00442843909055015));
#5768=CARTESIAN_POINT('',(0.00130023179439292,-0.00562374333332829,-0.00483547623822283));
#5769=CARTESIAN_POINT('',(0.00101359299676166,-0.0061466194136377,-0.00490382554461811));
#5770=CARTESIAN_POINT('',(0.000885104307620257,-0.00606187167197122,-0.00435192861645834));
#5771=CARTESIAN_POINT('',(0.00163705360509395,-0.00597331054926398,-0.00472588007177656));
#5772=CARTESIAN_POINT('',(0.00109941003250982,-0.00635179198410619,-0.00490987078568476));
#5773=CARTESIAN_POINT('',(0.00103667412225552,-0.00623665527361789,-0.00425329206417689));
#5774=CARTESIAN_POINT('',(0.00177882280144947,-0.0063009436666314,-0.0046730332808359));
#5775=CARTESIAN_POINT('',(0.00110120711294778,-0.00646221301566503,-0.00493070942624384));
#5776=CARTESIAN_POINT('',(0.00110047026070089,-0.00640047183364533,-0.0042057299530025));
#5777=CARTESIAN_POINT('',(0.00178721475320512,-0.00665686582589913,-0.00466966531690454));
#5778=CARTESIAN_POINT('',(0.00109936190577132,-0.00652881974173263,-0.00493290331589052));
#5779=CARTESIAN_POINT('',(0.00110424663878452,-0.00657843291264514,-0.00420269878463532));
#5780=CARTESIAN_POINT('',(0.00161785180754626,-0.00710282688090805,-0.00473385421334508));
#5781=CARTESIAN_POINT('',(0.00110533259000567,-0.00666351983945759,-0.00490451221413884));
#5782=CARTESIAN_POINT('',(0.00102803331422511,-0.00680141344173959,-0.00426046879495664));
#5783=CARTESIAN_POINT('',(0.00131790096707066,-0.00734164513966487,-0.00482917257375928));
#5784=CARTESIAN_POINT('',(0.00100878582162917,-0.0068462005382336,-0.00490793045178773));
#5785=CARTESIAN_POINT('',(0.000893055431509999,-0.00692082256431858,-0.00434625530338934));
#5786=CARTESIAN_POINT('',(0.00108325423587826,-0.00742705360455291,-0.00488124576931461));
#5787=CARTESIAN_POINT('',(0.000888793146315843,-0.00692254636272424,-0.00492440089997946));
#5788=CARTESIAN_POINT('',(0.000787464406145222,-0.00696352680227647,-0.00439312119238315));
#5789=CARTESIAN_POINT('',(0.0006,-0.0055,-0.00445982062419555));
#5790=CARTESIAN_POINT('',(0.00457144660940673,-0.0065,-0.00792855339059328));
#5791=CARTESIAN_POINT('',(0.000142893218813459,-0.0065,-0.0035));
#5792=CARTESIAN_POINT('',(-3.06161699786838E-19,-0.0055,0.));
#5793=CARTESIAN_POINT('',(-8.57252759403147E-19,-0.0055,-0.0045));
#5794=CARTESIAN_POINT('',(-0.0075,-0.0065,-0.0035));
#5795=CARTESIAN_POINT('',(-0.00414289321881345,-0.0065,-0.0035));
#5796=CARTESIAN_POINT('',(-0.0075,-0.0055,-0.0045));
#5797=CARTESIAN_POINT('',(-0.0046,-0.0055,-0.0045));
#5798=CARTESIAN_POINT('',(-0.00559272903664577,-0.00702933638182475,-0.005));
#5799=CARTESIAN_POINT('',(-0.00540524507088325,-0.00686391027499926,-0.005));
#5800=CARTESIAN_POINT('',(-0.00529277008218769,-0.00676466819091237,-0.00479995895445808));
#5801=CARTESIAN_POINT('',(-0.0057987435028247,-0.00679585201904932,-0.005));
#5802=CARTESIAN_POINT('',(-0.00558534138745949,-0.00671871802624369,-0.00500000000000012));
#5803=CARTESIAN_POINT('',(-0.00544728093183662,-0.00664792600953719,-0.00485146257098888));
#5804=CARTESIAN_POINT('',(-0.0059198493931486,-0.0062037499403485,-0.005));
#5805=CARTESIAN_POINT('',(-0.00570274734521275,-0.00626942728038367,-0.00500000000000009));
#5806=CARTESIAN_POINT('',(-0.00553811034955521,-0.00635187497017443,-0.00488173904359323));
#5807=CARTESIAN_POINT('',(-0.00538836867393473,-0.00573825842594059,-0.005));
#5808=CARTESIAN_POINT('',(-0.00519837184573961,-0.00597985952899924,-0.00499999999999967));
#5809=CARTESIAN_POINT('',(-0.00513949981015888,-0.00611912921295741,-0.00474886886377537));
#5810=CARTESIAN_POINT('',(-0.00504269056008611,-0.00561180986965769,-0.005));
#5811=CARTESIAN_POINT('',(-0.00492007791134661,-0.00594700159036329,-0.005));
#5812=CARTESIAN_POINT('',(-0.00488024122476794,-0.00605590493482884,-0.00466244933531817));
#5813=CARTESIAN_POINT('',(-0.00439289321881344,-0.0065,-0.0045));
#5814=CARTESIAN_POINT('',(-0.00488944035968967,-0.00605817526428895,-0.00466551571362541));
#5815=CARTESIAN_POINT('',(-0.0048894403596901,-0.00605817526428605,-0.00466551571362628));
#5816=CARTESIAN_POINT('',(-0.00492071764761086,-0.00599647869922197,-0.00486148472752442));
#5817=CARTESIAN_POINT('',(-0.00500984265709075,-0.0058179397617969,-0.005));
#5818=CARTESIAN_POINT('',(-0.0051,-0.00563397459621556,-0.005));
#5819=CARTESIAN_POINT('',(-0.0136964466094067,-0.0065,-0.0138035533905933));
#5820=CARTESIAN_POINT('',(-0.00488944035968967,-0.00605817526428895,-0.00466551571362541));
#5821=CARTESIAN_POINT('',(-0.00488234459406342,-0.00607217214172745,-0.00462105692947006));
#5822=CARTESIAN_POINT('',(-0.00495353342537069,-0.00613163630149544,-0.00456658823221351));
#5823=CARTESIAN_POINT('',(-0.00505785230322173,-0.00627018782916793,-0.00451688283024477));
#5824=CARTESIAN_POINT('',(-0.0051,-0.00640692312568145,-0.0045));
#5825=CARTESIAN_POINT('',(-0.0051,-0.0065,-0.0045));
#5826=CARTESIAN_POINT('',(-0.0140714466094067,-0.0065,-0.0134285533905933));
#5827=CARTESIAN_POINT('',(-0.0046,-0.0065,-0.00395710678118654));
#5828=CARTESIAN_POINT('',(-0.0046,-0.0065,-0.0045));
#5829=CARTESIAN_POINT('',(-0.0046,-0.0065,-0.0045));
#5830=CARTESIAN_POINT('',(-0.0046,-0.0065,-0.02));
#5831=CARTESIAN_POINT('',(0.000100000000000011,-0.0065,-0.02));
#5832=CARTESIAN_POINT('',(0.000100000000000005,-0.0065,-0.0360428932188135));
#5833=CARTESIAN_POINT('',(0.000100000000000006,-0.006,-0.0355011112483192));
#5834=CARTESIAN_POINT('',(0.000368646618882371,-0.006,-0.0355130540472507));
#5835=CARTESIAN_POINT('',(0.0006,-0.00623100810378783,-0.0356365151541457));
#5836=CARTESIAN_POINT('',(0.0006,-0.0065,-0.0356365151541457));
#5837=CARTESIAN_POINT('',(0.000583897297665346,-0.00740495486609049,-0.0350342106422262));
#5838=CARTESIAN_POINT('',(0.000363072002118829,-0.00692881792975226,-0.0350082451241513));
#5839=CARTESIAN_POINT('',(0.000312753783949411,-0.00695247743304525,-0.0355307895780036));
#5840=CARTESIAN_POINT('',(0.000809633949951816,-0.00730942814130747,-0.0350607536571948));
#5841=CARTESIAN_POINT('',(0.00047836142822085,-0.00686049630103578,-0.0350113889576377));
#5842=CARTESIAN_POINT('',(0.000414335273724958,-0.00690471406464141,-0.0355546783072289));
#5843=CARTESIAN_POINT('',(0.00118591246104673,-0.00697821354542628,-0.0351391716378101));
#5844=CARTESIAN_POINT('',(0.000610928633841186,-0.0066369299583062,-0.0350032979122697));
#5845=CARTESIAN_POINT('',(0.000583660609216498,-0.00673910677609401,-0.0356252544664606));
#5846=CARTESIAN_POINT('',(0.00128168337242229,-0.00626399912260403,-0.0351673728947347));
#5847=CARTESIAN_POINT('',(0.00061010930804565,-0.0064467918483551,-0.0349899541580574));
#5848=CARTESIAN_POINT('',(0.00062675751711094,-0.00638199955848747,-0.0356506356081209));
#5849=CARTESIAN_POINT('',(0.000860761332505145,-0.00565946515600926,-0.0350615886218139));
#5850=CARTESIAN_POINT('',(0.000528319949479271,-0.00614694780031245,-0.0350177776951236));
#5851=CARTESIAN_POINT('',(0.000437342599798221,-0.00607973258588192,-0.0355554297557623));
#5852=CARTESIAN_POINT('',(0.000364750943952406,-0.00550000003300853,-0.0350068725533139));
#5853=CARTESIAN_POINT('',(0.000251024329643736,-0.00600254287474289,-0.0350043446726137));
#5854=CARTESIAN_POINT('',(0.00021413792469943,-0.006,-0.0355061853051066));
#5855=CARTESIAN_POINT('',(0.000111111111111118,-0.0055,-0.0350012347203547));
#5856=CARTESIAN_POINT('',(0.000111111111111118,-0.006,-0.0350012347203547));
#5857=CARTESIAN_POINT('',(0.000100000000000006,-0.006,-0.0355011112483192));
#5858=CARTESIAN_POINT('',(0.000100000000000006,-0.0055,-0.0355011112483192));
#5859=CARTESIAN_POINT('',(0.00432144660940673,-0.0065,-0.0318214466094068));
#5860=CARTESIAN_POINT('',(-0.000357106781186539,-0.0065,-0.0365));
#5861=CARTESIAN_POINT('',(-3.06161699786838E-19,-0.0055,-0.04));
#5862=CARTESIAN_POINT('',(0.,-0.0055,-0.0355));
#5863=CARTESIAN_POINT('',(-0.002,-0.0065,-0.0365));
#5864=CARTESIAN_POINT('',(-0.00364289321881345,-0.0065,-0.0365));
#5865=CARTESIAN_POINT('',(-0.0134464466094067,-0.0065,-0.0259464466094067));
#5866=CARTESIAN_POINT('',(-0.00389289321881345,-0.0065,-0.0355));
#5867=CARTESIAN_POINT('',(-0.00438944035968966,-0.00605817526428894,-0.0353344842863746));
#5868=CARTESIAN_POINT('',(-0.0046,-0.0065,-0.0355));
#5869=CARTESIAN_POINT('',(-0.0046,-0.00640694182674549,-0.0355));
#5870=CARTESIAN_POINT('',(-0.00455790560640025,-0.00627021928103786,-0.0354831553882219));
#5871=CARTESIAN_POINT('',(-0.00445339405582328,-0.0061314919048896,-0.0354333244623618));
#5872=CARTESIAN_POINT('',(-0.00438234615596003,-0.00607216906074182,-0.0353789332843069));
#5873=CARTESIAN_POINT('',(-0.00438944035967463,-0.00605817526428366,-0.0353344842863759));
#5874=CARTESIAN_POINT('',(-0.00479277008218769,-0.00676466819091237,-0.0352000410455419));
#5875=CARTESIAN_POINT('',(-0.00490524507088325,-0.00686391027499926,-0.035));
#5876=CARTESIAN_POINT('',(-0.00509272903664577,-0.00702933638182475,-0.035));
#5877=CARTESIAN_POINT('',(-0.00494728093183693,-0.0066479260095377,-0.0351485374290104));
#5878=CARTESIAN_POINT('',(-0.00508534138745848,-0.00671871802624232,-0.0349999999999974));
#5879=CARTESIAN_POINT('',(-0.00529874350282483,-0.00679585201904932,-0.035));
#5880=CARTESIAN_POINT('',(-0.00503811034955479,-0.00635187497017401,-0.035118260956407));
#5881=CARTESIAN_POINT('',(-0.00520274734521296,-0.00626942728038444,-0.0349999999999996));
#5882=CARTESIAN_POINT('',(-0.00541984939314854,-0.0062037499403485,-0.035));
#5883=CARTESIAN_POINT('',(-0.0046394998101594,-0.00611912921295773,-0.035251131136225));
#5884=CARTESIAN_POINT('',(-0.00469837184573996,-0.00597985952899864,-0.0350000000000035));
#5885=CARTESIAN_POINT('',(-0.00488836867393473,-0.00573825842594059,-0.035));
#5886=CARTESIAN_POINT('',(-0.00438024122476794,-0.00605590493482885,-0.0353375506646818));
#5887=CARTESIAN_POINT('',(-0.00442007791134661,-0.0059470015903633,-0.035));
#5888=CARTESIAN_POINT('',(-0.00454269056008611,-0.00561180986965769,-0.035));
#5889=CARTESIAN_POINT('',(-0.0043894403596901,-0.00605817526428605,-0.0353344842863738));
#5890=CARTESIAN_POINT('',(-0.00442071764761085,-0.00599647869922198,-0.0351385152724756));
#5891=CARTESIAN_POINT('',(-0.00450984265709074,-0.00581793976179691,-0.035));
#5892=CARTESIAN_POINT('',(-0.0046,-0.00563397459621556,-0.035));
#5893=CARTESIAN_POINT('',(-0.0075,-0.0055,-0.0355));
#5894=CARTESIAN_POINT('',(-0.0041,-0.0055,-0.0355));
#5895=CARTESIAN_POINT('',(-0.0138214466094067,-0.0065,-0.0263214466094067));
#5896=CARTESIAN_POINT('',(-0.0041,-0.0065,-0.0360428932188135));
#5897=CARTESIAN_POINT('',(-0.0041,-0.0065,-0.0355));
#5898=CARTESIAN_POINT('',(-0.0041,-0.0065,-0.0355));
#5899=CARTESIAN_POINT('',(-0.0041,-0.0065,-0.035));
#5900=CARTESIAN_POINT('',(0.,0.,0.));
#5901=CARTESIAN_POINT('',(-0.0075,0.068,-0.005));
#5902=CARTESIAN_POINT('',(-9.18485099360515E-19,0.068,-0.005));
#5903=CARTESIAN_POINT('',(-9.18485099360515E-19,0.0555,-0.005));
#5904=CARTESIAN_POINT('',(-9.18485099360515E-19,0.0505,-0.005));
#5905=CARTESIAN_POINT('',(-8.67361737988404E-19,0.0505,-0.005));
#5906=CARTESIAN_POINT('',(-0.01,0.0505,-0.005));
#5907=CARTESIAN_POINT('',(-0.01,0.05,-0.005));
#5908=CARTESIAN_POINT('',(-0.01,0.0675,-0.005));
#5909=CARTESIAN_POINT('',(-0.0075,0.0675,-0.005));
#5910=CARTESIAN_POINT('',(-0.0056,0.0675,-0.005));
#5911=CARTESIAN_POINT('',(-0.0056,0.068,-0.005));
#5912=CARTESIAN_POINT('',(-0.0056,0.05702100538328,-0.005));
#5913=CARTESIAN_POINT('',(-0.00439289321881344,0.0565,-0.005));
#5914=CARTESIAN_POINT('',(-0.0051,0.0556339745962156,-0.005));
#5915=CARTESIAN_POINT('',(-0.0046,0.0565,-0.005));
#5916=CARTESIAN_POINT('',(-0.0046,0.0555,-0.005));
#5917=CARTESIAN_POINT('',(-0.0075,0.0555,-0.005));
#5918=CARTESIAN_POINT('',(-0.0075,0.068,-0.035));
#5919=CARTESIAN_POINT('',(-0.0051,0.056,-0.035));
#5920=CARTESIAN_POINT('',(-0.0051,0.0675,-0.035));
#5921=CARTESIAN_POINT('',(-0.0051,0.05702100538328,-0.035));
#5922=CARTESIAN_POINT('',(-0.0051,0.0675,-0.035));
#5923=CARTESIAN_POINT('',(-0.01,0.0675,-0.035));
#5924=CARTESIAN_POINT('',(-0.01,0.068,-0.035));
#5925=CARTESIAN_POINT('',(-0.01,0.0505,-0.035));
#5926=CARTESIAN_POINT('',(-0.0075,0.0505,-0.035));
#5927=CARTESIAN_POINT('',(0.,0.0505,-0.035));
#5928=CARTESIAN_POINT('',(0.,0.068,-0.035));
#5929=CARTESIAN_POINT('',(0.,0.0555,-0.035));
#5930=CARTESIAN_POINT('',(0.,0.0555,-0.035));
#5931=CARTESIAN_POINT('',(-0.0041,0.0555,-0.035));
#5932=CARTESIAN_POINT('',(-0.0041,0.0565,-0.035));
#5933=CARTESIAN_POINT('',(-0.0046,0.0556339745962155,-0.035));
#5934=CARTESIAN_POINT('',(-0.00389289321881345,0.0565,-0.035));
#5935=CARTESIAN_POINT('',(-3.06161699786838E-19,0.068,0.));
#5936=CARTESIAN_POINT('',(0.0011,0.056,-0.00487749935930288));
#5937=CARTESIAN_POINT('',(0.0011,0.0574208148565266,-0.00487749935930288));
#5938=CARTESIAN_POINT('',(0.0011,0.0675,-0.00487749935930288));
#5939=CARTESIAN_POINT('',(-3.06161699786838E-19,0.0675,0.));
#5940=CARTESIAN_POINT('',(-8.04061324838318E-19,0.0675,0.005));
#5941=CARTESIAN_POINT('',(-8.04061324838318E-19,0.068,0.005));
#5942=CARTESIAN_POINT('',(-8.04061324838318E-19,0.0617495454169735,0.005));
#5943=CARTESIAN_POINT('',(-8.67361737988404E-19,0.0562504545830265,0.005));
#5944=CARTESIAN_POINT('',(0.000427957146210029,0.0565617476015511,0.005));
#5945=CARTESIAN_POINT('',(0.00104304746786954,0.0574318077407515,0.00490046344341751));
#5946=CARTESIAN_POINT('',(0.00134195755379576,0.0589981167927082,0.00481448967401653));
#5947=CARTESIAN_POINT('',(0.00104726610942534,0.060559973852331,0.00489972802825282));
#5948=CARTESIAN_POINT('',(0.000427076279207042,0.0614388931349122,0.005));
#5949=CARTESIAN_POINT('',(-2.75275231178981E-19,0.0617495454169735,0.005));
#5950=CARTESIAN_POINT('',(-8.04061324838318E-19,0.0562504545830265,0.005));
#5951=CARTESIAN_POINT('',(-8.04061324838318E-19,0.068,0.005));
#5952=CARTESIAN_POINT('',(-8.04061324838318E-19,0.0505,0.005));
#5953=CARTESIAN_POINT('',(-3.06161699786838E-19,0.0505,0.));
#5954=CARTESIAN_POINT('',(-3.06161699786838E-19,0.0555,0.));
#5955=CARTESIAN_POINT('',(0.000666666666666672,0.0555,-0.00495535624910617));
#5956=CARTESIAN_POINT('',(0.0011,0.0574208148565266,-0.00487749935930288));
#5957=CARTESIAN_POINT('',(0.0013245325448256,0.0573352266162032,-0.00482686156704216));
#5958=CARTESIAN_POINT('',(0.00172120776374235,0.0570318827963557,-0.00469918560731328));
#5959=CARTESIAN_POINT('',(0.00184866756716311,0.056247009269781,-0.00464604427160384));
#5960=CARTESIAN_POINT('',(0.00138223739058742,0.055639430386827,-0.00481983236601051));
#5961=CARTESIAN_POINT('',(0.000909905113739258,0.0555,-0.00492263227194624));
#5962=CARTESIAN_POINT('',(0.000666666666666672,0.0555,-0.00495535624910617));
#5963=CARTESIAN_POINT('',(-0.0075,0.068,-0.02));
#5964=CARTESIAN_POINT('',(-0.008,0.068,-0.04));
#5965=CARTESIAN_POINT('',(-0.008,0.068,-0.0421));
#5966=CARTESIAN_POINT('',(-0.008,0.068,9.79717439317883E-20));
#5967=CARTESIAN_POINT('',(-0.008,0.068,-0.0021));
#5968=CARTESIAN_POINT('',(-0.0153535533905932,0.068,-0.0303535533905933));
#5969=CARTESIAN_POINT('',(-0.0102071067811865,0.068,-0.0355));
#5970=CARTESIAN_POINT('',(-0.0155,0.068,-0.0302071067811866));
#5971=CARTESIAN_POINT('',(-0.01,0.068,-0.0355));
#5972=CARTESIAN_POINT('',(-0.00530710678118654,0.068,-0.0355));
#5973=CARTESIAN_POINT('',(-0.0141535533905933,0.068,-0.0266535533905933));
#5974=CARTESIAN_POINT('',(-0.0051,0.068,-0.0357071067811865));
#5975=CARTESIAN_POINT('',(-0.0051,0.068,-0.02));
#5976=CARTESIAN_POINT('',(-0.0051,0.068,-0.0364571067811865));
#5977=CARTESIAN_POINT('',(-0.00495355339059327,0.068,-0.0366035533905933));
#5978=CARTESIAN_POINT('',(-0.00405710678118654,0.068,-0.0375));
#5979=CARTESIAN_POINT('',(-0.0075,0.068,-0.0375));
#5980=CARTESIAN_POINT('',(5.71067811865499E-5,0.068,-0.0375));
#5981=CARTESIAN_POINT('',(0.000203553390593278,0.068,-0.0373535533905933));
#5982=CARTESIAN_POINT('',(0.0011,0.068,-0.0364571067811865));
#5983=CARTESIAN_POINT('',(0.0011,0.068,-0.03625));
#5984=CARTESIAN_POINT('',(0.0011,0.068,-0.0356365151541457));
#5985=CARTESIAN_POINT('',(-3.06161699786838E-19,0.068,-0.04));
#5986=CARTESIAN_POINT('',(-8.57252759403147E-19,0.068,-0.0445));
#5987=CARTESIAN_POINT('',(-0.0075,0.068,-0.0445));
#5988=CARTESIAN_POINT('',(-0.0123579604780798,0.068,-0.0445));
#5989=CARTESIAN_POINT('',(-0.0197994403426894,0.068,-0.0399009125170733));
#5990=CARTESIAN_POINT('',(-0.015734342398551,0.068,-0.0424132812141481));
#5991=CARTESIAN_POINT('',(-0.0230527864045001,0.068,-0.02777639320225));
#5992=CARTESIAN_POINT('',(-0.0195,0.068,-0.0348819660112501));
#5993=CARTESIAN_POINT('',(-0.0195,0.068,-0.02));
#5994=CARTESIAN_POINT('',(-0.0195,0.068,-0.00511803398874988));
#5995=CARTESIAN_POINT('',(-0.0230527864045001,0.068,-0.01222360679775));
#5996=CARTESIAN_POINT('',(-0.015734342398551,0.068,0.00241328121414817));
#5997=CARTESIAN_POINT('',(-0.0197994403426895,0.068,-9.90874829267588E-5));
#5998=CARTESIAN_POINT('',(-0.0123579604780798,0.068,0.0045));
#5999=CARTESIAN_POINT('',(-0.0125,0.068,0.0045));
#6000=CARTESIAN_POINT('',(-7.5427136233317E-19,0.068,0.0045));
#6001=CARTESIAN_POINT('',(-3.06161699786838E-19,0.068,0.));
#6002=CARTESIAN_POINT('',(0.0016,0.068,-0.00420594816896262));
#6003=CARTESIAN_POINT('',(0.0016,0.068,-0.02));
#6004=CARTESIAN_POINT('',(0.0016,0.068,-0.00354289321881346));
#6005=CARTESIAN_POINT('',(0.00145355339059328,0.068,-0.00339644660940673));
#6006=CARTESIAN_POINT('',(0.000557106781186548,0.068,-0.0025));
#6007=CARTESIAN_POINT('',(0.000350000000000005,0.068,-0.0025));
#6008=CARTESIAN_POINT('',(-0.00455710678118654,0.068,-0.0025));
#6009=CARTESIAN_POINT('',(-0.00470355339059327,0.068,-0.00264644660940673));
#6010=CARTESIAN_POINT('',(-0.0056,0.068,-0.00354289321881346));
#6011=CARTESIAN_POINT('',(-0.0056,0.068,-0.00375));
#6012=CARTESIAN_POINT('',(-0.0056,0.068,-0.00429289321881346));
#6013=CARTESIAN_POINT('',(-0.0144035533905933,0.068,-0.0130964466094067));
#6014=CARTESIAN_POINT('',(-0.00580710678118655,0.068,-0.0045));
#6015=CARTESIAN_POINT('',(-0.0075,0.068,-0.0045));
#6016=CARTESIAN_POINT('',(-0.0102071067811865,0.068,-0.0045));
#6017=CARTESIAN_POINT('',(-0.0103535533905933,0.068,-0.00464644660940673));
#6018=CARTESIAN_POINT('',(-0.0155,0.068,-0.00979289321881345));
#6019=CARTESIAN_POINT('',(-0.0155,0.068,-0.02));
#6020=CARTESIAN_POINT('',(-0.002,0.059,-0.0556));
#6021=CARTESIAN_POINT('',(-0.002,0.059,-0.0432));
#6022=CARTESIAN_POINT('',(-0.0036,0.059,-0.0432));
#6023=CARTESIAN_POINT('',(-0.002,0.059,-0.037));
#6024=CARTESIAN_POINT('',(-0.0004,0.059,-0.037));
#6025=CARTESIAN_POINT('',(-0.0075,0.068,0.005));
#6026=CARTESIAN_POINT('',(-0.002,0.059,0.005));
#6027=CARTESIAN_POINT('',(-8.67361737988404E-19,0.0675,0.005));
#6028=CARTESIAN_POINT('',(-0.0125,0.0675,0.005));
#6029=CARTESIAN_POINT('',(-0.0125,0.068,0.005));
#6030=CARTESIAN_POINT('',(-0.0125,0.0505,0.005));
#6031=CARTESIAN_POINT('',(-0.0075,0.0505,0.005));
#6032=CARTESIAN_POINT('',(-0.0175,0.068,0.));
#6033=CARTESIAN_POINT('',(-0.0161180339887499,0.05,0.00276393202250021));
#6034=CARTESIAN_POINT('',(-0.0161180339887499,0.0675,0.00276393202250021));
#6035=CARTESIAN_POINT('',(-0.0161180339887499,0.0505,0.00276393202250021));
#6036=CARTESIAN_POINT('',(-0.0175,0.0675,0.));
#6037=CARTESIAN_POINT('',(-0.02,0.0675,-0.005));
#6038=CARTESIAN_POINT('',(-0.02,0.068,-0.005));
#6039=CARTESIAN_POINT('',(-0.02,0.0505,-0.005));
#6040=CARTESIAN_POINT('',(-0.02,0.0505,-0.005));
#6041=CARTESIAN_POINT('',(-0.02,0.068,-0.02));
#6042=CARTESIAN_POINT('',(-0.02,0.06625,-0.0225));
#6043=CARTESIAN_POINT('',(-0.02,0.06625,-0.0175));
#6044=CARTESIAN_POINT('',(-0.02,0.06625,-0.0225));
#6045=CARTESIAN_POINT('',(-0.02,0.059,-0.0175));
#6046=CARTESIAN_POINT('',(-0.02,0.05175,-0.0175));
#6047=CARTESIAN_POINT('',(-0.02,0.05175,-0.02));
#6048=CARTESIAN_POINT('',(-0.02,0.05175,-0.0225));
#6049=CARTESIAN_POINT('',(-0.02,0.059,-0.0225));
#6050=CARTESIAN_POINT('',(-0.02,0.0675,-0.02));
#6051=CARTESIAN_POINT('',(-0.02,0.0675,-0.035));
#6052=CARTESIAN_POINT('',(-0.02,0.068,-0.035));
#6053=CARTESIAN_POINT('',(-0.02,0.0505,-0.035));
#6054=CARTESIAN_POINT('',(-0.02,0.0505,-0.035));
#6055=CARTESIAN_POINT('',(-0.0175,0.068,-0.04));
#6056=CARTESIAN_POINT('',(-0.0175,0.0675,-0.04));
#6057=CARTESIAN_POINT('',(-0.0161180339887499,0.0675,-0.0427639320225002));
#6058=CARTESIAN_POINT('',(-0.0161180339887499,0.068,-0.0427639320225002));
#6059=CARTESIAN_POINT('',(-0.0161180339887499,0.0505,-0.0427639320225002));
#6060=CARTESIAN_POINT('',(-0.0161180339887499,0.0505,-0.0427639320225002));
#6061=CARTESIAN_POINT('',(-0.0075,0.068,-0.045));
#6062=CARTESIAN_POINT('',(-0.0125,0.068,-0.045));
#6063=CARTESIAN_POINT('',(-0.0125,0.0675,-0.045));
#6064=CARTESIAN_POINT('',(-0.0125,0.0505,-0.045));
#6065=CARTESIAN_POINT('',(-0.0075,0.0675,-0.045));
#6066=CARTESIAN_POINT('',(-9.18485099360515E-19,0.0675,-0.045));
#6067=CARTESIAN_POINT('',(-9.18485099360515E-19,0.068,-0.045));
#6068=CARTESIAN_POINT('',(-9.18485099360515E-19,0.0617495454169735,-0.045));
#6069=CARTESIAN_POINT('',(-0.002,0.059,-0.045));
#6070=CARTESIAN_POINT('',(-9.18485099360515E-19,0.0562504545830265,-0.045));
#6071=CARTESIAN_POINT('',(-9.18485099360515E-19,0.068,-0.045));
#6072=CARTESIAN_POINT('',(-9.18485099360515E-19,0.0505,-0.045));
#6073=CARTESIAN_POINT('',(-8.67361737988404E-19,0.0505,-0.045));
#6074=CARTESIAN_POINT('',(-3.06161699786838E-19,0.068,-0.04));
#6075=CARTESIAN_POINT('',(-8.67361737988404E-19,0.0617495454169735,-0.045));
#6076=CARTESIAN_POINT('',(0.00042795714621003,0.0614382523984489,-0.045));
#6077=CARTESIAN_POINT('',(0.0010430474678695,0.0605681922592485,-0.0449004634434175));
#6078=CARTESIAN_POINT('',(0.00134195755379575,0.0590018832072918,-0.0448144896740166));
#6079=CARTESIAN_POINT('',(0.00104726610942531,0.057440026147669,-0.0448997280282528));
#6080=CARTESIAN_POINT('',(0.00042707627920704,0.0565611068650878,-0.045));
#6081=CARTESIAN_POINT('',(-8.94748307550828E-19,0.0562504545830265,-0.045));
#6082=CARTESIAN_POINT('',(-3.06161699786838E-19,0.0675,-0.04));
#6083=CARTESIAN_POINT('',(0.0006,0.0675,-0.0350361305416036));
#6084=CARTESIAN_POINT('',(0.0006,0.056,-0.0350361305416036));
#6085=CARTESIAN_POINT('',(0.0006,0.0573979977728258,-0.0350361305416036));
#6086=CARTESIAN_POINT('',(0.000111111111111118,0.0555,-0.0350012347203547));
#6087=CARTESIAN_POINT('',(0.000348785994478886,0.0555,-0.0350065176890273));
#6088=CARTESIAN_POINT('',(0.000817260450064421,0.0556353986141552,-0.0350539413902911));
#6089=CARTESIAN_POINT('',(0.00127965978930599,0.0562238003788674,-0.0351660764662923));
#6090=CARTESIAN_POINT('',(0.00118936528655521,0.0569820961887671,-0.0351401913554745));
#6091=CARTESIAN_POINT('',(0.000816238904541405,0.0573026405138329,-0.0350622680828529));
#6092=CARTESIAN_POINT('',(0.000600000000000007,0.0573979977728258,-0.0350361305416036));
#6093=CARTESIAN_POINT('',(0.000111111111111118,0.0555,-0.0350012347203547));
#6094=CARTESIAN_POINT('',(-3.06161699786838E-19,0.0555,-0.04));
#6095=CARTESIAN_POINT('',(-3.06161699786838E-19,0.0505,-0.04));
#6096=CARTESIAN_POINT('',(-0.008,0.068,9.79717439317883E-20));
#6097=CARTESIAN_POINT('',(-0.008,0.0505,9.79717439317883E-20));
#6098=CARTESIAN_POINT('',(-0.008,0.0505,-0.0016));
#6099=CARTESIAN_POINT('',(-0.008,0.0675,9.79717439317883E-20));
#6100=CARTESIAN_POINT('',(-0.008,0.0675,-0.0016));
#6101=CARTESIAN_POINT('',(-0.015,0.068,-0.02));
#6102=CARTESIAN_POINT('',(-0.015,0.05175,-0.02));
#6103=CARTESIAN_POINT('',(-0.015,0.05175,-0.0175));
#6104=CARTESIAN_POINT('',(-0.015,0.05175,-0.0225));
#6105=CARTESIAN_POINT('',(-0.015,0.059,-0.0175));
#6106=CARTESIAN_POINT('',(-0.015,0.06625,-0.0175));
#6107=CARTESIAN_POINT('',(-0.015,0.06625,-0.0175));
#6108=CARTESIAN_POINT('',(-0.015,0.06625,-0.0225));
#6109=CARTESIAN_POINT('',(-0.015,0.059,-0.0225));
#6110=CARTESIAN_POINT('',(-0.015,0.068,-0.03));
#6111=CARTESIAN_POINT('',(-0.015,0.0675,-0.03));
#6112=CARTESIAN_POINT('',(-0.015,0.0505,-0.03));
#6113=CARTESIAN_POINT('',(-0.015,0.0675,-0.02));
#6114=CARTESIAN_POINT('',(-0.015,0.0675,-0.01));
#6115=CARTESIAN_POINT('',(-0.015,0.068,-0.01));
#6116=CARTESIAN_POINT('',(-0.015,0.0505,-0.01));
#6117=CARTESIAN_POINT('',(-0.015,0.0505,-0.01));
#6118=CARTESIAN_POINT('',(-0.008,0.068,-0.04));
#6119=CARTESIAN_POINT('',(-0.008,0.0505,-0.04));
#6120=CARTESIAN_POINT('',(-0.008,0.0505,-0.0416));
#6121=CARTESIAN_POINT('',(-0.008,0.0675,-0.04));
#6122=CARTESIAN_POINT('',(-0.008,0.0675,-0.0416));
#6123=CARTESIAN_POINT('',(-0.0075,0.05,-0.02));
#6124=CARTESIAN_POINT('',(-0.008,0.05,-0.04));
#6125=CARTESIAN_POINT('',(-0.008,0.05,-0.0421));
#6126=CARTESIAN_POINT('',(-0.008,0.05,9.79717439317883E-20));
#6127=CARTESIAN_POINT('',(-0.008,0.05,-0.0021));
#6128=CARTESIAN_POINT('',(-3.06161699786838E-19,0.05,-0.04));
#6129=CARTESIAN_POINT('',(0.,0.05,-0.0355));
#6130=CARTESIAN_POINT('',(-9.18485099360515E-19,0.05,-0.0445));
#6131=CARTESIAN_POINT('',(-0.0075,0.05,-0.0355));
#6132=CARTESIAN_POINT('',(-0.0102071067811865,0.05,-0.0355));
#6133=CARTESIAN_POINT('',(-0.0166035533905933,0.05,-0.0291035533905933));
#6134=CARTESIAN_POINT('',(-0.0155,0.05,-0.0302071067811866));
#6135=CARTESIAN_POINT('',(-0.0155,0.05,-0.03));
#6136=CARTESIAN_POINT('',(-0.0155,0.05,-0.00979289321881345));
#6137=CARTESIAN_POINT('',(-0.0166035533905933,0.05,-0.0108964466094067));
#6138=CARTESIAN_POINT('',(-0.0102071067811865,0.05,-0.0045));
#6139=CARTESIAN_POINT('',(-0.01,0.05,-0.0045));
#6140=CARTESIAN_POINT('',(-9.18485099360515E-19,0.05,-0.0045));
#6141=CARTESIAN_POINT('',(-3.06161699786838E-19,0.05,0.));
#6142=CARTESIAN_POINT('',(-8.04061324838318E-19,0.05,0.0045));
#6143=CARTESIAN_POINT('',(-0.0075,0.05,0.0045));
#6144=CARTESIAN_POINT('',(-0.0123579604780798,0.05,0.0045));
#6145=CARTESIAN_POINT('',(-0.0122371344439404,0.05,0.00457467459582398));
#6146=CARTESIAN_POINT('',(-0.015734342398551,0.05,0.00241328121414816));
#6147=CARTESIAN_POINT('',(-0.0156708203932499,0.05,0.00254032522475024));
#6148=CARTESIAN_POINT('',(-0.0195,0.05,-0.00511803398874987));
#6149=CARTESIAN_POINT('',(-0.0195,0.05,-0.005));
#6150=CARTESIAN_POINT('',(-0.0195,0.05,-0.0348819660112501));
#6151=CARTESIAN_POINT('',(-0.0195527864045001,0.05,-0.03477639320225));
#6152=CARTESIAN_POINT('',(-0.015734342398551,0.05,-0.0424132812141481));
#6153=CARTESIAN_POINT('',(-0.0158551684326903,0.05,-0.0423386066183242));
#6154=CARTESIAN_POINT('',(-0.0123579604780798,0.05,-0.0445));
#6155=CARTESIAN_POINT('',(-0.0125,0.05,-0.0445));
#6156=CARTESIAN_POINT('',(-0.015,0.068,-0.03));
#6157=CARTESIAN_POINT('',(-0.01,0.0675,-0.035));
#6158=CARTESIAN_POINT('',(-0.015,0.0505,-0.03));
#6159=CARTESIAN_POINT('',(-0.01,0.068,-0.005));
#6160=CARTESIAN_POINT('',(-0.015,0.0675,-0.01));
#6161=CARTESIAN_POINT('',(-0.01,0.0505,-0.005));
#6162=CARTESIAN_POINT('',(-0.0125,0.068,-0.045));
#6163=CARTESIAN_POINT('',(-0.0125,0.0675,-0.045));
#6164=CARTESIAN_POINT('',(-0.0125,0.0505,-0.045));
#6165=CARTESIAN_POINT('',(-0.0161180339887499,0.068,0.00276393202250021));
#6166=CARTESIAN_POINT('',(-0.0161180339887499,0.0675,0.00276393202250021));
#6167=CARTESIAN_POINT('',(-0.0161180339887499,0.0505,0.00276393202250021));
#6168=CARTESIAN_POINT('',(-0.015,0.06525,-0.02));
#6169=CARTESIAN_POINT('',(-0.015,0.06525,-0.0225));
#6170=CARTESIAN_POINT('',(-0.016,0.06525,-0.0225));
#6171=CARTESIAN_POINT('',(-0.019,0.06525,-0.0225));
#6172=CARTESIAN_POINT('',(-0.016,0.06525,-0.0225));
#6173=CARTESIAN_POINT('',(-0.016,0.06525,-0.0175));
#6174=CARTESIAN_POINT('',(-0.015,0.06525,-0.0175));
#6175=CARTESIAN_POINT('',(-0.019,0.06525,-0.0175));
#6176=CARTESIAN_POINT('',(-0.019,0.06525,-0.0175));
#6177=CARTESIAN_POINT('',(-0.015,0.059,-0.0175));
#6178=CARTESIAN_POINT('',(-0.016,0.059,-0.0175));
#6179=CARTESIAN_POINT('',(-0.016,0.05275,-0.0175));
#6180=CARTESIAN_POINT('',(-0.015,0.05275,-0.0175));
#6181=CARTESIAN_POINT('',(-0.019,0.05275,-0.0175));
#6182=CARTESIAN_POINT('',(-0.019,0.059,-0.0175));
#6183=CARTESIAN_POINT('',(-0.015,0.05275,-0.02));
#6184=CARTESIAN_POINT('',(-0.016,0.05275,-0.02));
#6185=CARTESIAN_POINT('',(-0.016,0.05275,-0.0225));
#6186=CARTESIAN_POINT('',(-0.015,0.05275,-0.0225));
#6187=CARTESIAN_POINT('',(-0.019,0.05275,-0.0225));
#6188=CARTESIAN_POINT('',(-0.019,0.05275,-0.02));
#6189=CARTESIAN_POINT('',(-0.015,0.059,-0.0225));
#6190=CARTESIAN_POINT('',(-0.016,0.059,-0.0225));
#6191=CARTESIAN_POINT('',(-0.019,0.059,-0.0225));
#6192=CARTESIAN_POINT('',(-0.002,0.059,-0.0556));
#6193=CARTESIAN_POINT('',(-0.002,0.059,-0.003));
#6194=CARTESIAN_POINT('',(-0.0004,0.059,-0.003));
#6195=CARTESIAN_POINT('',(-0.002,0.059,0.0032));
#6196=CARTESIAN_POINT('',(-0.0036,0.059,0.0032));
#6197=CARTESIAN_POINT('',(-0.019,0.059,-0.0175));
#6198=CARTESIAN_POINT('',(-0.019,0.06625,-0.0175));
#6199=CARTESIAN_POINT('',(-0.019,0.05175,-0.0175));
#6200=CARTESIAN_POINT('',(-0.019,0.05175,-0.02));
#6201=CARTESIAN_POINT('',(-0.019,0.05175,-0.0225));
#6202=CARTESIAN_POINT('',(-0.019,0.06625,-0.02));
#6203=CARTESIAN_POINT('',(-0.019,0.06625,-0.0225));
#6204=CARTESIAN_POINT('',(-0.019,0.059,-0.0225));
#6205=CARTESIAN_POINT('',(-0.016,0.059,-0.0175));
#6206=CARTESIAN_POINT('',(-0.016,0.06625,-0.0175));
#6207=CARTESIAN_POINT('',(-0.016,0.05175,-0.0175));
#6208=CARTESIAN_POINT('',(-0.016,0.05175,-0.02));
#6209=CARTESIAN_POINT('',(-0.016,0.05175,-0.0225));
#6210=CARTESIAN_POINT('',(-0.016,0.06625,-0.02));
#6211=CARTESIAN_POINT('',(-0.016,0.06625,-0.0225));
#6212=CARTESIAN_POINT('',(-0.016,0.059,-0.0225));
#6213=CARTESIAN_POINT('',(-0.002,0.059,-0.0432));
#6214=CARTESIAN_POINT('',(-0.002,0.059,0.0032));
#6215=CARTESIAN_POINT('',(-0.002,0.056,-0.003));
#6216=CARTESIAN_POINT('',(-0.00435,0.056,-0.003));
#6217=CARTESIAN_POINT('',(-0.00435,0.0675,-0.003));
#6218=CARTESIAN_POINT('',(-0.00435,0.0565,-0.003));
#6219=CARTESIAN_POINT('',(-0.00435,0.0675,-0.003));
#6220=CARTESIAN_POINT('',(0.000350000000000005,0.0675,-0.003));
#6221=CARTESIAN_POINT('',(0.000350000000000005,0.056,-0.003));
#6222=CARTESIAN_POINT('',(0.000350000000000005,0.0565,-0.003));
#6223=CARTESIAN_POINT('',(-0.002,0.0565,-0.003));
#6224=CARTESIAN_POINT('',(0.0011,0.056,-0.005));
#6225=CARTESIAN_POINT('',(0.0011,0.056,-0.00375));
#6226=CARTESIAN_POINT('',(0.0011,0.0675,-0.00375));
#6227=CARTESIAN_POINT('',(0.0011,0.0565,-0.00375));
#6228=CARTESIAN_POINT('',(0.0011,0.0675,-0.005));
#6229=CARTESIAN_POINT('',(0.0011,0.0574208148565266,-0.00487749935930288));
#6230=CARTESIAN_POINT('',(0.0011,0.0572218514798889,-0.0048774993593029));
#6231=CARTESIAN_POINT('',(0.00110000000000001,0.0568633105341096,-0.00466651811665932));
#6232=CARTESIAN_POINT('',(0.00109999999999998,0.0566382761530936,-0.0043445559890567));
#6233=CARTESIAN_POINT('',(0.0011,0.0565,-0.00420594816896262));
#6234=CARTESIAN_POINT('',(0.0011,0.0565,-0.00420594816896262));
#6235=CARTESIAN_POINT('',(0.0011,0.0565,-0.00487749935930288));
#6236=CARTESIAN_POINT('',(-0.0051,0.056,-0.005));
#6237=CARTESIAN_POINT('',(-0.0051,0.056,-0.0045));
#6238=CARTESIAN_POINT('',(-0.0051,0.0675,-0.0045));
#6239=CARTESIAN_POINT('',(-0.0051,0.0565,-0.0045));
#6240=CARTESIAN_POINT('',(-0.0051,0.0675,-0.0045));
#6241=CARTESIAN_POINT('',(-0.0051,0.0675,-0.00375));
#6242=CARTESIAN_POINT('',(-0.0051,0.068,-0.00375));
#6243=CARTESIAN_POINT('',(-0.0051,0.0565,-0.00375));
#6244=CARTESIAN_POINT('',(-0.0051,0.0565,-0.005));
#6245=CARTESIAN_POINT('',(-0.0075,0.056,-0.02));
#6246=CARTESIAN_POINT('',(0.00457144660940673,0.056,-0.00792855339059328));
#6247=CARTESIAN_POINT('',(0.0006,0.056,-0.00395710678118654));
#6248=CARTESIAN_POINT('',(0.000142893218813462,0.056,-0.0035));
#6249=CARTESIAN_POINT('',(0.0006,0.056,-0.00375));
#6250=CARTESIAN_POINT('',(0.0006,0.056,-0.00445982062419555));
#6251=CARTESIAN_POINT('',(-3.06161699786838E-19,0.056,0.));
#6252=CARTESIAN_POINT('',(-9.18485099360515E-19,0.056,-0.0045));
#6253=CARTESIAN_POINT('',(-0.0075,0.056,-0.0045));
#6254=CARTESIAN_POINT('',(-0.0046,0.056,-0.0045));
#6255=CARTESIAN_POINT('',(-0.0046,0.056,-0.02));
#6256=CARTESIAN_POINT('',(-0.0046,0.056,-0.00395710678118654));
#6257=CARTESIAN_POINT('',(-0.0140714466094067,0.056,-0.0134285533905933));
#6258=CARTESIAN_POINT('',(-0.00414289321881345,0.056,-0.0035));
#6259=CARTESIAN_POINT('',(-0.0075,0.056,-0.0035));
#6260=CARTESIAN_POINT('',(-0.002,0.056,-0.037));
#6261=CARTESIAN_POINT('',(-0.000149999999999995,0.056,-0.037));
#6262=CARTESIAN_POINT('',(-0.000149999999999995,0.0675,-0.037));
#6263=CARTESIAN_POINT('',(-0.000149999999999995,0.0565,-0.037));
#6264=CARTESIAN_POINT('',(-0.002,0.0675,-0.037));
#6265=CARTESIAN_POINT('',(-0.00385,0.0675,-0.037));
#6266=CARTESIAN_POINT('',(-0.00385,0.068,-0.037));
#6267=CARTESIAN_POINT('',(-0.00385,0.0565,-0.037));
#6268=CARTESIAN_POINT('',(-0.00385,0.0565,-0.037));
#6269=CARTESIAN_POINT('',(0.0006,0.056,-0.035));
#6270=CARTESIAN_POINT('',(0.0006,0.0573979977728258,-0.0350361305416036));
#6271=CARTESIAN_POINT('',(0.0006,0.0572101732641291,-0.0350361305416036));
#6272=CARTESIAN_POINT('',(0.000599999999999998,0.0568662871705986,-0.0352107224301166));
#6273=CARTESIAN_POINT('',(0.000600000000000004,0.056630120926229,-0.0355061879117811));
#6274=CARTESIAN_POINT('',(0.0006,0.0565,-0.0356365151541457));
#6275=CARTESIAN_POINT('',(0.0006,0.0565,-0.0356365151541457));
#6276=CARTESIAN_POINT('',(0.0006,0.0675,-0.0350361305416036));
#6277=CARTESIAN_POINT('',(0.0006,0.0675,-0.03625));
#6278=CARTESIAN_POINT('',(0.0006,0.056,-0.03625));
#6279=CARTESIAN_POINT('',(0.0006,0.0565,-0.03625));
#6280=CARTESIAN_POINT('',(0.0006,0.0565,-0.035));
#6281=CARTESIAN_POINT('',(-0.0046,0.056,-0.035));
#6282=CARTESIAN_POINT('',(-0.0046,0.056,-0.03625));
#6283=CARTESIAN_POINT('',(-0.0046,0.0675,-0.03625));
#6284=CARTESIAN_POINT('',(-0.0046,0.0565,-0.03625));
#6285=CARTESIAN_POINT('',(-0.0046,0.0675,-0.035));
#6286=CARTESIAN_POINT('',(-0.0046,0.0675,-0.0355));
#6287=CARTESIAN_POINT('',(-0.0046,0.068,-0.0355));
#6288=CARTESIAN_POINT('',(-0.0046,0.0565,-0.0355));
#6289=CARTESIAN_POINT('',(-0.0046,0.0565,-0.0355));
#6290=CARTESIAN_POINT('',(-0.0075,0.056,-0.02));
#6291=CARTESIAN_POINT('',(-0.0138214466094067,0.056,-0.0263214466094067));
#6292=CARTESIAN_POINT('',(-0.0041,0.056,-0.0360428932188135));
#6293=CARTESIAN_POINT('',(-0.00364289321881345,0.056,-0.0365));
#6294=CARTESIAN_POINT('',(-0.0041,0.056,-0.03625));
#6295=CARTESIAN_POINT('',(-0.0041,0.056,-0.0355));
#6296=CARTESIAN_POINT('',(-0.0051,0.056,-0.0355));
#6297=CARTESIAN_POINT('',(0.,0.056,-0.0355));
#6298=CARTESIAN_POINT('',(-3.06161699786838E-19,0.056,-0.04));
#6299=CARTESIAN_POINT('',(0.000100000000000006,0.056,-0.0355011112483192));
#6300=CARTESIAN_POINT('',(0.000100000000000011,0.056,-0.02));
#6301=CARTESIAN_POINT('',(0.000100000000000006,0.056,-0.0360428932188135));
#6302=CARTESIAN_POINT('',(0.00432144660940673,0.056,-0.0318214466094068));
#6303=CARTESIAN_POINT('',(-0.00035710678118654,0.056,-0.0365));
#6304=CARTESIAN_POINT('',(-0.000149999999999995,0.056,-0.0365));
#6305=CARTESIAN_POINT('',(-0.0051,0.056,-0.00375));
#6306=CARTESIAN_POINT('',(-0.0051,0.0675,-0.00375));
#6307=CARTESIAN_POINT('',(-0.0051,0.0565,-0.00375));
#6308=CARTESIAN_POINT('',(0.000350000000000005,0.056,-0.003));
#6309=CARTESIAN_POINT('',(0.000350000000000005,0.0675,-0.003));
#6310=CARTESIAN_POINT('',(0.000350000000000005,0.0565,-0.003));
#6311=CARTESIAN_POINT('',(-0.00385,0.056,-0.037));
#6312=CARTESIAN_POINT('',(-0.00385,0.0675,-0.037));
#6313=CARTESIAN_POINT('',(-0.00385,0.0565,-0.037));
#6314=CARTESIAN_POINT('',(0.0006,0.056,-0.03625));
#6315=CARTESIAN_POINT('',(0.0006,0.0675,-0.03625));
#6316=CARTESIAN_POINT('',(0.0006,0.0565,-0.03625));
#6317=CARTESIAN_POINT('',(-0.0046,0.056,-0.0355));
#6318=CARTESIAN_POINT('',(-0.0046,0.0675,-0.0355));
#6319=CARTESIAN_POINT('',(-0.0051,0.05702100538328,-0.035));
#6320=CARTESIAN_POINT('',(-0.0051,0.0568274054134106,-0.035));
#6321=CARTESIAN_POINT('',(-0.00504868347270964,0.0566353891620384,-0.0350513165272904));
#6322=CARTESIAN_POINT('',(-0.00495355339059327,0.0565,-0.0351464466094068));
#6323=CARTESIAN_POINT('',(-0.00495355339059327,0.0565,-0.0351464466094068));
#6324=CARTESIAN_POINT('',(-0.0051,0.0565,-0.035));
#6325=CARTESIAN_POINT('',(-0.0056,0.068,-0.005));
#6326=CARTESIAN_POINT('',(-0.0056,0.05702100538328,-0.005));
#6327=CARTESIAN_POINT('',(-0.0056,0.0568277223835128,-0.005));
#6328=CARTESIAN_POINT('',(-0.00554893886511098,0.0566357526014492,-0.00494893886511098));
#6329=CARTESIAN_POINT('',(-0.00545355339059327,0.0565,-0.00485355339059327));
#6330=CARTESIAN_POINT('',(-0.00545355339059327,0.0565,-0.00485355339059328));
#6331=CARTESIAN_POINT('',(-0.0056,0.0675,-0.005));
#6332=CARTESIAN_POINT('',(-0.0051,0.0565,-0.0045));
#6333=CARTESIAN_POINT('',(-0.0166035533905933,0.0505,-0.0108964466094067));
#6334=CARTESIAN_POINT('',(-0.0102071067811865,0.0505,-0.0045));
#6335=CARTESIAN_POINT('',(-0.0155,0.0505,-0.00979289321881345));
#6336=CARTESIAN_POINT('',(-0.0155,0.0505,-0.02));
#6337=CARTESIAN_POINT('',(-0.0155,0.0505,-0.0302071067811866));
#6338=CARTESIAN_POINT('',(-0.0075,0.0505,-0.0045));
#6339=CARTESIAN_POINT('',(-9.18485099360515E-19,0.0505,-0.0045));
#6340=CARTESIAN_POINT('',(-0.0166035533905933,0.0505,-0.0291035533905933));
#6341=CARTESIAN_POINT('',(-0.0102071067811865,0.0505,-0.0355));
#6342=CARTESIAN_POINT('',(-3.06161699786838E-19,0.0505,0.));
#6343=CARTESIAN_POINT('',(-7.5427136233317E-19,0.0505,0.0045));
#6344=CARTESIAN_POINT('',(-0.0075,0.0505,-0.0355));
#6345=CARTESIAN_POINT('',(0.,0.0505,-0.0355));
#6346=CARTESIAN_POINT('',(-0.0075,0.0505,0.0045));
#6347=CARTESIAN_POINT('',(-0.0123579604780798,0.0505,0.0045));
#6348=CARTESIAN_POINT('',(-3.06161699786838E-19,0.0505,-0.04));
#6349=CARTESIAN_POINT('',(-9.18485099360515E-19,0.0505,-0.0445));
#6350=CARTESIAN_POINT('',(-0.0197994403426895,0.0505,-9.90874829267623E-5));
#6351=CARTESIAN_POINT('',(-0.015734342398551,0.0505,0.00241328121414818));
#6352=CARTESIAN_POINT('',(-0.0075,0.0505,-0.0445));
#6353=CARTESIAN_POINT('',(-0.0123579604780798,0.0505,-0.0445));
#6354=CARTESIAN_POINT('',(-0.0230527864045001,0.0505,-0.01222360679775));
#6355=CARTESIAN_POINT('',(-0.0195,0.0505,-0.00511803398874988));
#6356=CARTESIAN_POINT('',(-0.0197994403426894,0.0505,-0.0399009125170733));
#6357=CARTESIAN_POINT('',(-0.015734342398551,0.0505,-0.0424132812141481));
#6358=CARTESIAN_POINT('',(-0.0195,0.0505,-0.02));
#6359=CARTESIAN_POINT('',(-0.0195,0.0505,-0.0348819660112501));
#6360=CARTESIAN_POINT('',(-0.0230527864045001,0.0505,-0.02777639320225));
#6361=CARTESIAN_POINT('',(-0.008,0.0505,-0.04));
#6362=CARTESIAN_POINT('',(-0.008,0.0505,9.79717439317883E-20));
#6363=CARTESIAN_POINT('',(-3.06161699786838E-19,0.0675,-0.04));
#6364=CARTESIAN_POINT('',(0.0006,0.0675,-0.0350361305416036));
#6365=CARTESIAN_POINT('',(0.0006,0.0676727110735003,-0.0350361305416036));
#6366=CARTESIAN_POINT('',(0.000780047504788626,0.0679465920351406,-0.0352387326771526));
#6367=CARTESIAN_POINT('',(0.00099572960138633,0.068,-0.0355027517308305));
#6368=CARTESIAN_POINT('',(0.0011,0.068,-0.0356365151541457));
#6369=CARTESIAN_POINT('',(-8.57252759403147E-19,0.0675,-0.0445));
#6370=CARTESIAN_POINT('',(-0.0075,0.0675,-0.0445));
#6371=CARTESIAN_POINT('',(-0.0123579604780798,0.0675,-0.0445));
#6372=CARTESIAN_POINT('',(0.0011,0.0675,-0.035));
#6373=CARTESIAN_POINT('',(0.0011,0.0675,-0.0364571067811865));
#6374=CARTESIAN_POINT('',(-0.0197994403426894,0.0675,-0.0399009125170733));
#6375=CARTESIAN_POINT('',(-0.015734342398551,0.0675,-0.0424132812141481));
#6376=CARTESIAN_POINT('',(0.00502855339059328,0.0675,-0.0325285533905933));
#6377=CARTESIAN_POINT('',(5.71067811865481E-5,0.0675,-0.0375));
#6378=CARTESIAN_POINT('',(-0.0170527864045,0.0675,-0.03977639320225));
#6379=CARTESIAN_POINT('',(-0.0195,0.0675,-0.0348819660112501));
#6380=CARTESIAN_POINT('',(-0.0075,0.0675,-0.0375));
#6381=CARTESIAN_POINT('',(-0.00405710678118654,0.0675,-0.0375));
#6382=CARTESIAN_POINT('',(-0.0195,0.0675,-0.02));
#6383=CARTESIAN_POINT('',(-0.0195,0.0675,-0.0051180339887499));
#6384=CARTESIAN_POINT('',(-0.0145285533905933,0.0675,-0.0270285533905933));
#6385=CARTESIAN_POINT('',(-0.0051,0.0675,-0.0364571067811865));
#6386=CARTESIAN_POINT('',(-0.0170527864045,0.0675,-0.000223606797749979));
#6387=CARTESIAN_POINT('',(-0.015734342398551,0.0675,0.00241328121414817));
#6388=CARTESIAN_POINT('',(-0.0051,0.0675,-0.02));
#6389=CARTESIAN_POINT('',(-0.0051,0.0675,-0.0357071067811865));
#6390=CARTESIAN_POINT('',(-0.0197994403426895,0.0675,-9.90874829267623E-5));
#6391=CARTESIAN_POINT('',(-0.0123579604780798,0.0675,0.0045));
#6392=CARTESIAN_POINT('',(-0.0141535533905933,0.0675,-0.0266535533905933));
#6393=CARTESIAN_POINT('',(-0.00530710678118654,0.0675,-0.0355));
#6394=CARTESIAN_POINT('',(-0.0075,0.0675,0.0045));
#6395=CARTESIAN_POINT('',(-8.04061324838318E-19,0.0675,0.0045));
#6396=CARTESIAN_POINT('',(-0.0075,0.0675,-0.0355));
#6397=CARTESIAN_POINT('',(-0.0102071067811865,0.0675,-0.0355));
#6398=CARTESIAN_POINT('',(-3.06161699786838E-19,0.0675,0.));
#6399=CARTESIAN_POINT('',(0.0011,0.0675,-0.00487749935930288));
#6400=CARTESIAN_POINT('',(0.0011,0.0676812193976441,-0.00487749935930288));
#6401=CARTESIAN_POINT('',(0.00129103038188511,0.0679522169872909,-0.00463877594378842));
#6402=CARTESIAN_POINT('',(0.00149904490809557,0.068,-0.00435229981189715));
#6403=CARTESIAN_POINT('',(0.0016,0.068,-0.00420594816896262));
#6404=CARTESIAN_POINT('',(-0.0166035533905933,0.0675,-0.0291035533905933));
#6405=CARTESIAN_POINT('',(-0.0155,0.0675,-0.0302071067811866));
#6406=CARTESIAN_POINT('',(0.0016,0.0675,-0.02));
#6407=CARTESIAN_POINT('',(0.0016,0.0675,-0.00354289321881346));
#6408=CARTESIAN_POINT('',(-0.0155,0.0675,-0.02));
#6409=CARTESIAN_POINT('',(-0.0155,0.0675,-0.00979289321881345));
#6410=CARTESIAN_POINT('',(0.00527855339059328,0.0675,-0.00722144660940673));
#6411=CARTESIAN_POINT('',(0.000557106781186546,0.0675,-0.0025));
#6412=CARTESIAN_POINT('',(-0.0166035533905933,0.0675,-0.0108964466094067));
#6413=CARTESIAN_POINT('',(-0.0102071067811865,0.0675,-0.0045));
#6414=CARTESIAN_POINT('',(-0.002,0.0675,-0.0025));
#6415=CARTESIAN_POINT('',(-0.00455710678118654,0.0675,-0.0025));
#6416=CARTESIAN_POINT('',(-0.0075,0.0675,-0.0045));
#6417=CARTESIAN_POINT('',(-0.00580710678118654,0.0675,-0.0045));
#6418=CARTESIAN_POINT('',(-0.0147785533905933,0.0675,-0.0127214466094067));
#6419=CARTESIAN_POINT('',(-0.0056,0.0675,-0.00354289321881346));
#6420=CARTESIAN_POINT('',(-0.0144035533905933,0.0675,-0.0130964466094067));
#6421=CARTESIAN_POINT('',(-0.0056,0.0675,-0.00429289321881346));
#6422=CARTESIAN_POINT('',(-0.0056,0.0675,-0.005));
#6423=CARTESIAN_POINT('',(-0.008,0.0675,-0.04));
#6424=CARTESIAN_POINT('',(-0.008,0.0675,9.79717439317883E-20));
#6425=CARTESIAN_POINT('',(0.0006,0.0565,-0.005));
#6426=CARTESIAN_POINT('',(0.0011,0.0565,-0.00420594816896262));
#6427=CARTESIAN_POINT('',(0.0011,0.0562198058398966,-0.00420594816896262));
#6428=CARTESIAN_POINT('',(0.000869897732942165,0.056,-0.00438719947935096));
#6429=CARTESIAN_POINT('',(0.0006,0.056,-0.00445982062419555));
#6430=CARTESIAN_POINT('',(0.0006,0.0565,-0.00395710678118654));
#6431=CARTESIAN_POINT('',(0.0006,0.056,-0.00445982062419555));
#6432=CARTESIAN_POINT('',(0.000666666666666667,0.056,-0.00495535624910617));
#6433=CARTESIAN_POINT('',(0.000666666666666667,0.0555,-0.00495535624910617));
#6434=CARTESIAN_POINT('',(0.000716629975001448,0.056,-0.00442843909055004));
#6435=CARTESIAN_POINT('',(0.000813572382723499,0.0560157963576788,-0.00493559234712777));
#6436=CARTESIAN_POINT('',(0.000925844390240868,0.0555000000469857,-0.00492048788841452));
#6437=CARTESIAN_POINT('',(0.000885104307620242,0.0560618716719712,-0.00435192861645836));
#6438=CARTESIAN_POINT('',(0.00101359299676159,0.0561466194136381,-0.00490382554461801));
#6439=CARTESIAN_POINT('',(0.00130023179439289,0.0556237433333284,-0.00483547623822283));
#6440=CARTESIAN_POINT('',(0.00103667412225554,0.0562366552736179,-0.00425329206417688));
#6441=CARTESIAN_POINT('',(0.00109941003250985,0.0563517919841061,-0.00490987078568477));
#6442=CARTESIAN_POINT('',(0.00163705360509398,0.055973310549264,-0.00472588007177655));
#6443=CARTESIAN_POINT('',(0.00110047026070089,0.0564004718336453,-0.00420572995300249));
#6444=CARTESIAN_POINT('',(0.00110120711294778,0.0564622130156651,-0.00493070942624384));
#6445=CARTESIAN_POINT('',(0.00177882280144948,0.0563009436666314,-0.00467303328083589));
#6446=CARTESIAN_POINT('',(0.00110424663878453,0.0565784329126452,-0.00420269878463533));
#6447=CARTESIAN_POINT('',(0.00109936190577132,0.0565288197417324,-0.00493290331589052));
#6448=CARTESIAN_POINT('',(0.0017872147532051,0.0566568658258992,-0.00466966531690454));
#6449=CARTESIAN_POINT('',(0.00102803331422503,0.0568014134417396,-0.00426046879495662));
#6450=CARTESIAN_POINT('',(0.00110533259000568,0.056663519839459,-0.00490451221413879));
#6451=CARTESIAN_POINT('',(0.0016178518075463,0.0571028268809079,-0.00473385421334507));
#6452=CARTESIAN_POINT('',(0.000893055431510233,0.0569208225643185,-0.00434625530338945));
#6453=CARTESIAN_POINT('',(0.00100878582162919,0.0568462005382277,-0.00490793045178788));
#6454=CARTESIAN_POINT('',(0.0013179009670703,0.0573416451396657,-0.00482917257375937));
#6455=CARTESIAN_POINT('',(0.000787464406145191,0.0569635268022765,-0.00439312119238317));
#6456=CARTESIAN_POINT('',(0.000888793146315809,0.0569225463627243,-0.00492440089997946));
#6457=CARTESIAN_POINT('',(0.00108325423587819,0.0574270536045529,-0.00488124576931463));
#6458=CARTESIAN_POINT('',(0.0006,0.0555,-0.00445982062419555));
#6459=CARTESIAN_POINT('',(0.00457144660940673,0.0565,-0.00792855339059328));
#6460=CARTESIAN_POINT('',(0.000142893218813459,0.0565,-0.0035));
#6461=CARTESIAN_POINT('',(-3.06161699786838E-19,0.0555,0.));
#6462=CARTESIAN_POINT('',(-8.57252759403147E-19,0.0555,-0.0045));
#6463=CARTESIAN_POINT('',(-0.0075,0.0565,-0.0035));
#6464=CARTESIAN_POINT('',(-0.00414289321881345,0.0565,-0.0035));
#6465=CARTESIAN_POINT('',(-0.0075,0.0555,-0.0045));
#6466=CARTESIAN_POINT('',(-0.0046,0.0555,-0.0045));
#6467=CARTESIAN_POINT('',(-0.00529277008218769,0.0567646681909124,-0.00479995895445808));
#6468=CARTESIAN_POINT('',(-0.00540524507088325,0.0568639102749993,-0.005));
#6469=CARTESIAN_POINT('',(-0.00559272903664577,0.0570293363818248,-0.005));
#6470=CARTESIAN_POINT('',(-0.00544728093183707,0.0566479260095365,-0.00485146257098871));
#6471=CARTESIAN_POINT('',(-0.00558534138745877,0.0567187180262422,-0.00499999999999982));
#6472=CARTESIAN_POINT('',(-0.00579874350282483,0.0567958520190501,-0.005));
#6473=CARTESIAN_POINT('',(-0.00553811034955415,0.0563518749701743,-0.00488173904359392));
#6474=CARTESIAN_POINT('',(-0.00570274734521216,0.0562694272803829,-0.00499999999999922));
#6475=CARTESIAN_POINT('',(-0.00591984939314854,0.0562037499403473,-0.005));
#6476=CARTESIAN_POINT('',(-0.00513949981016055,0.0561191292129584,-0.00474886886377418));
#6477=CARTESIAN_POINT('',(-0.00519837184574044,0.0559798595290019,-0.00500000000000188));
#6478=CARTESIAN_POINT('',(-0.00538836867393473,0.0557382584259422,-0.005));
#6479=CARTESIAN_POINT('',(-0.00488024122476794,0.0560559049348288,-0.00466244933531817));
#6480=CARTESIAN_POINT('',(-0.00492007791134661,0.0559470015903633,-0.005));
#6481=CARTESIAN_POINT('',(-0.00504269056008611,0.0556118098696577,-0.005));
#6482=CARTESIAN_POINT('',(-0.00439289321881344,0.0565,-0.0045));
#6483=CARTESIAN_POINT('',(-0.00488944035968967,0.056058175264289,-0.00466551571362541));
#6484=CARTESIAN_POINT('',(-0.0048894403596901,0.0560581752642861,-0.00466551571362628));
#6485=CARTESIAN_POINT('',(-0.00492071764761086,0.055996478699222,-0.00486148472752443));
#6486=CARTESIAN_POINT('',(-0.00500984265709082,0.055817939761797,-0.00499999999999999));
#6487=CARTESIAN_POINT('',(-0.0051,0.0556339745962156,-0.005));
#6488=CARTESIAN_POINT('',(-0.0136964466094067,0.0565,-0.0138035533905933));
#6489=CARTESIAN_POINT('',(-0.00488944035968967,0.056058175264289,-0.00466551571362541));
#6490=CARTESIAN_POINT('',(-0.00488234459406343,0.0560721721417275,-0.00462105692947007));
#6491=CARTESIAN_POINT('',(-0.00495353342537069,0.0561316363014954,-0.0045665882322135));
#6492=CARTESIAN_POINT('',(-0.00505785230322173,0.0562701878291679,-0.00451688283024477));
#6493=CARTESIAN_POINT('',(-0.0051,0.0564069231256814,-0.0045));
#6494=CARTESIAN_POINT('',(-0.0051,0.0565,-0.0045));
#6495=CARTESIAN_POINT('',(-0.0140714466094067,0.0565,-0.0134285533905933));
#6496=CARTESIAN_POINT('',(-0.0046,0.0565,-0.00395710678118654));
#6497=CARTESIAN_POINT('',(-0.0046,0.0565,-0.0045));
#6498=CARTESIAN_POINT('',(-0.0046,0.0565,-0.0045));
#6499=CARTESIAN_POINT('',(-0.0046,0.0565,-0.02));
#6500=CARTESIAN_POINT('',(0.000100000000000011,0.0565,-0.02));
#6501=CARTESIAN_POINT('',(0.000100000000000005,0.0565,-0.0360428932188135));
#6502=CARTESIAN_POINT('',(0.000100000000000006,0.056,-0.0355011112483192));
#6503=CARTESIAN_POINT('',(0.000368646618882371,0.056,-0.0355130540472507));
#6504=CARTESIAN_POINT('',(0.0006,0.0562310081037878,-0.0356365151541457));
#6505=CARTESIAN_POINT('',(0.0006,0.0565,-0.0356365151541457));
#6506=CARTESIAN_POINT('',(0.000312753783949402,0.0569524774330453,-0.0355307895780036));
#6507=CARTESIAN_POINT('',(0.00036307200211882,0.0569288179297523,-0.0350082451241513));
#6508=CARTESIAN_POINT('',(0.000583897297665326,0.0574049548660905,-0.0350342106422262));
#6509=CARTESIAN_POINT('',(0.000414335273725544,0.0569047140646411,-0.0355546783072289));
#6510=CARTESIAN_POINT('',(0.000478361428220452,0.056860496301035,-0.0350113889576301));
#6511=CARTESIAN_POINT('',(0.000809633949951828,0.0573094281413077,-0.0350607536571948));
#6512=CARTESIAN_POINT('',(0.000583660609216213,0.0567391067760941,-0.0356252544664606));
#6513=CARTESIAN_POINT('',(0.000610928633841112,0.0566369299583069,-0.0350032979122736));
#6514=CARTESIAN_POINT('',(0.0011859124610467,0.0569782135454263,-0.0351391716378101));
#6515=CARTESIAN_POINT('',(0.000626757517111038,0.0563819995584874,-0.0356506356081209));
#6516=CARTESIAN_POINT('',(0.000610109308045945,0.0564467918483546,-0.034989954158056));
#6517=CARTESIAN_POINT('',(0.00128168337242234,0.0562639991226039,-0.0351673728947347));
#6518=CARTESIAN_POINT('',(0.000437342599798128,0.0560797325858819,-0.0355554297557623));
#6519=CARTESIAN_POINT('',(0.000528319949478433,0.0561469478003138,-0.0350177776951251));
#6520=CARTESIAN_POINT('',(0.000860761332504986,0.0556594651560098,-0.035061588621814));
#6521=CARTESIAN_POINT('',(0.000214137924699592,0.056,-0.0355061853051066));
#6522=CARTESIAN_POINT('',(0.000251024329644503,0.0560025428747399,-0.0350043446726113));
#6523=CARTESIAN_POINT('',(0.000364750943952758,0.0555000000330073,-0.0350068725533139));
#6524=CARTESIAN_POINT('',(0.000100000000000006,0.056,-0.0355011112483192));
#6525=CARTESIAN_POINT('',(0.000111111111111118,0.056,-0.0350012347203547));
#6526=CARTESIAN_POINT('',(0.000111111111111118,0.0555,-0.0350012347203547));
#6527=CARTESIAN_POINT('',(0.000100000000000006,0.0555,-0.0355011112483192));
#6528=CARTESIAN_POINT('',(0.00432144660940673,0.0565,-0.0318214466094068));
#6529=CARTESIAN_POINT('',(-0.000357106781186539,0.0565,-0.0365));
#6530=CARTESIAN_POINT('',(-3.06161699786838E-19,0.0555,-0.04));
#6531=CARTESIAN_POINT('',(0.,0.0555,-0.0355));
#6532=CARTESIAN_POINT('',(-0.002,0.0565,-0.0365));
#6533=CARTESIAN_POINT('',(-0.00364289321881345,0.0565,-0.0365));
#6534=CARTESIAN_POINT('',(-0.0134464466094067,0.0565,-0.0259464466094067));
#6535=CARTESIAN_POINT('',(-0.00389289321881345,0.0565,-0.0355));
#6536=CARTESIAN_POINT('',(-0.00438944035968966,0.056058175264289,-0.0353344842863746));
#6537=CARTESIAN_POINT('',(-0.0046,0.0565,-0.0355));
#6538=CARTESIAN_POINT('',(-0.0046,0.0564069418267455,-0.0355));
#6539=CARTESIAN_POINT('',(-0.00455790560640025,0.0562702192810379,-0.0354831553882219));
#6540=CARTESIAN_POINT('',(-0.00445339405582329,0.0561314919048896,-0.0354333244623619));
#6541=CARTESIAN_POINT('',(-0.00438234615596004,0.0560721690607419,-0.0353789332843069));
#6542=CARTESIAN_POINT('',(-0.00438944035967463,0.0560581752642837,-0.0353344842863759));
#6543=CARTESIAN_POINT('',(-0.00509272903664577,0.0570293363818248,-0.035));
#6544=CARTESIAN_POINT('',(-0.00490524507088325,0.0568639102749993,-0.035));
#6545=CARTESIAN_POINT('',(-0.00479277008218769,0.0567646681909124,-0.0352000410455419));
#6546=CARTESIAN_POINT('',(-0.00529874350282483,0.0567958520190491,-0.035));
#6547=CARTESIAN_POINT('',(-0.00508534138745703,0.0567187180262412,-0.0350000000000004));
#6548=CARTESIAN_POINT('',(-0.00494728093183758,0.0566479260095361,-0.0351485374290111));
#6549=CARTESIAN_POINT('',(-0.00541984939314854,0.0562037499403504,-0.035));
#6550=CARTESIAN_POINT('',(-0.00520274734521388,0.0562694272803861,-0.034999999999998));
#6551=CARTESIAN_POINT('',(-0.00503811034955506,0.0563518749701753,-0.0351182609564073));
#6552=CARTESIAN_POINT('',(-0.00488836867393473,0.0557382584259371,-0.035));
#6553=CARTESIAN_POINT('',(-0.00469837184573991,0.0559798595289967,-0.035000000000004));
#6554=CARTESIAN_POINT('',(-0.00463949981015821,0.0561191292129568,-0.0352511311362236));
#6555=CARTESIAN_POINT('',(-0.00454269056008611,0.0556118098696577,-0.035));
#6556=CARTESIAN_POINT('',(-0.00442007791134661,0.0559470015903633,-0.035));
#6557=CARTESIAN_POINT('',(-0.00438024122476794,0.0560559049348288,-0.0353375506646818));
#6558=CARTESIAN_POINT('',(-0.0043894403596901,0.0560581752642861,-0.0353344842863738));
#6559=CARTESIAN_POINT('',(-0.00442071764761086,0.055996478699222,-0.0351385152724756));
#6560=CARTESIAN_POINT('',(-0.00450984265709082,0.055817939761797,-0.035));
#6561=CARTESIAN_POINT('',(-0.0046,0.0556339745962156,-0.035));
#6562=CARTESIAN_POINT('',(-0.0075,0.0555,-0.0355));
#6563=CARTESIAN_POINT('',(-0.0041,0.0555,-0.0355));
#6564=CARTESIAN_POINT('',(-0.0138214466094067,0.0565,-0.0263214466094067));
#6565=CARTESIAN_POINT('',(-0.0041,0.0565,-0.0360428932188135));
#6566=CARTESIAN_POINT('',(-0.0041,0.0565,-0.0355));
#6567=CARTESIAN_POINT('',(-0.0041,0.0565,-0.0355));
#6568=CARTESIAN_POINT('',(-0.0041,0.0565,-0.035));
#6569=MECHANICAL_DESIGN_GEOMETRIC_PRESENTATION_REPRESENTATION('',(#3652),
#6571);
#6570=MECHANICAL_DESIGN_GEOMETRIC_PRESENTATION_REPRESENTATION('',(#3653),
#6572);
#6571=(
GEOMETRIC_REPRESENTATION_CONTEXT(3)
GLOBAL_UNCERTAINTY_ASSIGNED_CONTEXT((#6573))
GLOBAL_UNIT_ASSIGNED_CONTEXT((#6579,#6577,#6575))
REPRESENTATION_CONTEXT('Part 1','TOP_LEVEL_ASSEMBLY_PART')
);
#6572=(
GEOMETRIC_REPRESENTATION_CONTEXT(3)
GLOBAL_UNCERTAINTY_ASSIGNED_CONTEXT((#6574))
GLOBAL_UNIT_ASSIGNED_CONTEXT((#6580,#6578,#6576))
REPRESENTATION_CONTEXT('Part 2','TOP_LEVEL_ASSEMBLY_PART')
);
#6573=UNCERTAINTY_MEASURE_WITH_UNIT(LENGTH_MEASURE(2.E-5),#6579,
'DISTANCE_ACCURACY_VALUE','Maximum Tolerance applied to model');
#6574=UNCERTAINTY_MEASURE_WITH_UNIT(LENGTH_MEASURE(2.E-5),#6580,
'DISTANCE_ACCURACY_VALUE','Maximum Tolerance applied to model');
#6575=(
NAMED_UNIT(*)
SI_UNIT($,.STERADIAN.)
SOLID_ANGLE_UNIT()
);
#6576=(
NAMED_UNIT(*)
SI_UNIT($,.STERADIAN.)
SOLID_ANGLE_UNIT()
);
#6577=(
NAMED_UNIT(*)
PLANE_ANGLE_UNIT()
SI_UNIT($,.RADIAN.)
);
#6578=(
NAMED_UNIT(*)
PLANE_ANGLE_UNIT()
SI_UNIT($,.RADIAN.)
);
#6579=(
LENGTH_UNIT()
NAMED_UNIT(*)
SI_UNIT($,.METRE.)
);
#6580=(
LENGTH_UNIT()
NAMED_UNIT(*)
SI_UNIT($,.METRE.)
);
#6581=PRODUCT_DEFINITION_SHAPE('','',#6583);
#6582=PRODUCT_DEFINITION_SHAPE('','',#6584);
#6583=PRODUCT_DEFINITION('','',#6587,#6585);
#6584=PRODUCT_DEFINITION('','',#6588,#6586);
#6585=PRODUCT_DEFINITION_CONTEXT('',#6599,'design');
#6586=PRODUCT_DEFINITION_CONTEXT('',#6600,'design');
#6587=PRODUCT_DEFINITION_FORMATION_WITH_SPECIFIED_SOURCE('','',#6591,
 .NOT_KNOWN.);
#6588=PRODUCT_DEFINITION_FORMATION_WITH_SPECIFIED_SOURCE('','',#6592,
 .NOT_KNOWN.);
#6589=PRODUCT_RELATED_PRODUCT_CATEGORY('','',(#6591));
#6590=PRODUCT_RELATED_PRODUCT_CATEGORY('','',(#6592));
#6591=PRODUCT('Part 1','Part 1','Part 1',(#6595));
#6592=PRODUCT('Part 2','Part 2','Part 2',(#6596));
#6593=PRODUCT_CATEGORY('','');
#6594=PRODUCT_CATEGORY('','');
#6595=PRODUCT_CONTEXT('',#6599,'mechanical');
#6596=PRODUCT_CONTEXT('',#6600,'mechanical');
#6597=APPLICATION_PROTOCOL_DEFINITION('international standard',
'ap242_managed_model_based_3d_engineering',2020,#6599);
#6598=APPLICATION_PROTOCOL_DEFINITION('international standard',
'ap242_managed_model_based_3d_engineering',2020,#6600);
#6599=APPLICATION_CONTEXT('managed model based 3d engineering');
#6600=APPLICATION_CONTEXT('managed model based 3d engineering');
ENDSEC;
END-ISO-10303-21;
