ISO-10303-21;
HEADER;
/* Generated by software containing ST-Developer
 * from STEP Tools, Inc. (www.steptools.com) 
 */
/* OPTION: using custom renumber hook */

FILE_DESCRIPTION(
/* description */ ('STEP AP242 Edition 2',
'CAx-IF Rec.Pracs.---Representation and Presentation of Product Manufa
cturing Information (PMI)---4.0---2014-10-13',
'CAx-IF Rec.Pracs.---3D Tessellated Geometry---0.4---2014-09-14','2;1',
'CAx-IF Rec.Pracs.---User Defined Attributes---1.5---2016-08-15'),
/* implementation_level */ '2;1');

FILE_NAME(
/* name */ 'rear lower arm',
/* time_stamp */ '2026-09-29T21:25:09Z',
/* author */ (''),
/* organization */ (''),
/* preprocessor_version */ 'ST-DEVELOPER v20',
/* originating_system */ 'ONSHAPE BY PTC INC, 1.221',
/* authorisation */ '  ');

FILE_SCHEMA (('AP242_MANAGED_MODEL_BASED_3D_ENGINEERING_MIM_LF { 1 0 10303 442 3 1 4 }'));
ENDSEC;

DATA;
#10=SHAPE_REPRESENTATION_RELATIONSHIP('','',#3041,#12);
#11=SHAPE_REPRESENTATION_RELATIONSHIP('','',#3042,#13);
#12=ADVANCED_BREP_SHAPE_REPRESENTATION('',(#3037),#5117);
#13=ADVANCED_BREP_SHAPE_REPRESENTATION('',(#3038),#5118);
#14=CONICAL_SURFACE('',#3161,0.0016,0.785398163397452);
#15=CONICAL_SURFACE('',#3162,0.0026,0.785398163397448);
#16=CONICAL_SURFACE('',#3163,0.0026,0.785398163397448);
#17=CONICAL_SURFACE('',#3164,0.0016,0.785398163397448);
#18=CONICAL_SURFACE('',#3165,0.0026,0.785398163397451);
#19=CONICAL_SURFACE('',#3166,0.0016,0.785398163397448);
#20=CONICAL_SURFACE('',#3167,0.0016,0.785398163397448);
#21=CONICAL_SURFACE('',#3168,0.0016,0.785398163397452);
#22=CONICAL_SURFACE('',#3317,0.0016,0.785398163397452);
#23=CONICAL_SURFACE('',#3318,0.0026,0.785398163397448);
#24=CONICAL_SURFACE('',#3319,0.0026,0.785398163397448);
#25=CONICAL_SURFACE('',#3320,0.0016,0.785398163397448);
#26=CONICAL_SURFACE('',#3321,0.0026,0.785398163397451);
#27=CONICAL_SURFACE('',#3322,0.0016,0.785398163397448);
#28=CONICAL_SURFACE('',#3323,0.0016,0.785398163397448);
#29=CONICAL_SURFACE('',#3324,0.0016,0.785398163397452);
#30=CYLINDRICAL_SURFACE('',#3127,0.005);
#31=CYLINDRICAL_SURFACE('',#3128,0.005);
#32=CYLINDRICAL_SURFACE('',#3129,0.005);
#33=CYLINDRICAL_SURFACE('',#3130,0.005);
#34=CYLINDRICAL_SURFACE('',#3131,0.0025);
#35=CYLINDRICAL_SURFACE('',#3132,0.0025);
#36=CYLINDRICAL_SURFACE('',#3133,0.0025);
#37=CYLINDRICAL_SURFACE('',#3134,0.0025);
#38=CYLINDRICAL_SURFACE('',#3135,0.0025);
#39=CYLINDRICAL_SURFACE('',#3136,0.0025);
#40=CYLINDRICAL_SURFACE('',#3137,0.0025);
#41=CYLINDRICAL_SURFACE('',#3138,0.0025);
#42=CYLINDRICAL_SURFACE('',#3139,0.00125);
#43=CYLINDRICAL_SURFACE('',#3140,0.00125);
#44=CYLINDRICAL_SURFACE('',#3141,0.004);
#45=CYLINDRICAL_SURFACE('',#3142,0.004);
#46=CYLINDRICAL_SURFACE('',#3143,0.004);
#47=CYLINDRICAL_SURFACE('',#3144,0.004);
#48=CYLINDRICAL_SURFACE('',#3145,0.024);
#49=CYLINDRICAL_SURFACE('',#3146,0.024);
#50=CYLINDRICAL_SURFACE('',#3147,0.024);
#51=CYLINDRICAL_SURFACE('',#3148,0.024);
#52=CYLINDRICAL_SURFACE('',#3149,0.0016);
#53=CYLINDRICAL_SURFACE('',#3152,0.0016);
#54=CYLINDRICAL_SURFACE('',#3155,0.0016);
#55=CYLINDRICAL_SURFACE('',#3158,0.0016);
#56=CYLINDRICAL_SURFACE('',#3169,0.04);
#57=CYLINDRICAL_SURFACE('',#3170,0.04);
#58=CYLINDRICAL_SURFACE('',#3171,0.0016);
#59=CYLINDRICAL_SURFACE('',#3173,0.0016);
#60=CYLINDRICAL_SURFACE('',#3182,0.0016);
#61=CYLINDRICAL_SURFACE('',#3190,0.0016);
#62=CYLINDRICAL_SURFACE('',#3283,0.005);
#63=CYLINDRICAL_SURFACE('',#3284,0.005);
#64=CYLINDRICAL_SURFACE('',#3285,0.005);
#65=CYLINDRICAL_SURFACE('',#3286,0.005);
#66=CYLINDRICAL_SURFACE('',#3287,0.0025);
#67=CYLINDRICAL_SURFACE('',#3288,0.0025);
#68=CYLINDRICAL_SURFACE('',#3289,0.0025);
#69=CYLINDRICAL_SURFACE('',#3290,0.0025);
#70=CYLINDRICAL_SURFACE('',#3291,0.0025);
#71=CYLINDRICAL_SURFACE('',#3292,0.0025);
#72=CYLINDRICAL_SURFACE('',#3293,0.0025);
#73=CYLINDRICAL_SURFACE('',#3294,0.0025);
#74=CYLINDRICAL_SURFACE('',#3295,0.00125);
#75=CYLINDRICAL_SURFACE('',#3296,0.00125);
#76=CYLINDRICAL_SURFACE('',#3297,0.004);
#77=CYLINDRICAL_SURFACE('',#3298,0.004);
#78=CYLINDRICAL_SURFACE('',#3299,0.004);
#79=CYLINDRICAL_SURFACE('',#3300,0.004);
#80=CYLINDRICAL_SURFACE('',#3301,0.024);
#81=CYLINDRICAL_SURFACE('',#3302,0.024);
#82=CYLINDRICAL_SURFACE('',#3303,0.024);
#83=CYLINDRICAL_SURFACE('',#3304,0.024);
#84=CYLINDRICAL_SURFACE('',#3305,0.0016);
#85=CYLINDRICAL_SURFACE('',#3308,0.0016);
#86=CYLINDRICAL_SURFACE('',#3311,0.0016);
#87=CYLINDRICAL_SURFACE('',#3314,0.0016);
#88=CYLINDRICAL_SURFACE('',#3325,0.04);
#89=CYLINDRICAL_SURFACE('',#3326,0.04);
#90=CYLINDRICAL_SURFACE('',#3327,0.0016);
#91=CYLINDRICAL_SURFACE('',#3329,0.0016);
#92=CYLINDRICAL_SURFACE('',#3338,0.0016);
#93=CYLINDRICAL_SURFACE('',#3346,0.0016);
#94=ELLIPSE('',#3122,0.0251149357952593,0.024);
#95=ELLIPSE('',#3125,0.0251149357952593,0.024);
#96=ELLIPSE('',#3278,0.0251149357952593,0.024);
#97=ELLIPSE('',#3281,0.0251149357952593,0.024);
#98=CIRCLE('',#3045,0.04);
#99=CIRCLE('',#3046,0.04);
#100=CIRCLE('',#3047,0.0025);
#101=CIRCLE('',#3048,0.0025);
#102=CIRCLE('',#3049,0.0025);
#103=CIRCLE('',#3050,0.0025);
#104=CIRCLE('',#3051,0.00125);
#105=CIRCLE('',#3052,0.00125);
#106=CIRCLE('',#3054,0.04);
#107=CIRCLE('',#3055,0.04);
#108=CIRCLE('',#3056,0.0025);
#109=CIRCLE('',#3057,0.0025);
#110=CIRCLE('',#3058,0.0025);
#111=CIRCLE('',#3059,0.0025);
#112=CIRCLE('',#3060,0.00125);
#113=CIRCLE('',#3061,0.00125);
#114=CIRCLE('',#3063,0.0026);
#115=CIRCLE('',#3064,0.005);
#116=CIRCLE('',#3065,0.0025);
#117=CIRCLE('',#3066,0.0025);
#118=CIRCLE('',#3067,0.024);
#119=CIRCLE('',#3068,0.004);
#120=CIRCLE('',#3070,0.0026);
#121=CIRCLE('',#3071,0.005);
#122=CIRCLE('',#3072,0.004);
#123=CIRCLE('',#3073,0.024);
#124=CIRCLE('',#3076,0.0026);
#125=CIRCLE('',#3077,0.005);
#126=CIRCLE('',#3078,0.024);
#127=CIRCLE('',#3079,0.004);
#128=CIRCLE('',#3081,0.0026);
#129=CIRCLE('',#3082,0.0025);
#130=CIRCLE('',#3083,0.0025);
#131=CIRCLE('',#3084,0.005);
#132=CIRCLE('',#3085,0.004);
#133=CIRCLE('',#3086,0.024);
#134=CIRCLE('',#3089,0.0026);
#135=CIRCLE('',#3090,0.005);
#136=CIRCLE('',#3091,0.0025);
#137=CIRCLE('',#3092,0.0025);
#138=CIRCLE('',#3093,0.024);
#139=CIRCLE('',#3094,0.004);
#140=CIRCLE('',#3096,0.0016);
#141=CIRCLE('',#3097,0.0016);
#142=CIRCLE('',#3098,0.0026);
#143=CIRCLE('',#3099,0.005);
#144=CIRCLE('',#3100,0.004);
#145=CIRCLE('',#3101,0.024);
#146=CIRCLE('',#3104,0.0026);
#147=CIRCLE('',#3105,0.0025);
#148=CIRCLE('',#3106,0.0025);
#149=CIRCLE('',#3107,0.005);
#150=CIRCLE('',#3108,0.004);
#151=CIRCLE('',#3109,0.024);
#152=CIRCLE('',#3111,0.0026);
#153=CIRCLE('',#3112,0.024);
#154=CIRCLE('',#3113,0.004);
#155=CIRCLE('',#3114,0.005);
#156=CIRCLE('',#3150,0.0016);
#157=CIRCLE('',#3151,0.0016);
#158=CIRCLE('',#3153,0.0016);
#159=CIRCLE('',#3154,0.0016);
#160=CIRCLE('',#3156,0.0016);
#161=CIRCLE('',#3157,0.0016);
#162=CIRCLE('',#3159,0.0016);
#163=CIRCLE('',#3160,0.0016);
#164=CIRCLE('',#3172,0.0016);
#165=CIRCLE('',#3174,0.0016);
#166=CIRCLE('',#3178,0.0016);
#167=CIRCLE('',#3181,0.0016);
#168=CIRCLE('',#3186,0.0016);
#169=CIRCLE('',#3189,0.0016);
#170=CIRCLE('',#3201,0.04);
#171=CIRCLE('',#3202,0.04);
#172=CIRCLE('',#3203,0.00125);
#173=CIRCLE('',#3204,0.00125);
#174=CIRCLE('',#3205,0.0025);
#175=CIRCLE('',#3206,0.0025);
#176=CIRCLE('',#3207,0.0025);
#177=CIRCLE('',#3208,0.0025);
#178=CIRCLE('',#3210,0.04);
#179=CIRCLE('',#3211,0.04);
#180=CIRCLE('',#3212,0.00125);
#181=CIRCLE('',#3213,0.00125);
#182=CIRCLE('',#3214,0.0025);
#183=CIRCLE('',#3215,0.0025);
#184=CIRCLE('',#3216,0.0025);
#185=CIRCLE('',#3217,0.0025);
#186=CIRCLE('',#3219,0.0026);
#187=CIRCLE('',#3220,0.004);
#188=CIRCLE('',#3221,0.024);
#189=CIRCLE('',#3222,0.0025);
#190=CIRCLE('',#3223,0.0025);
#191=CIRCLE('',#3224,0.005);
#192=CIRCLE('',#3226,0.0026);
#193=CIRCLE('',#3227,0.024);
#194=CIRCLE('',#3228,0.004);
#195=CIRCLE('',#3229,0.005);
#196=CIRCLE('',#3232,0.0026);
#197=CIRCLE('',#3233,0.004);
#198=CIRCLE('',#3234,0.024);
#199=CIRCLE('',#3235,0.005);
#200=CIRCLE('',#3237,0.0026);
#201=CIRCLE('',#3238,0.024);
#202=CIRCLE('',#3239,0.004);
#203=CIRCLE('',#3240,0.005);
#204=CIRCLE('',#3241,0.0025);
#205=CIRCLE('',#3242,0.0025);
#206=CIRCLE('',#3245,0.0026);
#207=CIRCLE('',#3246,0.004);
#208=CIRCLE('',#3247,0.024);
#209=CIRCLE('',#3248,0.0025);
#210=CIRCLE('',#3249,0.0025);
#211=CIRCLE('',#3250,0.005);
#212=CIRCLE('',#3252,0.0016);
#213=CIRCLE('',#3253,0.0016);
#214=CIRCLE('',#3254,0.0026);
#215=CIRCLE('',#3255,0.024);
#216=CIRCLE('',#3256,0.004);
#217=CIRCLE('',#3257,0.005);
#218=CIRCLE('',#3260,0.0026);
#219=CIRCLE('',#3261,0.024);
#220=CIRCLE('',#3262,0.004);
#221=CIRCLE('',#3263,0.005);
#222=CIRCLE('',#3264,0.0025);
#223=CIRCLE('',#3265,0.0025);
#224=CIRCLE('',#3267,0.0026);
#225=CIRCLE('',#3268,0.005);
#226=CIRCLE('',#3269,0.004);
#227=CIRCLE('',#3270,0.024);
#228=CIRCLE('',#3306,0.0016);
#229=CIRCLE('',#3307,0.0016);
#230=CIRCLE('',#3309,0.0016);
#231=CIRCLE('',#3310,0.0016);
#232=CIRCLE('',#3312,0.0016);
#233=CIRCLE('',#3313,0.0016);
#234=CIRCLE('',#3315,0.0016);
#235=CIRCLE('',#3316,0.0016);
#236=CIRCLE('',#3328,0.0016);
#237=CIRCLE('',#3330,0.0016);
#238=CIRCLE('',#3334,0.0016);
#239=CIRCLE('',#3337,0.0016);
#240=CIRCLE('',#3342,0.0016);
#241=CIRCLE('',#3345,0.0016);
#242=ORIENTED_EDGE('',*,*,#1070,.F.);
#243=ORIENTED_EDGE('',*,*,#1071,.T.);
#244=ORIENTED_EDGE('',*,*,#1072,.F.);
#245=ORIENTED_EDGE('',*,*,#1073,.F.);
#246=ORIENTED_EDGE('',*,*,#1074,.F.);
#247=ORIENTED_EDGE('',*,*,#1075,.F.);
#248=ORIENTED_EDGE('',*,*,#1076,.F.);
#249=ORIENTED_EDGE('',*,*,#1077,.T.);
#250=ORIENTED_EDGE('',*,*,#1078,.F.);
#251=ORIENTED_EDGE('',*,*,#1079,.T.);
#252=ORIENTED_EDGE('',*,*,#1080,.F.);
#253=ORIENTED_EDGE('',*,*,#1081,.F.);
#254=ORIENTED_EDGE('',*,*,#1082,.T.);
#255=ORIENTED_EDGE('',*,*,#1083,.F.);
#256=ORIENTED_EDGE('',*,*,#1084,.F.);
#257=ORIENTED_EDGE('',*,*,#1085,.F.);
#258=ORIENTED_EDGE('',*,*,#1086,.T.);
#259=ORIENTED_EDGE('',*,*,#1087,.F.);
#260=ORIENTED_EDGE('',*,*,#1088,.F.);
#261=ORIENTED_EDGE('',*,*,#1089,.F.);
#262=ORIENTED_EDGE('',*,*,#1090,.F.);
#263=ORIENTED_EDGE('',*,*,#1091,.T.);
#264=ORIENTED_EDGE('',*,*,#1092,.T.);
#265=ORIENTED_EDGE('',*,*,#1093,.F.);
#266=ORIENTED_EDGE('',*,*,#1094,.F.);
#267=ORIENTED_EDGE('',*,*,#1095,.F.);
#268=ORIENTED_EDGE('',*,*,#1096,.F.);
#269=ORIENTED_EDGE('',*,*,#1097,.F.);
#270=ORIENTED_EDGE('',*,*,#1098,.T.);
#271=ORIENTED_EDGE('',*,*,#1099,.F.);
#272=ORIENTED_EDGE('',*,*,#1100,.F.);
#273=ORIENTED_EDGE('',*,*,#1101,.F.);
#274=ORIENTED_EDGE('',*,*,#1102,.F.);
#275=ORIENTED_EDGE('',*,*,#1103,.F.);
#276=ORIENTED_EDGE('',*,*,#1104,.T.);
#277=ORIENTED_EDGE('',*,*,#1105,.F.);
#278=ORIENTED_EDGE('',*,*,#1106,.F.);
#279=ORIENTED_EDGE('',*,*,#1107,.T.);
#280=ORIENTED_EDGE('',*,*,#1108,.F.);
#281=ORIENTED_EDGE('',*,*,#1109,.T.);
#282=ORIENTED_EDGE('',*,*,#1110,.F.);
#283=ORIENTED_EDGE('',*,*,#1111,.T.);
#284=ORIENTED_EDGE('',*,*,#1112,.F.);
#285=ORIENTED_EDGE('',*,*,#1113,.F.);
#286=ORIENTED_EDGE('',*,*,#1114,.F.);
#287=ORIENTED_EDGE('',*,*,#1115,.F.);
#288=ORIENTED_EDGE('',*,*,#1116,.F.);
#289=ORIENTED_EDGE('',*,*,#1117,.F.);
#290=ORIENTED_EDGE('',*,*,#1118,.F.);
#291=ORIENTED_EDGE('',*,*,#1119,.T.);
#292=ORIENTED_EDGE('',*,*,#1120,.F.);
#293=ORIENTED_EDGE('',*,*,#1121,.F.);
#294=ORIENTED_EDGE('',*,*,#1122,.F.);
#295=ORIENTED_EDGE('',*,*,#1123,.T.);
#296=ORIENTED_EDGE('',*,*,#1124,.F.);
#297=ORIENTED_EDGE('',*,*,#1125,.F.);
#298=ORIENTED_EDGE('',*,*,#1126,.F.);
#299=ORIENTED_EDGE('',*,*,#1127,.T.);
#300=ORIENTED_EDGE('',*,*,#1128,.F.);
#301=ORIENTED_EDGE('',*,*,#1129,.T.);
#302=ORIENTED_EDGE('',*,*,#1130,.F.);
#303=ORIENTED_EDGE('',*,*,#1131,.F.);
#304=ORIENTED_EDGE('',*,*,#1132,.F.);
#305=ORIENTED_EDGE('',*,*,#1133,.F.);
#306=ORIENTED_EDGE('',*,*,#1134,.T.);
#307=ORIENTED_EDGE('',*,*,#1135,.F.);
#308=ORIENTED_EDGE('',*,*,#1136,.F.);
#309=ORIENTED_EDGE('',*,*,#1137,.F.);
#310=ORIENTED_EDGE('',*,*,#1138,.T.);
#311=ORIENTED_EDGE('',*,*,#1139,.F.);
#312=ORIENTED_EDGE('',*,*,#1140,.F.);
#313=ORIENTED_EDGE('',*,*,#1141,.F.);
#314=ORIENTED_EDGE('',*,*,#1142,.F.);
#315=ORIENTED_EDGE('',*,*,#1143,.F.);
#316=ORIENTED_EDGE('',*,*,#1144,.F.);
#317=ORIENTED_EDGE('',*,*,#1084,.T.);
#318=ORIENTED_EDGE('',*,*,#1145,.F.);
#319=ORIENTED_EDGE('',*,*,#1146,.F.);
#320=ORIENTED_EDGE('',*,*,#1147,.F.);
#321=ORIENTED_EDGE('',*,*,#1111,.F.);
#322=ORIENTED_EDGE('',*,*,#1148,.F.);
#323=ORIENTED_EDGE('',*,*,#1149,.F.);
#324=ORIENTED_EDGE('',*,*,#1150,.F.);
#325=ORIENTED_EDGE('',*,*,#1151,.T.);
#326=ORIENTED_EDGE('',*,*,#1086,.F.);
#327=ORIENTED_EDGE('',*,*,#1152,.F.);
#328=ORIENTED_EDGE('',*,*,#1153,.T.);
#329=ORIENTED_EDGE('',*,*,#1154,.F.);
#330=ORIENTED_EDGE('',*,*,#1155,.F.);
#331=ORIENTED_EDGE('',*,*,#1153,.F.);
#332=ORIENTED_EDGE('',*,*,#1156,.F.);
#333=ORIENTED_EDGE('',*,*,#1143,.T.);
#334=ORIENTED_EDGE('',*,*,#1157,.F.);
#335=ORIENTED_EDGE('',*,*,#1158,.F.);
#336=ORIENTED_EDGE('',*,*,#1159,.F.);
#337=ORIENTED_EDGE('',*,*,#1160,.F.);
#338=ORIENTED_EDGE('',*,*,#1080,.T.);
#339=ORIENTED_EDGE('',*,*,#1161,.F.);
#340=ORIENTED_EDGE('',*,*,#1162,.F.);
#341=ORIENTED_EDGE('',*,*,#1163,.F.);
#342=ORIENTED_EDGE('',*,*,#1164,.F.);
#343=ORIENTED_EDGE('',*,*,#1113,.T.);
#344=ORIENTED_EDGE('',*,*,#1165,.F.);
#345=ORIENTED_EDGE('',*,*,#1166,.T.);
#346=ORIENTED_EDGE('',*,*,#1167,.F.);
#347=ORIENTED_EDGE('',*,*,#1082,.F.);
#348=ORIENTED_EDGE('',*,*,#1168,.F.);
#349=ORIENTED_EDGE('',*,*,#1169,.T.);
#350=ORIENTED_EDGE('',*,*,#1170,.F.);
#351=ORIENTED_EDGE('',*,*,#1171,.F.);
#352=ORIENTED_EDGE('',*,*,#1169,.F.);
#353=ORIENTED_EDGE('',*,*,#1172,.F.);
#354=ORIENTED_EDGE('',*,*,#1159,.T.);
#355=ORIENTED_EDGE('',*,*,#1173,.F.);
#356=ORIENTED_EDGE('',*,*,#1174,.F.);
#357=ORIENTED_EDGE('',*,*,#1175,.F.);
#358=ORIENTED_EDGE('',*,*,#1176,.F.);
#359=ORIENTED_EDGE('',*,*,#1075,.T.);
#360=ORIENTED_EDGE('',*,*,#1177,.F.);
#361=ORIENTED_EDGE('',*,*,#1178,.F.);
#362=ORIENTED_EDGE('',*,*,#1179,.F.);
#363=ORIENTED_EDGE('',*,*,#1119,.F.);
#364=ORIENTED_EDGE('',*,*,#1180,.F.);
#365=ORIENTED_EDGE('',*,*,#1181,.F.);
#366=ORIENTED_EDGE('',*,*,#1182,.T.);
#367=ORIENTED_EDGE('',*,*,#1183,.T.);
#368=ORIENTED_EDGE('',*,*,#1184,.F.);
#369=ORIENTED_EDGE('',*,*,#1077,.F.);
#370=ORIENTED_EDGE('',*,*,#1185,.F.);
#371=ORIENTED_EDGE('',*,*,#1186,.T.);
#372=ORIENTED_EDGE('',*,*,#1187,.F.);
#373=ORIENTED_EDGE('',*,*,#1188,.F.);
#374=ORIENTED_EDGE('',*,*,#1117,.T.);
#375=ORIENTED_EDGE('',*,*,#1189,.F.);
#376=ORIENTED_EDGE('',*,*,#1186,.F.);
#377=ORIENTED_EDGE('',*,*,#1190,.F.);
#378=ORIENTED_EDGE('',*,*,#1175,.T.);
#379=ORIENTED_EDGE('',*,*,#1191,.F.);
#380=ORIENTED_EDGE('',*,*,#1192,.F.);
#381=ORIENTED_EDGE('',*,*,#1121,.T.);
#382=ORIENTED_EDGE('',*,*,#1193,.F.);
#383=ORIENTED_EDGE('',*,*,#1194,.T.);
#384=ORIENTED_EDGE('',*,*,#1195,.F.);
#385=ORIENTED_EDGE('',*,*,#1091,.F.);
#386=ORIENTED_EDGE('',*,*,#1196,.F.);
#387=ORIENTED_EDGE('',*,*,#1197,.T.);
#388=ORIENTED_EDGE('',*,*,#1198,.F.);
#389=ORIENTED_EDGE('',*,*,#1199,.F.);
#390=ORIENTED_EDGE('',*,*,#1200,.F.);
#391=ORIENTED_EDGE('',*,*,#1107,.F.);
#392=ORIENTED_EDGE('',*,*,#1201,.F.);
#393=ORIENTED_EDGE('',*,*,#1202,.F.);
#394=ORIENTED_EDGE('',*,*,#1203,.F.);
#395=ORIENTED_EDGE('',*,*,#1204,.F.);
#396=ORIENTED_EDGE('',*,*,#1089,.T.);
#397=ORIENTED_EDGE('',*,*,#1205,.F.);
#398=ORIENTED_EDGE('',*,*,#1197,.F.);
#399=ORIENTED_EDGE('',*,*,#1206,.F.);
#400=ORIENTED_EDGE('',*,*,#1203,.T.);
#401=ORIENTED_EDGE('',*,*,#1207,.F.);
#402=ORIENTED_EDGE('',*,*,#1127,.F.);
#403=ORIENTED_EDGE('',*,*,#1208,.F.);
#404=ORIENTED_EDGE('',*,*,#1096,.T.);
#405=ORIENTED_EDGE('',*,*,#1209,.F.);
#406=ORIENTED_EDGE('',*,*,#1125,.T.);
#407=ORIENTED_EDGE('',*,*,#1210,.F.);
#408=ORIENTED_EDGE('',*,*,#1098,.F.);
#409=ORIENTED_EDGE('',*,*,#1211,.F.);
#410=ORIENTED_EDGE('',*,*,#1100,.T.);
#411=ORIENTED_EDGE('',*,*,#1212,.F.);
#412=ORIENTED_EDGE('',*,*,#1123,.F.);
#413=ORIENTED_EDGE('',*,*,#1213,.F.);
#414=ORIENTED_EDGE('',*,*,#1131,.T.);
#415=ORIENTED_EDGE('',*,*,#1214,.F.);
#416=ORIENTED_EDGE('',*,*,#1092,.F.);
#417=ORIENTED_EDGE('',*,*,#1215,.F.);
#418=ORIENTED_EDGE('',*,*,#1194,.F.);
#419=ORIENTED_EDGE('',*,*,#1216,.F.);
#420=ORIENTED_EDGE('',*,*,#1178,.T.);
#421=ORIENTED_EDGE('',*,*,#1217,.F.);
#422=ORIENTED_EDGE('',*,*,#1115,.T.);
#423=ORIENTED_EDGE('',*,*,#1218,.F.);
#424=ORIENTED_EDGE('',*,*,#1161,.T.);
#425=ORIENTED_EDGE('',*,*,#1079,.F.);
#426=ORIENTED_EDGE('',*,*,#1219,.F.);
#427=ORIENTED_EDGE('',*,*,#1166,.F.);
#428=ORIENTED_EDGE('',*,*,#1220,.F.);
#429=ORIENTED_EDGE('',*,*,#1146,.T.);
#430=ORIENTED_EDGE('',*,*,#1221,.F.);
#431=ORIENTED_EDGE('',*,*,#1087,.T.);
#432=ORIENTED_EDGE('',*,*,#1151,.F.);
#433=ORIENTED_EDGE('',*,*,#1222,.F.);
#434=ORIENTED_EDGE('',*,*,#1109,.F.);
#435=ORIENTED_EDGE('',*,*,#1223,.F.);
#436=ORIENTED_EDGE('',*,*,#1129,.F.);
#437=ORIENTED_EDGE('',*,*,#1224,.F.);
#438=ORIENTED_EDGE('',*,*,#1094,.T.);
#439=ORIENTED_EDGE('',*,*,#1225,.F.);
#440=ORIENTED_EDGE('',*,*,#1144,.T.);
#441=ORIENTED_EDGE('',*,*,#1156,.T.);
#442=ORIENTED_EDGE('',*,*,#1152,.T.);
#443=ORIENTED_EDGE('',*,*,#1085,.T.);
#444=ORIENTED_EDGE('',*,*,#1160,.T.);
#445=ORIENTED_EDGE('',*,*,#1172,.T.);
#446=ORIENTED_EDGE('',*,*,#1168,.T.);
#447=ORIENTED_EDGE('',*,*,#1081,.T.);
#448=ORIENTED_EDGE('',*,*,#1190,.T.);
#449=ORIENTED_EDGE('',*,*,#1185,.T.);
#450=ORIENTED_EDGE('',*,*,#1076,.T.);
#451=ORIENTED_EDGE('',*,*,#1176,.T.);
#452=ORIENTED_EDGE('',*,*,#1206,.T.);
#453=ORIENTED_EDGE('',*,*,#1196,.T.);
#454=ORIENTED_EDGE('',*,*,#1090,.T.);
#455=ORIENTED_EDGE('',*,*,#1204,.T.);
#456=ORIENTED_EDGE('',*,*,#1177,.T.);
#457=ORIENTED_EDGE('',*,*,#1074,.T.);
#458=ORIENTED_EDGE('',*,*,#1195,.T.);
#459=ORIENTED_EDGE('',*,*,#1217,.T.);
#460=ORIENTED_EDGE('',*,*,#1179,.T.);
#461=ORIENTED_EDGE('',*,*,#1216,.T.);
#462=ORIENTED_EDGE('',*,*,#1193,.T.);
#463=ORIENTED_EDGE('',*,*,#1120,.T.);
#464=ORIENTED_EDGE('',*,*,#1167,.T.);
#465=ORIENTED_EDGE('',*,*,#1221,.T.);
#466=ORIENTED_EDGE('',*,*,#1145,.T.);
#467=ORIENTED_EDGE('',*,*,#1083,.T.);
#468=ORIENTED_EDGE('',*,*,#1165,.T.);
#469=ORIENTED_EDGE('',*,*,#1112,.T.);
#470=ORIENTED_EDGE('',*,*,#1147,.T.);
#471=ORIENTED_EDGE('',*,*,#1220,.T.);
#472=ORIENTED_EDGE('',*,*,#1130,.T.);
#473=ORIENTED_EDGE('',*,*,#1225,.T.);
#474=ORIENTED_EDGE('',*,*,#1093,.T.);
#475=ORIENTED_EDGE('',*,*,#1214,.T.);
#476=ORIENTED_EDGE('',*,*,#1128,.T.);
#477=ORIENTED_EDGE('',*,*,#1209,.T.);
#478=ORIENTED_EDGE('',*,*,#1095,.T.);
#479=ORIENTED_EDGE('',*,*,#1224,.T.);
#480=ORIENTED_EDGE('',*,*,#1126,.T.);
#481=ORIENTED_EDGE('',*,*,#1211,.T.);
#482=ORIENTED_EDGE('',*,*,#1097,.T.);
#483=ORIENTED_EDGE('',*,*,#1208,.T.);
#484=ORIENTED_EDGE('',*,*,#1124,.T.);
#485=ORIENTED_EDGE('',*,*,#1212,.T.);
#486=ORIENTED_EDGE('',*,*,#1099,.T.);
#487=ORIENTED_EDGE('',*,*,#1210,.T.);
#488=ORIENTED_EDGE('',*,*,#1215,.T.);
#489=ORIENTED_EDGE('',*,*,#1102,.T.);
#490=ORIENTED_EDGE('',*,*,#1226,.T.);
#491=ORIENTED_EDGE('',*,*,#1132,.T.);
#492=ORIENTED_EDGE('',*,*,#1133,.T.);
#493=ORIENTED_EDGE('',*,*,#1226,.F.);
#494=ORIENTED_EDGE('',*,*,#1101,.T.);
#495=ORIENTED_EDGE('',*,*,#1213,.T.);
#496=ORIENTED_EDGE('',*,*,#1154,.T.);
#497=ORIENTED_EDGE('',*,*,#1157,.T.);
#498=ORIENTED_EDGE('',*,*,#1149,.T.);
#499=ORIENTED_EDGE('',*,*,#1227,.F.);
#500=ORIENTED_EDGE('',*,*,#1170,.T.);
#501=ORIENTED_EDGE('',*,*,#1173,.T.);
#502=ORIENTED_EDGE('',*,*,#1163,.T.);
#503=ORIENTED_EDGE('',*,*,#1228,.F.);
#504=ORIENTED_EDGE('',*,*,#1187,.T.);
#505=ORIENTED_EDGE('',*,*,#1191,.T.);
#506=ORIENTED_EDGE('',*,*,#1181,.T.);
#507=ORIENTED_EDGE('',*,*,#1229,.F.);
#508=ORIENTED_EDGE('',*,*,#1198,.T.);
#509=ORIENTED_EDGE('',*,*,#1207,.T.);
#510=ORIENTED_EDGE('',*,*,#1202,.T.);
#511=ORIENTED_EDGE('',*,*,#1230,.F.);
#512=ORIENTED_EDGE('',*,*,#1201,.T.);
#513=ORIENTED_EDGE('',*,*,#1122,.T.);
#514=ORIENTED_EDGE('',*,*,#1199,.T.);
#515=ORIENTED_EDGE('',*,*,#1230,.T.);
#516=ORIENTED_EDGE('',*,*,#1180,.T.);
#517=ORIENTED_EDGE('',*,*,#1118,.T.);
#518=ORIENTED_EDGE('',*,*,#1188,.T.);
#519=ORIENTED_EDGE('',*,*,#1229,.T.);
#520=ORIENTED_EDGE('',*,*,#1171,.T.);
#521=ORIENTED_EDGE('',*,*,#1228,.T.);
#522=ORIENTED_EDGE('',*,*,#1162,.T.);
#523=ORIENTED_EDGE('',*,*,#1218,.T.);
#524=ORIENTED_EDGE('',*,*,#1114,.T.);
#525=ORIENTED_EDGE('',*,*,#1222,.T.);
#526=ORIENTED_EDGE('',*,*,#1155,.T.);
#527=ORIENTED_EDGE('',*,*,#1227,.T.);
#528=ORIENTED_EDGE('',*,*,#1148,.T.);
#529=ORIENTED_EDGE('',*,*,#1110,.T.);
#530=ORIENTED_EDGE('',*,*,#1231,.F.);
#531=ORIENTED_EDGE('',*,*,#1232,.F.);
#532=ORIENTED_EDGE('',*,*,#1233,.F.);
#533=ORIENTED_EDGE('',*,*,#1234,.F.);
#534=ORIENTED_EDGE('',*,*,#1235,.F.);
#535=ORIENTED_EDGE('',*,*,#1236,.F.);
#536=ORIENTED_EDGE('',*,*,#1237,.F.);
#537=ORIENTED_EDGE('',*,*,#1238,.F.);
#538=ORIENTED_EDGE('',*,*,#1142,.T.);
#539=ORIENTED_EDGE('',*,*,#1237,.T.);
#540=ORIENTED_EDGE('',*,*,#1235,.T.);
#541=ORIENTED_EDGE('',*,*,#1164,.T.);
#542=ORIENTED_EDGE('',*,*,#1238,.T.);
#543=ORIENTED_EDGE('',*,*,#1150,.T.);
#544=ORIENTED_EDGE('',*,*,#1158,.T.);
#545=ORIENTED_EDGE('',*,*,#1236,.T.);
#546=ORIENTED_EDGE('',*,*,#1231,.T.);
#547=ORIENTED_EDGE('',*,*,#1192,.T.);
#548=ORIENTED_EDGE('',*,*,#1174,.T.);
#549=ORIENTED_EDGE('',*,*,#1233,.T.);
#550=ORIENTED_EDGE('',*,*,#1200,.T.);
#551=ORIENTED_EDGE('',*,*,#1232,.T.);
#552=ORIENTED_EDGE('',*,*,#1184,.T.);
#553=ORIENTED_EDGE('',*,*,#1234,.T.);
#554=ORIENTED_EDGE('',*,*,#1116,.T.);
#555=ORIENTED_EDGE('',*,*,#1219,.T.);
#556=ORIENTED_EDGE('',*,*,#1078,.T.);
#557=ORIENTED_EDGE('',*,*,#1189,.T.);
#558=ORIENTED_EDGE('',*,*,#1108,.T.);
#559=ORIENTED_EDGE('',*,*,#1205,.T.);
#560=ORIENTED_EDGE('',*,*,#1088,.T.);
#561=ORIENTED_EDGE('',*,*,#1223,.T.);
#562=ORIENTED_EDGE('',*,*,#1239,.T.);
#563=ORIENTED_EDGE('',*,*,#1183,.F.);
#564=ORIENTED_EDGE('',*,*,#1240,.T.);
#565=ORIENTED_EDGE('',*,*,#1182,.F.);
#566=ORIENTED_EDGE('',*,*,#1241,.T.);
#567=ORIENTED_EDGE('',*,*,#1242,.F.);
#568=ORIENTED_EDGE('',*,*,#1243,.F.);
#569=ORIENTED_EDGE('',*,*,#1244,.F.);
#570=ORIENTED_EDGE('',*,*,#1245,.T.);
#571=ORIENTED_EDGE('',*,*,#1246,.F.);
#572=ORIENTED_EDGE('',*,*,#1247,.F.);
#573=ORIENTED_EDGE('',*,*,#1248,.F.);
#574=ORIENTED_EDGE('',*,*,#1243,.T.);
#575=ORIENTED_EDGE('',*,*,#1249,.F.);
#576=ORIENTED_EDGE('',*,*,#1104,.F.);
#577=ORIENTED_EDGE('',*,*,#1250,.F.);
#578=ORIENTED_EDGE('',*,*,#1245,.F.);
#579=ORIENTED_EDGE('',*,*,#1251,.F.);
#580=ORIENTED_EDGE('',*,*,#1140,.T.);
#581=ORIENTED_EDGE('',*,*,#1252,.F.);
#582=ORIENTED_EDGE('',*,*,#1253,.T.);
#583=ORIENTED_EDGE('',*,*,#1138,.F.);
#584=ORIENTED_EDGE('',*,*,#1254,.F.);
#585=ORIENTED_EDGE('',*,*,#1247,.T.);
#586=ORIENTED_EDGE('',*,*,#1255,.F.);
#587=ORIENTED_EDGE('',*,*,#1106,.T.);
#588=ORIENTED_EDGE('',*,*,#1256,.F.);
#589=ORIENTED_EDGE('',*,*,#1241,.F.);
#590=ORIENTED_EDGE('',*,*,#1257,.F.);
#591=ORIENTED_EDGE('',*,*,#1240,.F.);
#592=ORIENTED_EDGE('',*,*,#1258,.F.);
#593=ORIENTED_EDGE('',*,*,#1258,.T.);
#594=ORIENTED_EDGE('',*,*,#1253,.F.);
#595=ORIENTED_EDGE('',*,*,#1259,.T.);
#596=ORIENTED_EDGE('',*,*,#1260,.F.);
#597=ORIENTED_EDGE('',*,*,#1261,.F.);
#598=ORIENTED_EDGE('',*,*,#1262,.F.);
#599=ORIENTED_EDGE('',*,*,#1263,.T.);
#600=ORIENTED_EDGE('',*,*,#1264,.F.);
#601=ORIENTED_EDGE('',*,*,#1265,.F.);
#602=ORIENTED_EDGE('',*,*,#1266,.F.);
#603=ORIENTED_EDGE('',*,*,#1261,.T.);
#604=ORIENTED_EDGE('',*,*,#1267,.F.);
#605=ORIENTED_EDGE('',*,*,#1071,.F.);
#606=ORIENTED_EDGE('',*,*,#1268,.F.);
#607=ORIENTED_EDGE('',*,*,#1263,.F.);
#608=ORIENTED_EDGE('',*,*,#1269,.F.);
#609=ORIENTED_EDGE('',*,*,#1136,.T.);
#610=ORIENTED_EDGE('',*,*,#1270,.F.);
#611=ORIENTED_EDGE('',*,*,#1271,.T.);
#612=ORIENTED_EDGE('',*,*,#1134,.F.);
#613=ORIENTED_EDGE('',*,*,#1272,.F.);
#614=ORIENTED_EDGE('',*,*,#1265,.T.);
#615=ORIENTED_EDGE('',*,*,#1273,.F.);
#616=ORIENTED_EDGE('',*,*,#1073,.T.);
#617=ORIENTED_EDGE('',*,*,#1274,.F.);
#618=ORIENTED_EDGE('',*,*,#1259,.F.);
#619=ORIENTED_EDGE('',*,*,#1275,.F.);
#620=ORIENTED_EDGE('',*,*,#1239,.F.);
#621=ORIENTED_EDGE('',*,*,#1276,.F.);
#622=ORIENTED_EDGE('',*,*,#1276,.T.);
#623=ORIENTED_EDGE('',*,*,#1271,.F.);
#624=ORIENTED_EDGE('',*,*,#1269,.T.);
#625=ORIENTED_EDGE('',*,*,#1266,.T.);
#626=ORIENTED_EDGE('',*,*,#1272,.T.);
#627=ORIENTED_EDGE('',*,*,#1137,.T.);
#628=ORIENTED_EDGE('',*,*,#1270,.T.);
#629=ORIENTED_EDGE('',*,*,#1135,.T.);
#630=ORIENTED_EDGE('',*,*,#1275,.T.);
#631=ORIENTED_EDGE('',*,*,#1262,.T.);
#632=ORIENTED_EDGE('',*,*,#1251,.T.);
#633=ORIENTED_EDGE('',*,*,#1248,.T.);
#634=ORIENTED_EDGE('',*,*,#1254,.T.);
#635=ORIENTED_EDGE('',*,*,#1141,.T.);
#636=ORIENTED_EDGE('',*,*,#1252,.T.);
#637=ORIENTED_EDGE('',*,*,#1139,.T.);
#638=ORIENTED_EDGE('',*,*,#1257,.T.);
#639=ORIENTED_EDGE('',*,*,#1244,.T.);
#640=ORIENTED_EDGE('',*,*,#1268,.T.);
#641=ORIENTED_EDGE('',*,*,#1070,.T.);
#642=ORIENTED_EDGE('',*,*,#1273,.T.);
#643=ORIENTED_EDGE('',*,*,#1264,.T.);
#644=ORIENTED_EDGE('',*,*,#1267,.T.);
#645=ORIENTED_EDGE('',*,*,#1260,.T.);
#646=ORIENTED_EDGE('',*,*,#1274,.T.);
#647=ORIENTED_EDGE('',*,*,#1072,.T.);
#648=ORIENTED_EDGE('',*,*,#1250,.T.);
#649=ORIENTED_EDGE('',*,*,#1103,.T.);
#650=ORIENTED_EDGE('',*,*,#1255,.T.);
#651=ORIENTED_EDGE('',*,*,#1246,.T.);
#652=ORIENTED_EDGE('',*,*,#1249,.T.);
#653=ORIENTED_EDGE('',*,*,#1242,.T.);
#654=ORIENTED_EDGE('',*,*,#1256,.T.);
#655=ORIENTED_EDGE('',*,*,#1105,.T.);
#656=ORIENTED_EDGE('',*,*,#1277,.T.);
#657=ORIENTED_EDGE('',*,*,#1278,.T.);
#658=ORIENTED_EDGE('',*,*,#1279,.T.);
#659=ORIENTED_EDGE('',*,*,#1280,.F.);
#660=ORIENTED_EDGE('',*,*,#1281,.T.);
#661=ORIENTED_EDGE('',*,*,#1282,.F.);
#662=ORIENTED_EDGE('',*,*,#1283,.T.);
#663=ORIENTED_EDGE('',*,*,#1284,.T.);
#664=ORIENTED_EDGE('',*,*,#1285,.T.);
#665=ORIENTED_EDGE('',*,*,#1286,.T.);
#666=ORIENTED_EDGE('',*,*,#1287,.F.);
#667=ORIENTED_EDGE('',*,*,#1288,.T.);
#668=ORIENTED_EDGE('',*,*,#1289,.T.);
#669=ORIENTED_EDGE('',*,*,#1290,.T.);
#670=ORIENTED_EDGE('',*,*,#1291,.F.);
#671=ORIENTED_EDGE('',*,*,#1292,.T.);
#672=ORIENTED_EDGE('',*,*,#1293,.T.);
#673=ORIENTED_EDGE('',*,*,#1294,.F.);
#674=ORIENTED_EDGE('',*,*,#1295,.T.);
#675=ORIENTED_EDGE('',*,*,#1296,.F.);
#676=ORIENTED_EDGE('',*,*,#1297,.T.);
#677=ORIENTED_EDGE('',*,*,#1298,.T.);
#678=ORIENTED_EDGE('',*,*,#1299,.F.);
#679=ORIENTED_EDGE('',*,*,#1300,.T.);
#680=ORIENTED_EDGE('',*,*,#1301,.T.);
#681=ORIENTED_EDGE('',*,*,#1302,.T.);
#682=ORIENTED_EDGE('',*,*,#1303,.T.);
#683=ORIENTED_EDGE('',*,*,#1304,.F.);
#684=ORIENTED_EDGE('',*,*,#1305,.T.);
#685=ORIENTED_EDGE('',*,*,#1306,.T.);
#686=ORIENTED_EDGE('',*,*,#1307,.T.);
#687=ORIENTED_EDGE('',*,*,#1308,.T.);
#688=ORIENTED_EDGE('',*,*,#1309,.T.);
#689=ORIENTED_EDGE('',*,*,#1310,.T.);
#690=ORIENTED_EDGE('',*,*,#1311,.T.);
#691=ORIENTED_EDGE('',*,*,#1312,.T.);
#692=ORIENTED_EDGE('',*,*,#1313,.F.);
#693=ORIENTED_EDGE('',*,*,#1314,.F.);
#694=ORIENTED_EDGE('',*,*,#1315,.T.);
#695=ORIENTED_EDGE('',*,*,#1316,.T.);
#696=ORIENTED_EDGE('',*,*,#1317,.T.);
#697=ORIENTED_EDGE('',*,*,#1318,.F.);
#698=ORIENTED_EDGE('',*,*,#1319,.T.);
#699=ORIENTED_EDGE('',*,*,#1320,.T.);
#700=ORIENTED_EDGE('',*,*,#1321,.T.);
#701=ORIENTED_EDGE('',*,*,#1322,.T.);
#702=ORIENTED_EDGE('',*,*,#1323,.T.);
#703=ORIENTED_EDGE('',*,*,#1324,.T.);
#704=ORIENTED_EDGE('',*,*,#1325,.T.);
#705=ORIENTED_EDGE('',*,*,#1326,.F.);
#706=ORIENTED_EDGE('',*,*,#1327,.T.);
#707=ORIENTED_EDGE('',*,*,#1328,.F.);
#708=ORIENTED_EDGE('',*,*,#1329,.T.);
#709=ORIENTED_EDGE('',*,*,#1330,.F.);
#710=ORIENTED_EDGE('',*,*,#1331,.T.);
#711=ORIENTED_EDGE('',*,*,#1332,.T.);
#712=ORIENTED_EDGE('',*,*,#1333,.T.);
#713=ORIENTED_EDGE('',*,*,#1334,.T.);
#714=ORIENTED_EDGE('',*,*,#1335,.F.);
#715=ORIENTED_EDGE('',*,*,#1336,.T.);
#716=ORIENTED_EDGE('',*,*,#1337,.F.);
#717=ORIENTED_EDGE('',*,*,#1338,.T.);
#718=ORIENTED_EDGE('',*,*,#1339,.T.);
#719=ORIENTED_EDGE('',*,*,#1340,.T.);
#720=ORIENTED_EDGE('',*,*,#1341,.F.);
#721=ORIENTED_EDGE('',*,*,#1342,.T.);
#722=ORIENTED_EDGE('',*,*,#1343,.T.);
#723=ORIENTED_EDGE('',*,*,#1344,.T.);
#724=ORIENTED_EDGE('',*,*,#1345,.F.);
#725=ORIENTED_EDGE('',*,*,#1346,.T.);
#726=ORIENTED_EDGE('',*,*,#1347,.T.);
#727=ORIENTED_EDGE('',*,*,#1348,.T.);
#728=ORIENTED_EDGE('',*,*,#1349,.T.);
#729=ORIENTED_EDGE('',*,*,#1350,.T.);
#730=ORIENTED_EDGE('',*,*,#1351,.T.);
#731=ORIENTED_EDGE('',*,*,#1352,.T.);
#732=ORIENTED_EDGE('',*,*,#1326,.T.);
#733=ORIENTED_EDGE('',*,*,#1353,.T.);
#734=ORIENTED_EDGE('',*,*,#1354,.T.);
#735=ORIENTED_EDGE('',*,*,#1355,.T.);
#736=ORIENTED_EDGE('',*,*,#1289,.F.);
#737=ORIENTED_EDGE('',*,*,#1356,.T.);
#738=ORIENTED_EDGE('',*,*,#1357,.T.);
#739=ORIENTED_EDGE('',*,*,#1358,.F.);
#740=ORIENTED_EDGE('',*,*,#1359,.T.);
#741=ORIENTED_EDGE('',*,*,#1360,.T.);
#742=ORIENTED_EDGE('',*,*,#1361,.F.);
#743=ORIENTED_EDGE('',*,*,#1362,.T.);
#744=ORIENTED_EDGE('',*,*,#1287,.T.);
#745=ORIENTED_EDGE('',*,*,#1361,.T.);
#746=ORIENTED_EDGE('',*,*,#1363,.T.);
#747=ORIENTED_EDGE('',*,*,#1350,.F.);
#748=ORIENTED_EDGE('',*,*,#1364,.T.);
#749=ORIENTED_EDGE('',*,*,#1365,.T.);
#750=ORIENTED_EDGE('',*,*,#1366,.T.);
#751=ORIENTED_EDGE('',*,*,#1367,.T.);
#752=ORIENTED_EDGE('',*,*,#1368,.T.);
#753=ORIENTED_EDGE('',*,*,#1369,.T.);
#754=ORIENTED_EDGE('',*,*,#1293,.F.);
#755=ORIENTED_EDGE('',*,*,#1370,.T.);
#756=ORIENTED_EDGE('',*,*,#1371,.T.);
#757=ORIENTED_EDGE('',*,*,#1324,.F.);
#758=ORIENTED_EDGE('',*,*,#1372,.T.);
#759=ORIENTED_EDGE('',*,*,#1373,.T.);
#760=ORIENTED_EDGE('',*,*,#1374,.F.);
#761=ORIENTED_EDGE('',*,*,#1375,.T.);
#762=ORIENTED_EDGE('',*,*,#1291,.T.);
#763=ORIENTED_EDGE('',*,*,#1376,.T.);
#764=ORIENTED_EDGE('',*,*,#1377,.F.);
#765=ORIENTED_EDGE('',*,*,#1378,.T.);
#766=ORIENTED_EDGE('',*,*,#1374,.T.);
#767=ORIENTED_EDGE('',*,*,#1379,.T.);
#768=ORIENTED_EDGE('',*,*,#1366,.F.);
#769=ORIENTED_EDGE('',*,*,#1380,.T.);
#770=ORIENTED_EDGE('',*,*,#1381,.T.);
#771=ORIENTED_EDGE('',*,*,#1382,.T.);
#772=ORIENTED_EDGE('',*,*,#1383,.T.);
#773=ORIENTED_EDGE('',*,*,#1384,.T.);
#774=ORIENTED_EDGE('',*,*,#1318,.T.);
#775=ORIENTED_EDGE('',*,*,#1385,.T.);
#776=ORIENTED_EDGE('',*,*,#1386,.T.);
#777=ORIENTED_EDGE('',*,*,#1387,.T.);
#778=ORIENTED_EDGE('',*,*,#1298,.F.);
#779=ORIENTED_EDGE('',*,*,#1388,.T.);
#780=ORIENTED_EDGE('',*,*,#1389,.F.);
#781=ORIENTED_EDGE('',*,*,#1390,.F.);
#782=ORIENTED_EDGE('',*,*,#1391,.T.);
#783=ORIENTED_EDGE('',*,*,#1296,.T.);
#784=ORIENTED_EDGE('',*,*,#1392,.T.);
#785=ORIENTED_EDGE('',*,*,#1320,.F.);
#786=ORIENTED_EDGE('',*,*,#1393,.T.);
#787=ORIENTED_EDGE('',*,*,#1394,.T.);
#788=ORIENTED_EDGE('',*,*,#1395,.F.);
#789=ORIENTED_EDGE('',*,*,#1396,.T.);
#790=ORIENTED_EDGE('',*,*,#1395,.T.);
#791=ORIENTED_EDGE('',*,*,#1397,.T.);
#792=ORIENTED_EDGE('',*,*,#1382,.F.);
#793=ORIENTED_EDGE('',*,*,#1398,.T.);
#794=ORIENTED_EDGE('',*,*,#1399,.T.);
#795=ORIENTED_EDGE('',*,*,#1316,.F.);
#796=ORIENTED_EDGE('',*,*,#1400,.T.);
#797=ORIENTED_EDGE('',*,*,#1401,.T.);
#798=ORIENTED_EDGE('',*,*,#1402,.F.);
#799=ORIENTED_EDGE('',*,*,#1403,.T.);
#800=ORIENTED_EDGE('',*,*,#1282,.T.);
#801=ORIENTED_EDGE('',*,*,#1404,.T.);
#802=ORIENTED_EDGE('',*,*,#1405,.F.);
#803=ORIENTED_EDGE('',*,*,#1406,.T.);
#804=ORIENTED_EDGE('',*,*,#1407,.T.);
#805=ORIENTED_EDGE('',*,*,#1314,.T.);
#806=ORIENTED_EDGE('',*,*,#1408,.T.);
#807=ORIENTED_EDGE('',*,*,#1284,.F.);
#808=ORIENTED_EDGE('',*,*,#1409,.T.);
#809=ORIENTED_EDGE('',*,*,#1410,.T.);
#810=ORIENTED_EDGE('',*,*,#1411,.T.);
#811=ORIENTED_EDGE('',*,*,#1412,.T.);
#812=ORIENTED_EDGE('',*,*,#1402,.T.);
#813=ORIENTED_EDGE('',*,*,#1413,.T.);
#814=ORIENTED_EDGE('',*,*,#1410,.F.);
#815=ORIENTED_EDGE('',*,*,#1414,.T.);
#816=ORIENTED_EDGE('',*,*,#1337,.T.);
#817=ORIENTED_EDGE('',*,*,#1415,.T.);
#818=ORIENTED_EDGE('',*,*,#1306,.F.);
#819=ORIENTED_EDGE('',*,*,#1416,.T.);
#820=ORIENTED_EDGE('',*,*,#1339,.F.);
#821=ORIENTED_EDGE('',*,*,#1417,.T.);
#822=ORIENTED_EDGE('',*,*,#1304,.T.);
#823=ORIENTED_EDGE('',*,*,#1418,.T.);
#824=ORIENTED_EDGE('',*,*,#1302,.F.);
#825=ORIENTED_EDGE('',*,*,#1419,.T.);
#826=ORIENTED_EDGE('',*,*,#1330,.T.);
#827=ORIENTED_EDGE('',*,*,#1420,.T.);
#828=ORIENTED_EDGE('',*,*,#1333,.F.);
#829=ORIENTED_EDGE('',*,*,#1421,.T.);
#830=ORIENTED_EDGE('',*,*,#1299,.T.);
#831=ORIENTED_EDGE('',*,*,#1422,.T.);
#832=ORIENTED_EDGE('',*,*,#1405,.T.);
#833=ORIENTED_EDGE('',*,*,#1423,.T.);
#834=ORIENTED_EDGE('',*,*,#1386,.F.);
#835=ORIENTED_EDGE('',*,*,#1424,.T.);
#836=ORIENTED_EDGE('',*,*,#1322,.F.);
#837=ORIENTED_EDGE('',*,*,#1425,.T.);
#838=ORIENTED_EDGE('',*,*,#1294,.T.);
#839=ORIENTED_EDGE('',*,*,#1369,.F.);
#840=ORIENTED_EDGE('',*,*,#1426,.T.);
#841=ORIENTED_EDGE('',*,*,#1377,.T.);
#842=ORIENTED_EDGE('',*,*,#1427,.T.);
#843=ORIENTED_EDGE('',*,*,#1354,.F.);
#844=ORIENTED_EDGE('',*,*,#1428,.T.);
#845=ORIENTED_EDGE('',*,*,#1286,.F.);
#846=ORIENTED_EDGE('',*,*,#1429,.T.);
#847=ORIENTED_EDGE('',*,*,#1328,.T.);
#848=ORIENTED_EDGE('',*,*,#1430,.T.);
#849=ORIENTED_EDGE('',*,*,#1358,.T.);
#850=ORIENTED_EDGE('',*,*,#1335,.T.);
#851=ORIENTED_EDGE('',*,*,#1431,.T.);
#852=ORIENTED_EDGE('',*,*,#1308,.F.);
#853=ORIENTED_EDGE('',*,*,#1432,.T.);
#854=ORIENTED_EDGE('',*,*,#1356,.F.);
#855=ORIENTED_EDGE('',*,*,#1288,.F.);
#856=ORIENTED_EDGE('',*,*,#1362,.F.);
#857=ORIENTED_EDGE('',*,*,#1364,.F.);
#858=ORIENTED_EDGE('',*,*,#1370,.F.);
#859=ORIENTED_EDGE('',*,*,#1292,.F.);
#860=ORIENTED_EDGE('',*,*,#1375,.F.);
#861=ORIENTED_EDGE('',*,*,#1380,.F.);
#862=ORIENTED_EDGE('',*,*,#1398,.F.);
#863=ORIENTED_EDGE('',*,*,#1388,.F.);
#864=ORIENTED_EDGE('',*,*,#1297,.F.);
#865=ORIENTED_EDGE('',*,*,#1396,.F.);
#866=ORIENTED_EDGE('',*,*,#1414,.F.);
#867=ORIENTED_EDGE('',*,*,#1409,.F.);
#868=ORIENTED_EDGE('',*,*,#1283,.F.);
#869=ORIENTED_EDGE('',*,*,#1403,.F.);
#870=ORIENTED_EDGE('',*,*,#1387,.F.);
#871=ORIENTED_EDGE('',*,*,#1423,.F.);
#872=ORIENTED_EDGE('',*,*,#1404,.F.);
#873=ORIENTED_EDGE('',*,*,#1281,.F.);
#874=ORIENTED_EDGE('',*,*,#1385,.F.);
#875=ORIENTED_EDGE('',*,*,#1317,.F.);
#876=ORIENTED_EDGE('',*,*,#1406,.F.);
#877=ORIENTED_EDGE('',*,*,#1424,.F.);
#878=ORIENTED_EDGE('',*,*,#1376,.F.);
#879=ORIENTED_EDGE('',*,*,#1290,.F.);
#880=ORIENTED_EDGE('',*,*,#1355,.F.);
#881=ORIENTED_EDGE('',*,*,#1427,.F.);
#882=ORIENTED_EDGE('',*,*,#1378,.F.);
#883=ORIENTED_EDGE('',*,*,#1428,.F.);
#884=ORIENTED_EDGE('',*,*,#1353,.F.);
#885=ORIENTED_EDGE('',*,*,#1325,.F.);
#886=ORIENTED_EDGE('',*,*,#1334,.F.);
#887=ORIENTED_EDGE('',*,*,#1422,.F.);
#888=ORIENTED_EDGE('',*,*,#1309,.F.);
#889=ORIENTED_EDGE('',*,*,#1431,.F.);
#890=ORIENTED_EDGE('',*,*,#1336,.F.);
#891=ORIENTED_EDGE('',*,*,#1432,.F.);
#892=ORIENTED_EDGE('',*,*,#1307,.F.);
#893=ORIENTED_EDGE('',*,*,#1415,.F.);
#894=ORIENTED_EDGE('',*,*,#1338,.F.);
#895=ORIENTED_EDGE('',*,*,#1416,.F.);
#896=ORIENTED_EDGE('',*,*,#1305,.F.);
#897=ORIENTED_EDGE('',*,*,#1417,.F.);
#898=ORIENTED_EDGE('',*,*,#1340,.F.);
#899=ORIENTED_EDGE('',*,*,#1418,.F.);
#900=ORIENTED_EDGE('',*,*,#1303,.F.);
#901=ORIENTED_EDGE('',*,*,#1420,.F.);
#902=ORIENTED_EDGE('',*,*,#1421,.F.);
#903=ORIENTED_EDGE('',*,*,#1332,.F.);
#904=ORIENTED_EDGE('',*,*,#1433,.F.);
#905=ORIENTED_EDGE('',*,*,#1300,.F.);
#906=ORIENTED_EDGE('',*,*,#1331,.F.);
#907=ORIENTED_EDGE('',*,*,#1419,.F.);
#908=ORIENTED_EDGE('',*,*,#1301,.F.);
#909=ORIENTED_EDGE('',*,*,#1433,.T.);
#910=ORIENTED_EDGE('',*,*,#1360,.F.);
#911=ORIENTED_EDGE('',*,*,#1434,.T.);
#912=ORIENTED_EDGE('',*,*,#1351,.F.);
#913=ORIENTED_EDGE('',*,*,#1363,.F.);
#914=ORIENTED_EDGE('',*,*,#1373,.F.);
#915=ORIENTED_EDGE('',*,*,#1435,.T.);
#916=ORIENTED_EDGE('',*,*,#1367,.F.);
#917=ORIENTED_EDGE('',*,*,#1379,.F.);
#918=ORIENTED_EDGE('',*,*,#1394,.F.);
#919=ORIENTED_EDGE('',*,*,#1436,.T.);
#920=ORIENTED_EDGE('',*,*,#1383,.F.);
#921=ORIENTED_EDGE('',*,*,#1397,.F.);
#922=ORIENTED_EDGE('',*,*,#1401,.F.);
#923=ORIENTED_EDGE('',*,*,#1437,.T.);
#924=ORIENTED_EDGE('',*,*,#1411,.F.);
#925=ORIENTED_EDGE('',*,*,#1413,.F.);
#926=ORIENTED_EDGE('',*,*,#1412,.F.);
#927=ORIENTED_EDGE('',*,*,#1437,.F.);
#928=ORIENTED_EDGE('',*,*,#1400,.F.);
#929=ORIENTED_EDGE('',*,*,#1315,.F.);
#930=ORIENTED_EDGE('',*,*,#1384,.F.);
#931=ORIENTED_EDGE('',*,*,#1436,.F.);
#932=ORIENTED_EDGE('',*,*,#1393,.F.);
#933=ORIENTED_EDGE('',*,*,#1319,.F.);
#934=ORIENTED_EDGE('',*,*,#1372,.F.);
#935=ORIENTED_EDGE('',*,*,#1323,.F.);
#936=ORIENTED_EDGE('',*,*,#1426,.F.);
#937=ORIENTED_EDGE('',*,*,#1368,.F.);
#938=ORIENTED_EDGE('',*,*,#1435,.F.);
#939=ORIENTED_EDGE('',*,*,#1430,.F.);
#940=ORIENTED_EDGE('',*,*,#1327,.F.);
#941=ORIENTED_EDGE('',*,*,#1352,.F.);
#942=ORIENTED_EDGE('',*,*,#1434,.F.);
#943=ORIENTED_EDGE('',*,*,#1359,.F.);
#944=ORIENTED_EDGE('',*,*,#1438,.T.);
#945=ORIENTED_EDGE('',*,*,#1439,.T.);
#946=ORIENTED_EDGE('',*,*,#1440,.T.);
#947=ORIENTED_EDGE('',*,*,#1441,.T.);
#948=ORIENTED_EDGE('',*,*,#1442,.T.);
#949=ORIENTED_EDGE('',*,*,#1443,.T.);
#950=ORIENTED_EDGE('',*,*,#1444,.T.);
#951=ORIENTED_EDGE('',*,*,#1445,.T.);
#952=ORIENTED_EDGE('',*,*,#1349,.F.);
#953=ORIENTED_EDGE('',*,*,#1444,.F.);
#954=ORIENTED_EDGE('',*,*,#1442,.F.);
#955=ORIENTED_EDGE('',*,*,#1371,.F.);
#956=ORIENTED_EDGE('',*,*,#1445,.F.);
#957=ORIENTED_EDGE('',*,*,#1357,.F.);
#958=ORIENTED_EDGE('',*,*,#1365,.F.);
#959=ORIENTED_EDGE('',*,*,#1443,.F.);
#960=ORIENTED_EDGE('',*,*,#1438,.F.);
#961=ORIENTED_EDGE('',*,*,#1399,.F.);
#962=ORIENTED_EDGE('',*,*,#1381,.F.);
#963=ORIENTED_EDGE('',*,*,#1440,.F.);
#964=ORIENTED_EDGE('',*,*,#1407,.F.);
#965=ORIENTED_EDGE('',*,*,#1439,.F.);
#966=ORIENTED_EDGE('',*,*,#1391,.F.);
#967=ORIENTED_EDGE('',*,*,#1441,.F.);
#968=ORIENTED_EDGE('',*,*,#1321,.F.);
#969=ORIENTED_EDGE('',*,*,#1392,.F.);
#970=ORIENTED_EDGE('',*,*,#1295,.F.);
#971=ORIENTED_EDGE('',*,*,#1425,.F.);
#972=ORIENTED_EDGE('',*,*,#1329,.F.);
#973=ORIENTED_EDGE('',*,*,#1429,.F.);
#974=ORIENTED_EDGE('',*,*,#1285,.F.);
#975=ORIENTED_EDGE('',*,*,#1408,.F.);
#976=ORIENTED_EDGE('',*,*,#1446,.F.);
#977=ORIENTED_EDGE('',*,*,#1390,.T.);
#978=ORIENTED_EDGE('',*,*,#1447,.F.);
#979=ORIENTED_EDGE('',*,*,#1389,.T.);
#980=ORIENTED_EDGE('',*,*,#1448,.F.);
#981=ORIENTED_EDGE('',*,*,#1449,.T.);
#982=ORIENTED_EDGE('',*,*,#1450,.T.);
#983=ORIENTED_EDGE('',*,*,#1451,.T.);
#984=ORIENTED_EDGE('',*,*,#1452,.F.);
#985=ORIENTED_EDGE('',*,*,#1453,.T.);
#986=ORIENTED_EDGE('',*,*,#1454,.T.);
#987=ORIENTED_EDGE('',*,*,#1455,.T.);
#988=ORIENTED_EDGE('',*,*,#1450,.F.);
#989=ORIENTED_EDGE('',*,*,#1456,.T.);
#990=ORIENTED_EDGE('',*,*,#1347,.F.);
#991=ORIENTED_EDGE('',*,*,#1457,.T.);
#992=ORIENTED_EDGE('',*,*,#1452,.T.);
#993=ORIENTED_EDGE('',*,*,#1458,.T.);
#994=ORIENTED_EDGE('',*,*,#1313,.T.);
#995=ORIENTED_EDGE('',*,*,#1459,.T.);
#996=ORIENTED_EDGE('',*,*,#1460,.F.);
#997=ORIENTED_EDGE('',*,*,#1345,.T.);
#998=ORIENTED_EDGE('',*,*,#1461,.T.);
#999=ORIENTED_EDGE('',*,*,#1448,.T.);
#1000=ORIENTED_EDGE('',*,*,#1462,.T.);
#1001=ORIENTED_EDGE('',*,*,#1311,.F.);
#1002=ORIENTED_EDGE('',*,*,#1463,.T.);
#1003=ORIENTED_EDGE('',*,*,#1454,.F.);
#1004=ORIENTED_EDGE('',*,*,#1464,.T.);
#1005=ORIENTED_EDGE('',*,*,#1447,.T.);
#1006=ORIENTED_EDGE('',*,*,#1465,.T.);
#1007=ORIENTED_EDGE('',*,*,#1465,.F.);
#1008=ORIENTED_EDGE('',*,*,#1460,.T.);
#1009=ORIENTED_EDGE('',*,*,#1466,.F.);
#1010=ORIENTED_EDGE('',*,*,#1467,.T.);
#1011=ORIENTED_EDGE('',*,*,#1468,.T.);
#1012=ORIENTED_EDGE('',*,*,#1469,.T.);
#1013=ORIENTED_EDGE('',*,*,#1470,.F.);
#1014=ORIENTED_EDGE('',*,*,#1471,.T.);
#1015=ORIENTED_EDGE('',*,*,#1472,.T.);
#1016=ORIENTED_EDGE('',*,*,#1473,.T.);
#1017=ORIENTED_EDGE('',*,*,#1468,.F.);
#1018=ORIENTED_EDGE('',*,*,#1474,.T.);
#1019=ORIENTED_EDGE('',*,*,#1343,.F.);
#1020=ORIENTED_EDGE('',*,*,#1475,.T.);
#1021=ORIENTED_EDGE('',*,*,#1470,.T.);
#1022=ORIENTED_EDGE('',*,*,#1476,.T.);
#1023=ORIENTED_EDGE('',*,*,#1280,.T.);
#1024=ORIENTED_EDGE('',*,*,#1477,.T.);
#1025=ORIENTED_EDGE('',*,*,#1478,.F.);
#1026=ORIENTED_EDGE('',*,*,#1341,.T.);
#1027=ORIENTED_EDGE('',*,*,#1479,.T.);
#1028=ORIENTED_EDGE('',*,*,#1466,.T.);
#1029=ORIENTED_EDGE('',*,*,#1480,.T.);
#1030=ORIENTED_EDGE('',*,*,#1278,.F.);
#1031=ORIENTED_EDGE('',*,*,#1481,.T.);
#1032=ORIENTED_EDGE('',*,*,#1472,.F.);
#1033=ORIENTED_EDGE('',*,*,#1482,.T.);
#1034=ORIENTED_EDGE('',*,*,#1446,.T.);
#1035=ORIENTED_EDGE('',*,*,#1483,.T.);
#1036=ORIENTED_EDGE('',*,*,#1483,.F.);
#1037=ORIENTED_EDGE('',*,*,#1478,.T.);
#1038=ORIENTED_EDGE('',*,*,#1475,.F.);
#1039=ORIENTED_EDGE('',*,*,#1342,.F.);
#1040=ORIENTED_EDGE('',*,*,#1482,.F.);
#1041=ORIENTED_EDGE('',*,*,#1471,.F.);
#1042=ORIENTED_EDGE('',*,*,#1474,.F.);
#1043=ORIENTED_EDGE('',*,*,#1467,.F.);
#1044=ORIENTED_EDGE('',*,*,#1479,.F.);
#1045=ORIENTED_EDGE('',*,*,#1344,.F.);
#1046=ORIENTED_EDGE('',*,*,#1457,.F.);
#1047=ORIENTED_EDGE('',*,*,#1346,.F.);
#1048=ORIENTED_EDGE('',*,*,#1464,.F.);
#1049=ORIENTED_EDGE('',*,*,#1453,.F.);
#1050=ORIENTED_EDGE('',*,*,#1456,.F.);
#1051=ORIENTED_EDGE('',*,*,#1449,.F.);
#1052=ORIENTED_EDGE('',*,*,#1461,.F.);
#1053=ORIENTED_EDGE('',*,*,#1348,.F.);
#1054=ORIENTED_EDGE('',*,*,#1476,.F.);
#1055=ORIENTED_EDGE('',*,*,#1473,.F.);
#1056=ORIENTED_EDGE('',*,*,#1481,.F.);
#1057=ORIENTED_EDGE('',*,*,#1277,.F.);
#1058=ORIENTED_EDGE('',*,*,#1477,.F.);
#1059=ORIENTED_EDGE('',*,*,#1279,.F.);
#1060=ORIENTED_EDGE('',*,*,#1480,.F.);
#1061=ORIENTED_EDGE('',*,*,#1469,.F.);
#1062=ORIENTED_EDGE('',*,*,#1458,.F.);
#1063=ORIENTED_EDGE('',*,*,#1455,.F.);
#1064=ORIENTED_EDGE('',*,*,#1463,.F.);
#1065=ORIENTED_EDGE('',*,*,#1310,.F.);
#1066=ORIENTED_EDGE('',*,*,#1459,.F.);
#1067=ORIENTED_EDGE('',*,*,#1312,.F.);
#1068=ORIENTED_EDGE('',*,*,#1462,.F.);
#1069=ORIENTED_EDGE('',*,*,#1451,.F.);
#1070=EDGE_CURVE('',#1484,#1485,#1776,.T.);
#1071=EDGE_CURVE('',#1484,#1486,#1777,.T.);
#1072=EDGE_CURVE('',#1487,#1486,#1778,.T.);
#1073=EDGE_CURVE('',#1485,#1487,#1779,.T.);
#1074=EDGE_CURVE('',#1488,#1489,#1780,.T.);
#1075=EDGE_CURVE('',#1490,#1488,#1781,.T.);
#1076=EDGE_CURVE('',#1491,#1490,#1782,.F.);
#1077=EDGE_CURVE('',#1491,#1492,#1783,.T.);
#1078=EDGE_CURVE('',#1493,#1492,#98,.T.);
#1079=EDGE_CURVE('',#1493,#1494,#1784,.T.);
#1080=EDGE_CURVE('',#1495,#1494,#1785,.T.);
#1081=EDGE_CURVE('',#1496,#1495,#1786,.T.);
#1082=EDGE_CURVE('',#1496,#1497,#1787,.T.);
#1083=EDGE_CURVE('',#1498,#1497,#1788,.F.);
#1084=EDGE_CURVE('',#1499,#1498,#1789,.T.);
#1085=EDGE_CURVE('',#1500,#1499,#1790,.T.);
#1086=EDGE_CURVE('',#1500,#1501,#1791,.T.);
#1087=EDGE_CURVE('',#1502,#1501,#1792,.T.);
#1088=EDGE_CURVE('',#1503,#1502,#99,.T.);
#1089=EDGE_CURVE('',#1504,#1503,#1793,.T.);
#1090=EDGE_CURVE('',#1505,#1504,#1794,.F.);
#1091=EDGE_CURVE('',#1505,#1489,#1795,.T.);
#1092=EDGE_CURVE('',#1506,#1507,#1796,.T.);
#1093=EDGE_CURVE('',#1508,#1507,#100,.T.);
#1094=EDGE_CURVE('',#1509,#1508,#1797,.T.);
#1095=EDGE_CURVE('',#1510,#1509,#101,.T.);
#1096=EDGE_CURVE('',#1511,#1510,#1798,.T.);
#1097=EDGE_CURVE('',#1512,#1511,#102,.T.);
#1098=EDGE_CURVE('',#1512,#1513,#1799,.T.);
#1099=EDGE_CURVE('',#1514,#1513,#103,.T.);
#1100=EDGE_CURVE('',#1515,#1514,#1800,.T.);
#1101=EDGE_CURVE('',#1516,#1515,#104,.T.);
#1102=EDGE_CURVE('',#1506,#1516,#105,.F.);
#1103=EDGE_CURVE('',#1517,#1518,#1801,.T.);
#1104=EDGE_CURVE('',#1517,#1519,#1802,.T.);
#1105=EDGE_CURVE('',#1520,#1519,#1803,.T.);
#1106=EDGE_CURVE('',#1518,#1520,#1804,.T.);
#1107=EDGE_CURVE('',#1521,#1522,#1805,.T.);
#1108=EDGE_CURVE('',#1523,#1522,#106,.F.);
#1109=EDGE_CURVE('',#1523,#1524,#1806,.T.);
#1110=EDGE_CURVE('',#1525,#1524,#1807,.T.);
#1111=EDGE_CURVE('',#1525,#1526,#1808,.T.);
#1112=EDGE_CURVE('',#1527,#1526,#1809,.T.);
#1113=EDGE_CURVE('',#1528,#1527,#1810,.T.);
#1114=EDGE_CURVE('',#1529,#1528,#1811,.T.);
#1115=EDGE_CURVE('',#1530,#1529,#1812,.T.);
#1116=EDGE_CURVE('',#1531,#1530,#107,.F.);
#1117=EDGE_CURVE('',#1532,#1531,#1813,.T.);
#1118=EDGE_CURVE('',#1533,#1532,#1814,.F.);
#1119=EDGE_CURVE('',#1533,#1534,#1815,.T.);
#1120=EDGE_CURVE('',#1535,#1534,#1816,.F.);
#1121=EDGE_CURVE('',#1536,#1535,#1817,.T.);
#1122=EDGE_CURVE('',#1521,#1536,#1818,.F.);
#1123=EDGE_CURVE('',#1537,#1538,#1819,.T.);
#1124=EDGE_CURVE('',#1539,#1538,#108,.F.);
#1125=EDGE_CURVE('',#1540,#1539,#1820,.T.);
#1126=EDGE_CURVE('',#1541,#1540,#109,.F.);
#1127=EDGE_CURVE('',#1541,#1542,#1821,.T.);
#1128=EDGE_CURVE('',#1543,#1542,#110,.F.);
#1129=EDGE_CURVE('',#1543,#1544,#1822,.T.);
#1130=EDGE_CURVE('',#1545,#1544,#111,.F.);
#1131=EDGE_CURVE('',#1546,#1545,#1823,.T.);
#1132=EDGE_CURVE('',#1547,#1546,#112,.T.);
#1133=EDGE_CURVE('',#1537,#1547,#113,.F.);
#1134=EDGE_CURVE('',#1548,#1549,#1824,.T.);
#1135=EDGE_CURVE('',#1550,#1549,#1825,.T.);
#1136=EDGE_CURVE('',#1551,#1550,#1826,.T.);
#1137=EDGE_CURVE('',#1548,#1551,#1827,.T.);
#1138=EDGE_CURVE('',#1552,#1553,#1828,.T.);
#1139=EDGE_CURVE('',#1554,#1553,#1829,.T.);
#1140=EDGE_CURVE('',#1555,#1554,#1830,.T.);
#1141=EDGE_CURVE('',#1552,#1555,#1831,.T.);
#1142=EDGE_CURVE('',#1556,#1556,#114,.F.);
#1143=EDGE_CURVE('',#1557,#1558,#1832,.T.);
#1144=EDGE_CURVE('',#1499,#1557,#115,.T.);
#1145=EDGE_CURVE('',#1559,#1498,#116,.F.);
#1146=EDGE_CURVE('',#1560,#1559,#1833,.T.);
#1147=EDGE_CURVE('',#1526,#1560,#117,.F.);
#1148=EDGE_CURVE('',#1561,#1525,#118,.F.);
#1149=EDGE_CURVE('',#1558,#1561,#119,.T.);
#1150=EDGE_CURVE('',#1562,#1562,#120,.T.);
#1151=EDGE_CURVE('',#1563,#1501,#1834,.T.);
#1152=EDGE_CURVE('',#1564,#1500,#121,.F.);
#1153=EDGE_CURVE('',#1564,#1565,#1835,.T.);
#1154=EDGE_CURVE('',#1566,#1565,#122,.F.);
#1155=EDGE_CURVE('',#1563,#1566,#123,.T.);
#1156=EDGE_CURVE('',#1557,#1564,#1836,.F.);
#1157=EDGE_CURVE('',#1565,#1558,#1837,.T.);
#1158=EDGE_CURVE('',#1567,#1567,#124,.F.);
#1159=EDGE_CURVE('',#1568,#1569,#1838,.T.);
#1160=EDGE_CURVE('',#1495,#1568,#125,.T.);
#1161=EDGE_CURVE('',#1570,#1494,#1839,.T.);
#1162=EDGE_CURVE('',#1571,#1570,#126,.F.);
#1163=EDGE_CURVE('',#1569,#1571,#127,.T.);
#1164=EDGE_CURVE('',#1572,#1572,#128,.T.);
#1165=EDGE_CURVE('',#1573,#1527,#129,.T.);
#1166=EDGE_CURVE('',#1573,#1574,#1840,.T.);
#1167=EDGE_CURVE('',#1497,#1574,#130,.T.);
#1168=EDGE_CURVE('',#1575,#1496,#131,.F.);
#1169=EDGE_CURVE('',#1575,#1576,#1841,.T.);
#1170=EDGE_CURVE('',#1577,#1576,#132,.F.);
#1171=EDGE_CURVE('',#1528,#1577,#133,.T.);
#1172=EDGE_CURVE('',#1568,#1575,#1842,.F.);
#1173=EDGE_CURVE('',#1576,#1569,#1843,.T.);
#1174=EDGE_CURVE('',#1578,#1578,#134,.F.);
#1175=EDGE_CURVE('',#1579,#1580,#1844,.T.);
#1176=EDGE_CURVE('',#1490,#1579,#135,.T.);
#1177=EDGE_CURVE('',#1581,#1488,#136,.F.);
#1178=EDGE_CURVE('',#1582,#1581,#1845,.T.);
#1179=EDGE_CURVE('',#1534,#1582,#137,.F.);
#1180=EDGE_CURVE('',#1583,#1533,#138,.F.);
#1181=EDGE_CURVE('',#1580,#1583,#139,.T.);
#1182=EDGE_CURVE('',#1584,#1584,#140,.T.);
#1183=EDGE_CURVE('',#1585,#1585,#141,.T.);
#1184=EDGE_CURVE('',#1586,#1586,#142,.T.);
#1185=EDGE_CURVE('',#1587,#1491,#143,.F.);
#1186=EDGE_CURVE('',#1587,#1588,#1846,.T.);
#1187=EDGE_CURVE('',#1589,#1588,#144,.F.);
#1188=EDGE_CURVE('',#1532,#1589,#145,.T.);
#1189=EDGE_CURVE('',#1492,#1531,#1847,.F.);
#1190=EDGE_CURVE('',#1579,#1587,#1848,.T.);
#1191=EDGE_CURVE('',#1588,#1580,#1849,.F.);
#1192=EDGE_CURVE('',#1590,#1590,#146,.T.);
#1193=EDGE_CURVE('',#1591,#1535,#147,.T.);
#1194=EDGE_CURVE('',#1591,#1592,#1850,.T.);
#1195=EDGE_CURVE('',#1489,#1592,#148,.T.);
#1196=EDGE_CURVE('',#1593,#1505,#149,.F.);
#1197=EDGE_CURVE('',#1593,#1594,#1851,.T.);
#1198=EDGE_CURVE('',#1595,#1594,#150,.F.);
#1199=EDGE_CURVE('',#1536,#1595,#151,.T.);
#1200=EDGE_CURVE('',#1596,#1596,#152,.F.);
#1201=EDGE_CURVE('',#1597,#1521,#153,.F.);
#1202=EDGE_CURVE('',#1598,#1597,#154,.T.);
#1203=EDGE_CURVE('',#1599,#1598,#1852,.T.);
#1204=EDGE_CURVE('',#1504,#1599,#155,.T.);
#1205=EDGE_CURVE('',#1522,#1503,#1853,.T.);
#1206=EDGE_CURVE('',#1599,#1593,#1854,.T.);
#1207=EDGE_CURVE('',#1594,#1598,#1855,.F.);
#1208=EDGE_CURVE('',#1511,#1541,#1856,.F.);
#1209=EDGE_CURVE('',#1542,#1510,#1857,.T.);
#1210=EDGE_CURVE('',#1513,#1539,#1858,.F.);
#1211=EDGE_CURVE('',#1540,#1512,#1859,.T.);
#1212=EDGE_CURVE('',#1538,#1514,#1860,.T.);
#1213=EDGE_CURVE('',#1515,#1537,#1861,.F.);
#1214=EDGE_CURVE('',#1507,#1545,#1862,.F.);
#1215=EDGE_CURVE('',#1546,#1506,#1863,.T.);
#1216=EDGE_CURVE('',#1582,#1591,#1864,.T.);
#1217=EDGE_CURVE('',#1592,#1581,#1865,.F.);
#1218=EDGE_CURVE('',#1570,#1529,#94,.T.);
#1219=EDGE_CURVE('',#1530,#1493,#1866,.T.);
#1220=EDGE_CURVE('',#1560,#1573,#1867,.F.);
#1221=EDGE_CURVE('',#1574,#1559,#1868,.T.);
#1222=EDGE_CURVE('',#1524,#1563,#95,.F.);
#1223=EDGE_CURVE('',#1502,#1523,#1869,.F.);
#1224=EDGE_CURVE('',#1509,#1543,#1870,.F.);
#1225=EDGE_CURVE('',#1544,#1508,#1871,.T.);
#1226=EDGE_CURVE('',#1516,#1547,#1872,.F.);
#1227=EDGE_CURVE('',#1566,#1561,#1873,.T.);
#1228=EDGE_CURVE('',#1577,#1571,#1874,.T.);
#1229=EDGE_CURVE('',#1589,#1583,#1875,.F.);
#1230=EDGE_CURVE('',#1595,#1597,#1876,.F.);
#1231=EDGE_CURVE('',#1600,#1600,#156,.F.);
#1232=EDGE_CURVE('',#1601,#1601,#157,.T.);
#1233=EDGE_CURVE('',#1602,#1602,#158,.T.);
#1234=EDGE_CURVE('',#1603,#1603,#159,.F.);
#1235=EDGE_CURVE('',#1604,#1604,#160,.F.);
#1236=EDGE_CURVE('',#1605,#1605,#161,.T.);
#1237=EDGE_CURVE('',#1606,#1606,#162,.T.);
#1238=EDGE_CURVE('',#1607,#1607,#163,.F.);
#1239=EDGE_CURVE('',#1608,#1608,#164,.T.);
#1240=EDGE_CURVE('',#1609,#1609,#165,.T.);
#1241=EDGE_CURVE('',#1610,#1611,#1877,.T.);
#1242=EDGE_CURVE('',#1612,#1611,#1878,.T.);
#1243=EDGE_CURVE('',#1613,#1612,#1879,.T.);
#1244=EDGE_CURVE('',#1610,#1613,#1880,.T.);
#1245=EDGE_CURVE('',#1614,#1615,#1881,.T.);
#1246=EDGE_CURVE('',#1616,#1615,#1882,.T.);
#1247=EDGE_CURVE('',#1617,#1616,#1883,.T.);
#1248=EDGE_CURVE('',#1614,#1617,#1884,.T.);
#1249=EDGE_CURVE('',#1519,#1612,#1885,.T.);
#1250=EDGE_CURVE('',#1615,#1517,#1886,.F.);
#1251=EDGE_CURVE('',#1555,#1614,#1887,.T.);
#1252=EDGE_CURVE('',#1613,#1554,#1888,.F.);
#1253=EDGE_CURVE('',#1618,#1618,#166,.T.);
#1254=EDGE_CURVE('',#1617,#1552,#1889,.T.);
#1255=EDGE_CURVE('',#1518,#1616,#1890,.F.);
#1256=EDGE_CURVE('',#1611,#1520,#1891,.T.);
#1257=EDGE_CURVE('',#1553,#1610,#1892,.F.);
#1258=EDGE_CURVE('',#1619,#1619,#167,.T.);
#1259=EDGE_CURVE('',#1620,#1621,#1893,.T.);
#1260=EDGE_CURVE('',#1622,#1621,#1894,.T.);
#1261=EDGE_CURVE('',#1623,#1622,#1895,.T.);
#1262=EDGE_CURVE('',#1620,#1623,#1896,.T.);
#1263=EDGE_CURVE('',#1624,#1625,#1897,.T.);
#1264=EDGE_CURVE('',#1626,#1625,#1898,.T.);
#1265=EDGE_CURVE('',#1627,#1626,#1899,.T.);
#1266=EDGE_CURVE('',#1624,#1627,#1900,.T.);
#1267=EDGE_CURVE('',#1486,#1622,#1901,.T.);
#1268=EDGE_CURVE('',#1625,#1484,#1902,.F.);
#1269=EDGE_CURVE('',#1551,#1624,#1903,.T.);
#1270=EDGE_CURVE('',#1623,#1550,#1904,.F.);
#1271=EDGE_CURVE('',#1628,#1628,#168,.T.);
#1272=EDGE_CURVE('',#1627,#1548,#1905,.T.);
#1273=EDGE_CURVE('',#1485,#1626,#1906,.F.);
#1274=EDGE_CURVE('',#1621,#1487,#1907,.T.);
#1275=EDGE_CURVE('',#1549,#1620,#1908,.F.);
#1276=EDGE_CURVE('',#1629,#1629,#169,.T.);
#1277=EDGE_CURVE('',#1630,#1631,#1909,.T.);
#1278=EDGE_CURVE('',#1631,#1632,#1910,.T.);
#1279=EDGE_CURVE('',#1632,#1633,#1911,.T.);
#1280=EDGE_CURVE('',#1630,#1633,#1912,.T.);
#1281=EDGE_CURVE('',#1634,#1635,#1913,.T.);
#1282=EDGE_CURVE('',#1636,#1635,#1914,.T.);
#1283=EDGE_CURVE('',#1636,#1637,#1915,.F.);
#1284=EDGE_CURVE('',#1637,#1638,#1916,.T.);
#1285=EDGE_CURVE('',#1638,#1639,#170,.T.);
#1286=EDGE_CURVE('',#1639,#1640,#1917,.T.);
#1287=EDGE_CURVE('',#1641,#1640,#1918,.T.);
#1288=EDGE_CURVE('',#1641,#1642,#1919,.T.);
#1289=EDGE_CURVE('',#1642,#1643,#1920,.T.);
#1290=EDGE_CURVE('',#1643,#1644,#1921,.F.);
#1291=EDGE_CURVE('',#1645,#1644,#1922,.T.);
#1292=EDGE_CURVE('',#1645,#1646,#1923,.T.);
#1293=EDGE_CURVE('',#1646,#1647,#1924,.T.);
#1294=EDGE_CURVE('',#1648,#1647,#1925,.T.);
#1295=EDGE_CURVE('',#1648,#1649,#171,.T.);
#1296=EDGE_CURVE('',#1650,#1649,#1926,.T.);
#1297=EDGE_CURVE('',#1650,#1651,#1927,.F.);
#1298=EDGE_CURVE('',#1651,#1634,#1928,.T.);
#1299=EDGE_CURVE('',#1652,#1653,#1929,.T.);
#1300=EDGE_CURVE('',#1652,#1654,#172,.F.);
#1301=EDGE_CURVE('',#1654,#1655,#173,.T.);
#1302=EDGE_CURVE('',#1655,#1656,#1930,.T.);
#1303=EDGE_CURVE('',#1656,#1657,#174,.T.);
#1304=EDGE_CURVE('',#1658,#1657,#1931,.T.);
#1305=EDGE_CURVE('',#1658,#1659,#175,.T.);
#1306=EDGE_CURVE('',#1659,#1660,#1932,.T.);
#1307=EDGE_CURVE('',#1660,#1661,#176,.T.);
#1308=EDGE_CURVE('',#1661,#1662,#1933,.T.);
#1309=EDGE_CURVE('',#1662,#1653,#177,.T.);
#1310=EDGE_CURVE('',#1663,#1664,#1934,.T.);
#1311=EDGE_CURVE('',#1664,#1665,#1935,.T.);
#1312=EDGE_CURVE('',#1665,#1666,#1936,.T.);
#1313=EDGE_CURVE('',#1663,#1666,#1937,.T.);
#1314=EDGE_CURVE('',#1667,#1668,#1938,.T.);
#1315=EDGE_CURVE('',#1667,#1669,#1939,.F.);
#1316=EDGE_CURVE('',#1669,#1670,#1940,.T.);
#1317=EDGE_CURVE('',#1670,#1671,#1941,.F.);
#1318=EDGE_CURVE('',#1672,#1671,#1942,.T.);
#1319=EDGE_CURVE('',#1672,#1673,#1943,.F.);
#1320=EDGE_CURVE('',#1673,#1674,#1944,.T.);
#1321=EDGE_CURVE('',#1674,#1675,#178,.F.);
#1322=EDGE_CURVE('',#1675,#1676,#1945,.T.);
#1323=EDGE_CURVE('',#1676,#1677,#1946,.T.);
#1324=EDGE_CURVE('',#1677,#1678,#1947,.T.);
#1325=EDGE_CURVE('',#1678,#1679,#1948,.T.);
#1326=EDGE_CURVE('',#1680,#1679,#1949,.T.);
#1327=EDGE_CURVE('',#1680,#1681,#1950,.T.);
#1328=EDGE_CURVE('',#1682,#1681,#1951,.T.);
#1329=EDGE_CURVE('',#1682,#1668,#179,.F.);
#1330=EDGE_CURVE('',#1683,#1684,#1952,.T.);
#1331=EDGE_CURVE('',#1683,#1685,#180,.F.);
#1332=EDGE_CURVE('',#1685,#1686,#181,.T.);
#1333=EDGE_CURVE('',#1686,#1687,#1953,.T.);
#1334=EDGE_CURVE('',#1687,#1688,#182,.F.);
#1335=EDGE_CURVE('',#1689,#1688,#1954,.T.);
#1336=EDGE_CURVE('',#1689,#1690,#183,.F.);
#1337=EDGE_CURVE('',#1691,#1690,#1955,.T.);
#1338=EDGE_CURVE('',#1691,#1692,#184,.F.);
#1339=EDGE_CURVE('',#1692,#1693,#1956,.T.);
#1340=EDGE_CURVE('',#1693,#1684,#185,.F.);
#1341=EDGE_CURVE('',#1694,#1695,#1957,.T.);
#1342=EDGE_CURVE('',#1694,#1696,#1958,.T.);
#1343=EDGE_CURVE('',#1696,#1697,#1959,.T.);
#1344=EDGE_CURVE('',#1697,#1695,#1960,.T.);
#1345=EDGE_CURVE('',#1698,#1699,#1961,.T.);
#1346=EDGE_CURVE('',#1698,#1700,#1962,.T.);
#1347=EDGE_CURVE('',#1700,#1701,#1963,.T.);
#1348=EDGE_CURVE('',#1701,#1699,#1964,.T.);
#1349=EDGE_CURVE('',#1702,#1702,#186,.F.);
#1350=EDGE_CURVE('',#1703,#1704,#1965,.T.);
#1351=EDGE_CURVE('',#1704,#1705,#187,.T.);
#1352=EDGE_CURVE('',#1705,#1680,#188,.F.);
#1353=EDGE_CURVE('',#1679,#1706,#189,.F.);
#1354=EDGE_CURVE('',#1706,#1707,#1966,.T.);
#1355=EDGE_CURVE('',#1707,#1643,#190,.F.);
#1356=EDGE_CURVE('',#1642,#1703,#191,.T.);
#1357=EDGE_CURVE('',#1708,#1708,#192,.T.);
#1358=EDGE_CURVE('',#1709,#1640,#1967,.T.);
#1359=EDGE_CURVE('',#1709,#1710,#193,.T.);
#1360=EDGE_CURVE('',#1710,#1711,#194,.F.);
#1361=EDGE_CURVE('',#1712,#1711,#1968,.T.);
#1362=EDGE_CURVE('',#1712,#1641,#195,.F.);
#1363=EDGE_CURVE('',#1711,#1704,#1969,.T.);
#1364=EDGE_CURVE('',#1703,#1712,#1970,.F.);
#1365=EDGE_CURVE('',#1713,#1713,#196,.F.);
#1366=EDGE_CURVE('',#1714,#1715,#1971,.T.);
#1367=EDGE_CURVE('',#1715,#1716,#197,.T.);
#1368=EDGE_CURVE('',#1716,#1717,#198,.F.);
#1369=EDGE_CURVE('',#1717,#1647,#1972,.T.);
#1370=EDGE_CURVE('',#1646,#1714,#199,.T.);
#1371=EDGE_CURVE('',#1718,#1718,#200,.T.);
#1372=EDGE_CURVE('',#1677,#1719,#201,.T.);
#1373=EDGE_CURVE('',#1719,#1720,#202,.F.);
#1374=EDGE_CURVE('',#1721,#1720,#1973,.T.);
#1375=EDGE_CURVE('',#1721,#1645,#203,.F.);
#1376=EDGE_CURVE('',#1644,#1722,#204,.T.);
#1377=EDGE_CURVE('',#1723,#1722,#1974,.T.);
#1378=EDGE_CURVE('',#1723,#1678,#205,.T.);
#1379=EDGE_CURVE('',#1720,#1715,#1975,.T.);
#1380=EDGE_CURVE('',#1714,#1721,#1976,.F.);
#1381=EDGE_CURVE('',#1724,#1724,#206,.F.);
#1382=EDGE_CURVE('',#1725,#1726,#1977,.T.);
#1383=EDGE_CURVE('',#1726,#1727,#207,.T.);
#1384=EDGE_CURVE('',#1727,#1672,#208,.F.);
#1385=EDGE_CURVE('',#1671,#1728,#209,.F.);
#1386=EDGE_CURVE('',#1728,#1729,#1978,.T.);
#1387=EDGE_CURVE('',#1729,#1634,#210,.F.);
#1388=EDGE_CURVE('',#1651,#1725,#211,.T.);
#1389=EDGE_CURVE('',#1730,#1730,#212,.T.);
#1390=EDGE_CURVE('',#1731,#1731,#213,.T.);
#1391=EDGE_CURVE('',#1732,#1732,#214,.T.);
#1392=EDGE_CURVE('',#1649,#1674,#1979,.F.);
#1393=EDGE_CURVE('',#1673,#1733,#215,.T.);
#1394=EDGE_CURVE('',#1733,#1734,#216,.F.);
#1395=EDGE_CURVE('',#1735,#1734,#1980,.T.);
#1396=EDGE_CURVE('',#1735,#1650,#217,.F.);
#1397=EDGE_CURVE('',#1734,#1726,#1981,.F.);
#1398=EDGE_CURVE('',#1725,#1735,#1982,.T.);
#1399=EDGE_CURVE('',#1736,#1736,#218,.T.);
#1400=EDGE_CURVE('',#1669,#1737,#219,.T.);
#1401=EDGE_CURVE('',#1737,#1738,#220,.F.);
#1402=EDGE_CURVE('',#1739,#1738,#1983,.T.);
#1403=EDGE_CURVE('',#1739,#1636,#221,.F.);
#1404=EDGE_CURVE('',#1635,#1740,#222,.T.);
#1405=EDGE_CURVE('',#1741,#1740,#1984,.T.);
#1406=EDGE_CURVE('',#1741,#1670,#223,.T.);
#1407=EDGE_CURVE('',#1742,#1742,#224,.F.);
#1408=EDGE_CURVE('',#1668,#1638,#1985,.T.);
#1409=EDGE_CURVE('',#1637,#1743,#225,.T.);
#1410=EDGE_CURVE('',#1743,#1744,#1986,.T.);
#1411=EDGE_CURVE('',#1744,#1745,#226,.T.);
#1412=EDGE_CURVE('',#1745,#1667,#227,.F.);
#1413=EDGE_CURVE('',#1738,#1744,#1987,.F.);
#1414=EDGE_CURVE('',#1743,#1739,#1988,.T.);
#1415=EDGE_CURVE('',#1690,#1660,#1989,.T.);
#1416=EDGE_CURVE('',#1659,#1691,#1990,.F.);
#1417=EDGE_CURVE('',#1692,#1658,#1991,.T.);
#1418=EDGE_CURVE('',#1657,#1693,#1992,.F.);
#1419=EDGE_CURVE('',#1655,#1683,#1993,.F.);
#1420=EDGE_CURVE('',#1684,#1656,#1994,.T.);
#1421=EDGE_CURVE('',#1686,#1652,#1995,.T.);
#1422=EDGE_CURVE('',#1653,#1687,#1996,.F.);
#1423=EDGE_CURVE('',#1740,#1729,#1997,.F.);
#1424=EDGE_CURVE('',#1728,#1741,#1998,.T.);
#1425=EDGE_CURVE('',#1675,#1648,#1999,.T.);
#1426=EDGE_CURVE('',#1717,#1676,#96,.T.);
#1427=EDGE_CURVE('',#1722,#1707,#2000,.T.);
#1428=EDGE_CURVE('',#1706,#1723,#2001,.F.);
#1429=EDGE_CURVE('',#1639,#1682,#2002,.F.);
#1430=EDGE_CURVE('',#1681,#1709,#97,.F.);
#1431=EDGE_CURVE('',#1688,#1662,#2003,.T.);
#1432=EDGE_CURVE('',#1661,#1689,#2004,.F.);
#1433=EDGE_CURVE('',#1654,#1685,#2005,.F.);
#1434=EDGE_CURVE('',#1710,#1705,#2006,.T.);
#1435=EDGE_CURVE('',#1719,#1716,#2007,.T.);
#1436=EDGE_CURVE('',#1733,#1727,#2008,.F.);
#1437=EDGE_CURVE('',#1737,#1745,#2009,.F.);
#1438=EDGE_CURVE('',#1746,#1746,#228,.F.);
#1439=EDGE_CURVE('',#1747,#1747,#229,.T.);
#1440=EDGE_CURVE('',#1748,#1748,#230,.T.);
#1441=EDGE_CURVE('',#1749,#1749,#231,.F.);
#1442=EDGE_CURVE('',#1750,#1750,#232,.F.);
#1443=EDGE_CURVE('',#1751,#1751,#233,.T.);
#1444=EDGE_CURVE('',#1752,#1752,#234,.T.);
#1445=EDGE_CURVE('',#1753,#1753,#235,.F.);
#1446=EDGE_CURVE('',#1754,#1754,#236,.T.);
#1447=EDGE_CURVE('',#1755,#1755,#237,.T.);
#1448=EDGE_CURVE('',#1756,#1757,#2010,.T.);
#1449=EDGE_CURVE('',#1756,#1758,#2011,.T.);
#1450=EDGE_CURVE('',#1758,#1759,#2012,.T.);
#1451=EDGE_CURVE('',#1759,#1757,#2013,.T.);
#1452=EDGE_CURVE('',#1760,#1761,#2014,.T.);
#1453=EDGE_CURVE('',#1760,#1762,#2015,.T.);
#1454=EDGE_CURVE('',#1762,#1763,#2016,.T.);
#1455=EDGE_CURVE('',#1763,#1761,#2017,.T.);
#1456=EDGE_CURVE('',#1758,#1701,#2018,.F.);
#1457=EDGE_CURVE('',#1700,#1760,#2019,.T.);
#1458=EDGE_CURVE('',#1761,#1663,#2020,.F.);
#1459=EDGE_CURVE('',#1666,#1759,#2021,.T.);
#1460=EDGE_CURVE('',#1764,#1764,#238,.T.);
#1461=EDGE_CURVE('',#1699,#1756,#2022,.F.);
#1462=EDGE_CURVE('',#1757,#1665,#2023,.T.);
#1463=EDGE_CURVE('',#1664,#1763,#2024,.F.);
#1464=EDGE_CURVE('',#1762,#1698,#2025,.T.);
#1465=EDGE_CURVE('',#1765,#1765,#239,.T.);
#1466=EDGE_CURVE('',#1766,#1767,#2026,.T.);
#1467=EDGE_CURVE('',#1766,#1768,#2027,.T.);
#1468=EDGE_CURVE('',#1768,#1769,#2028,.T.);
#1469=EDGE_CURVE('',#1769,#1767,#2029,.T.);
#1470=EDGE_CURVE('',#1770,#1771,#2030,.T.);
#1471=EDGE_CURVE('',#1770,#1772,#2031,.T.);
#1472=EDGE_CURVE('',#1772,#1773,#2032,.T.);
#1473=EDGE_CURVE('',#1773,#1771,#2033,.T.);
#1474=EDGE_CURVE('',#1768,#1697,#2034,.F.);
#1475=EDGE_CURVE('',#1696,#1770,#2035,.T.);
#1476=EDGE_CURVE('',#1771,#1630,#2036,.F.);
#1477=EDGE_CURVE('',#1633,#1769,#2037,.T.);
#1478=EDGE_CURVE('',#1774,#1774,#240,.T.);
#1479=EDGE_CURVE('',#1695,#1766,#2038,.F.);
#1480=EDGE_CURVE('',#1767,#1632,#2039,.T.);
#1481=EDGE_CURVE('',#1631,#1773,#2040,.F.);
#1482=EDGE_CURVE('',#1772,#1694,#2041,.T.);
#1483=EDGE_CURVE('',#1775,#1775,#241,.T.);
#1484=VERTEX_POINT('',#4248);
#1485=VERTEX_POINT('',#4249);
#1486=VERTEX_POINT('',#4251);
#1487=VERTEX_POINT('',#4253);
#1488=VERTEX_POINT('',#4256);
#1489=VERTEX_POINT('',#4257);
#1490=VERTEX_POINT('',#4259);
#1491=VERTEX_POINT('',#4261);
#1492=VERTEX_POINT('',#4263);
#1493=VERTEX_POINT('',#4265);
#1494=VERTEX_POINT('',#4267);
#1495=VERTEX_POINT('',#4269);
#1496=VERTEX_POINT('',#4271);
#1497=VERTEX_POINT('',#4273);
#1498=VERTEX_POINT('',#4275);
#1499=VERTEX_POINT('',#4277);
#1500=VERTEX_POINT('',#4279);
#1501=VERTEX_POINT('',#4281);
#1502=VERTEX_POINT('',#4283);
#1503=VERTEX_POINT('',#4285);
#1504=VERTEX_POINT('',#4287);
#1505=VERTEX_POINT('',#4289);
#1506=VERTEX_POINT('',#4292);
#1507=VERTEX_POINT('',#4293);
#1508=VERTEX_POINT('',#4295);
#1509=VERTEX_POINT('',#4297);
#1510=VERTEX_POINT('',#4299);
#1511=VERTEX_POINT('',#4301);
#1512=VERTEX_POINT('',#4303);
#1513=VERTEX_POINT('',#4305);
#1514=VERTEX_POINT('',#4307);
#1515=VERTEX_POINT('',#4309);
#1516=VERTEX_POINT('',#4311);
#1517=VERTEX_POINT('',#4314);
#1518=VERTEX_POINT('',#4315);
#1519=VERTEX_POINT('',#4317);
#1520=VERTEX_POINT('',#4319);
#1521=VERTEX_POINT('',#4323);
#1522=VERTEX_POINT('',#4324);
#1523=VERTEX_POINT('',#4326);
#1524=VERTEX_POINT('',#4328);
#1525=VERTEX_POINT('',#4330);
#1526=VERTEX_POINT('',#4332);
#1527=VERTEX_POINT('',#4334);
#1528=VERTEX_POINT('',#4336);
#1529=VERTEX_POINT('',#4338);
#1530=VERTEX_POINT('',#4340);
#1531=VERTEX_POINT('',#4342);
#1532=VERTEX_POINT('',#4344);
#1533=VERTEX_POINT('',#4346);
#1534=VERTEX_POINT('',#4348);
#1535=VERTEX_POINT('',#4350);
#1536=VERTEX_POINT('',#4352);
#1537=VERTEX_POINT('',#4355);
#1538=VERTEX_POINT('',#4356);
#1539=VERTEX_POINT('',#4358);
#1540=VERTEX_POINT('',#4360);
#1541=VERTEX_POINT('',#4362);
#1542=VERTEX_POINT('',#4364);
#1543=VERTEX_POINT('',#4366);
#1544=VERTEX_POINT('',#4368);
#1545=VERTEX_POINT('',#4370);
#1546=VERTEX_POINT('',#4372);
#1547=VERTEX_POINT('',#4374);
#1548=VERTEX_POINT('',#4377);
#1549=VERTEX_POINT('',#4378);
#1550=VERTEX_POINT('',#4380);
#1551=VERTEX_POINT('',#4382);
#1552=VERTEX_POINT('',#4385);
#1553=VERTEX_POINT('',#4386);
#1554=VERTEX_POINT('',#4388);
#1555=VERTEX_POINT('',#4390);
#1556=VERTEX_POINT('',#4394);
#1557=VERTEX_POINT('',#4396);
#1558=VERTEX_POINT('',#4397);
#1559=VERTEX_POINT('',#4400);
#1560=VERTEX_POINT('',#4402);
#1561=VERTEX_POINT('',#4405);
#1562=VERTEX_POINT('',#4409);
#1563=VERTEX_POINT('',#4411);
#1564=VERTEX_POINT('',#4413);
#1565=VERTEX_POINT('',#4415);
#1566=VERTEX_POINT('',#4417);
#1567=VERTEX_POINT('',#4424);
#1568=VERTEX_POINT('',#4426);
#1569=VERTEX_POINT('',#4427);
#1570=VERTEX_POINT('',#4430);
#1571=VERTEX_POINT('',#4432);
#1572=VERTEX_POINT('',#4436);
#1573=VERTEX_POINT('',#4438);
#1574=VERTEX_POINT('',#4440);
#1575=VERTEX_POINT('',#4443);
#1576=VERTEX_POINT('',#4445);
#1577=VERTEX_POINT('',#4447);
#1578=VERTEX_POINT('',#4454);
#1579=VERTEX_POINT('',#4456);
#1580=VERTEX_POINT('',#4457);
#1581=VERTEX_POINT('',#4460);
#1582=VERTEX_POINT('',#4462);
#1583=VERTEX_POINT('',#4465);
#1584=VERTEX_POINT('',#4469);
#1585=VERTEX_POINT('',#4471);
#1586=VERTEX_POINT('',#4473);
#1587=VERTEX_POINT('',#4475);
#1588=VERTEX_POINT('',#4477);
#1589=VERTEX_POINT('',#4479);
#1590=VERTEX_POINT('',#4487);
#1591=VERTEX_POINT('',#4489);
#1592=VERTEX_POINT('',#4491);
#1593=VERTEX_POINT('',#4494);
#1594=VERTEX_POINT('',#4496);
#1595=VERTEX_POINT('',#4498);
#1596=VERTEX_POINT('',#4502);
#1597=VERTEX_POINT('',#4504);
#1598=VERTEX_POINT('',#4506);
#1599=VERTEX_POINT('',#4508);
#1600=VERTEX_POINT('',#4570);
#1601=VERTEX_POINT('',#4572);
#1602=VERTEX_POINT('',#4575);
#1603=VERTEX_POINT('',#4577);
#1604=VERTEX_POINT('',#4580);
#1605=VERTEX_POINT('',#4582);
#1606=VERTEX_POINT('',#4585);
#1607=VERTEX_POINT('',#4587);
#1608=VERTEX_POINT('',#4600);
#1609=VERTEX_POINT('',#4603);
#1610=VERTEX_POINT('',#4606);
#1611=VERTEX_POINT('',#4607);
#1612=VERTEX_POINT('',#4609);
#1613=VERTEX_POINT('',#4611);
#1614=VERTEX_POINT('',#4615);
#1615=VERTEX_POINT('',#4616);
#1616=VERTEX_POINT('',#4618);
#1617=VERTEX_POINT('',#4620);
#1618=VERTEX_POINT('',#4628);
#1619=VERTEX_POINT('',#4636);
#1620=VERTEX_POINT('',#4640);
#1621=VERTEX_POINT('',#4641);
#1622=VERTEX_POINT('',#4643);
#1623=VERTEX_POINT('',#4645);
#1624=VERTEX_POINT('',#4649);
#1625=VERTEX_POINT('',#4650);
#1626=VERTEX_POINT('',#4652);
#1627=VERTEX_POINT('',#4654);
#1628=VERTEX_POINT('',#4662);
#1629=VERTEX_POINT('',#4670);
#1630=VERTEX_POINT('',#4683);
#1631=VERTEX_POINT('',#4684);
#1632=VERTEX_POINT('',#4686);
#1633=VERTEX_POINT('',#4688);
#1634=VERTEX_POINT('',#4691);
#1635=VERTEX_POINT('',#4692);
#1636=VERTEX_POINT('',#4694);
#1637=VERTEX_POINT('',#4696);
#1638=VERTEX_POINT('',#4698);
#1639=VERTEX_POINT('',#4700);
#1640=VERTEX_POINT('',#4702);
#1641=VERTEX_POINT('',#4704);
#1642=VERTEX_POINT('',#4706);
#1643=VERTEX_POINT('',#4708);
#1644=VERTEX_POINT('',#4710);
#1645=VERTEX_POINT('',#4712);
#1646=VERTEX_POINT('',#4714);
#1647=VERTEX_POINT('',#4716);
#1648=VERTEX_POINT('',#4718);
#1649=VERTEX_POINT('',#4720);
#1650=VERTEX_POINT('',#4722);
#1651=VERTEX_POINT('',#4724);
#1652=VERTEX_POINT('',#4727);
#1653=VERTEX_POINT('',#4728);
#1654=VERTEX_POINT('',#4730);
#1655=VERTEX_POINT('',#4732);
#1656=VERTEX_POINT('',#4734);
#1657=VERTEX_POINT('',#4736);
#1658=VERTEX_POINT('',#4738);
#1659=VERTEX_POINT('',#4740);
#1660=VERTEX_POINT('',#4742);
#1661=VERTEX_POINT('',#4744);
#1662=VERTEX_POINT('',#4746);
#1663=VERTEX_POINT('',#4749);
#1664=VERTEX_POINT('',#4750);
#1665=VERTEX_POINT('',#4752);
#1666=VERTEX_POINT('',#4754);
#1667=VERTEX_POINT('',#4758);
#1668=VERTEX_POINT('',#4759);
#1669=VERTEX_POINT('',#4761);
#1670=VERTEX_POINT('',#4763);
#1671=VERTEX_POINT('',#4765);
#1672=VERTEX_POINT('',#4767);
#1673=VERTEX_POINT('',#4769);
#1674=VERTEX_POINT('',#4771);
#1675=VERTEX_POINT('',#4773);
#1676=VERTEX_POINT('',#4775);
#1677=VERTEX_POINT('',#4777);
#1678=VERTEX_POINT('',#4779);
#1679=VERTEX_POINT('',#4781);
#1680=VERTEX_POINT('',#4783);
#1681=VERTEX_POINT('',#4785);
#1682=VERTEX_POINT('',#4787);
#1683=VERTEX_POINT('',#4790);
#1684=VERTEX_POINT('',#4791);
#1685=VERTEX_POINT('',#4793);
#1686=VERTEX_POINT('',#4795);
#1687=VERTEX_POINT('',#4797);
#1688=VERTEX_POINT('',#4799);
#1689=VERTEX_POINT('',#4801);
#1690=VERTEX_POINT('',#4803);
#1691=VERTEX_POINT('',#4805);
#1692=VERTEX_POINT('',#4807);
#1693=VERTEX_POINT('',#4809);
#1694=VERTEX_POINT('',#4812);
#1695=VERTEX_POINT('',#4813);
#1696=VERTEX_POINT('',#4815);
#1697=VERTEX_POINT('',#4817);
#1698=VERTEX_POINT('',#4820);
#1699=VERTEX_POINT('',#4821);
#1700=VERTEX_POINT('',#4823);
#1701=VERTEX_POINT('',#4825);
#1702=VERTEX_POINT('',#4829);
#1703=VERTEX_POINT('',#4831);
#1704=VERTEX_POINT('',#4832);
#1705=VERTEX_POINT('',#4834);
#1706=VERTEX_POINT('',#4837);
#1707=VERTEX_POINT('',#4839);
#1708=VERTEX_POINT('',#4844);
#1709=VERTEX_POINT('',#4846);
#1710=VERTEX_POINT('',#4848);
#1711=VERTEX_POINT('',#4850);
#1712=VERTEX_POINT('',#4852);
#1713=VERTEX_POINT('',#4859);
#1714=VERTEX_POINT('',#4861);
#1715=VERTEX_POINT('',#4862);
#1716=VERTEX_POINT('',#4864);
#1717=VERTEX_POINT('',#4866);
#1718=VERTEX_POINT('',#4871);
#1719=VERTEX_POINT('',#4873);
#1720=VERTEX_POINT('',#4875);
#1721=VERTEX_POINT('',#4877);
#1722=VERTEX_POINT('',#4880);
#1723=VERTEX_POINT('',#4882);
#1724=VERTEX_POINT('',#4889);
#1725=VERTEX_POINT('',#4891);
#1726=VERTEX_POINT('',#4892);
#1727=VERTEX_POINT('',#4894);
#1728=VERTEX_POINT('',#4897);
#1729=VERTEX_POINT('',#4899);
#1730=VERTEX_POINT('',#4904);
#1731=VERTEX_POINT('',#4906);
#1732=VERTEX_POINT('',#4908);
#1733=VERTEX_POINT('',#4911);
#1734=VERTEX_POINT('',#4913);
#1735=VERTEX_POINT('',#4915);
#1736=VERTEX_POINT('',#4922);
#1737=VERTEX_POINT('',#4924);
#1738=VERTEX_POINT('',#4926);
#1739=VERTEX_POINT('',#4928);
#1740=VERTEX_POINT('',#4931);
#1741=VERTEX_POINT('',#4933);
#1742=VERTEX_POINT('',#4937);
#1743=VERTEX_POINT('',#4940);
#1744=VERTEX_POINT('',#4942);
#1745=VERTEX_POINT('',#4944);
#1746=VERTEX_POINT('',#5005);
#1747=VERTEX_POINT('',#5007);
#1748=VERTEX_POINT('',#5010);
#1749=VERTEX_POINT('',#5012);
#1750=VERTEX_POINT('',#5015);
#1751=VERTEX_POINT('',#5017);
#1752=VERTEX_POINT('',#5020);
#1753=VERTEX_POINT('',#5022);
#1754=VERTEX_POINT('',#5035);
#1755=VERTEX_POINT('',#5038);
#1756=VERTEX_POINT('',#5041);
#1757=VERTEX_POINT('',#5042);
#1758=VERTEX_POINT('',#5044);
#1759=VERTEX_POINT('',#5046);
#1760=VERTEX_POINT('',#5050);
#1761=VERTEX_POINT('',#5051);
#1762=VERTEX_POINT('',#5053);
#1763=VERTEX_POINT('',#5055);
#1764=VERTEX_POINT('',#5063);
#1765=VERTEX_POINT('',#5071);
#1766=VERTEX_POINT('',#5075);
#1767=VERTEX_POINT('',#5076);
#1768=VERTEX_POINT('',#5078);
#1769=VERTEX_POINT('',#5080);
#1770=VERTEX_POINT('',#5084);
#1771=VERTEX_POINT('',#5085);
#1772=VERTEX_POINT('',#5087);
#1773=VERTEX_POINT('',#5089);
#1774=VERTEX_POINT('',#5097);
#1775=VERTEX_POINT('',#5105);
#1776=LINE('',#4247,#2042);
#1777=LINE('',#4250,#2043);
#1778=LINE('',#4252,#2044);
#1779=LINE('',#4254,#2045);
#1780=LINE('',#4255,#2046);
#1781=LINE('',#4258,#2047);
#1782=LINE('',#4260,#2048);
#1783=LINE('',#4262,#2049);
#1784=LINE('',#4266,#2050);
#1785=LINE('',#4268,#2051);
#1786=LINE('',#4270,#2052);
#1787=LINE('',#4272,#2053);
#1788=LINE('',#4274,#2054);
#1789=LINE('',#4276,#2055);
#1790=LINE('',#4278,#2056);
#1791=LINE('',#4280,#2057);
#1792=LINE('',#4282,#2058);
#1793=LINE('',#4286,#2059);
#1794=LINE('',#4288,#2060);
#1795=LINE('',#4290,#2061);
#1796=LINE('',#4291,#2062);
#1797=LINE('',#4296,#2063);
#1798=LINE('',#4300,#2064);
#1799=LINE('',#4304,#2065);
#1800=LINE('',#4308,#2066);
#1801=LINE('',#4313,#2067);
#1802=LINE('',#4316,#2068);
#1803=LINE('',#4318,#2069);
#1804=LINE('',#4320,#2070);
#1805=LINE('',#4322,#2071);
#1806=LINE('',#4327,#2072);
#1807=LINE('',#4329,#2073);
#1808=LINE('',#4331,#2074);
#1809=LINE('',#4333,#2075);
#1810=LINE('',#4335,#2076);
#1811=LINE('',#4337,#2077);
#1812=LINE('',#4339,#2078);
#1813=LINE('',#4343,#2079);
#1814=LINE('',#4345,#2080);
#1815=LINE('',#4347,#2081);
#1816=LINE('',#4349,#2082);
#1817=LINE('',#4351,#2083);
#1818=LINE('',#4353,#2084);
#1819=LINE('',#4354,#2085);
#1820=LINE('',#4359,#2086);
#1821=LINE('',#4363,#2087);
#1822=LINE('',#4367,#2088);
#1823=LINE('',#4371,#2089);
#1824=LINE('',#4376,#2090);
#1825=LINE('',#4379,#2091);
#1826=LINE('',#4381,#2092);
#1827=LINE('',#4383,#2093);
#1828=LINE('',#4384,#2094);
#1829=LINE('',#4387,#2095);
#1830=LINE('',#4389,#2096);
#1831=LINE('',#4391,#2097);
#1832=LINE('',#4395,#2098);
#1833=LINE('',#4401,#2099);
#1834=LINE('',#4410,#2100);
#1835=LINE('',#4414,#2101);
#1836=LINE('',#4420,#2102);
#1837=LINE('',#4421,#2103);
#1838=LINE('',#4425,#2104);
#1839=LINE('',#4429,#2105);
#1840=LINE('',#4439,#2106);
#1841=LINE('',#4444,#2107);
#1842=LINE('',#4450,#2108);
#1843=LINE('',#4451,#2109);
#1844=LINE('',#4455,#2110);
#1845=LINE('',#4461,#2111);
#1846=LINE('',#4476,#2112);
#1847=LINE('',#4481,#2113);
#1848=LINE('',#4483,#2114);
#1849=LINE('',#4484,#2115);
#1850=LINE('',#4490,#2116);
#1851=LINE('',#4495,#2117);
#1852=LINE('',#4507,#2118);
#1853=LINE('',#4510,#2119);
#1854=LINE('',#4512,#2120);
#1855=LINE('',#4513,#2121);
#1856=LINE('',#4515,#2122);
#1857=LINE('',#4516,#2123);
#1858=LINE('',#4518,#2124);
#1859=LINE('',#4519,#2125);
#1860=LINE('',#4521,#2126);
#1861=LINE('',#4522,#2127);
#1862=LINE('',#4524,#2128);
#1863=LINE('',#4525,#2129);
#1864=LINE('',#4527,#2130);
#1865=LINE('',#4528,#2131);
#1866=LINE('',#4531,#2132);
#1867=LINE('',#4533,#2133);
#1868=LINE('',#4534,#2134);
#1869=LINE('',#4537,#2135);
#1870=LINE('',#4539,#2136);
#1871=LINE('',#4540,#2137);
#1872=LINE('',#4554,#2138);
#1873=LINE('',#4557,#2139);
#1874=LINE('',#4559,#2140);
#1875=LINE('',#4561,#2141);
#1876=LINE('',#4563,#2142);
#1877=LINE('',#4605,#2143);
#1878=LINE('',#4608,#2144);
#1879=LINE('',#4610,#2145);
#1880=LINE('',#4612,#2146);
#1881=LINE('',#4614,#2147);
#1882=LINE('',#4617,#2148);
#1883=LINE('',#4619,#2149);
#1884=LINE('',#4621,#2150);
#1885=LINE('',#4623,#2151);
#1886=LINE('',#4624,#2152);
#1887=LINE('',#4625,#2153);
#1888=LINE('',#4626,#2154);
#1889=LINE('',#4630,#2155);
#1890=LINE('',#4631,#2156);
#1891=LINE('',#4632,#2157);
#1892=LINE('',#4633,#2158);
#1893=LINE('',#4639,#2159);
#1894=LINE('',#4642,#2160);
#1895=LINE('',#4644,#2161);
#1896=LINE('',#4646,#2162);
#1897=LINE('',#4648,#2163);
#1898=LINE('',#4651,#2164);
#1899=LINE('',#4653,#2165);
#1900=LINE('',#4655,#2166);
#1901=LINE('',#4657,#2167);
#1902=LINE('',#4658,#2168);
#1903=LINE('',#4659,#2169);
#1904=LINE('',#4660,#2170);
#1905=LINE('',#4664,#2171);
#1906=LINE('',#4665,#2172);
#1907=LINE('',#4666,#2173);
#1908=LINE('',#4667,#2174);
#1909=LINE('',#4682,#2175);
#1910=LINE('',#4685,#2176);
#1911=LINE('',#4687,#2177);
#1912=LINE('',#4689,#2178);
#1913=LINE('',#4690,#2179);
#1914=LINE('',#4693,#2180);
#1915=LINE('',#4695,#2181);
#1916=LINE('',#4697,#2182);
#1917=LINE('',#4701,#2183);
#1918=LINE('',#4703,#2184);
#1919=LINE('',#4705,#2185);
#1920=LINE('',#4707,#2186);
#1921=LINE('',#4709,#2187);
#1922=LINE('',#4711,#2188);
#1923=LINE('',#4713,#2189);
#1924=LINE('',#4715,#2190);
#1925=LINE('',#4717,#2191);
#1926=LINE('',#4721,#2192);
#1927=LINE('',#4723,#2193);
#1928=LINE('',#4725,#2194);
#1929=LINE('',#4726,#2195);
#1930=LINE('',#4733,#2196);
#1931=LINE('',#4737,#2197);
#1932=LINE('',#4741,#2198);
#1933=LINE('',#4745,#2199);
#1934=LINE('',#4748,#2200);
#1935=LINE('',#4751,#2201);
#1936=LINE('',#4753,#2202);
#1937=LINE('',#4755,#2203);
#1938=LINE('',#4757,#2204);
#1939=LINE('',#4760,#2205);
#1940=LINE('',#4762,#2206);
#1941=LINE('',#4764,#2207);
#1942=LINE('',#4766,#2208);
#1943=LINE('',#4768,#2209);
#1944=LINE('',#4770,#2210);
#1945=LINE('',#4774,#2211);
#1946=LINE('',#4776,#2212);
#1947=LINE('',#4778,#2213);
#1948=LINE('',#4780,#2214);
#1949=LINE('',#4782,#2215);
#1950=LINE('',#4784,#2216);
#1951=LINE('',#4786,#2217);
#1952=LINE('',#4789,#2218);
#1953=LINE('',#4796,#2219);
#1954=LINE('',#4800,#2220);
#1955=LINE('',#4804,#2221);
#1956=LINE('',#4808,#2222);
#1957=LINE('',#4811,#2223);
#1958=LINE('',#4814,#2224);
#1959=LINE('',#4816,#2225);
#1960=LINE('',#4818,#2226);
#1961=LINE('',#4819,#2227);
#1962=LINE('',#4822,#2228);
#1963=LINE('',#4824,#2229);
#1964=LINE('',#4826,#2230);
#1965=LINE('',#4830,#2231);
#1966=LINE('',#4838,#2232);
#1967=LINE('',#4845,#2233);
#1968=LINE('',#4851,#2234);
#1969=LINE('',#4855,#2235);
#1970=LINE('',#4856,#2236);
#1971=LINE('',#4860,#2237);
#1972=LINE('',#4867,#2238);
#1973=LINE('',#4876,#2239);
#1974=LINE('',#4881,#2240);
#1975=LINE('',#4885,#2241);
#1976=LINE('',#4886,#2242);
#1977=LINE('',#4890,#2243);
#1978=LINE('',#4898,#2244);
#1979=LINE('',#4909,#2245);
#1980=LINE('',#4914,#2246);
#1981=LINE('',#4918,#2247);
#1982=LINE('',#4919,#2248);
#1983=LINE('',#4927,#2249);
#1984=LINE('',#4932,#2250);
#1985=LINE('',#4938,#2251);
#1986=LINE('',#4941,#2252);
#1987=LINE('',#4947,#2253);
#1988=LINE('',#4948,#2254);
#1989=LINE('',#4950,#2255);
#1990=LINE('',#4951,#2256);
#1991=LINE('',#4953,#2257);
#1992=LINE('',#4954,#2258);
#1993=LINE('',#4956,#2259);
#1994=LINE('',#4957,#2260);
#1995=LINE('',#4959,#2261);
#1996=LINE('',#4960,#2262);
#1997=LINE('',#4962,#2263);
#1998=LINE('',#4963,#2264);
#1999=LINE('',#4965,#2265);
#2000=LINE('',#4968,#2266);
#2001=LINE('',#4969,#2267);
#2002=LINE('',#4971,#2268);
#2003=LINE('',#4974,#2269);
#2004=LINE('',#4975,#2270);
#2005=LINE('',#4989,#2271);
#2006=LINE('',#4992,#2272);
#2007=LINE('',#4994,#2273);
#2008=LINE('',#4996,#2274);
#2009=LINE('',#4998,#2275);
#2010=LINE('',#5040,#2276);
#2011=LINE('',#5043,#2277);
#2012=LINE('',#5045,#2278);
#2013=LINE('',#5047,#2279);
#2014=LINE('',#5049,#2280);
#2015=LINE('',#5052,#2281);
#2016=LINE('',#5054,#2282);
#2017=LINE('',#5056,#2283);
#2018=LINE('',#5058,#2284);
#2019=LINE('',#5059,#2285);
#2020=LINE('',#5060,#2286);
#2021=LINE('',#5061,#2287);
#2022=LINE('',#5065,#2288);
#2023=LINE('',#5066,#2289);
#2024=LINE('',#5067,#2290);
#2025=LINE('',#5068,#2291);
#2026=LINE('',#5074,#2292);
#2027=LINE('',#5077,#2293);
#2028=LINE('',#5079,#2294);
#2029=LINE('',#5081,#2295);
#2030=LINE('',#5083,#2296);
#2031=LINE('',#5086,#2297);
#2032=LINE('',#5088,#2298);
#2033=LINE('',#5090,#2299);
#2034=LINE('',#5092,#2300);
#2035=LINE('',#5093,#2301);
#2036=LINE('',#5094,#2302);
#2037=LINE('',#5095,#2303);
#2038=LINE('',#5099,#2304);
#2039=LINE('',#5100,#2305);
#2040=LINE('',#5101,#2306);
#2041=LINE('',#5102,#2307);
#2042=VECTOR('',#3359,1.);
#2043=VECTOR('',#3360,1.);
#2044=VECTOR('',#3361,1.);
#2045=VECTOR('',#3362,1.);
#2046=VECTOR('',#3363,1.);
#2047=VECTOR('',#3364,1.);
#2048=VECTOR('',#3365,1.);
#2049=VECTOR('',#3366,1.);
#2050=VECTOR('',#3369,1.);
#2051=VECTOR('',#3370,1.);
#2052=VECTOR('',#3371,1.);
#2053=VECTOR('',#3372,1.);
#2054=VECTOR('',#3373,1.);
#2055=VECTOR('',#3374,1.);
#2056=VECTOR('',#3375,1.);
#2057=VECTOR('',#3376,1.);
#2058=VECTOR('',#3377,1.);
#2059=VECTOR('',#3380,1.);
#2060=VECTOR('',#3381,1.);
#2061=VECTOR('',#3382,1.);
#2062=VECTOR('',#3383,1.);
#2063=VECTOR('',#3386,1.);
#2064=VECTOR('',#3389,1.);
#2065=VECTOR('',#3392,1.);
#2066=VECTOR('',#3395,1.);
#2067=VECTOR('',#3400,1.);
#2068=VECTOR('',#3401,1.);
#2069=VECTOR('',#3402,1.);
#2070=VECTOR('',#3403,1.);
#2071=VECTOR('',#3406,1.);
#2072=VECTOR('',#3409,1.);
#2073=VECTOR('',#3410,1.);
#2074=VECTOR('',#3411,1.);
#2075=VECTOR('',#3412,1.);
#2076=VECTOR('',#3413,1.);
#2077=VECTOR('',#3414,1.);
#2078=VECTOR('',#3415,1.);
#2079=VECTOR('',#3418,1.);
#2080=VECTOR('',#3419,1.);
#2081=VECTOR('',#3420,1.);
#2082=VECTOR('',#3421,1.);
#2083=VECTOR('',#3422,1.);
#2084=VECTOR('',#3423,1.);
#2085=VECTOR('',#3424,1.);
#2086=VECTOR('',#3427,1.);
#2087=VECTOR('',#3430,1.);
#2088=VECTOR('',#3433,1.);
#2089=VECTOR('',#3436,1.);
#2090=VECTOR('',#3441,1.);
#2091=VECTOR('',#3442,1.);
#2092=VECTOR('',#3443,1.);
#2093=VECTOR('',#3444,1.);
#2094=VECTOR('',#3445,1.);
#2095=VECTOR('',#3446,1.);
#2096=VECTOR('',#3447,1.);
#2097=VECTOR('',#3448,1.);
#2098=VECTOR('',#3453,1.);
#2099=VECTOR('',#3458,1.);
#2100=VECTOR('',#3469,1.);
#2101=VECTOR('',#3472,1.);
#2102=VECTOR('',#3479,1.);
#2103=VECTOR('',#3480,1.);
#2104=VECTOR('',#3485,1.);
#2105=VECTOR('',#3488,1.);
#2106=VECTOR('',#3499,1.);
#2107=VECTOR('',#3504,1.);
#2108=VECTOR('',#3511,1.);
#2109=VECTOR('',#3512,1.);
#2110=VECTOR('',#3517,1.);
#2111=VECTOR('',#3522,1.);
#2112=VECTOR('',#3539,1.);
#2113=VECTOR('',#3544,1.);
#2114=VECTOR('',#3547,1.);
#2115=VECTOR('',#3548,1.);
#2116=VECTOR('',#3555,1.);
#2117=VECTOR('',#3560,1.);
#2118=VECTOR('',#3573,1.);
#2119=VECTOR('',#3576,1.);
#2120=VECTOR('',#3579,1.);
#2121=VECTOR('',#3580,1.);
#2122=VECTOR('',#3583,1.);
#2123=VECTOR('',#3584,1.);
#2124=VECTOR('',#3587,1.);
#2125=VECTOR('',#3588,1.);
#2126=VECTOR('',#3591,1.);
#2127=VECTOR('',#3592,1.);
#2128=VECTOR('',#3595,1.);
#2129=VECTOR('',#3596,1.);
#2130=VECTOR('',#3599,1.);
#2131=VECTOR('',#3600,1.);
#2132=VECTOR('',#3605,1.);
#2133=VECTOR('',#3608,1.);
#2134=VECTOR('',#3609,1.);
#2135=VECTOR('',#3614,1.);
#2136=VECTOR('',#3617,1.);
#2137=VECTOR('',#3618,1.);
#2138=VECTOR('',#3645,1.);
#2139=VECTOR('',#3650,1.);
#2140=VECTOR('',#3653,1.);
#2141=VECTOR('',#3656,1.);
#2142=VECTOR('',#3659,1.);
#2143=VECTOR('',#3722,1.);
#2144=VECTOR('',#3723,1.);
#2145=VECTOR('',#3724,1.);
#2146=VECTOR('',#3725,1.);
#2147=VECTOR('',#3728,1.);
#2148=VECTOR('',#3729,1.);
#2149=VECTOR('',#3730,1.);
#2150=VECTOR('',#3731,1.);
#2151=VECTOR('',#3734,1.);
#2152=VECTOR('',#3735,1.);
#2153=VECTOR('',#3736,1.);
#2154=VECTOR('',#3737,1.);
#2155=VECTOR('',#3742,1.);
#2156=VECTOR('',#3743,1.);
#2157=VECTOR('',#3744,1.);
#2158=VECTOR('',#3745,1.);
#2159=VECTOR('',#3754,1.);
#2160=VECTOR('',#3755,1.);
#2161=VECTOR('',#3756,1.);
#2162=VECTOR('',#3757,1.);
#2163=VECTOR('',#3760,1.);
#2164=VECTOR('',#3761,1.);
#2165=VECTOR('',#3762,1.);
#2166=VECTOR('',#3763,1.);
#2167=VECTOR('',#3766,1.);
#2168=VECTOR('',#3767,1.);
#2169=VECTOR('',#3768,1.);
#2170=VECTOR('',#3769,1.);
#2171=VECTOR('',#3774,1.);
#2172=VECTOR('',#3775,1.);
#2173=VECTOR('',#3776,1.);
#2174=VECTOR('',#3777,1.);
#2175=VECTOR('',#3804,1.);
#2176=VECTOR('',#3805,1.);
#2177=VECTOR('',#3806,1.);
#2178=VECTOR('',#3807,1.);
#2179=VECTOR('',#3808,1.);
#2180=VECTOR('',#3809,1.);
#2181=VECTOR('',#3810,1.);
#2182=VECTOR('',#3811,1.);
#2183=VECTOR('',#3814,1.);
#2184=VECTOR('',#3815,1.);
#2185=VECTOR('',#3816,1.);
#2186=VECTOR('',#3817,1.);
#2187=VECTOR('',#3818,1.);
#2188=VECTOR('',#3819,1.);
#2189=VECTOR('',#3820,1.);
#2190=VECTOR('',#3821,1.);
#2191=VECTOR('',#3822,1.);
#2192=VECTOR('',#3825,1.);
#2193=VECTOR('',#3826,1.);
#2194=VECTOR('',#3827,1.);
#2195=VECTOR('',#3828,1.);
#2196=VECTOR('',#3833,1.);
#2197=VECTOR('',#3836,1.);
#2198=VECTOR('',#3839,1.);
#2199=VECTOR('',#3842,1.);
#2200=VECTOR('',#3845,1.);
#2201=VECTOR('',#3846,1.);
#2202=VECTOR('',#3847,1.);
#2203=VECTOR('',#3848,1.);
#2204=VECTOR('',#3851,1.);
#2205=VECTOR('',#3852,1.);
#2206=VECTOR('',#3853,1.);
#2207=VECTOR('',#3854,1.);
#2208=VECTOR('',#3855,1.);
#2209=VECTOR('',#3856,1.);
#2210=VECTOR('',#3857,1.);
#2211=VECTOR('',#3860,1.);
#2212=VECTOR('',#3861,1.);
#2213=VECTOR('',#3862,1.);
#2214=VECTOR('',#3863,1.);
#2215=VECTOR('',#3864,1.);
#2216=VECTOR('',#3865,1.);
#2217=VECTOR('',#3866,1.);
#2218=VECTOR('',#3869,1.);
#2219=VECTOR('',#3874,1.);
#2220=VECTOR('',#3877,1.);
#2221=VECTOR('',#3880,1.);
#2222=VECTOR('',#3883,1.);
#2223=VECTOR('',#3886,1.);
#2224=VECTOR('',#3887,1.);
#2225=VECTOR('',#3888,1.);
#2226=VECTOR('',#3889,1.);
#2227=VECTOR('',#3890,1.);
#2228=VECTOR('',#3891,1.);
#2229=VECTOR('',#3892,1.);
#2230=VECTOR('',#3893,1.);
#2231=VECTOR('',#3898,1.);
#2232=VECTOR('',#3905,1.);
#2233=VECTOR('',#3914,1.);
#2234=VECTOR('',#3919,1.);
#2235=VECTOR('',#3924,1.);
#2236=VECTOR('',#3925,1.);
#2237=VECTOR('',#3930,1.);
#2238=VECTOR('',#3935,1.);
#2239=VECTOR('',#3946,1.);
#2240=VECTOR('',#3951,1.);
#2241=VECTOR('',#3956,1.);
#2242=VECTOR('',#3957,1.);
#2243=VECTOR('',#3962,1.);
#2244=VECTOR('',#3969,1.);
#2245=VECTOR('',#3982,1.);
#2246=VECTOR('',#3987,1.);
#2247=VECTOR('',#3992,1.);
#2248=VECTOR('',#3993,1.);
#2249=VECTOR('',#4002,1.);
#2250=VECTOR('',#4007,1.);
#2251=VECTOR('',#4014,1.);
#2252=VECTOR('',#4017,1.);
#2253=VECTOR('',#4024,1.);
#2254=VECTOR('',#4025,1.);
#2255=VECTOR('',#4028,1.);
#2256=VECTOR('',#4029,1.);
#2257=VECTOR('',#4032,1.);
#2258=VECTOR('',#4033,1.);
#2259=VECTOR('',#4036,1.);
#2260=VECTOR('',#4037,1.);
#2261=VECTOR('',#4040,1.);
#2262=VECTOR('',#4041,1.);
#2263=VECTOR('',#4044,1.);
#2264=VECTOR('',#4045,1.);
#2265=VECTOR('',#4048,1.);
#2266=VECTOR('',#4053,1.);
#2267=VECTOR('',#4054,1.);
#2268=VECTOR('',#4057,1.);
#2269=VECTOR('',#4062,1.);
#2270=VECTOR('',#4063,1.);
#2271=VECTOR('',#4090,1.);
#2272=VECTOR('',#4095,1.);
#2273=VECTOR('',#4098,1.);
#2274=VECTOR('',#4101,1.);
#2275=VECTOR('',#4104,1.);
#2276=VECTOR('',#4167,1.);
#2277=VECTOR('',#4168,1.);
#2278=VECTOR('',#4169,1.);
#2279=VECTOR('',#4170,1.);
#2280=VECTOR('',#4173,1.);
#2281=VECTOR('',#4174,1.);
#2282=VECTOR('',#4175,1.);
#2283=VECTOR('',#4176,1.);
#2284=VECTOR('',#4179,1.);
#2285=VECTOR('',#4180,1.);
#2286=VECTOR('',#4181,1.);
#2287=VECTOR('',#4182,1.);
#2288=VECTOR('',#4187,1.);
#2289=VECTOR('',#4188,1.);
#2290=VECTOR('',#4189,1.);
#2291=VECTOR('',#4190,1.);
#2292=VECTOR('',#4199,1.);
#2293=VECTOR('',#4200,1.);
#2294=VECTOR('',#4201,1.);
#2295=VECTOR('',#4202,1.);
#2296=VECTOR('',#4205,1.);
#2297=VECTOR('',#4206,1.);
#2298=VECTOR('',#4207,1.);
#2299=VECTOR('',#4208,1.);
#2300=VECTOR('',#4211,1.);
#2301=VECTOR('',#4212,1.);
#2302=VECTOR('',#4213,1.);
#2303=VECTOR('',#4214,1.);
#2304=VECTOR('',#4219,1.);
#2305=VECTOR('',#4220,1.);
#2306=VECTOR('',#4221,1.);
#2307=VECTOR('',#4222,1.);
#2308=EDGE_LOOP('',(#242,#243,#244,#245));
#2309=EDGE_LOOP('',(#246,#247,#248,#249,#250,#251,#252,#253,#254,#255,#256,
#257,#258,#259,#260,#261,#262,#263));
#2310=EDGE_LOOP('',(#264,#265,#266,#267,#268,#269,#270,#271,#272,#273,#274));
#2311=EDGE_LOOP('',(#275,#276,#277,#278));
#2312=EDGE_LOOP('',(#279,#280,#281,#282,#283,#284,#285,#286,#287,#288,#289,
#290,#291,#292,#293,#294));
#2313=EDGE_LOOP('',(#295,#296,#297,#298,#299,#300,#301,#302,#303,#304,#305));
#2314=EDGE_LOOP('',(#306,#307,#308,#309));
#2315=EDGE_LOOP('',(#310,#311,#312,#313));
#2316=EDGE_LOOP('',(#314));
#2317=EDGE_LOOP('',(#315,#316,#317,#318,#319,#320,#321,#322,#323));
#2318=EDGE_LOOP('',(#324));
#2319=EDGE_LOOP('',(#325,#326,#327,#328,#329,#330));
#2320=EDGE_LOOP('',(#331,#332,#333,#334));
#2321=EDGE_LOOP('',(#335));
#2322=EDGE_LOOP('',(#336,#337,#338,#339,#340,#341));
#2323=EDGE_LOOP('',(#342));
#2324=EDGE_LOOP('',(#343,#344,#345,#346,#347,#348,#349,#350,#351));
#2325=EDGE_LOOP('',(#352,#353,#354,#355));
#2326=EDGE_LOOP('',(#356));
#2327=EDGE_LOOP('',(#357,#358,#359,#360,#361,#362,#363,#364,#365));
#2328=EDGE_LOOP('',(#366));
#2329=EDGE_LOOP('',(#367));
#2330=EDGE_LOOP('',(#368));
#2331=EDGE_LOOP('',(#369,#370,#371,#372,#373,#374,#375));
#2332=EDGE_LOOP('',(#376,#377,#378,#379));
#2333=EDGE_LOOP('',(#380));
#2334=EDGE_LOOP('',(#381,#382,#383,#384,#385,#386,#387,#388,#389));
#2335=EDGE_LOOP('',(#390));
#2336=EDGE_LOOP('',(#391,#392,#393,#394,#395,#396,#397));
#2337=EDGE_LOOP('',(#398,#399,#400,#401));
#2338=EDGE_LOOP('',(#402,#403,#404,#405));
#2339=EDGE_LOOP('',(#406,#407,#408,#409));
#2340=EDGE_LOOP('',(#410,#411,#412,#413));
#2341=EDGE_LOOP('',(#414,#415,#416,#417));
#2342=EDGE_LOOP('',(#418,#419,#420,#421));
#2343=EDGE_LOOP('',(#422,#423,#424,#425,#426));
#2344=EDGE_LOOP('',(#427,#428,#429,#430));
#2345=EDGE_LOOP('',(#431,#432,#433,#434,#435));
#2346=EDGE_LOOP('',(#436,#437,#438,#439));
#2347=EDGE_LOOP('',(#440,#441,#442,#443));
#2348=EDGE_LOOP('',(#444,#445,#446,#447));
#2349=EDGE_LOOP('',(#448,#449,#450,#451));
#2350=EDGE_LOOP('',(#452,#453,#454,#455));
#2351=EDGE_LOOP('',(#456,#457,#458,#459));
#2352=EDGE_LOOP('',(#460,#461,#462,#463));
#2353=EDGE_LOOP('',(#464,#465,#466,#467));
#2354=EDGE_LOOP('',(#468,#469,#470,#471));
#2355=EDGE_LOOP('',(#472,#473,#474,#475));
#2356=EDGE_LOOP('',(#476,#477,#478,#479));
#2357=EDGE_LOOP('',(#480,#481,#482,#483));
#2358=EDGE_LOOP('',(#484,#485,#486,#487));
#2359=EDGE_LOOP('',(#488,#489,#490,#491));
#2360=EDGE_LOOP('',(#492,#493,#494,#495));
#2361=EDGE_LOOP('',(#496,#497,#498,#499));
#2362=EDGE_LOOP('',(#500,#501,#502,#503));
#2363=EDGE_LOOP('',(#504,#505,#506,#507));
#2364=EDGE_LOOP('',(#508,#509,#510,#511));
#2365=EDGE_LOOP('',(#512,#513,#514,#515));
#2366=EDGE_LOOP('',(#516,#517,#518,#519));
#2367=EDGE_LOOP('',(#520,#521,#522,#523,#524));
#2368=EDGE_LOOP('',(#525,#526,#527,#528,#529));
#2369=EDGE_LOOP('',(#530));
#2370=EDGE_LOOP('',(#531));
#2371=EDGE_LOOP('',(#532));
#2372=EDGE_LOOP('',(#533));
#2373=EDGE_LOOP('',(#534));
#2374=EDGE_LOOP('',(#535));
#2375=EDGE_LOOP('',(#536));
#2376=EDGE_LOOP('',(#537));
#2377=EDGE_LOOP('',(#538));
#2378=EDGE_LOOP('',(#539));
#2379=EDGE_LOOP('',(#540));
#2380=EDGE_LOOP('',(#541));
#2381=EDGE_LOOP('',(#542));
#2382=EDGE_LOOP('',(#543));
#2383=EDGE_LOOP('',(#544));
#2384=EDGE_LOOP('',(#545));
#2385=EDGE_LOOP('',(#546));
#2386=EDGE_LOOP('',(#547));
#2387=EDGE_LOOP('',(#548));
#2388=EDGE_LOOP('',(#549));
#2389=EDGE_LOOP('',(#550));
#2390=EDGE_LOOP('',(#551));
#2391=EDGE_LOOP('',(#552));
#2392=EDGE_LOOP('',(#553));
#2393=EDGE_LOOP('',(#554,#555,#556,#557));
#2394=EDGE_LOOP('',(#558,#559,#560,#561));
#2395=EDGE_LOOP('',(#562));
#2396=EDGE_LOOP('',(#563));
#2397=EDGE_LOOP('',(#564));
#2398=EDGE_LOOP('',(#565));
#2399=EDGE_LOOP('',(#566,#567,#568,#569));
#2400=EDGE_LOOP('',(#570,#571,#572,#573));
#2401=EDGE_LOOP('',(#574,#575,#576,#577,#578,#579,#580,#581));
#2402=EDGE_LOOP('',(#582));
#2403=EDGE_LOOP('',(#583,#584,#585,#586,#587,#588,#589,#590));
#2404=EDGE_LOOP('',(#591));
#2405=EDGE_LOOP('',(#592));
#2406=EDGE_LOOP('',(#593));
#2407=EDGE_LOOP('',(#594));
#2408=EDGE_LOOP('',(#595,#596,#597,#598));
#2409=EDGE_LOOP('',(#599,#600,#601,#602));
#2410=EDGE_LOOP('',(#603,#604,#605,#606,#607,#608,#609,#610));
#2411=EDGE_LOOP('',(#611));
#2412=EDGE_LOOP('',(#612,#613,#614,#615,#616,#617,#618,#619));
#2413=EDGE_LOOP('',(#620));
#2414=EDGE_LOOP('',(#621));
#2415=EDGE_LOOP('',(#622));
#2416=EDGE_LOOP('',(#623));
#2417=EDGE_LOOP('',(#624,#625,#626,#627));
#2418=EDGE_LOOP('',(#628,#629,#630,#631));
#2419=EDGE_LOOP('',(#632,#633,#634,#635));
#2420=EDGE_LOOP('',(#636,#637,#638,#639));
#2421=EDGE_LOOP('',(#640,#641,#642,#643));
#2422=EDGE_LOOP('',(#644,#645,#646,#647));
#2423=EDGE_LOOP('',(#648,#649,#650,#651));
#2424=EDGE_LOOP('',(#652,#653,#654,#655));
#2425=EDGE_LOOP('',(#656,#657,#658,#659));
#2426=EDGE_LOOP('',(#660,#661,#662,#663,#664,#665,#666,#667,#668,#669,#670,
#671,#672,#673,#674,#675,#676,#677));
#2427=EDGE_LOOP('',(#678,#679,#680,#681,#682,#683,#684,#685,#686,#687,#688));
#2428=EDGE_LOOP('',(#689,#690,#691,#692));
#2429=EDGE_LOOP('',(#693,#694,#695,#696,#697,#698,#699,#700,#701,#702,#703,
#704,#705,#706,#707,#708));
#2430=EDGE_LOOP('',(#709,#710,#711,#712,#713,#714,#715,#716,#717,#718,#719));
#2431=EDGE_LOOP('',(#720,#721,#722,#723));
#2432=EDGE_LOOP('',(#724,#725,#726,#727));
#2433=EDGE_LOOP('',(#728));
#2434=EDGE_LOOP('',(#729,#730,#731,#732,#733,#734,#735,#736,#737));
#2435=EDGE_LOOP('',(#738));
#2436=EDGE_LOOP('',(#739,#740,#741,#742,#743,#744));
#2437=EDGE_LOOP('',(#745,#746,#747,#748));
#2438=EDGE_LOOP('',(#749));
#2439=EDGE_LOOP('',(#750,#751,#752,#753,#754,#755));
#2440=EDGE_LOOP('',(#756));
#2441=EDGE_LOOP('',(#757,#758,#759,#760,#761,#762,#763,#764,#765));
#2442=EDGE_LOOP('',(#766,#767,#768,#769));
#2443=EDGE_LOOP('',(#770));
#2444=EDGE_LOOP('',(#771,#772,#773,#774,#775,#776,#777,#778,#779));
#2445=EDGE_LOOP('',(#780));
#2446=EDGE_LOOP('',(#781));
#2447=EDGE_LOOP('',(#782));
#2448=EDGE_LOOP('',(#783,#784,#785,#786,#787,#788,#789));
#2449=EDGE_LOOP('',(#790,#791,#792,#793));
#2450=EDGE_LOOP('',(#794));
#2451=EDGE_LOOP('',(#795,#796,#797,#798,#799,#800,#801,#802,#803));
#2452=EDGE_LOOP('',(#804));
#2453=EDGE_LOOP('',(#805,#806,#807,#808,#809,#810,#811));
#2454=EDGE_LOOP('',(#812,#813,#814,#815));
#2455=EDGE_LOOP('',(#816,#817,#818,#819));
#2456=EDGE_LOOP('',(#820,#821,#822,#823));
#2457=EDGE_LOOP('',(#824,#825,#826,#827));
#2458=EDGE_LOOP('',(#828,#829,#830,#831));
#2459=EDGE_LOOP('',(#832,#833,#834,#835));
#2460=EDGE_LOOP('',(#836,#837,#838,#839,#840));
#2461=EDGE_LOOP('',(#841,#842,#843,#844));
#2462=EDGE_LOOP('',(#845,#846,#847,#848,#849));
#2463=EDGE_LOOP('',(#850,#851,#852,#853));
#2464=EDGE_LOOP('',(#854,#855,#856,#857));
#2465=EDGE_LOOP('',(#858,#859,#860,#861));
#2466=EDGE_LOOP('',(#862,#863,#864,#865));
#2467=EDGE_LOOP('',(#866,#867,#868,#869));
#2468=EDGE_LOOP('',(#870,#871,#872,#873));
#2469=EDGE_LOOP('',(#874,#875,#876,#877));
#2470=EDGE_LOOP('',(#878,#879,#880,#881));
#2471=EDGE_LOOP('',(#882,#883,#884,#885));
#2472=EDGE_LOOP('',(#886,#887,#888,#889));
#2473=EDGE_LOOP('',(#890,#891,#892,#893));
#2474=EDGE_LOOP('',(#894,#895,#896,#897));
#2475=EDGE_LOOP('',(#898,#899,#900,#901));
#2476=EDGE_LOOP('',(#902,#903,#904,#905));
#2477=EDGE_LOOP('',(#906,#907,#908,#909));
#2478=EDGE_LOOP('',(#910,#911,#912,#913));
#2479=EDGE_LOOP('',(#914,#915,#916,#917));
#2480=EDGE_LOOP('',(#918,#919,#920,#921));
#2481=EDGE_LOOP('',(#922,#923,#924,#925));
#2482=EDGE_LOOP('',(#926,#927,#928,#929));
#2483=EDGE_LOOP('',(#930,#931,#932,#933));
#2484=EDGE_LOOP('',(#934,#935,#936,#937,#938));
#2485=EDGE_LOOP('',(#939,#940,#941,#942,#943));
#2486=EDGE_LOOP('',(#944));
#2487=EDGE_LOOP('',(#945));
#2488=EDGE_LOOP('',(#946));
#2489=EDGE_LOOP('',(#947));
#2490=EDGE_LOOP('',(#948));
#2491=EDGE_LOOP('',(#949));
#2492=EDGE_LOOP('',(#950));
#2493=EDGE_LOOP('',(#951));
#2494=EDGE_LOOP('',(#952));
#2495=EDGE_LOOP('',(#953));
#2496=EDGE_LOOP('',(#954));
#2497=EDGE_LOOP('',(#955));
#2498=EDGE_LOOP('',(#956));
#2499=EDGE_LOOP('',(#957));
#2500=EDGE_LOOP('',(#958));
#2501=EDGE_LOOP('',(#959));
#2502=EDGE_LOOP('',(#960));
#2503=EDGE_LOOP('',(#961));
#2504=EDGE_LOOP('',(#962));
#2505=EDGE_LOOP('',(#963));
#2506=EDGE_LOOP('',(#964));
#2507=EDGE_LOOP('',(#965));
#2508=EDGE_LOOP('',(#966));
#2509=EDGE_LOOP('',(#967));
#2510=EDGE_LOOP('',(#968,#969,#970,#971));
#2511=EDGE_LOOP('',(#972,#973,#974,#975));
#2512=EDGE_LOOP('',(#976));
#2513=EDGE_LOOP('',(#977));
#2514=EDGE_LOOP('',(#978));
#2515=EDGE_LOOP('',(#979));
#2516=EDGE_LOOP('',(#980,#981,#982,#983));
#2517=EDGE_LOOP('',(#984,#985,#986,#987));
#2518=EDGE_LOOP('',(#988,#989,#990,#991,#992,#993,#994,#995));
#2519=EDGE_LOOP('',(#996));
#2520=EDGE_LOOP('',(#997,#998,#999,#1000,#1001,#1002,#1003,#1004));
#2521=EDGE_LOOP('',(#1005));
#2522=EDGE_LOOP('',(#1006));
#2523=EDGE_LOOP('',(#1007));
#2524=EDGE_LOOP('',(#1008));
#2525=EDGE_LOOP('',(#1009,#1010,#1011,#1012));
#2526=EDGE_LOOP('',(#1013,#1014,#1015,#1016));
#2527=EDGE_LOOP('',(#1017,#1018,#1019,#1020,#1021,#1022,#1023,#1024));
#2528=EDGE_LOOP('',(#1025));
#2529=EDGE_LOOP('',(#1026,#1027,#1028,#1029,#1030,#1031,#1032,#1033));
#2530=EDGE_LOOP('',(#1034));
#2531=EDGE_LOOP('',(#1035));
#2532=EDGE_LOOP('',(#1036));
#2533=EDGE_LOOP('',(#1037));
#2534=EDGE_LOOP('',(#1038,#1039,#1040,#1041));
#2535=EDGE_LOOP('',(#1042,#1043,#1044,#1045));
#2536=EDGE_LOOP('',(#1046,#1047,#1048,#1049));
#2537=EDGE_LOOP('',(#1050,#1051,#1052,#1053));
#2538=EDGE_LOOP('',(#1054,#1055,#1056,#1057));
#2539=EDGE_LOOP('',(#1058,#1059,#1060,#1061));
#2540=EDGE_LOOP('',(#1062,#1063,#1064,#1065));
#2541=EDGE_LOOP('',(#1066,#1067,#1068,#1069));
#2542=FACE_BOUND('',#2308,.T.);
#2543=FACE_BOUND('',#2309,.T.);
#2544=FACE_BOUND('',#2310,.T.);
#2545=FACE_BOUND('',#2311,.T.);
#2546=FACE_BOUND('',#2312,.T.);
#2547=FACE_BOUND('',#2313,.T.);
#2548=FACE_BOUND('',#2314,.T.);
#2549=FACE_BOUND('',#2315,.T.);
#2550=FACE_BOUND('',#2316,.T.);
#2551=FACE_BOUND('',#2317,.T.);
#2552=FACE_BOUND('',#2318,.T.);
#2553=FACE_BOUND('',#2319,.T.);
#2554=FACE_BOUND('',#2320,.T.);
#2555=FACE_BOUND('',#2321,.T.);
#2556=FACE_BOUND('',#2322,.T.);
#2557=FACE_BOUND('',#2323,.T.);
#2558=FACE_BOUND('',#2324,.T.);
#2559=FACE_BOUND('',#2325,.T.);
#2560=FACE_BOUND('',#2326,.T.);
#2561=FACE_BOUND('',#2327,.T.);
#2562=FACE_BOUND('',#2328,.T.);
#2563=FACE_BOUND('',#2329,.T.);
#2564=FACE_BOUND('',#2330,.T.);
#2565=FACE_BOUND('',#2331,.T.);
#2566=FACE_BOUND('',#2332,.T.);
#2567=FACE_BOUND('',#2333,.T.);
#2568=FACE_BOUND('',#2334,.T.);
#2569=FACE_BOUND('',#2335,.T.);
#2570=FACE_BOUND('',#2336,.T.);
#2571=FACE_BOUND('',#2337,.T.);
#2572=FACE_BOUND('',#2338,.T.);
#2573=FACE_BOUND('',#2339,.T.);
#2574=FACE_BOUND('',#2340,.T.);
#2575=FACE_BOUND('',#2341,.T.);
#2576=FACE_BOUND('',#2342,.T.);
#2577=FACE_BOUND('',#2343,.T.);
#2578=FACE_BOUND('',#2344,.T.);
#2579=FACE_BOUND('',#2345,.T.);
#2580=FACE_BOUND('',#2346,.T.);
#2581=FACE_BOUND('',#2347,.T.);
#2582=FACE_BOUND('',#2348,.T.);
#2583=FACE_BOUND('',#2349,.T.);
#2584=FACE_BOUND('',#2350,.T.);
#2585=FACE_BOUND('',#2351,.T.);
#2586=FACE_BOUND('',#2352,.T.);
#2587=FACE_BOUND('',#2353,.T.);
#2588=FACE_BOUND('',#2354,.T.);
#2589=FACE_BOUND('',#2355,.T.);
#2590=FACE_BOUND('',#2356,.T.);
#2591=FACE_BOUND('',#2357,.T.);
#2592=FACE_BOUND('',#2358,.T.);
#2593=FACE_BOUND('',#2359,.T.);
#2594=FACE_BOUND('',#2360,.T.);
#2595=FACE_BOUND('',#2361,.T.);
#2596=FACE_BOUND('',#2362,.T.);
#2597=FACE_BOUND('',#2363,.T.);
#2598=FACE_BOUND('',#2364,.T.);
#2599=FACE_BOUND('',#2365,.T.);
#2600=FACE_BOUND('',#2366,.T.);
#2601=FACE_BOUND('',#2367,.T.);
#2602=FACE_BOUND('',#2368,.T.);
#2603=FACE_BOUND('',#2369,.T.);
#2604=FACE_BOUND('',#2370,.T.);
#2605=FACE_BOUND('',#2371,.T.);
#2606=FACE_BOUND('',#2372,.T.);
#2607=FACE_BOUND('',#2373,.T.);
#2608=FACE_BOUND('',#2374,.T.);
#2609=FACE_BOUND('',#2375,.T.);
#2610=FACE_BOUND('',#2376,.T.);
#2611=FACE_BOUND('',#2377,.T.);
#2612=FACE_BOUND('',#2378,.T.);
#2613=FACE_BOUND('',#2379,.T.);
#2614=FACE_BOUND('',#2380,.T.);
#2615=FACE_BOUND('',#2381,.T.);
#2616=FACE_BOUND('',#2382,.T.);
#2617=FACE_BOUND('',#2383,.T.);
#2618=FACE_BOUND('',#2384,.T.);
#2619=FACE_BOUND('',#2385,.T.);
#2620=FACE_BOUND('',#2386,.T.);
#2621=FACE_BOUND('',#2387,.T.);
#2622=FACE_BOUND('',#2388,.T.);
#2623=FACE_BOUND('',#2389,.T.);
#2624=FACE_BOUND('',#2390,.T.);
#2625=FACE_BOUND('',#2391,.T.);
#2626=FACE_BOUND('',#2392,.T.);
#2627=FACE_BOUND('',#2393,.T.);
#2628=FACE_BOUND('',#2394,.T.);
#2629=FACE_BOUND('',#2395,.T.);
#2630=FACE_BOUND('',#2396,.T.);
#2631=FACE_BOUND('',#2397,.T.);
#2632=FACE_BOUND('',#2398,.T.);
#2633=FACE_BOUND('',#2399,.T.);
#2634=FACE_BOUND('',#2400,.T.);
#2635=FACE_BOUND('',#2401,.T.);
#2636=FACE_BOUND('',#2402,.T.);
#2637=FACE_BOUND('',#2403,.T.);
#2638=FACE_BOUND('',#2404,.T.);
#2639=FACE_BOUND('',#2405,.T.);
#2640=FACE_BOUND('',#2406,.T.);
#2641=FACE_BOUND('',#2407,.T.);
#2642=FACE_BOUND('',#2408,.T.);
#2643=FACE_BOUND('',#2409,.T.);
#2644=FACE_BOUND('',#2410,.T.);
#2645=FACE_BOUND('',#2411,.T.);
#2646=FACE_BOUND('',#2412,.T.);
#2647=FACE_BOUND('',#2413,.T.);
#2648=FACE_BOUND('',#2414,.T.);
#2649=FACE_BOUND('',#2415,.T.);
#2650=FACE_BOUND('',#2416,.T.);
#2651=FACE_BOUND('',#2417,.T.);
#2652=FACE_BOUND('',#2418,.T.);
#2653=FACE_BOUND('',#2419,.T.);
#2654=FACE_BOUND('',#2420,.T.);
#2655=FACE_BOUND('',#2421,.T.);
#2656=FACE_BOUND('',#2422,.T.);
#2657=FACE_BOUND('',#2423,.T.);
#2658=FACE_BOUND('',#2424,.T.);
#2659=FACE_BOUND('',#2425,.T.);
#2660=FACE_BOUND('',#2426,.T.);
#2661=FACE_BOUND('',#2427,.T.);
#2662=FACE_BOUND('',#2428,.T.);
#2663=FACE_BOUND('',#2429,.T.);
#2664=FACE_BOUND('',#2430,.T.);
#2665=FACE_BOUND('',#2431,.T.);
#2666=FACE_BOUND('',#2432,.T.);
#2667=FACE_BOUND('',#2433,.T.);
#2668=FACE_BOUND('',#2434,.T.);
#2669=FACE_BOUND('',#2435,.T.);
#2670=FACE_BOUND('',#2436,.T.);
#2671=FACE_BOUND('',#2437,.T.);
#2672=FACE_BOUND('',#2438,.T.);
#2673=FACE_BOUND('',#2439,.T.);
#2674=FACE_BOUND('',#2440,.T.);
#2675=FACE_BOUND('',#2441,.T.);
#2676=FACE_BOUND('',#2442,.T.);
#2677=FACE_BOUND('',#2443,.T.);
#2678=FACE_BOUND('',#2444,.T.);
#2679=FACE_BOUND('',#2445,.T.);
#2680=FACE_BOUND('',#2446,.T.);
#2681=FACE_BOUND('',#2447,.T.);
#2682=FACE_BOUND('',#2448,.T.);
#2683=FACE_BOUND('',#2449,.T.);
#2684=FACE_BOUND('',#2450,.T.);
#2685=FACE_BOUND('',#2451,.T.);
#2686=FACE_BOUND('',#2452,.T.);
#2687=FACE_BOUND('',#2453,.T.);
#2688=FACE_BOUND('',#2454,.T.);
#2689=FACE_BOUND('',#2455,.T.);
#2690=FACE_BOUND('',#2456,.T.);
#2691=FACE_BOUND('',#2457,.T.);
#2692=FACE_BOUND('',#2458,.T.);
#2693=FACE_BOUND('',#2459,.T.);
#2694=FACE_BOUND('',#2460,.T.);
#2695=FACE_BOUND('',#2461,.T.);
#2696=FACE_BOUND('',#2462,.T.);
#2697=FACE_BOUND('',#2463,.T.);
#2698=FACE_BOUND('',#2464,.T.);
#2699=FACE_BOUND('',#2465,.T.);
#2700=FACE_BOUND('',#2466,.T.);
#2701=FACE_BOUND('',#2467,.T.);
#2702=FACE_BOUND('',#2468,.T.);
#2703=FACE_BOUND('',#2469,.T.);
#2704=FACE_BOUND('',#2470,.T.);
#2705=FACE_BOUND('',#2471,.T.);
#2706=FACE_BOUND('',#2472,.T.);
#2707=FACE_BOUND('',#2473,.T.);
#2708=FACE_BOUND('',#2474,.T.);
#2709=FACE_BOUND('',#2475,.T.);
#2710=FACE_BOUND('',#2476,.T.);
#2711=FACE_BOUND('',#2477,.T.);
#2712=FACE_BOUND('',#2478,.T.);
#2713=FACE_BOUND('',#2479,.T.);
#2714=FACE_BOUND('',#2480,.T.);
#2715=FACE_BOUND('',#2481,.T.);
#2716=FACE_BOUND('',#2482,.T.);
#2717=FACE_BOUND('',#2483,.T.);
#2718=FACE_BOUND('',#2484,.T.);
#2719=FACE_BOUND('',#2485,.T.);
#2720=FACE_BOUND('',#2486,.T.);
#2721=FACE_BOUND('',#2487,.T.);
#2722=FACE_BOUND('',#2488,.T.);
#2723=FACE_BOUND('',#2489,.T.);
#2724=FACE_BOUND('',#2490,.T.);
#2725=FACE_BOUND('',#2491,.T.);
#2726=FACE_BOUND('',#2492,.T.);
#2727=FACE_BOUND('',#2493,.T.);
#2728=FACE_BOUND('',#2494,.T.);
#2729=FACE_BOUND('',#2495,.T.);
#2730=FACE_BOUND('',#2496,.T.);
#2731=FACE_BOUND('',#2497,.T.);
#2732=FACE_BOUND('',#2498,.T.);
#2733=FACE_BOUND('',#2499,.T.);
#2734=FACE_BOUND('',#2500,.T.);
#2735=FACE_BOUND('',#2501,.T.);
#2736=FACE_BOUND('',#2502,.T.);
#2737=FACE_BOUND('',#2503,.T.);
#2738=FACE_BOUND('',#2504,.T.);
#2739=FACE_BOUND('',#2505,.T.);
#2740=FACE_BOUND('',#2506,.T.);
#2741=FACE_BOUND('',#2507,.T.);
#2742=FACE_BOUND('',#2508,.T.);
#2743=FACE_BOUND('',#2509,.T.);
#2744=FACE_BOUND('',#2510,.T.);
#2745=FACE_BOUND('',#2511,.T.);
#2746=FACE_BOUND('',#2512,.T.);
#2747=FACE_BOUND('',#2513,.T.);
#2748=FACE_BOUND('',#2514,.T.);
#2749=FACE_BOUND('',#2515,.T.);
#2750=FACE_BOUND('',#2516,.T.);
#2751=FACE_BOUND('',#2517,.T.);
#2752=FACE_BOUND('',#2518,.T.);
#2753=FACE_BOUND('',#2519,.T.);
#2754=FACE_BOUND('',#2520,.T.);
#2755=FACE_BOUND('',#2521,.T.);
#2756=FACE_BOUND('',#2522,.T.);
#2757=FACE_BOUND('',#2523,.T.);
#2758=FACE_BOUND('',#2524,.T.);
#2759=FACE_BOUND('',#2525,.T.);
#2760=FACE_BOUND('',#2526,.T.);
#2761=FACE_BOUND('',#2527,.T.);
#2762=FACE_BOUND('',#2528,.T.);
#2763=FACE_BOUND('',#2529,.T.);
#2764=FACE_BOUND('',#2530,.T.);
#2765=FACE_BOUND('',#2531,.T.);
#2766=FACE_BOUND('',#2532,.T.);
#2767=FACE_BOUND('',#2533,.T.);
#2768=FACE_BOUND('',#2534,.T.);
#2769=FACE_BOUND('',#2535,.T.);
#2770=FACE_BOUND('',#2536,.T.);
#2771=FACE_BOUND('',#2537,.T.);
#2772=FACE_BOUND('',#2538,.T.);
#2773=FACE_BOUND('',#2539,.T.);
#2774=FACE_BOUND('',#2540,.T.);
#2775=FACE_BOUND('',#2541,.T.);
#2776=PLANE('',#3044);
#2777=PLANE('',#3053);
#2778=PLANE('',#3062);
#2779=PLANE('',#3069);
#2780=PLANE('',#3074);
#2781=PLANE('',#3075);
#2782=PLANE('',#3080);
#2783=PLANE('',#3087);
#2784=PLANE('',#3088);
#2785=PLANE('',#3095);
#2786=PLANE('',#3102);
#2787=PLANE('',#3103);
#2788=PLANE('',#3110);
#2789=PLANE('',#3115);
#2790=PLANE('',#3116);
#2791=PLANE('',#3117);
#2792=PLANE('',#3118);
#2793=PLANE('',#3119);
#2794=PLANE('',#3120);
#2795=PLANE('',#3121);
#2796=PLANE('',#3123);
#2797=PLANE('',#3124);
#2798=PLANE('',#3126);
#2799=PLANE('',#3175);
#2800=PLANE('',#3176);
#2801=PLANE('',#3177);
#2802=PLANE('',#3179);
#2803=PLANE('',#3180);
#2804=PLANE('',#3183);
#2805=PLANE('',#3184);
#2806=PLANE('',#3185);
#2807=PLANE('',#3187);
#2808=PLANE('',#3188);
#2809=PLANE('',#3191);
#2810=PLANE('',#3192);
#2811=PLANE('',#3193);
#2812=PLANE('',#3194);
#2813=PLANE('',#3195);
#2814=PLANE('',#3196);
#2815=PLANE('',#3197);
#2816=PLANE('',#3198);
#2817=PLANE('',#3200);
#2818=PLANE('',#3209);
#2819=PLANE('',#3218);
#2820=PLANE('',#3225);
#2821=PLANE('',#3230);
#2822=PLANE('',#3231);
#2823=PLANE('',#3236);
#2824=PLANE('',#3243);
#2825=PLANE('',#3244);
#2826=PLANE('',#3251);
#2827=PLANE('',#3258);
#2828=PLANE('',#3259);
#2829=PLANE('',#3266);
#2830=PLANE('',#3271);
#2831=PLANE('',#3272);
#2832=PLANE('',#3273);
#2833=PLANE('',#3274);
#2834=PLANE('',#3275);
#2835=PLANE('',#3276);
#2836=PLANE('',#3277);
#2837=PLANE('',#3279);
#2838=PLANE('',#3280);
#2839=PLANE('',#3282);
#2840=PLANE('',#3331);
#2841=PLANE('',#3332);
#2842=PLANE('',#3333);
#2843=PLANE('',#3335);
#2844=PLANE('',#3336);
#2845=PLANE('',#3339);
#2846=PLANE('',#3340);
#2847=PLANE('',#3341);
#2848=PLANE('',#3343);
#2849=PLANE('',#3344);
#2850=PLANE('',#3347);
#2851=PLANE('',#3348);
#2852=PLANE('',#3349);
#2853=PLANE('',#3350);
#2854=PLANE('',#3351);
#2855=PLANE('',#3352);
#2856=PLANE('',#3353);
#2857=PLANE('',#3354);
#2858=ADVANCED_FACE('',(#2542,#2543,#2544,#2545),#2776,.F.);
#2859=ADVANCED_FACE('',(#2546,#2547,#2548,#2549),#2777,.T.);
#2860=ADVANCED_FACE('',(#2550,#2551),#2778,.T.);
#2861=ADVANCED_FACE('',(#2552,#2553),#2779,.F.);
#2862=ADVANCED_FACE('',(#2554),#2780,.T.);
#2863=ADVANCED_FACE('',(#2555,#2556),#2781,.T.);
#2864=ADVANCED_FACE('',(#2557,#2558),#2782,.F.);
#2865=ADVANCED_FACE('',(#2559),#2783,.T.);
#2866=ADVANCED_FACE('',(#2560,#2561),#2784,.T.);
#2867=ADVANCED_FACE('',(#2562,#2563,#2564,#2565),#2785,.F.);
#2868=ADVANCED_FACE('',(#2566),#2786,.T.);
#2869=ADVANCED_FACE('',(#2567,#2568),#2787,.F.);
#2870=ADVANCED_FACE('',(#2569,#2570),#2788,.T.);
#2871=ADVANCED_FACE('',(#2571),#2789,.T.);
#2872=ADVANCED_FACE('',(#2572),#2790,.T.);
#2873=ADVANCED_FACE('',(#2573),#2791,.F.);
#2874=ADVANCED_FACE('',(#2574),#2792,.T.);
#2875=ADVANCED_FACE('',(#2575),#2793,.F.);
#2876=ADVANCED_FACE('',(#2576),#2794,.T.);
#2877=ADVANCED_FACE('',(#2577),#2795,.F.);
#2878=ADVANCED_FACE('',(#2578),#2796,.F.);
#2879=ADVANCED_FACE('',(#2579),#2797,.T.);
#2880=ADVANCED_FACE('',(#2580),#2798,.T.);
#2881=ADVANCED_FACE('',(#2581),#30,.T.);
#2882=ADVANCED_FACE('',(#2582),#31,.T.);
#2883=ADVANCED_FACE('',(#2583),#32,.T.);
#2884=ADVANCED_FACE('',(#2584),#33,.T.);
#2885=ADVANCED_FACE('',(#2585),#34,.T.);
#2886=ADVANCED_FACE('',(#2586),#35,.T.);
#2887=ADVANCED_FACE('',(#2587),#36,.T.);
#2888=ADVANCED_FACE('',(#2588),#37,.T.);
#2889=ADVANCED_FACE('',(#2589),#38,.F.);
#2890=ADVANCED_FACE('',(#2590),#39,.F.);
#2891=ADVANCED_FACE('',(#2591),#40,.F.);
#2892=ADVANCED_FACE('',(#2592),#41,.F.);
#2893=ADVANCED_FACE('',(#2593),#42,.T.);
#2894=ADVANCED_FACE('',(#2594),#43,.F.);
#2895=ADVANCED_FACE('',(#2595),#44,.T.);
#2896=ADVANCED_FACE('',(#2596),#45,.T.);
#2897=ADVANCED_FACE('',(#2597),#46,.T.);
#2898=ADVANCED_FACE('',(#2598),#47,.T.);
#2899=ADVANCED_FACE('',(#2599),#48,.F.);
#2900=ADVANCED_FACE('',(#2600),#49,.F.);
#2901=ADVANCED_FACE('',(#2601),#50,.F.);
#2902=ADVANCED_FACE('',(#2602),#51,.F.);
#2903=ADVANCED_FACE('',(#2603,#2604),#52,.F.);
#2904=ADVANCED_FACE('',(#2605,#2606),#53,.F.);
#2905=ADVANCED_FACE('',(#2607,#2608),#54,.F.);
#2906=ADVANCED_FACE('',(#2609,#2610),#55,.F.);
#2907=ADVANCED_FACE('',(#2611,#2612),#14,.F.);
#2908=ADVANCED_FACE('',(#2613,#2614),#15,.F.);
#2909=ADVANCED_FACE('',(#2615,#2616),#16,.F.);
#2910=ADVANCED_FACE('',(#2617,#2618),#17,.F.);
#2911=ADVANCED_FACE('',(#2619,#2620),#18,.F.);
#2912=ADVANCED_FACE('',(#2621,#2622),#19,.F.);
#2913=ADVANCED_FACE('',(#2623,#2624),#20,.F.);
#2914=ADVANCED_FACE('',(#2625,#2626),#21,.F.);
#2915=ADVANCED_FACE('',(#2627),#56,.F.);
#2916=ADVANCED_FACE('',(#2628),#57,.F.);
#2917=ADVANCED_FACE('',(#2629,#2630),#58,.F.);
#2918=ADVANCED_FACE('',(#2631,#2632),#59,.F.);
#2919=ADVANCED_FACE('',(#2633),#2799,.T.);
#2920=ADVANCED_FACE('',(#2634),#2800,.F.);
#2921=ADVANCED_FACE('',(#2635,#2636),#2801,.T.);
#2922=ADVANCED_FACE('',(#2637,#2638),#2802,.F.);
#2923=ADVANCED_FACE('',(#2639),#2803,.T.);
#2924=ADVANCED_FACE('',(#2640,#2641),#60,.F.);
#2925=ADVANCED_FACE('',(#2642),#2804,.T.);
#2926=ADVANCED_FACE('',(#2643),#2805,.F.);
#2927=ADVANCED_FACE('',(#2644,#2645),#2806,.T.);
#2928=ADVANCED_FACE('',(#2646,#2647),#2807,.F.);
#2929=ADVANCED_FACE('',(#2648),#2808,.T.);
#2930=ADVANCED_FACE('',(#2649,#2650),#61,.F.);
#2931=ADVANCED_FACE('',(#2651),#2809,.T.);
#2932=ADVANCED_FACE('',(#2652),#2810,.F.);
#2933=ADVANCED_FACE('',(#2653),#2811,.T.);
#2934=ADVANCED_FACE('',(#2654),#2812,.F.);
#2935=ADVANCED_FACE('',(#2655),#2813,.F.);
#2936=ADVANCED_FACE('',(#2656),#2814,.T.);
#2937=ADVANCED_FACE('',(#2657),#2815,.F.);
#2938=ADVANCED_FACE('',(#2658),#2816,.T.);
#2939=ADVANCED_FACE('',(#2659,#2660,#2661,#2662),#2817,.F.);
#2940=ADVANCED_FACE('',(#2663,#2664,#2665,#2666),#2818,.T.);
#2941=ADVANCED_FACE('',(#2667,#2668),#2819,.T.);
#2942=ADVANCED_FACE('',(#2669,#2670),#2820,.F.);
#2943=ADVANCED_FACE('',(#2671),#2821,.T.);
#2944=ADVANCED_FACE('',(#2672,#2673),#2822,.T.);
#2945=ADVANCED_FACE('',(#2674,#2675),#2823,.F.);
#2946=ADVANCED_FACE('',(#2676),#2824,.T.);
#2947=ADVANCED_FACE('',(#2677,#2678),#2825,.T.);
#2948=ADVANCED_FACE('',(#2679,#2680,#2681,#2682),#2826,.F.);
#2949=ADVANCED_FACE('',(#2683),#2827,.T.);
#2950=ADVANCED_FACE('',(#2684,#2685),#2828,.F.);
#2951=ADVANCED_FACE('',(#2686,#2687),#2829,.T.);
#2952=ADVANCED_FACE('',(#2688),#2830,.T.);
#2953=ADVANCED_FACE('',(#2689),#2831,.T.);
#2954=ADVANCED_FACE('',(#2690),#2832,.F.);
#2955=ADVANCED_FACE('',(#2691),#2833,.T.);
#2956=ADVANCED_FACE('',(#2692),#2834,.F.);
#2957=ADVANCED_FACE('',(#2693),#2835,.T.);
#2958=ADVANCED_FACE('',(#2694),#2836,.F.);
#2959=ADVANCED_FACE('',(#2695),#2837,.F.);
#2960=ADVANCED_FACE('',(#2696),#2838,.T.);
#2961=ADVANCED_FACE('',(#2697),#2839,.T.);
#2962=ADVANCED_FACE('',(#2698),#62,.T.);
#2963=ADVANCED_FACE('',(#2699),#63,.T.);
#2964=ADVANCED_FACE('',(#2700),#64,.T.);
#2965=ADVANCED_FACE('',(#2701),#65,.T.);
#2966=ADVANCED_FACE('',(#2702),#66,.T.);
#2967=ADVANCED_FACE('',(#2703),#67,.T.);
#2968=ADVANCED_FACE('',(#2704),#68,.T.);
#2969=ADVANCED_FACE('',(#2705),#69,.T.);
#2970=ADVANCED_FACE('',(#2706),#70,.F.);
#2971=ADVANCED_FACE('',(#2707),#71,.F.);
#2972=ADVANCED_FACE('',(#2708),#72,.F.);
#2973=ADVANCED_FACE('',(#2709),#73,.F.);
#2974=ADVANCED_FACE('',(#2710),#74,.T.);
#2975=ADVANCED_FACE('',(#2711),#75,.F.);
#2976=ADVANCED_FACE('',(#2712),#76,.T.);
#2977=ADVANCED_FACE('',(#2713),#77,.T.);
#2978=ADVANCED_FACE('',(#2714),#78,.T.);
#2979=ADVANCED_FACE('',(#2715),#79,.T.);
#2980=ADVANCED_FACE('',(#2716),#80,.F.);
#2981=ADVANCED_FACE('',(#2717),#81,.F.);
#2982=ADVANCED_FACE('',(#2718),#82,.F.);
#2983=ADVANCED_FACE('',(#2719),#83,.F.);
#2984=ADVANCED_FACE('',(#2720,#2721),#84,.F.);
#2985=ADVANCED_FACE('',(#2722,#2723),#85,.F.);
#2986=ADVANCED_FACE('',(#2724,#2725),#86,.F.);
#2987=ADVANCED_FACE('',(#2726,#2727),#87,.F.);
#2988=ADVANCED_FACE('',(#2728,#2729),#22,.F.);
#2989=ADVANCED_FACE('',(#2730,#2731),#23,.F.);
#2990=ADVANCED_FACE('',(#2732,#2733),#24,.F.);
#2991=ADVANCED_FACE('',(#2734,#2735),#25,.F.);
#2992=ADVANCED_FACE('',(#2736,#2737),#26,.F.);
#2993=ADVANCED_FACE('',(#2738,#2739),#27,.F.);
#2994=ADVANCED_FACE('',(#2740,#2741),#28,.F.);
#2995=ADVANCED_FACE('',(#2742,#2743),#29,.F.);
#2996=ADVANCED_FACE('',(#2744),#88,.F.);
#2997=ADVANCED_FACE('',(#2745),#89,.F.);
#2998=ADVANCED_FACE('',(#2746,#2747),#90,.F.);
#2999=ADVANCED_FACE('',(#2748,#2749),#91,.F.);
#3000=ADVANCED_FACE('',(#2750),#2840,.T.);
#3001=ADVANCED_FACE('',(#2751),#2841,.F.);
#3002=ADVANCED_FACE('',(#2752,#2753),#2842,.T.);
#3003=ADVANCED_FACE('',(#2754,#2755),#2843,.F.);
#3004=ADVANCED_FACE('',(#2756),#2844,.T.);
#3005=ADVANCED_FACE('',(#2757,#2758),#92,.F.);
#3006=ADVANCED_FACE('',(#2759),#2845,.T.);
#3007=ADVANCED_FACE('',(#2760),#2846,.F.);
#3008=ADVANCED_FACE('',(#2761,#2762),#2847,.T.);
#3009=ADVANCED_FACE('',(#2763,#2764),#2848,.F.);
#3010=ADVANCED_FACE('',(#2765),#2849,.T.);
#3011=ADVANCED_FACE('',(#2766,#2767),#93,.F.);
#3012=ADVANCED_FACE('',(#2768),#2850,.T.);
#3013=ADVANCED_FACE('',(#2769),#2851,.F.);
#3014=ADVANCED_FACE('',(#2770),#2852,.T.);
#3015=ADVANCED_FACE('',(#2771),#2853,.F.);
#3016=ADVANCED_FACE('',(#2772),#2854,.F.);
#3017=ADVANCED_FACE('',(#2773),#2855,.T.);
#3018=ADVANCED_FACE('',(#2774),#2856,.F.);
#3019=ADVANCED_FACE('',(#2775),#2857,.T.);
#3020=CLOSED_SHELL('',(#2858,#2859,#2860,#2861,#2862,#2863,#2864,#2865,
#2866,#2867,#2868,#2869,#2870,#2871,#2872,#2873,#2874,#2875,#2876,#2877,
#2878,#2879,#2880,#2881,#2882,#2883,#2884,#2885,#2886,#2887,#2888,#2889,
#2890,#2891,#2892,#2893,#2894,#2895,#2896,#2897,#2898,#2899,#2900,#2901,
#2902,#2903,#2904,#2905,#2906,#2907,#2908,#2909,#2910,#2911,#2912,#2913,
#2914,#2915,#2916,#2917,#2918,#2919,#2920,#2921,#2922,#2923,#2924,#2925,
#2926,#2927,#2928,#2929,#2930,#2931,#2932,#2933,#2934,#2935,#2936,#2937,
#2938));
#3021=CLOSED_SHELL('',(#2939,#2940,#2941,#2942,#2943,#2944,#2945,#2946,
#2947,#2948,#2949,#2950,#2951,#2952,#2953,#2954,#2955,#2956,#2957,#2958,
#2959,#2960,#2961,#2962,#2963,#2964,#2965,#2966,#2967,#2968,#2969,#2970,
#2971,#2972,#2973,#2974,#2975,#2976,#2977,#2978,#2979,#2980,#2981,#2982,
#2983,#2984,#2985,#2986,#2987,#2988,#2989,#2990,#2991,#2992,#2993,#2994,
#2995,#2996,#2997,#2998,#2999,#3000,#3001,#3002,#3003,#3004,#3005,#3006,
#3007,#3008,#3009,#3010,#3011,#3012,#3013,#3014,#3015,#3016,#3017,#3018,
#3019));
#3022=STYLED_ITEM('',(#3024),#3037);
#3023=STYLED_ITEM('',(#3025),#3038);
#3024=PRESENTATION_STYLE_ASSIGNMENT((#3026));
#3025=PRESENTATION_STYLE_ASSIGNMENT((#3027));
#3026=SURFACE_STYLE_USAGE(.BOTH.,#3028);
#3027=SURFACE_STYLE_USAGE(.BOTH.,#3029);
#3028=SURFACE_SIDE_STYLE('',(#3030));
#3029=SURFACE_SIDE_STYLE('',(#3031));
#3030=SURFACE_STYLE_FILL_AREA(#3032);
#3031=SURFACE_STYLE_FILL_AREA(#3033);
#3032=FILL_AREA_STYLE('',(#3034));
#3033=FILL_AREA_STYLE('',(#3035));
#3034=FILL_AREA_STYLE_COLOUR('',#3036);
#3035=FILL_AREA_STYLE_COLOUR('',#3036);
#3036=DRAUGHTING_PRE_DEFINED_COLOUR('black');
#3037=MANIFOLD_SOLID_BREP('Part 2',#3020);
#3038=MANIFOLD_SOLID_BREP('rear lower arm',#3021);
#3039=SHAPE_DEFINITION_REPRESENTATION(#5127,#3041);
#3040=SHAPE_DEFINITION_REPRESENTATION(#5128,#3042);
#3041=SHAPE_REPRESENTATION('Part 2',(#3043),#5117);
#3042=SHAPE_REPRESENTATION('rear lower arm',(#3199),#5118);
#3043=AXIS2_PLACEMENT_3D('',#4245,#3355,#3356);
#3044=AXIS2_PLACEMENT_3D('',#4246,#3357,#3358);
#3045=AXIS2_PLACEMENT_3D('',#4264,#3367,#3368);
#3046=AXIS2_PLACEMENT_3D('',#4284,#3378,#3379);
#3047=AXIS2_PLACEMENT_3D('',#4294,#3384,#3385);
#3048=AXIS2_PLACEMENT_3D('',#4298,#3387,#3388);
#3049=AXIS2_PLACEMENT_3D('',#4302,#3390,#3391);
#3050=AXIS2_PLACEMENT_3D('',#4306,#3393,#3394);
#3051=AXIS2_PLACEMENT_3D('',#4310,#3396,#3397);
#3052=AXIS2_PLACEMENT_3D('',#4312,#3398,#3399);
#3053=AXIS2_PLACEMENT_3D('',#4321,#3404,#3405);
#3054=AXIS2_PLACEMENT_3D('',#4325,#3407,#3408);
#3055=AXIS2_PLACEMENT_3D('',#4341,#3416,#3417);
#3056=AXIS2_PLACEMENT_3D('',#4357,#3425,#3426);
#3057=AXIS2_PLACEMENT_3D('',#4361,#3428,#3429);
#3058=AXIS2_PLACEMENT_3D('',#4365,#3431,#3432);
#3059=AXIS2_PLACEMENT_3D('',#4369,#3434,#3435);
#3060=AXIS2_PLACEMENT_3D('',#4373,#3437,#3438);
#3061=AXIS2_PLACEMENT_3D('',#4375,#3439,#3440);
#3062=AXIS2_PLACEMENT_3D('',#4392,#3449,#3450);
#3063=AXIS2_PLACEMENT_3D('',#4393,#3451,#3452);
#3064=AXIS2_PLACEMENT_3D('',#4398,#3454,#3455);
#3065=AXIS2_PLACEMENT_3D('',#4399,#3456,#3457);
#3066=AXIS2_PLACEMENT_3D('',#4403,#3459,#3460);
#3067=AXIS2_PLACEMENT_3D('',#4404,#3461,#3462);
#3068=AXIS2_PLACEMENT_3D('',#4406,#3463,#3464);
#3069=AXIS2_PLACEMENT_3D('',#4407,#3465,#3466);
#3070=AXIS2_PLACEMENT_3D('',#4408,#3467,#3468);
#3071=AXIS2_PLACEMENT_3D('',#4412,#3470,#3471);
#3072=AXIS2_PLACEMENT_3D('',#4416,#3473,#3474);
#3073=AXIS2_PLACEMENT_3D('',#4418,#3475,#3476);
#3074=AXIS2_PLACEMENT_3D('',#4419,#3477,#3478);
#3075=AXIS2_PLACEMENT_3D('',#4422,#3481,#3482);
#3076=AXIS2_PLACEMENT_3D('',#4423,#3483,#3484);
#3077=AXIS2_PLACEMENT_3D('',#4428,#3486,#3487);
#3078=AXIS2_PLACEMENT_3D('',#4431,#3489,#3490);
#3079=AXIS2_PLACEMENT_3D('',#4433,#3491,#3492);
#3080=AXIS2_PLACEMENT_3D('',#4434,#3493,#3494);
#3081=AXIS2_PLACEMENT_3D('',#4435,#3495,#3496);
#3082=AXIS2_PLACEMENT_3D('',#4437,#3497,#3498);
#3083=AXIS2_PLACEMENT_3D('',#4441,#3500,#3501);
#3084=AXIS2_PLACEMENT_3D('',#4442,#3502,#3503);
#3085=AXIS2_PLACEMENT_3D('',#4446,#3505,#3506);
#3086=AXIS2_PLACEMENT_3D('',#4448,#3507,#3508);
#3087=AXIS2_PLACEMENT_3D('',#4449,#3509,#3510);
#3088=AXIS2_PLACEMENT_3D('',#4452,#3513,#3514);
#3089=AXIS2_PLACEMENT_3D('',#4453,#3515,#3516);
#3090=AXIS2_PLACEMENT_3D('',#4458,#3518,#3519);
#3091=AXIS2_PLACEMENT_3D('',#4459,#3520,#3521);
#3092=AXIS2_PLACEMENT_3D('',#4463,#3523,#3524);
#3093=AXIS2_PLACEMENT_3D('',#4464,#3525,#3526);
#3094=AXIS2_PLACEMENT_3D('',#4466,#3527,#3528);
#3095=AXIS2_PLACEMENT_3D('',#4467,#3529,#3530);
#3096=AXIS2_PLACEMENT_3D('',#4468,#3531,#3532);
#3097=AXIS2_PLACEMENT_3D('',#4470,#3533,#3534);
#3098=AXIS2_PLACEMENT_3D('',#4472,#3535,#3536);
#3099=AXIS2_PLACEMENT_3D('',#4474,#3537,#3538);
#3100=AXIS2_PLACEMENT_3D('',#4478,#3540,#3541);
#3101=AXIS2_PLACEMENT_3D('',#4480,#3542,#3543);
#3102=AXIS2_PLACEMENT_3D('',#4482,#3545,#3546);
#3103=AXIS2_PLACEMENT_3D('',#4485,#3549,#3550);
#3104=AXIS2_PLACEMENT_3D('',#4486,#3551,#3552);
#3105=AXIS2_PLACEMENT_3D('',#4488,#3553,#3554);
#3106=AXIS2_PLACEMENT_3D('',#4492,#3556,#3557);
#3107=AXIS2_PLACEMENT_3D('',#4493,#3558,#3559);
#3108=AXIS2_PLACEMENT_3D('',#4497,#3561,#3562);
#3109=AXIS2_PLACEMENT_3D('',#4499,#3563,#3564);
#3110=AXIS2_PLACEMENT_3D('',#4500,#3565,#3566);
#3111=AXIS2_PLACEMENT_3D('',#4501,#3567,#3568);
#3112=AXIS2_PLACEMENT_3D('',#4503,#3569,#3570);
#3113=AXIS2_PLACEMENT_3D('',#4505,#3571,#3572);
#3114=AXIS2_PLACEMENT_3D('',#4509,#3574,#3575);
#3115=AXIS2_PLACEMENT_3D('',#4511,#3577,#3578);
#3116=AXIS2_PLACEMENT_3D('',#4514,#3581,#3582);
#3117=AXIS2_PLACEMENT_3D('',#4517,#3585,#3586);
#3118=AXIS2_PLACEMENT_3D('',#4520,#3589,#3590);
#3119=AXIS2_PLACEMENT_3D('',#4523,#3593,#3594);
#3120=AXIS2_PLACEMENT_3D('',#4526,#3597,#3598);
#3121=AXIS2_PLACEMENT_3D('',#4529,#3601,#3602);
#3122=AXIS2_PLACEMENT_3D('',#4530,#3603,#3604);
#3123=AXIS2_PLACEMENT_3D('',#4532,#3606,#3607);
#3124=AXIS2_PLACEMENT_3D('',#4535,#3610,#3611);
#3125=AXIS2_PLACEMENT_3D('',#4536,#3612,#3613);
#3126=AXIS2_PLACEMENT_3D('',#4538,#3615,#3616);
#3127=AXIS2_PLACEMENT_3D('',#4541,#3619,#3620);
#3128=AXIS2_PLACEMENT_3D('',#4542,#3621,#3622);
#3129=AXIS2_PLACEMENT_3D('',#4543,#3623,#3624);
#3130=AXIS2_PLACEMENT_3D('',#4544,#3625,#3626);
#3131=AXIS2_PLACEMENT_3D('',#4545,#3627,#3628);
#3132=AXIS2_PLACEMENT_3D('',#4546,#3629,#3630);
#3133=AXIS2_PLACEMENT_3D('',#4547,#3631,#3632);
#3134=AXIS2_PLACEMENT_3D('',#4548,#3633,#3634);
#3135=AXIS2_PLACEMENT_3D('',#4549,#3635,#3636);
#3136=AXIS2_PLACEMENT_3D('',#4550,#3637,#3638);
#3137=AXIS2_PLACEMENT_3D('',#4551,#3639,#3640);
#3138=AXIS2_PLACEMENT_3D('',#4552,#3641,#3642);
#3139=AXIS2_PLACEMENT_3D('',#4553,#3643,#3644);
#3140=AXIS2_PLACEMENT_3D('',#4555,#3646,#3647);
#3141=AXIS2_PLACEMENT_3D('',#4556,#3648,#3649);
#3142=AXIS2_PLACEMENT_3D('',#4558,#3651,#3652);
#3143=AXIS2_PLACEMENT_3D('',#4560,#3654,#3655);
#3144=AXIS2_PLACEMENT_3D('',#4562,#3657,#3658);
#3145=AXIS2_PLACEMENT_3D('',#4564,#3660,#3661);
#3146=AXIS2_PLACEMENT_3D('',#4565,#3662,#3663);
#3147=AXIS2_PLACEMENT_3D('',#4566,#3664,#3665);
#3148=AXIS2_PLACEMENT_3D('',#4567,#3666,#3667);
#3149=AXIS2_PLACEMENT_3D('',#4568,#3668,#3669);
#3150=AXIS2_PLACEMENT_3D('',#4569,#3670,#3671);
#3151=AXIS2_PLACEMENT_3D('',#4571,#3672,#3673);
#3152=AXIS2_PLACEMENT_3D('',#4573,#3674,#3675);
#3153=AXIS2_PLACEMENT_3D('',#4574,#3676,#3677);
#3154=AXIS2_PLACEMENT_3D('',#4576,#3678,#3679);
#3155=AXIS2_PLACEMENT_3D('',#4578,#3680,#3681);
#3156=AXIS2_PLACEMENT_3D('',#4579,#3682,#3683);
#3157=AXIS2_PLACEMENT_3D('',#4581,#3684,#3685);
#3158=AXIS2_PLACEMENT_3D('',#4583,#3686,#3687);
#3159=AXIS2_PLACEMENT_3D('',#4584,#3688,#3689);
#3160=AXIS2_PLACEMENT_3D('',#4586,#3690,#3691);
#3161=AXIS2_PLACEMENT_3D('',#4588,#3692,#3693);
#3162=AXIS2_PLACEMENT_3D('',#4589,#3694,#3695);
#3163=AXIS2_PLACEMENT_3D('',#4590,#3696,#3697);
#3164=AXIS2_PLACEMENT_3D('',#4591,#3698,#3699);
#3165=AXIS2_PLACEMENT_3D('',#4592,#3700,#3701);
#3166=AXIS2_PLACEMENT_3D('',#4593,#3702,#3703);
#3167=AXIS2_PLACEMENT_3D('',#4594,#3704,#3705);
#3168=AXIS2_PLACEMENT_3D('',#4595,#3706,#3707);
#3169=AXIS2_PLACEMENT_3D('',#4596,#3708,#3709);
#3170=AXIS2_PLACEMENT_3D('',#4597,#3710,#3711);
#3171=AXIS2_PLACEMENT_3D('',#4598,#3712,#3713);
#3172=AXIS2_PLACEMENT_3D('',#4599,#3714,#3715);
#3173=AXIS2_PLACEMENT_3D('',#4601,#3716,#3717);
#3174=AXIS2_PLACEMENT_3D('',#4602,#3718,#3719);
#3175=AXIS2_PLACEMENT_3D('',#4604,#3720,#3721);
#3176=AXIS2_PLACEMENT_3D('',#4613,#3726,#3727);
#3177=AXIS2_PLACEMENT_3D('',#4622,#3732,#3733);
#3178=AXIS2_PLACEMENT_3D('',#4627,#3738,#3739);
#3179=AXIS2_PLACEMENT_3D('',#4629,#3740,#3741);
#3180=AXIS2_PLACEMENT_3D('',#4634,#3746,#3747);
#3181=AXIS2_PLACEMENT_3D('',#4635,#3748,#3749);
#3182=AXIS2_PLACEMENT_3D('',#4637,#3750,#3751);
#3183=AXIS2_PLACEMENT_3D('',#4638,#3752,#3753);
#3184=AXIS2_PLACEMENT_3D('',#4647,#3758,#3759);
#3185=AXIS2_PLACEMENT_3D('',#4656,#3764,#3765);
#3186=AXIS2_PLACEMENT_3D('',#4661,#3770,#3771);
#3187=AXIS2_PLACEMENT_3D('',#4663,#3772,#3773);
#3188=AXIS2_PLACEMENT_3D('',#4668,#3778,#3779);
#3189=AXIS2_PLACEMENT_3D('',#4669,#3780,#3781);
#3190=AXIS2_PLACEMENT_3D('',#4671,#3782,#3783);
#3191=AXIS2_PLACEMENT_3D('',#4672,#3784,#3785);
#3192=AXIS2_PLACEMENT_3D('',#4673,#3786,#3787);
#3193=AXIS2_PLACEMENT_3D('',#4674,#3788,#3789);
#3194=AXIS2_PLACEMENT_3D('',#4675,#3790,#3791);
#3195=AXIS2_PLACEMENT_3D('',#4676,#3792,#3793);
#3196=AXIS2_PLACEMENT_3D('',#4677,#3794,#3795);
#3197=AXIS2_PLACEMENT_3D('',#4678,#3796,#3797);
#3198=AXIS2_PLACEMENT_3D('',#4679,#3798,#3799);
#3199=AXIS2_PLACEMENT_3D('',#4680,#3800,#3801);
#3200=AXIS2_PLACEMENT_3D('',#4681,#3802,#3803);
#3201=AXIS2_PLACEMENT_3D('',#4699,#3812,#3813);
#3202=AXIS2_PLACEMENT_3D('',#4719,#3823,#3824);
#3203=AXIS2_PLACEMENT_3D('',#4729,#3829,#3830);
#3204=AXIS2_PLACEMENT_3D('',#4731,#3831,#3832);
#3205=AXIS2_PLACEMENT_3D('',#4735,#3834,#3835);
#3206=AXIS2_PLACEMENT_3D('',#4739,#3837,#3838);
#3207=AXIS2_PLACEMENT_3D('',#4743,#3840,#3841);
#3208=AXIS2_PLACEMENT_3D('',#4747,#3843,#3844);
#3209=AXIS2_PLACEMENT_3D('',#4756,#3849,#3850);
#3210=AXIS2_PLACEMENT_3D('',#4772,#3858,#3859);
#3211=AXIS2_PLACEMENT_3D('',#4788,#3867,#3868);
#3212=AXIS2_PLACEMENT_3D('',#4792,#3870,#3871);
#3213=AXIS2_PLACEMENT_3D('',#4794,#3872,#3873);
#3214=AXIS2_PLACEMENT_3D('',#4798,#3875,#3876);
#3215=AXIS2_PLACEMENT_3D('',#4802,#3878,#3879);
#3216=AXIS2_PLACEMENT_3D('',#4806,#3881,#3882);
#3217=AXIS2_PLACEMENT_3D('',#4810,#3884,#3885);
#3218=AXIS2_PLACEMENT_3D('',#4827,#3894,#3895);
#3219=AXIS2_PLACEMENT_3D('',#4828,#3896,#3897);
#3220=AXIS2_PLACEMENT_3D('',#4833,#3899,#3900);
#3221=AXIS2_PLACEMENT_3D('',#4835,#3901,#3902);
#3222=AXIS2_PLACEMENT_3D('',#4836,#3903,#3904);
#3223=AXIS2_PLACEMENT_3D('',#4840,#3906,#3907);
#3224=AXIS2_PLACEMENT_3D('',#4841,#3908,#3909);
#3225=AXIS2_PLACEMENT_3D('',#4842,#3910,#3911);
#3226=AXIS2_PLACEMENT_3D('',#4843,#3912,#3913);
#3227=AXIS2_PLACEMENT_3D('',#4847,#3915,#3916);
#3228=AXIS2_PLACEMENT_3D('',#4849,#3917,#3918);
#3229=AXIS2_PLACEMENT_3D('',#4853,#3920,#3921);
#3230=AXIS2_PLACEMENT_3D('',#4854,#3922,#3923);
#3231=AXIS2_PLACEMENT_3D('',#4857,#3926,#3927);
#3232=AXIS2_PLACEMENT_3D('',#4858,#3928,#3929);
#3233=AXIS2_PLACEMENT_3D('',#4863,#3931,#3932);
#3234=AXIS2_PLACEMENT_3D('',#4865,#3933,#3934);
#3235=AXIS2_PLACEMENT_3D('',#4868,#3936,#3937);
#3236=AXIS2_PLACEMENT_3D('',#4869,#3938,#3939);
#3237=AXIS2_PLACEMENT_3D('',#4870,#3940,#3941);
#3238=AXIS2_PLACEMENT_3D('',#4872,#3942,#3943);
#3239=AXIS2_PLACEMENT_3D('',#4874,#3944,#3945);
#3240=AXIS2_PLACEMENT_3D('',#4878,#3947,#3948);
#3241=AXIS2_PLACEMENT_3D('',#4879,#3949,#3950);
#3242=AXIS2_PLACEMENT_3D('',#4883,#3952,#3953);
#3243=AXIS2_PLACEMENT_3D('',#4884,#3954,#3955);
#3244=AXIS2_PLACEMENT_3D('',#4887,#3958,#3959);
#3245=AXIS2_PLACEMENT_3D('',#4888,#3960,#3961);
#3246=AXIS2_PLACEMENT_3D('',#4893,#3963,#3964);
#3247=AXIS2_PLACEMENT_3D('',#4895,#3965,#3966);
#3248=AXIS2_PLACEMENT_3D('',#4896,#3967,#3968);
#3249=AXIS2_PLACEMENT_3D('',#4900,#3970,#3971);
#3250=AXIS2_PLACEMENT_3D('',#4901,#3972,#3973);
#3251=AXIS2_PLACEMENT_3D('',#4902,#3974,#3975);
#3252=AXIS2_PLACEMENT_3D('',#4903,#3976,#3977);
#3253=AXIS2_PLACEMENT_3D('',#4905,#3978,#3979);
#3254=AXIS2_PLACEMENT_3D('',#4907,#3980,#3981);
#3255=AXIS2_PLACEMENT_3D('',#4910,#3983,#3984);
#3256=AXIS2_PLACEMENT_3D('',#4912,#3985,#3986);
#3257=AXIS2_PLACEMENT_3D('',#4916,#3988,#3989);
#3258=AXIS2_PLACEMENT_3D('',#4917,#3990,#3991);
#3259=AXIS2_PLACEMENT_3D('',#4920,#3994,#3995);
#3260=AXIS2_PLACEMENT_3D('',#4921,#3996,#3997);
#3261=AXIS2_PLACEMENT_3D('',#4923,#3998,#3999);
#3262=AXIS2_PLACEMENT_3D('',#4925,#4000,#4001);
#3263=AXIS2_PLACEMENT_3D('',#4929,#4003,#4004);
#3264=AXIS2_PLACEMENT_3D('',#4930,#4005,#4006);
#3265=AXIS2_PLACEMENT_3D('',#4934,#4008,#4009);
#3266=AXIS2_PLACEMENT_3D('',#4935,#4010,#4011);
#3267=AXIS2_PLACEMENT_3D('',#4936,#4012,#4013);
#3268=AXIS2_PLACEMENT_3D('',#4939,#4015,#4016);
#3269=AXIS2_PLACEMENT_3D('',#4943,#4018,#4019);
#3270=AXIS2_PLACEMENT_3D('',#4945,#4020,#4021);
#3271=AXIS2_PLACEMENT_3D('',#4946,#4022,#4023);
#3272=AXIS2_PLACEMENT_3D('',#4949,#4026,#4027);
#3273=AXIS2_PLACEMENT_3D('',#4952,#4030,#4031);
#3274=AXIS2_PLACEMENT_3D('',#4955,#4034,#4035);
#3275=AXIS2_PLACEMENT_3D('',#4958,#4038,#4039);
#3276=AXIS2_PLACEMENT_3D('',#4961,#4042,#4043);
#3277=AXIS2_PLACEMENT_3D('',#4964,#4046,#4047);
#3278=AXIS2_PLACEMENT_3D('',#4966,#4049,#4050);
#3279=AXIS2_PLACEMENT_3D('',#4967,#4051,#4052);
#3280=AXIS2_PLACEMENT_3D('',#4970,#4055,#4056);
#3281=AXIS2_PLACEMENT_3D('',#4972,#4058,#4059);
#3282=AXIS2_PLACEMENT_3D('',#4973,#4060,#4061);
#3283=AXIS2_PLACEMENT_3D('',#4976,#4064,#4065);
#3284=AXIS2_PLACEMENT_3D('',#4977,#4066,#4067);
#3285=AXIS2_PLACEMENT_3D('',#4978,#4068,#4069);
#3286=AXIS2_PLACEMENT_3D('',#4979,#4070,#4071);
#3287=AXIS2_PLACEMENT_3D('',#4980,#4072,#4073);
#3288=AXIS2_PLACEMENT_3D('',#4981,#4074,#4075);
#3289=AXIS2_PLACEMENT_3D('',#4982,#4076,#4077);
#3290=AXIS2_PLACEMENT_3D('',#4983,#4078,#4079);
#3291=AXIS2_PLACEMENT_3D('',#4984,#4080,#4081);
#3292=AXIS2_PLACEMENT_3D('',#4985,#4082,#4083);
#3293=AXIS2_PLACEMENT_3D('',#4986,#4084,#4085);
#3294=AXIS2_PLACEMENT_3D('',#4987,#4086,#4087);
#3295=AXIS2_PLACEMENT_3D('',#4988,#4088,#4089);
#3296=AXIS2_PLACEMENT_3D('',#4990,#4091,#4092);
#3297=AXIS2_PLACEMENT_3D('',#4991,#4093,#4094);
#3298=AXIS2_PLACEMENT_3D('',#4993,#4096,#4097);
#3299=AXIS2_PLACEMENT_3D('',#4995,#4099,#4100);
#3300=AXIS2_PLACEMENT_3D('',#4997,#4102,#4103);
#3301=AXIS2_PLACEMENT_3D('',#4999,#4105,#4106);
#3302=AXIS2_PLACEMENT_3D('',#5000,#4107,#4108);
#3303=AXIS2_PLACEMENT_3D('',#5001,#4109,#4110);
#3304=AXIS2_PLACEMENT_3D('',#5002,#4111,#4112);
#3305=AXIS2_PLACEMENT_3D('',#5003,#4113,#4114);
#3306=AXIS2_PLACEMENT_3D('',#5004,#4115,#4116);
#3307=AXIS2_PLACEMENT_3D('',#5006,#4117,#4118);
#3308=AXIS2_PLACEMENT_3D('',#5008,#4119,#4120);
#3309=AXIS2_PLACEMENT_3D('',#5009,#4121,#4122);
#3310=AXIS2_PLACEMENT_3D('',#5011,#4123,#4124);
#3311=AXIS2_PLACEMENT_3D('',#5013,#4125,#4126);
#3312=AXIS2_PLACEMENT_3D('',#5014,#4127,#4128);
#3313=AXIS2_PLACEMENT_3D('',#5016,#4129,#4130);
#3314=AXIS2_PLACEMENT_3D('',#5018,#4131,#4132);
#3315=AXIS2_PLACEMENT_3D('',#5019,#4133,#4134);
#3316=AXIS2_PLACEMENT_3D('',#5021,#4135,#4136);
#3317=AXIS2_PLACEMENT_3D('',#5023,#4137,#4138);
#3318=AXIS2_PLACEMENT_3D('',#5024,#4139,#4140);
#3319=AXIS2_PLACEMENT_3D('',#5025,#4141,#4142);
#3320=AXIS2_PLACEMENT_3D('',#5026,#4143,#4144);
#3321=AXIS2_PLACEMENT_3D('',#5027,#4145,#4146);
#3322=AXIS2_PLACEMENT_3D('',#5028,#4147,#4148);
#3323=AXIS2_PLACEMENT_3D('',#5029,#4149,#4150);
#3324=AXIS2_PLACEMENT_3D('',#5030,#4151,#4152);
#3325=AXIS2_PLACEMENT_3D('',#5031,#4153,#4154);
#3326=AXIS2_PLACEMENT_3D('',#5032,#4155,#4156);
#3327=AXIS2_PLACEMENT_3D('',#5033,#4157,#4158);
#3328=AXIS2_PLACEMENT_3D('',#5034,#4159,#4160);
#3329=AXIS2_PLACEMENT_3D('',#5036,#4161,#4162);
#3330=AXIS2_PLACEMENT_3D('',#5037,#4163,#4164);
#3331=AXIS2_PLACEMENT_3D('',#5039,#4165,#4166);
#3332=AXIS2_PLACEMENT_3D('',#5048,#4171,#4172);
#3333=AXIS2_PLACEMENT_3D('',#5057,#4177,#4178);
#3334=AXIS2_PLACEMENT_3D('',#5062,#4183,#4184);
#3335=AXIS2_PLACEMENT_3D('',#5064,#4185,#4186);
#3336=AXIS2_PLACEMENT_3D('',#5069,#4191,#4192);
#3337=AXIS2_PLACEMENT_3D('',#5070,#4193,#4194);
#3338=AXIS2_PLACEMENT_3D('',#5072,#4195,#4196);
#3339=AXIS2_PLACEMENT_3D('',#5073,#4197,#4198);
#3340=AXIS2_PLACEMENT_3D('',#5082,#4203,#4204);
#3341=AXIS2_PLACEMENT_3D('',#5091,#4209,#4210);
#3342=AXIS2_PLACEMENT_3D('',#5096,#4215,#4216);
#3343=AXIS2_PLACEMENT_3D('',#5098,#4217,#4218);
#3344=AXIS2_PLACEMENT_3D('',#5103,#4223,#4224);
#3345=AXIS2_PLACEMENT_3D('',#5104,#4225,#4226);
#3346=AXIS2_PLACEMENT_3D('',#5106,#4227,#4228);
#3347=AXIS2_PLACEMENT_3D('',#5107,#4229,#4230);
#3348=AXIS2_PLACEMENT_3D('',#5108,#4231,#4232);
#3349=AXIS2_PLACEMENT_3D('',#5109,#4233,#4234);
#3350=AXIS2_PLACEMENT_3D('',#5110,#4235,#4236);
#3351=AXIS2_PLACEMENT_3D('',#5111,#4237,#4238);
#3352=AXIS2_PLACEMENT_3D('',#5112,#4239,#4240);
#3353=AXIS2_PLACEMENT_3D('',#5113,#4241,#4242);
#3354=AXIS2_PLACEMENT_3D('',#5114,#4243,#4244);
#3355=DIRECTION('',(0.,0.,1.));
#3356=DIRECTION('',(1.,0.,0.));
#3357=DIRECTION('',(0.,0.,1.));
#3358=DIRECTION('',(1.,0.,0.));
#3359=DIRECTION('',(0.,1.,0.));
#3360=DIRECTION('',(1.,0.,0.));
#3361=DIRECTION('',(0.,-1.,0.));
#3362=DIRECTION('',(1.,0.,0.));
#3363=DIRECTION('',(0.,-1.,0.));
#3364=DIRECTION('',(1.,0.,0.));
#3365=DIRECTION('',(0.,1.,0.));
#3366=DIRECTION('',(1.,0.,0.));
#3367=DIRECTION('',(0.,0.,-1.));
#3368=DIRECTION('',(1.,0.,0.));
#3369=DIRECTION('',(0.955606663526896,0.294645387920792,0.));
#3370=DIRECTION('',(-1.,0.,0.));
#3371=DIRECTION('',(0.,1.,0.));
#3372=DIRECTION('',(-1.,-1.7347234759768E-16,0.));
#3373=DIRECTION('',(7.51713506256617E-15,-1.,0.));
#3374=DIRECTION('',(-1.,1.73472347597683E-16,0.));
#3375=DIRECTION('',(4.62592926927149E-16,1.,0.));
#3376=DIRECTION('',(-1.,0.,0.));
#3377=DIRECTION('',(0.955606663526896,-0.294645387920792,0.));
#3378=DIRECTION('',(0.,0.,-1.));
#3379=DIRECTION('',(1.,0.,0.));
#3380=DIRECTION('',(1.,0.,0.));
#3381=DIRECTION('',(0.,1.,0.));
#3382=DIRECTION('',(1.,0.,0.));
#3383=DIRECTION('',(-1.,1.15648231731787E-16,0.));
#3384=DIRECTION('',(0.,0.,-1.));
#3385=DIRECTION('',(1.,0.,0.));
#3386=DIRECTION('',(2.77555756156289E-16,1.,0.));
#3387=DIRECTION('',(0.,0.,-1.));
#3388=DIRECTION('',(1.,0.,0.));
#3389=DIRECTION('',(-1.,0.,0.));
#3390=DIRECTION('',(0.,0.,-1.));
#3391=DIRECTION('',(1.,0.,0.));
#3392=DIRECTION('',(0.,1.,0.));
#3393=DIRECTION('',(0.,0.,-1.));
#3394=DIRECTION('',(1.,0.,0.));
#3395=DIRECTION('',(1.,0.,0.));
#3396=DIRECTION('',(0.,0.,-1.));
#3397=DIRECTION('',(1.,0.,0.));
#3398=DIRECTION('',(0.,0.,-1.));
#3399=DIRECTION('',(1.,0.,0.));
#3400=DIRECTION('',(0.,1.,0.));
#3401=DIRECTION('',(1.,0.,0.));
#3402=DIRECTION('',(0.,-1.,0.));
#3403=DIRECTION('',(1.,0.,0.));
#3404=DIRECTION('',(0.,0.,1.));
#3405=DIRECTION('',(1.,0.,0.));
#3406=DIRECTION('',(1.,0.,0.));
#3407=DIRECTION('',(0.,0.,-1.));
#3408=DIRECTION('',(1.,0.,0.));
#3409=DIRECTION('',(0.955606663526896,-0.294645387920792,0.));
#3410=DIRECTION('',(-4.62592926927149E-16,-1.,0.));
#3411=DIRECTION('',(-1.,0.,0.));
#3412=DIRECTION('',(7.51713506256617E-15,-1.,0.));
#3413=DIRECTION('',(-1.,0.,0.));
#3414=DIRECTION('',(0.,-1.,0.));
#3415=DIRECTION('',(0.955606663526896,0.294645387920792,0.));
#3416=DIRECTION('',(0.,0.,-1.));
#3417=DIRECTION('',(1.,0.,0.));
#3418=DIRECTION('',(1.,0.,0.));
#3419=DIRECTION('',(0.,-1.,0.));
#3420=DIRECTION('',(1.,0.,0.));
#3421=DIRECTION('',(0.,-1.,0.));
#3422=DIRECTION('',(1.,0.,0.));
#3423=DIRECTION('',(0.,-1.,0.));
#3424=DIRECTION('',(1.,0.,0.));
#3425=DIRECTION('',(0.,0.,-1.));
#3426=DIRECTION('',(1.,0.,0.));
#3427=DIRECTION('',(0.,1.,0.));
#3428=DIRECTION('',(0.,0.,-1.));
#3429=DIRECTION('',(1.,0.,0.));
#3430=DIRECTION('',(-1.,0.,0.));
#3431=DIRECTION('',(0.,0.,-1.));
#3432=DIRECTION('',(1.,0.,0.));
#3433=DIRECTION('',(2.77555756156289E-16,1.,0.));
#3434=DIRECTION('',(0.,0.,-1.));
#3435=DIRECTION('',(1.,0.,0.));
#3436=DIRECTION('',(-1.,1.15648231731787E-16,0.));
#3437=DIRECTION('',(0.,0.,-1.));
#3438=DIRECTION('',(1.,0.,0.));
#3439=DIRECTION('',(0.,0.,-1.));
#3440=DIRECTION('',(1.,0.,0.));
#3441=DIRECTION('',(1.,0.,0.));
#3442=DIRECTION('',(0.,1.,0.));
#3443=DIRECTION('',(1.,0.,0.));
#3444=DIRECTION('',(0.,-1.,0.));
#3445=DIRECTION('',(1.,0.,0.));
#3446=DIRECTION('',(0.,1.,0.));
#3447=DIRECTION('',(1.,0.,0.));
#3448=DIRECTION('',(0.,-1.,0.));
#3449=DIRECTION('',(1.73472347597683E-16,1.,0.));
#3450=DIRECTION('',(1.,-1.73472347597683E-16,0.));
#3451=DIRECTION('',(-1.73472347597683E-16,-1.,0.));
#3452=DIRECTION('',(1.,-1.73472347597683E-16,0.));
#3453=DIRECTION('',(-1.,1.73472347597683E-16,0.));
#3454=DIRECTION('',(-1.73472347597683E-16,-1.,0.));
#3455=DIRECTION('',(1.,-1.73472347597683E-16,0.));
#3456=DIRECTION('',(-1.73472347597683E-16,-1.,0.));
#3457=DIRECTION('',(1.,-1.73472347597683E-16,0.));
#3458=DIRECTION('',(0.,0.,-1.));
#3459=DIRECTION('',(-1.73472347597683E-16,-1.,0.));
#3460=DIRECTION('',(1.,-1.73472347597683E-16,0.));
#3461=DIRECTION('',(-1.73472347597683E-16,-1.,0.));
#3462=DIRECTION('',(1.,-1.73472347597683E-16,0.));
#3463=DIRECTION('',(-1.73472347597683E-16,-1.,0.));
#3464=DIRECTION('',(1.,-1.73472347597683E-16,0.));
#3465=DIRECTION('',(0.,1.,0.));
#3466=DIRECTION('',(0.,0.,-1.));
#3467=DIRECTION('',(0.,-1.,0.));
#3468=DIRECTION('',(0.,0.,-1.));
#3469=DIRECTION('',(0.,0.,-1.));
#3470=DIRECTION('',(0.,-1.,0.));
#3471=DIRECTION('',(0.,0.,-1.));
#3472=DIRECTION('',(-1.,0.,0.));
#3473=DIRECTION('',(0.,-1.,0.));
#3474=DIRECTION('',(0.,0.,-1.));
#3475=DIRECTION('',(0.,-1.,0.));
#3476=DIRECTION('',(0.,0.,-1.));
#3477=DIRECTION('',(0.,0.,1.));
#3478=DIRECTION('',(1.,0.,0.));
#3479=DIRECTION('',(4.62592926927149E-16,1.,0.));
#3480=DIRECTION('',(4.62592926927149E-16,1.,0.));
#3481=DIRECTION('',(0.,1.,0.));
#3482=DIRECTION('',(0.,0.,-1.));
#3483=DIRECTION('',(0.,-1.,0.));
#3484=DIRECTION('',(0.,0.,-1.));
#3485=DIRECTION('',(-1.,0.,0.));
#3486=DIRECTION('',(0.,-1.,0.));
#3487=DIRECTION('',(0.,0.,-1.));
#3488=DIRECTION('',(0.,0.,-1.));
#3489=DIRECTION('',(0.,-1.,0.));
#3490=DIRECTION('',(0.,0.,-1.));
#3491=DIRECTION('',(0.,-1.,0.));
#3492=DIRECTION('',(0.,0.,-1.));
#3493=DIRECTION('',(-1.7347234759768E-16,1.,0.));
#3494=DIRECTION('',(1.,1.7347234759768E-16,0.));
#3495=DIRECTION('',(1.7347234759768E-16,-1.,0.));
#3496=DIRECTION('',(1.,1.7347234759768E-16,0.));
#3497=DIRECTION('',(1.7347234759768E-16,-1.,0.));
#3498=DIRECTION('',(1.,1.7347234759768E-16,0.));
#3499=DIRECTION('',(0.,0.,-1.));
#3500=DIRECTION('',(1.7347234759768E-16,-1.,0.));
#3501=DIRECTION('',(1.,1.7347234759768E-16,0.));
#3502=DIRECTION('',(1.7347234759768E-16,-1.,0.));
#3503=DIRECTION('',(1.,1.7347234759768E-16,0.));
#3504=DIRECTION('',(-1.,-1.7347234759768E-16,0.));
#3505=DIRECTION('',(1.7347234759768E-16,-1.,0.));
#3506=DIRECTION('',(1.,1.7347234759768E-16,0.));
#3507=DIRECTION('',(1.7347234759768E-16,-1.,0.));
#3508=DIRECTION('',(1.,1.7347234759768E-16,0.));
#3509=DIRECTION('',(0.,0.,1.));
#3510=DIRECTION('',(1.,0.,0.));
#3511=DIRECTION('',(0.,1.,0.));
#3512=DIRECTION('',(0.,1.,0.));
#3513=DIRECTION('',(0.,-1.,0.));
#3514=DIRECTION('',(0.,0.,1.));
#3515=DIRECTION('',(0.,1.,0.));
#3516=DIRECTION('',(0.,0.,1.));
#3517=DIRECTION('',(1.,0.,0.));
#3518=DIRECTION('',(0.,1.,0.));
#3519=DIRECTION('',(0.,0.,1.));
#3520=DIRECTION('',(0.,1.,0.));
#3521=DIRECTION('',(0.,0.,1.));
#3522=DIRECTION('',(0.,0.,-1.));
#3523=DIRECTION('',(0.,1.,0.));
#3524=DIRECTION('',(0.,0.,1.));
#3525=DIRECTION('',(0.,1.,0.));
#3526=DIRECTION('',(0.,0.,1.));
#3527=DIRECTION('',(0.,1.,0.));
#3528=DIRECTION('',(0.,0.,1.));
#3529=DIRECTION('',(0.,-1.,0.));
#3530=DIRECTION('',(0.,0.,1.));
#3531=DIRECTION('',(0.,-1.,0.));
#3532=DIRECTION('',(1.,0.,0.));
#3533=DIRECTION('',(0.,-1.,0.));
#3534=DIRECTION('',(1.,0.,0.));
#3535=DIRECTION('',(0.,1.,0.));
#3536=DIRECTION('',(0.,0.,1.));
#3537=DIRECTION('',(0.,1.,0.));
#3538=DIRECTION('',(0.,0.,1.));
#3539=DIRECTION('',(1.,0.,0.));
#3540=DIRECTION('',(0.,1.,0.));
#3541=DIRECTION('',(0.,0.,1.));
#3542=DIRECTION('',(0.,1.,0.));
#3543=DIRECTION('',(0.,0.,1.));
#3544=DIRECTION('',(0.,0.,-1.));
#3545=DIRECTION('',(0.,0.,1.));
#3546=DIRECTION('',(1.,0.,0.));
#3547=DIRECTION('',(0.,1.,0.));
#3548=DIRECTION('',(0.,1.,0.));
#3549=DIRECTION('',(0.,-1.,0.));
#3550=DIRECTION('',(0.,0.,1.));
#3551=DIRECTION('',(0.,1.,0.));
#3552=DIRECTION('',(0.,0.,1.));
#3553=DIRECTION('',(0.,1.,0.));
#3554=DIRECTION('',(0.,0.,1.));
#3555=DIRECTION('',(0.,0.,-1.));
#3556=DIRECTION('',(0.,1.,0.));
#3557=DIRECTION('',(0.,0.,1.));
#3558=DIRECTION('',(0.,1.,0.));
#3559=DIRECTION('',(0.,0.,1.));
#3560=DIRECTION('',(1.,0.,0.));
#3561=DIRECTION('',(0.,1.,0.));
#3562=DIRECTION('',(0.,0.,1.));
#3563=DIRECTION('',(0.,1.,0.));
#3564=DIRECTION('',(0.,0.,1.));
#3565=DIRECTION('',(0.,-1.,0.));
#3566=DIRECTION('',(0.,0.,1.));
#3567=DIRECTION('',(0.,1.,0.));
#3568=DIRECTION('',(0.,0.,1.));
#3569=DIRECTION('',(0.,1.,0.));
#3570=DIRECTION('',(0.,0.,1.));
#3571=DIRECTION('',(0.,1.,0.));
#3572=DIRECTION('',(0.,0.,1.));
#3573=DIRECTION('',(1.,0.,0.));
#3574=DIRECTION('',(0.,1.,0.));
#3575=DIRECTION('',(0.,0.,1.));
#3576=DIRECTION('',(0.,0.,-1.));
#3577=DIRECTION('',(0.,0.,1.));
#3578=DIRECTION('',(1.,0.,0.));
#3579=DIRECTION('',(0.,1.,0.));
#3580=DIRECTION('',(0.,1.,0.));
#3581=DIRECTION('',(0.,1.,0.));
#3582=DIRECTION('',(0.,0.,-1.));
#3583=DIRECTION('',(0.,0.,-1.));
#3584=DIRECTION('',(0.,0.,-1.));
#3585=DIRECTION('',(1.,0.,0.));
#3586=DIRECTION('',(0.,0.,-1.));
#3587=DIRECTION('',(0.,0.,-1.));
#3588=DIRECTION('',(0.,0.,-1.));
#3589=DIRECTION('',(0.,-1.,0.));
#3590=DIRECTION('',(0.,0.,1.));
#3591=DIRECTION('',(0.,0.,-1.));
#3592=DIRECTION('',(0.,0.,-1.));
#3593=DIRECTION('',(1.15648231731787E-16,1.,0.));
#3594=DIRECTION('',(1.,-1.15648231731787E-16,0.));
#3595=DIRECTION('',(0.,0.,-1.));
#3596=DIRECTION('',(0.,0.,-1.));
#3597=DIRECTION('',(-1.,0.,0.));
#3598=DIRECTION('',(0.,0.,1.));
#3599=DIRECTION('',(0.,-1.,0.));
#3600=DIRECTION('',(0.,-1.,0.));
#3601=DIRECTION('',(0.294645387920792,-0.955606663526896,0.));
#3602=DIRECTION('',(-0.955606663526896,-0.294645387920792,0.));
#3603=DIRECTION('',(-0.294645387920792,0.955606663526896,0.));
#3604=DIRECTION('',(0.955606663526896,0.294645387920792,0.));
#3605=DIRECTION('',(0.,0.,-1.));
#3606=DIRECTION('',(-1.,-7.51713506256617E-15,0.));
#3607=DIRECTION('',(-7.51713506256617E-15,1.,0.));
#3608=DIRECTION('',(7.51713506256617E-15,-1.,0.));
#3609=DIRECTION('',(7.51713506256617E-15,-1.,0.));
#3610=DIRECTION('',(-0.294645387920792,-0.955606663526896,0.));
#3611=DIRECTION('',(-0.955606663526896,0.294645387920792,0.));
#3612=DIRECTION('',(0.294645387920792,0.955606663526896,0.));
#3613=DIRECTION('',(-0.955606663526896,0.294645387920792,0.));
#3614=DIRECTION('',(0.,0.,-1.));
#3615=DIRECTION('',(1.,-2.77555756156289E-16,0.));
#3616=DIRECTION('',(-2.77555756156289E-16,-1.,0.));
#3617=DIRECTION('',(0.,0.,-1.));
#3618=DIRECTION('',(0.,0.,-1.));
#3619=DIRECTION('',(4.62592926927149E-16,1.,0.));
#3620=DIRECTION('',(1.,-4.62592926927149E-16,0.));
#3621=DIRECTION('',(0.,1.,0.));
#3622=DIRECTION('',(0.,0.,-1.));
#3623=DIRECTION('',(0.,-1.,0.));
#3624=DIRECTION('',(0.,0.,1.));
#3625=DIRECTION('',(0.,-1.,0.));
#3626=DIRECTION('',(0.,0.,1.));
#3627=DIRECTION('',(0.,1.,0.));
#3628=DIRECTION('',(0.,0.,-1.));
#3629=DIRECTION('',(0.,-1.,0.));
#3630=DIRECTION('',(0.,0.,1.));
#3631=DIRECTION('',(7.51713506256617E-15,-1.,0.));
#3632=DIRECTION('',(-1.,-7.51713506256617E-15,0.));
#3633=DIRECTION('',(-7.51713506256617E-15,1.,0.));
#3634=DIRECTION('',(1.,7.51713506256617E-15,0.));
#3635=DIRECTION('',(0.,0.,-1.));
#3636=DIRECTION('',(-1.,0.,0.));
#3637=DIRECTION('',(0.,0.,1.));
#3638=DIRECTION('',(1.,0.,0.));
#3639=DIRECTION('',(0.,0.,-1.));
#3640=DIRECTION('',(-1.,0.,0.));
#3641=DIRECTION('',(0.,0.,-1.));
#3642=DIRECTION('',(-1.,0.,0.));
#3643=DIRECTION('',(0.,0.,1.));
#3644=DIRECTION('',(1.,0.,0.));
#3645=DIRECTION('',(0.,0.,-1.));
#3646=DIRECTION('',(0.,0.,1.));
#3647=DIRECTION('',(1.,0.,0.));
#3648=DIRECTION('',(4.62592926927149E-16,1.,0.));
#3649=DIRECTION('',(1.,-4.62592926927149E-16,0.));
#3650=DIRECTION('',(4.62592926927149E-16,1.,0.));
#3651=DIRECTION('',(0.,1.,0.));
#3652=DIRECTION('',(0.,0.,-1.));
#3653=DIRECTION('',(0.,1.,0.));
#3654=DIRECTION('',(0.,1.,0.));
#3655=DIRECTION('',(0.,0.,-1.));
#3656=DIRECTION('',(0.,1.,0.));
#3657=DIRECTION('',(0.,1.,0.));
#3658=DIRECTION('',(0.,0.,-1.));
#3659=DIRECTION('',(0.,1.,0.));
#3660=DIRECTION('',(0.,1.,0.));
#3661=DIRECTION('',(0.,0.,-1.));
#3662=DIRECTION('',(0.,1.,0.));
#3663=DIRECTION('',(0.,0.,-1.));
#3664=DIRECTION('',(0.,1.,0.));
#3665=DIRECTION('',(0.,0.,-1.));
#3666=DIRECTION('',(4.62592926927149E-16,1.,0.));
#3667=DIRECTION('',(1.,-4.62592926927149E-16,0.));
#3668=DIRECTION('',(0.,1.,0.));
#3669=DIRECTION('',(0.,0.,-1.));
#3670=DIRECTION('',(0.,1.,0.));
#3671=DIRECTION('',(0.,0.,1.));
#3672=DIRECTION('',(0.,1.,0.));
#3673=DIRECTION('',(0.,0.,1.));
#3674=DIRECTION('',(0.,1.,0.));
#3675=DIRECTION('',(0.,0.,-1.));
#3676=DIRECTION('',(0.,1.,0.));
#3677=DIRECTION('',(0.,0.,1.));
#3678=DIRECTION('',(0.,1.,0.));
#3679=DIRECTION('',(0.,0.,1.));
#3680=DIRECTION('',(0.,1.,0.));
#3681=DIRECTION('',(0.,0.,-1.));
#3682=DIRECTION('',(0.,-1.,0.));
#3683=DIRECTION('',(0.,0.,-1.));
#3684=DIRECTION('',(0.,-1.,0.));
#3685=DIRECTION('',(0.,0.,-1.));
#3686=DIRECTION('',(0.,1.,0.));
#3687=DIRECTION('',(0.,0.,-1.));
#3688=DIRECTION('',(0.,-1.,0.));
#3689=DIRECTION('',(0.,0.,-1.));
#3690=DIRECTION('',(0.,-1.,0.));
#3691=DIRECTION('',(0.,0.,-1.));
#3692=DIRECTION('',(0.,1.,0.));
#3693=DIRECTION('',(0.,0.,-1.));
#3694=DIRECTION('',(0.,-1.,0.));
#3695=DIRECTION('',(0.,0.,1.));
#3696=DIRECTION('',(0.,-1.,0.));
#3697=DIRECTION('',(0.,0.,1.));
#3698=DIRECTION('',(0.,1.,0.));
#3699=DIRECTION('',(0.,0.,-1.));
#3700=DIRECTION('',(0.,1.,0.));
#3701=DIRECTION('',(0.,0.,-1.));
#3702=DIRECTION('',(0.,-1.,0.));
#3703=DIRECTION('',(0.,0.,1.));
#3704=DIRECTION('',(0.,-1.,0.));
#3705=DIRECTION('',(0.,0.,1.));
#3706=DIRECTION('',(0.,1.,0.));
#3707=DIRECTION('',(0.,0.,-1.));
#3708=DIRECTION('',(0.,0.,1.));
#3709=DIRECTION('',(1.,0.,0.));
#3710=DIRECTION('',(0.,0.,1.));
#3711=DIRECTION('',(1.,0.,0.));
#3712=DIRECTION('',(0.,1.,0.));
#3713=DIRECTION('',(0.,0.,-1.));
#3714=DIRECTION('',(0.,-1.,0.));
#3715=DIRECTION('',(1.,0.,0.));
#3716=DIRECTION('',(0.,1.,0.));
#3717=DIRECTION('',(0.,0.,-1.));
#3718=DIRECTION('',(0.,-1.,0.));
#3719=DIRECTION('',(1.,0.,0.));
#3720=DIRECTION('',(-1.,0.,1.0842021724855E-16));
#3721=DIRECTION('',(1.0842021724855E-16,0.,1.));
#3722=DIRECTION('',(-1.0842021724855E-16,0.,-1.));
#3723=DIRECTION('',(0.,1.,0.));
#3724=DIRECTION('',(-1.0842021724855E-16,0.,-1.));
#3725=DIRECTION('',(0.,-1.,0.));
#3726=DIRECTION('',(-1.,0.,2.16840434497101E-16));
#3727=DIRECTION('',(2.16840434497101E-16,0.,1.));
#3728=DIRECTION('',(-2.16840434497101E-16,0.,-1.));
#3729=DIRECTION('',(0.,-1.,0.));
#3730=DIRECTION('',(-2.16840434497101E-16,0.,-1.));
#3731=DIRECTION('',(0.,1.,0.));
#3732=DIRECTION('',(0.,1.,0.));
#3733=DIRECTION('',(1.,0.,0.));
#3734=DIRECTION('',(-0.707106781186547,0.,0.707106781186548));
#3735=DIRECTION('',(0.707106781186547,0.,0.707106781186549));
#3736=DIRECTION('',(0.707106781186548,0.,-0.707106781186548));
#3737=DIRECTION('',(-0.707106781186548,0.,-0.707106781186548));
#3738=DIRECTION('',(0.,-1.,0.));
#3739=DIRECTION('',(1.,0.,0.));
#3740=DIRECTION('',(0.,1.,0.));
#3741=DIRECTION('',(1.,0.,0.));
#3742=DIRECTION('',(-0.707106781186548,0.,0.707106781186548));
#3743=DIRECTION('',(-0.707106781186547,0.,-0.707106781186549));
#3744=DIRECTION('',(0.707106781186547,0.,-0.707106781186548));
#3745=DIRECTION('',(0.707106781186548,0.,0.707106781186548));
#3746=DIRECTION('',(0.,1.,0.));
#3747=DIRECTION('',(1.,0.,0.));
#3748=DIRECTION('',(0.,-1.,0.));
#3749=DIRECTION('',(1.,0.,0.));
#3750=DIRECTION('',(0.,1.,0.));
#3751=DIRECTION('',(0.,0.,-1.));
#3752=DIRECTION('',(-1.,0.,-5.42101086242752E-17));
#3753=DIRECTION('',(-5.42101086242752E-17,0.,1.));
#3754=DIRECTION('',(5.42101086242752E-17,0.,-1.));
#3755=DIRECTION('',(0.,1.,0.));
#3756=DIRECTION('',(5.42101086242752E-17,0.,-1.));
#3757=DIRECTION('',(0.,-1.,0.));
#3758=DIRECTION('',(-1.,0.,-5.42101086242752E-17));
#3759=DIRECTION('',(-5.42101086242752E-17,0.,1.));
#3760=DIRECTION('',(5.42101086242752E-17,0.,-1.));
#3761=DIRECTION('',(0.,-1.,0.));
#3762=DIRECTION('',(5.42101086242752E-17,0.,-1.));
#3763=DIRECTION('',(0.,1.,0.));
#3764=DIRECTION('',(0.,1.,0.));
#3765=DIRECTION('',(1.,0.,0.));
#3766=DIRECTION('',(-0.707106781186548,0.,0.707106781186547));
#3767=DIRECTION('',(0.707106781186548,0.,0.707106781186547));
#3768=DIRECTION('',(0.707106781186547,0.,-0.707106781186548));
#3769=DIRECTION('',(-0.707106781186548,0.,-0.707106781186548));
#3770=DIRECTION('',(0.,-1.,0.));
#3771=DIRECTION('',(1.,0.,0.));
#3772=DIRECTION('',(0.,1.,0.));
#3773=DIRECTION('',(1.,0.,0.));
#3774=DIRECTION('',(-0.707106781186547,0.,0.707106781186548));
#3775=DIRECTION('',(-0.707106781186548,0.,-0.707106781186547));
#3776=DIRECTION('',(0.707106781186548,0.,-0.707106781186547));
#3777=DIRECTION('',(0.707106781186548,0.,0.707106781186548));
#3778=DIRECTION('',(0.,1.,0.));
#3779=DIRECTION('',(1.,0.,0.));
#3780=DIRECTION('',(0.,-1.,0.));
#3781=DIRECTION('',(1.,0.,0.));
#3782=DIRECTION('',(0.,1.,0.));
#3783=DIRECTION('',(0.,0.,-1.));
#3784=DIRECTION('',(0.707106781186548,0.,0.707106781186547));
#3785=DIRECTION('',(0.,-1.,0.));
#3786=DIRECTION('',(0.707106781186548,0.,-0.707106781186548));
#3787=DIRECTION('',(0.,1.,0.));
#3788=DIRECTION('',(0.707106781186548,0.,0.707106781186548));
#3789=DIRECTION('',(0.,-1.,0.));
#3790=DIRECTION('',(0.707106781186548,0.,-0.707106781186548));
#3791=DIRECTION('',(0.,1.,0.));
#3792=DIRECTION('',(-0.707106781186547,0.,0.707106781186548));
#3793=DIRECTION('',(0.,1.,0.));
#3794=DIRECTION('',(-0.707106781186547,0.,-0.707106781186548));
#3795=DIRECTION('',(0.,-1.,0.));
#3796=DIRECTION('',(-0.707106781186549,0.,0.707106781186547));
#3797=DIRECTION('',(0.,1.,0.));
#3798=DIRECTION('',(-0.707106781186548,0.,-0.707106781186547));
#3799=DIRECTION('',(0.,-1.,0.));
#3800=DIRECTION('',(0.,0.,1.));
#3801=DIRECTION('',(1.,0.,0.));
#3802=DIRECTION('',(0.,0.,1.));
#3803=DIRECTION('',(1.,0.,0.));
#3804=DIRECTION('',(0.,-1.,0.));
#3805=DIRECTION('',(1.,0.,0.));
#3806=DIRECTION('',(0.,1.,0.));
#3807=DIRECTION('',(1.,0.,0.));
#3808=DIRECTION('',(0.,1.,0.));
#3809=DIRECTION('',(1.,0.,0.));
#3810=DIRECTION('',(0.,-1.,0.));
#3811=DIRECTION('',(1.,0.,0.));
#3812=DIRECTION('',(0.,0.,1.));
#3813=DIRECTION('',(1.,0.,0.));
#3814=DIRECTION('',(0.955606663526896,0.294645387920792,0.));
#3815=DIRECTION('',(-1.,0.,0.));
#3816=DIRECTION('',(4.62592926927149E-16,-1.,0.));
#3817=DIRECTION('',(-1.,-1.73472347597683E-16,0.));
#3818=DIRECTION('',(7.51713506256617E-15,1.,0.));
#3819=DIRECTION('',(-1.,1.7347234759768E-16,0.));
#3820=DIRECTION('',(0.,-1.,0.));
#3821=DIRECTION('',(-1.,0.,0.));
#3822=DIRECTION('',(0.955606663526896,-0.294645387920792,0.));
#3823=DIRECTION('',(0.,0.,1.));
#3824=DIRECTION('',(1.,0.,0.));
#3825=DIRECTION('',(1.,0.,0.));
#3826=DIRECTION('',(0.,-1.,0.));
#3827=DIRECTION('',(1.,0.,0.));
#3828=DIRECTION('',(-1.,-1.15648231731787E-16,0.));
#3829=DIRECTION('',(0.,0.,1.));
#3830=DIRECTION('',(1.,0.,0.));
#3831=DIRECTION('',(0.,0.,1.));
#3832=DIRECTION('',(1.,0.,0.));
#3833=DIRECTION('',(1.,0.,0.));
#3834=DIRECTION('',(0.,0.,1.));
#3835=DIRECTION('',(1.,0.,0.));
#3836=DIRECTION('',(0.,-1.,0.));
#3837=DIRECTION('',(0.,0.,1.));
#3838=DIRECTION('',(1.,0.,0.));
#3839=DIRECTION('',(-1.,0.,0.));
#3840=DIRECTION('',(0.,0.,1.));
#3841=DIRECTION('',(1.,0.,0.));
#3842=DIRECTION('',(2.77555756156289E-16,-1.,0.));
#3843=DIRECTION('',(0.,0.,1.));
#3844=DIRECTION('',(1.,0.,0.));
#3845=DIRECTION('',(0.,-1.,0.));
#3846=DIRECTION('',(1.,0.,0.));
#3847=DIRECTION('',(0.,1.,0.));
#3848=DIRECTION('',(1.,0.,0.));
#3849=DIRECTION('',(0.,0.,1.));
#3850=DIRECTION('',(1.,0.,0.));
#3851=DIRECTION('',(1.,0.,0.));
#3852=DIRECTION('',(0.,1.,0.));
#3853=DIRECTION('',(1.,0.,0.));
#3854=DIRECTION('',(0.,1.,0.));
#3855=DIRECTION('',(1.,0.,0.));
#3856=DIRECTION('',(0.,1.,0.));
#3857=DIRECTION('',(1.,0.,0.));
#3858=DIRECTION('',(0.,0.,1.));
#3859=DIRECTION('',(1.,0.,0.));
#3860=DIRECTION('',(0.955606663526896,-0.294645387920792,0.));
#3861=DIRECTION('',(0.,1.,0.));
#3862=DIRECTION('',(-1.,0.,0.));
#3863=DIRECTION('',(7.51713506256617E-15,1.,0.));
#3864=DIRECTION('',(-1.,0.,0.));
#3865=DIRECTION('',(-4.62592926927149E-16,1.,0.));
#3866=DIRECTION('',(0.955606663526896,0.294645387920792,0.));
#3867=DIRECTION('',(0.,0.,1.));
#3868=DIRECTION('',(1.,0.,0.));
#3869=DIRECTION('',(1.,0.,0.));
#3870=DIRECTION('',(0.,0.,1.));
#3871=DIRECTION('',(1.,0.,0.));
#3872=DIRECTION('',(0.,0.,1.));
#3873=DIRECTION('',(1.,0.,0.));
#3874=DIRECTION('',(-1.,-1.15648231731787E-16,0.));
#3875=DIRECTION('',(0.,0.,1.));
#3876=DIRECTION('',(1.,0.,0.));
#3877=DIRECTION('',(2.77555756156289E-16,-1.,0.));
#3878=DIRECTION('',(0.,0.,1.));
#3879=DIRECTION('',(1.,0.,0.));
#3880=DIRECTION('',(-1.,0.,0.));
#3881=DIRECTION('',(0.,0.,1.));
#3882=DIRECTION('',(1.,0.,0.));
#3883=DIRECTION('',(0.,-1.,0.));
#3884=DIRECTION('',(0.,0.,1.));
#3885=DIRECTION('',(1.,0.,0.));
#3886=DIRECTION('',(1.,0.,0.));
#3887=DIRECTION('',(0.,1.,0.));
#3888=DIRECTION('',(1.,0.,0.));
#3889=DIRECTION('',(0.,-1.,0.));
#3890=DIRECTION('',(1.,0.,0.));
#3891=DIRECTION('',(0.,1.,0.));
#3892=DIRECTION('',(1.,0.,0.));
#3893=DIRECTION('',(0.,-1.,0.));
#3894=DIRECTION('',(1.73472347597683E-16,-1.,0.));
#3895=DIRECTION('',(1.,1.73472347597683E-16,0.));
#3896=DIRECTION('',(1.73472347597683E-16,-1.,0.));
#3897=DIRECTION('',(1.,1.73472347597683E-16,0.));
#3898=DIRECTION('',(-1.,-1.73472347597683E-16,0.));
#3899=DIRECTION('',(1.73472347597683E-16,-1.,0.));
#3900=DIRECTION('',(1.,1.73472347597683E-16,0.));
#3901=DIRECTION('',(1.73472347597683E-16,-1.,0.));
#3902=DIRECTION('',(1.,1.73472347597683E-16,0.));
#3903=DIRECTION('',(1.73472347597683E-16,-1.,0.));
#3904=DIRECTION('',(1.,1.73472347597683E-16,0.));
#3905=DIRECTION('',(0.,0.,-1.));
#3906=DIRECTION('',(1.73472347597683E-16,-1.,0.));
#3907=DIRECTION('',(1.,1.73472347597683E-16,0.));
#3908=DIRECTION('',(1.73472347597683E-16,-1.,0.));
#3909=DIRECTION('',(1.,1.73472347597683E-16,0.));
#3910=DIRECTION('',(0.,-1.,0.));
#3911=DIRECTION('',(0.,0.,-1.));
#3912=DIRECTION('',(0.,-1.,0.));
#3913=DIRECTION('',(0.,0.,-1.));
#3914=DIRECTION('',(0.,0.,-1.));
#3915=DIRECTION('',(0.,-1.,0.));
#3916=DIRECTION('',(0.,0.,-1.));
#3917=DIRECTION('',(0.,-1.,0.));
#3918=DIRECTION('',(0.,0.,-1.));
#3919=DIRECTION('',(-1.,0.,0.));
#3920=DIRECTION('',(0.,-1.,0.));
#3921=DIRECTION('',(0.,0.,-1.));
#3922=DIRECTION('',(0.,0.,1.));
#3923=DIRECTION('',(1.,0.,0.));
#3924=DIRECTION('',(4.62592926927149E-16,-1.,0.));
#3925=DIRECTION('',(4.62592926927149E-16,-1.,0.));
#3926=DIRECTION('',(0.,-1.,0.));
#3927=DIRECTION('',(0.,0.,-1.));
#3928=DIRECTION('',(0.,-1.,0.));
#3929=DIRECTION('',(0.,0.,-1.));
#3930=DIRECTION('',(-1.,0.,0.));
#3931=DIRECTION('',(0.,-1.,0.));
#3932=DIRECTION('',(0.,0.,-1.));
#3933=DIRECTION('',(0.,-1.,0.));
#3934=DIRECTION('',(0.,0.,-1.));
#3935=DIRECTION('',(0.,0.,-1.));
#3936=DIRECTION('',(0.,-1.,0.));
#3937=DIRECTION('',(0.,0.,-1.));
#3938=DIRECTION('',(-1.7347234759768E-16,-1.,0.));
#3939=DIRECTION('',(1.,-1.7347234759768E-16,0.));
#3940=DIRECTION('',(-1.7347234759768E-16,-1.,0.));
#3941=DIRECTION('',(1.,-1.7347234759768E-16,0.));
#3942=DIRECTION('',(-1.7347234759768E-16,-1.,0.));
#3943=DIRECTION('',(1.,-1.7347234759768E-16,0.));
#3944=DIRECTION('',(-1.7347234759768E-16,-1.,0.));
#3945=DIRECTION('',(1.,-1.7347234759768E-16,0.));
#3946=DIRECTION('',(-1.,1.7347234759768E-16,0.));
#3947=DIRECTION('',(-1.7347234759768E-16,-1.,0.));
#3948=DIRECTION('',(1.,-1.7347234759768E-16,0.));
#3949=DIRECTION('',(-1.7347234759768E-16,-1.,0.));
#3950=DIRECTION('',(1.,-1.7347234759768E-16,0.));
#3951=DIRECTION('',(0.,0.,-1.));
#3952=DIRECTION('',(-1.7347234759768E-16,-1.,0.));
#3953=DIRECTION('',(1.,-1.7347234759768E-16,0.));
#3954=DIRECTION('',(0.,0.,1.));
#3955=DIRECTION('',(1.,0.,0.));
#3956=DIRECTION('',(0.,-1.,0.));
#3957=DIRECTION('',(0.,-1.,0.));
#3958=DIRECTION('',(0.,1.,0.));
#3959=DIRECTION('',(0.,0.,1.));
#3960=DIRECTION('',(0.,1.,0.));
#3961=DIRECTION('',(0.,0.,1.));
#3962=DIRECTION('',(1.,0.,0.));
#3963=DIRECTION('',(0.,1.,0.));
#3964=DIRECTION('',(0.,0.,1.));
#3965=DIRECTION('',(0.,1.,0.));
#3966=DIRECTION('',(0.,0.,1.));
#3967=DIRECTION('',(0.,1.,0.));
#3968=DIRECTION('',(0.,0.,1.));
#3969=DIRECTION('',(0.,0.,-1.));
#3970=DIRECTION('',(0.,1.,0.));
#3971=DIRECTION('',(0.,0.,1.));
#3972=DIRECTION('',(0.,1.,0.));
#3973=DIRECTION('',(0.,0.,1.));
#3974=DIRECTION('',(0.,1.,0.));
#3975=DIRECTION('',(0.,0.,1.));
#3976=DIRECTION('',(0.,-1.,0.));
#3977=DIRECTION('',(1.,0.,0.));
#3978=DIRECTION('',(0.,-1.,0.));
#3979=DIRECTION('',(1.,0.,0.));
#3980=DIRECTION('',(0.,1.,0.));
#3981=DIRECTION('',(0.,0.,1.));
#3982=DIRECTION('',(0.,0.,-1.));
#3983=DIRECTION('',(0.,1.,0.));
#3984=DIRECTION('',(0.,0.,1.));
#3985=DIRECTION('',(0.,1.,0.));
#3986=DIRECTION('',(0.,0.,1.));
#3987=DIRECTION('',(1.,0.,0.));
#3988=DIRECTION('',(0.,1.,0.));
#3989=DIRECTION('',(0.,0.,1.));
#3990=DIRECTION('',(0.,0.,1.));
#3991=DIRECTION('',(1.,0.,0.));
#3992=DIRECTION('',(0.,-1.,0.));
#3993=DIRECTION('',(0.,-1.,0.));
#3994=DIRECTION('',(0.,1.,0.));
#3995=DIRECTION('',(0.,0.,1.));
#3996=DIRECTION('',(0.,1.,0.));
#3997=DIRECTION('',(0.,0.,1.));
#3998=DIRECTION('',(0.,1.,0.));
#3999=DIRECTION('',(0.,0.,1.));
#4000=DIRECTION('',(0.,1.,0.));
#4001=DIRECTION('',(0.,0.,1.));
#4002=DIRECTION('',(1.,0.,0.));
#4003=DIRECTION('',(0.,1.,0.));
#4004=DIRECTION('',(0.,0.,1.));
#4005=DIRECTION('',(0.,1.,0.));
#4006=DIRECTION('',(0.,0.,1.));
#4007=DIRECTION('',(0.,0.,-1.));
#4008=DIRECTION('',(0.,1.,0.));
#4009=DIRECTION('',(0.,0.,1.));
#4010=DIRECTION('',(0.,1.,0.));
#4011=DIRECTION('',(0.,0.,1.));
#4012=DIRECTION('',(0.,1.,0.));
#4013=DIRECTION('',(0.,0.,1.));
#4014=DIRECTION('',(0.,0.,-1.));
#4015=DIRECTION('',(0.,1.,0.));
#4016=DIRECTION('',(0.,0.,1.));
#4017=DIRECTION('',(1.,0.,0.));
#4018=DIRECTION('',(0.,1.,0.));
#4019=DIRECTION('',(0.,0.,1.));
#4020=DIRECTION('',(0.,1.,0.));
#4021=DIRECTION('',(0.,0.,1.));
#4022=DIRECTION('',(0.,0.,1.));
#4023=DIRECTION('',(1.,0.,0.));
#4024=DIRECTION('',(0.,-1.,0.));
#4025=DIRECTION('',(0.,-1.,0.));
#4026=DIRECTION('',(0.,-1.,0.));
#4027=DIRECTION('',(0.,0.,-1.));
#4028=DIRECTION('',(0.,0.,-1.));
#4029=DIRECTION('',(0.,0.,-1.));
#4030=DIRECTION('',(1.,0.,0.));
#4031=DIRECTION('',(0.,0.,-1.));
#4032=DIRECTION('',(0.,0.,-1.));
#4033=DIRECTION('',(0.,0.,-1.));
#4034=DIRECTION('',(0.,1.,0.));
#4035=DIRECTION('',(0.,0.,1.));
#4036=DIRECTION('',(0.,0.,-1.));
#4037=DIRECTION('',(0.,0.,-1.));
#4038=DIRECTION('',(1.15648231731787E-16,-1.,0.));
#4039=DIRECTION('',(1.,1.15648231731787E-16,0.));
#4040=DIRECTION('',(0.,0.,-1.));
#4041=DIRECTION('',(0.,0.,-1.));
#4042=DIRECTION('',(-1.,0.,0.));
#4043=DIRECTION('',(0.,0.,1.));
#4044=DIRECTION('',(0.,1.,0.));
#4045=DIRECTION('',(0.,1.,0.));
#4046=DIRECTION('',(0.294645387920792,0.955606663526896,0.));
#4047=DIRECTION('',(-0.955606663526896,0.294645387920792,0.));
#4048=DIRECTION('',(0.,0.,-1.));
#4049=DIRECTION('',(0.294645387920792,0.955606663526896,0.));
#4050=DIRECTION('',(0.955606663526896,-0.294645387920792,0.));
#4051=DIRECTION('',(-1.,7.51713506256617E-15,0.));
#4052=DIRECTION('',(-7.51713506256617E-15,-1.,0.));
#4053=DIRECTION('',(7.51713506256617E-15,1.,0.));
#4054=DIRECTION('',(7.51713506256617E-15,1.,0.));
#4055=DIRECTION('',(-0.294645387920792,0.955606663526896,0.));
#4056=DIRECTION('',(-0.955606663526896,-0.294645387920792,0.));
#4057=DIRECTION('',(0.,0.,-1.));
#4058=DIRECTION('',(-0.294645387920792,0.955606663526896,0.));
#4059=DIRECTION('',(-0.955606663526896,-0.294645387920792,0.));
#4060=DIRECTION('',(1.,2.77555756156289E-16,0.));
#4061=DIRECTION('',(-2.77555756156289E-16,1.,0.));
#4062=DIRECTION('',(0.,0.,-1.));
#4063=DIRECTION('',(0.,0.,-1.));
#4064=DIRECTION('',(4.62592926927149E-16,-1.,0.));
#4065=DIRECTION('',(1.,4.62592926927149E-16,0.));
#4066=DIRECTION('',(0.,-1.,0.));
#4067=DIRECTION('',(0.,0.,-1.));
#4068=DIRECTION('',(0.,1.,0.));
#4069=DIRECTION('',(0.,0.,1.));
#4070=DIRECTION('',(0.,1.,0.));
#4071=DIRECTION('',(0.,0.,1.));
#4072=DIRECTION('',(0.,-1.,0.));
#4073=DIRECTION('',(0.,0.,-1.));
#4074=DIRECTION('',(0.,1.,0.));
#4075=DIRECTION('',(0.,0.,1.));
#4076=DIRECTION('',(7.51713506256617E-15,1.,0.));
#4077=DIRECTION('',(-1.,7.51713506256617E-15,0.));
#4078=DIRECTION('',(-7.51713506256617E-15,-1.,0.));
#4079=DIRECTION('',(1.,-7.51713506256617E-15,0.));
#4080=DIRECTION('',(0.,0.,-1.));
#4081=DIRECTION('',(-1.,0.,0.));
#4082=DIRECTION('',(0.,0.,1.));
#4083=DIRECTION('',(1.,0.,0.));
#4084=DIRECTION('',(0.,0.,-1.));
#4085=DIRECTION('',(-1.,0.,0.));
#4086=DIRECTION('',(0.,0.,-1.));
#4087=DIRECTION('',(-1.,0.,0.));
#4088=DIRECTION('',(0.,0.,1.));
#4089=DIRECTION('',(1.,0.,0.));
#4090=DIRECTION('',(0.,0.,-1.));
#4091=DIRECTION('',(0.,0.,1.));
#4092=DIRECTION('',(1.,0.,0.));
#4093=DIRECTION('',(4.62592926927149E-16,-1.,0.));
#4094=DIRECTION('',(1.,4.62592926927149E-16,0.));
#4095=DIRECTION('',(4.62592926927149E-16,-1.,0.));
#4096=DIRECTION('',(0.,-1.,0.));
#4097=DIRECTION('',(0.,0.,-1.));
#4098=DIRECTION('',(0.,-1.,0.));
#4099=DIRECTION('',(0.,-1.,0.));
#4100=DIRECTION('',(0.,0.,-1.));
#4101=DIRECTION('',(0.,-1.,0.));
#4102=DIRECTION('',(0.,-1.,0.));
#4103=DIRECTION('',(0.,0.,-1.));
#4104=DIRECTION('',(0.,-1.,0.));
#4105=DIRECTION('',(0.,-1.,0.));
#4106=DIRECTION('',(0.,0.,-1.));
#4107=DIRECTION('',(0.,-1.,0.));
#4108=DIRECTION('',(0.,0.,-1.));
#4109=DIRECTION('',(0.,-1.,0.));
#4110=DIRECTION('',(0.,0.,-1.));
#4111=DIRECTION('',(4.62592926927149E-16,-1.,0.));
#4112=DIRECTION('',(1.,4.62592926927149E-16,0.));
#4113=DIRECTION('',(0.,-1.,0.));
#4114=DIRECTION('',(0.,0.,-1.));
#4115=DIRECTION('',(0.,1.,0.));
#4116=DIRECTION('',(0.,0.,1.));
#4117=DIRECTION('',(0.,1.,0.));
#4118=DIRECTION('',(0.,0.,1.));
#4119=DIRECTION('',(0.,-1.,0.));
#4120=DIRECTION('',(0.,0.,-1.));
#4121=DIRECTION('',(0.,1.,0.));
#4122=DIRECTION('',(0.,0.,1.));
#4123=DIRECTION('',(0.,1.,0.));
#4124=DIRECTION('',(0.,0.,1.));
#4125=DIRECTION('',(0.,-1.,0.));
#4126=DIRECTION('',(0.,0.,-1.));
#4127=DIRECTION('',(0.,-1.,0.));
#4128=DIRECTION('',(0.,0.,-1.));
#4129=DIRECTION('',(0.,-1.,0.));
#4130=DIRECTION('',(0.,0.,-1.));
#4131=DIRECTION('',(0.,-1.,0.));
#4132=DIRECTION('',(0.,0.,-1.));
#4133=DIRECTION('',(0.,-1.,0.));
#4134=DIRECTION('',(0.,0.,-1.));
#4135=DIRECTION('',(0.,-1.,0.));
#4136=DIRECTION('',(0.,0.,-1.));
#4137=DIRECTION('',(0.,-1.,0.));
#4138=DIRECTION('',(0.,0.,-1.));
#4139=DIRECTION('',(0.,1.,0.));
#4140=DIRECTION('',(0.,0.,1.));
#4141=DIRECTION('',(0.,1.,0.));
#4142=DIRECTION('',(0.,0.,1.));
#4143=DIRECTION('',(0.,-1.,0.));
#4144=DIRECTION('',(0.,0.,-1.));
#4145=DIRECTION('',(0.,-1.,0.));
#4146=DIRECTION('',(0.,0.,-1.));
#4147=DIRECTION('',(0.,1.,0.));
#4148=DIRECTION('',(0.,0.,1.));
#4149=DIRECTION('',(0.,1.,0.));
#4150=DIRECTION('',(0.,0.,1.));
#4151=DIRECTION('',(0.,-1.,0.));
#4152=DIRECTION('',(0.,0.,-1.));
#4153=DIRECTION('',(0.,0.,1.));
#4154=DIRECTION('',(1.,0.,0.));
#4155=DIRECTION('',(0.,0.,1.));
#4156=DIRECTION('',(1.,0.,0.));
#4157=DIRECTION('',(0.,-1.,0.));
#4158=DIRECTION('',(0.,0.,-1.));
#4159=DIRECTION('',(0.,-1.,0.));
#4160=DIRECTION('',(1.,0.,0.));
#4161=DIRECTION('',(0.,-1.,0.));
#4162=DIRECTION('',(0.,0.,-1.));
#4163=DIRECTION('',(0.,-1.,0.));
#4164=DIRECTION('',(1.,0.,0.));
#4165=DIRECTION('',(-1.,0.,1.0842021724855E-16));
#4166=DIRECTION('',(1.0842021724855E-16,0.,1.));
#4167=DIRECTION('',(-1.0842021724855E-16,0.,-1.));
#4168=DIRECTION('',(0.,1.,0.));
#4169=DIRECTION('',(-1.0842021724855E-16,0.,-1.));
#4170=DIRECTION('',(0.,-1.,0.));
#4171=DIRECTION('',(-1.,0.,2.16840434497101E-16));
#4172=DIRECTION('',(2.16840434497101E-16,0.,1.));
#4173=DIRECTION('',(-2.16840434497101E-16,0.,-1.));
#4174=DIRECTION('',(0.,-1.,0.));
#4175=DIRECTION('',(-2.16840434497101E-16,0.,-1.));
#4176=DIRECTION('',(0.,1.,0.));
#4177=DIRECTION('',(0.,-1.,0.));
#4178=DIRECTION('',(1.,0.,0.));
#4179=DIRECTION('',(-0.707106781186548,0.,-0.707106781186548));
#4180=DIRECTION('',(0.707106781186548,0.,-0.707106781186548));
#4181=DIRECTION('',(0.707106781186547,0.,0.707106781186549));
#4182=DIRECTION('',(-0.707106781186547,0.,0.707106781186548));
#4183=DIRECTION('',(0.,-1.,0.));
#4184=DIRECTION('',(1.,0.,0.));
#4185=DIRECTION('',(0.,-1.,0.));
#4186=DIRECTION('',(1.,0.,0.));
#4187=DIRECTION('',(0.707106781186548,0.,0.707106781186548));
#4188=DIRECTION('',(0.707106781186547,0.,-0.707106781186548));
#4189=DIRECTION('',(-0.707106781186547,0.,-0.707106781186549));
#4190=DIRECTION('',(-0.707106781186548,0.,0.707106781186548));
#4191=DIRECTION('',(0.,-1.,0.));
#4192=DIRECTION('',(1.,0.,0.));
#4193=DIRECTION('',(0.,-1.,0.));
#4194=DIRECTION('',(1.,0.,0.));
#4195=DIRECTION('',(0.,-1.,0.));
#4196=DIRECTION('',(0.,0.,-1.));
#4197=DIRECTION('',(-1.,0.,-5.42101086242752E-17));
#4198=DIRECTION('',(-5.42101086242752E-17,0.,1.));
#4199=DIRECTION('',(5.42101086242752E-17,0.,-1.));
#4200=DIRECTION('',(0.,1.,0.));
#4201=DIRECTION('',(5.42101086242752E-17,0.,-1.));
#4202=DIRECTION('',(0.,-1.,0.));
#4203=DIRECTION('',(-1.,0.,-5.42101086242752E-17));
#4204=DIRECTION('',(-5.42101086242752E-17,0.,1.));
#4205=DIRECTION('',(5.42101086242752E-17,0.,-1.));
#4206=DIRECTION('',(0.,-1.,0.));
#4207=DIRECTION('',(5.42101086242752E-17,0.,-1.));
#4208=DIRECTION('',(0.,1.,0.));
#4209=DIRECTION('',(0.,-1.,0.));
#4210=DIRECTION('',(1.,0.,0.));
#4211=DIRECTION('',(-0.707106781186548,0.,-0.707106781186548));
#4212=DIRECTION('',(0.707106781186547,0.,-0.707106781186548));
#4213=DIRECTION('',(0.707106781186548,0.,0.707106781186547));
#4214=DIRECTION('',(-0.707106781186548,0.,0.707106781186547));
#4215=DIRECTION('',(0.,-1.,0.));
#4216=DIRECTION('',(1.,0.,0.));
#4217=DIRECTION('',(0.,-1.,0.));
#4218=DIRECTION('',(1.,0.,0.));
#4219=DIRECTION('',(0.707106781186548,0.,0.707106781186548));
#4220=DIRECTION('',(0.707106781186548,0.,-0.707106781186547));
#4221=DIRECTION('',(-0.707106781186548,0.,-0.707106781186547));
#4222=DIRECTION('',(-0.707106781186547,0.,0.707106781186548));
#4223=DIRECTION('',(0.,-1.,0.));
#4224=DIRECTION('',(1.,0.,0.));
#4225=DIRECTION('',(0.,-1.,0.));
#4226=DIRECTION('',(1.,0.,0.));
#4227=DIRECTION('',(0.,-1.,0.));
#4228=DIRECTION('',(0.,0.,-1.));
#4229=DIRECTION('',(0.707106781186548,0.,0.707106781186547));
#4230=DIRECTION('',(0.,1.,0.));
#4231=DIRECTION('',(0.707106781186548,0.,-0.707106781186548));
#4232=DIRECTION('',(0.,-1.,0.));
#4233=DIRECTION('',(0.707106781186548,0.,0.707106781186548));
#4234=DIRECTION('',(0.,1.,0.));
#4235=DIRECTION('',(0.707106781186548,0.,-0.707106781186548));
#4236=DIRECTION('',(0.,-1.,0.));
#4237=DIRECTION('',(-0.707106781186547,0.,0.707106781186548));
#4238=DIRECTION('',(0.,-1.,0.));
#4239=DIRECTION('',(-0.707106781186547,0.,-0.707106781186548));
#4240=DIRECTION('',(0.,1.,0.));
#4241=DIRECTION('',(-0.707106781186549,0.,0.707106781186547));
#4242=DIRECTION('',(0.,-1.,0.));
#4243=DIRECTION('',(-0.707106781186548,0.,-0.707106781186547));
#4244=DIRECTION('',(0.,1.,0.));
#4245=CARTESIAN_POINT('',(0.,0.,0.));
#4246=CARTESIAN_POINT('',(4.16333634234433E-17,-0.0772,0.));
#4247=CARTESIAN_POINT('',(-0.0024,-0.0772,0.));
#4248=CARTESIAN_POINT('',(-0.0024,-0.0701,0.));
#4249=CARTESIAN_POINT('',(-0.0024,-0.0676,0.));
#4250=CARTESIAN_POINT('',(-0.047,-0.0701,0.));
#4251=CARTESIAN_POINT('',(0.0044,-0.0701,0.));
#4252=CARTESIAN_POINT('',(0.0044,-0.0701,0.));
#4253=CARTESIAN_POINT('',(0.0044,-0.0676,0.));
#4254=CARTESIAN_POINT('',(-0.047,-0.0676,0.));
#4255=CARTESIAN_POINT('',(-0.0365,-0.0848,0.));
#4256=CARTESIAN_POINT('',(-0.0365,-0.0696,0.));
#4257=CARTESIAN_POINT('',(-0.0365,-0.0848,0.));
#4258=CARTESIAN_POINT('',(-0.0445,-0.0696,0.));
#4259=CARTESIAN_POINT('',(-0.047,-0.0696,0.));
#4260=CARTESIAN_POINT('',(-0.047,-0.0772,0.));
#4261=CARTESIAN_POINT('',(-0.047,-0.0636,0.));
#4262=CARTESIAN_POINT('',(-0.047,-0.0636,0.));
#4263=CARTESIAN_POINT('',(0.0119733200256251,-0.0636,0.));
#4264=CARTESIAN_POINT('',(0.0119733200256251,-0.0236,0.));
#4265=CARTESIAN_POINT('',(0.0237591355424568,-0.0618242665410759,0.));
#4266=CARTESIAN_POINT('',(0.03,-0.0599,0.));
#4267=CARTESIAN_POINT('',(0.042,-0.0562,0.));
#4268=CARTESIAN_POINT('',(0.0445,-0.0562,0.));
#4269=CARTESIAN_POINT('',(0.047,-0.0562,0.));
#4270=CARTESIAN_POINT('',(0.047,-0.0562,0.));
#4271=CARTESIAN_POINT('',(0.047,-0.0712,0.));
#4272=CARTESIAN_POINT('',(0.0445,-0.0712,0.));
#4273=CARTESIAN_POINT('',(0.0365,-0.0712,0.));
#4274=CARTESIAN_POINT('',(0.0365,-0.0772,0.));
#4275=CARTESIAN_POINT('',(0.0365,-0.0832,0.));
#4276=CARTESIAN_POINT('',(0.0445,-0.0832,0.));
#4277=CARTESIAN_POINT('',(0.047,-0.0832,0.));
#4278=CARTESIAN_POINT('',(0.047,-0.0832,0.));
#4279=CARTESIAN_POINT('',(0.047,-0.0982,0.));
#4280=CARTESIAN_POINT('',(0.0445,-0.0982,0.));
#4281=CARTESIAN_POINT('',(0.042,-0.0982,0.));
#4282=CARTESIAN_POINT('',(0.03,-0.0945,0.));
#4283=CARTESIAN_POINT('',(0.0237591355424568,-0.0925757334589242,0.));
#4284=CARTESIAN_POINT('',(0.0119733200256251,-0.1308,0.));
#4285=CARTESIAN_POINT('',(0.0119733200256251,-0.0908,0.));
#4286=CARTESIAN_POINT('',(-0.047,-0.0908,0.));
#4287=CARTESIAN_POINT('',(-0.047,-0.0908,0.));
#4288=CARTESIAN_POINT('',(-0.047,-0.0772,0.));
#4289=CARTESIAN_POINT('',(-0.047,-0.0848,0.));
#4290=CARTESIAN_POINT('',(-0.0495,-0.0848,0.));
#4291=CARTESIAN_POINT('',(0.,-0.0722,0.));
#4292=CARTESIAN_POINT('',(0.00625,-0.0722,0.));
#4293=CARTESIAN_POINT('',(-0.01,-0.0722,0.));
#4294=CARTESIAN_POINT('',(-0.01,-0.0747,0.));
#4295=CARTESIAN_POINT('',(-0.0125,-0.0747,0.));
#4296=CARTESIAN_POINT('',(-0.0125,-0.07845,0.));
#4297=CARTESIAN_POINT('',(-0.0125,-0.0822,0.));
#4298=CARTESIAN_POINT('',(-0.01,-0.0822,0.));
#4299=CARTESIAN_POINT('',(-0.01,-0.0847,0.));
#4300=CARTESIAN_POINT('',(-0.01,-0.0847,0.));
#4301=CARTESIAN_POINT('',(0.015,-0.0847,0.));
#4302=CARTESIAN_POINT('',(0.015,-0.0822,0.));
#4303=CARTESIAN_POINT('',(0.0175,-0.0822,0.));
#4304=CARTESIAN_POINT('',(0.0175,-0.0772,0.));
#4305=CARTESIAN_POINT('',(0.0175,-0.0722,0.));
#4306=CARTESIAN_POINT('',(0.015,-0.0722,0.));
#4307=CARTESIAN_POINT('',(0.015,-0.0697,0.));
#4308=CARTESIAN_POINT('',(0.0125,-0.0697,0.));
#4309=CARTESIAN_POINT('',(0.00875,-0.0697,0.));
#4310=CARTESIAN_POINT('',(0.00875,-0.07095,0.));
#4311=CARTESIAN_POINT('',(0.0075,-0.07095,0.));
#4312=CARTESIAN_POINT('',(0.00625,-0.07095,0.));
#4313=CARTESIAN_POINT('',(-0.0104,-0.0772,0.));
#4314=CARTESIAN_POINT('',(-0.0104,-0.0701,0.));
#4315=CARTESIAN_POINT('',(-0.0104,-0.0676,0.));
#4316=CARTESIAN_POINT('',(-0.047,-0.0701,0.));
#4317=CARTESIAN_POINT('',(-0.0036,-0.0701,0.));
#4318=CARTESIAN_POINT('',(-0.0036,-0.0701,0.));
#4319=CARTESIAN_POINT('',(-0.0036,-0.0676,0.));
#4320=CARTESIAN_POINT('',(-0.047,-0.0676,0.));
#4321=CARTESIAN_POINT('',(4.16333634234433E-17,-0.0772,0.008));
#4322=CARTESIAN_POINT('',(-0.012,-0.0908,0.008));
#4323=CARTESIAN_POINT('',(-0.0365519670645859,-0.0908,0.008));
#4324=CARTESIAN_POINT('',(0.0119733200256251,-0.0908,0.008));
#4325=CARTESIAN_POINT('',(0.0119733200256251,-0.1308,0.008));
#4326=CARTESIAN_POINT('',(0.0237591355424568,-0.0925757334589242,0.008));
#4327=CARTESIAN_POINT('',(0.03,-0.0945,0.008));
#4328=CARTESIAN_POINT('',(0.036551967064586,-0.096520189844914,0.008));
#4329=CARTESIAN_POINT('',(0.036551967064586,-0.0982,0.008));
#4330=CARTESIAN_POINT('',(0.036551967064586,-0.0832,0.008));
#4331=CARTESIAN_POINT('',(0.0405,-0.0832,0.008));
#4332=CARTESIAN_POINT('',(0.0365,-0.0832,0.008));
#4333=CARTESIAN_POINT('',(0.0365,-0.0832,0.008));
#4334=CARTESIAN_POINT('',(0.0365,-0.0712,0.008));
#4335=CARTESIAN_POINT('',(0.0405,-0.0712,0.008));
#4336=CARTESIAN_POINT('',(0.0365519670645859,-0.0712,0.008));
#4337=CARTESIAN_POINT('',(0.0365519670645859,-0.0712,0.008));
#4338=CARTESIAN_POINT('',(0.0365519670645859,-0.0578798101550861,0.008));
#4339=CARTESIAN_POINT('',(0.03,-0.0599,0.008));
#4340=CARTESIAN_POINT('',(0.0237591355424568,-0.0618242665410759,0.008));
#4341=CARTESIAN_POINT('',(0.0119733200256251,-0.0236,0.008));
#4342=CARTESIAN_POINT('',(0.0119733200256251,-0.0636,0.008));
#4343=CARTESIAN_POINT('',(-0.012,-0.0636,0.008));
#4344=CARTESIAN_POINT('',(-0.0365519670645859,-0.0636,0.008));
#4345=CARTESIAN_POINT('',(-0.0365519670645859,-0.0636,0.008));
#4346=CARTESIAN_POINT('',(-0.0365519670645859,-0.0696,0.008));
#4347=CARTESIAN_POINT('',(-0.0405,-0.0696,0.008));
#4348=CARTESIAN_POINT('',(-0.0365,-0.0696,0.008));
#4349=CARTESIAN_POINT('',(-0.0365,-0.0772,0.008));
#4350=CARTESIAN_POINT('',(-0.0365,-0.0848,0.008));
#4351=CARTESIAN_POINT('',(-0.0405,-0.0848,0.008));
#4352=CARTESIAN_POINT('',(-0.0365519670645859,-0.0848,0.008));
#4353=CARTESIAN_POINT('',(-0.0365519670645859,-0.0848,0.008));
#4354=CARTESIAN_POINT('',(0.0125,-0.0697,0.008));
#4355=CARTESIAN_POINT('',(0.00875,-0.0697,0.008));
#4356=CARTESIAN_POINT('',(0.015,-0.0697,0.008));
#4357=CARTESIAN_POINT('',(0.015,-0.0722,0.008));
#4358=CARTESIAN_POINT('',(0.0175,-0.0722,0.008));
#4359=CARTESIAN_POINT('',(0.0175,-0.0772,0.008));
#4360=CARTESIAN_POINT('',(0.0175,-0.0822,0.008));
#4361=CARTESIAN_POINT('',(0.015,-0.0822,0.008));
#4362=CARTESIAN_POINT('',(0.015,-0.0847,0.008));
#4363=CARTESIAN_POINT('',(-0.01,-0.0847,0.008));
#4364=CARTESIAN_POINT('',(-0.01,-0.0847,0.008));
#4365=CARTESIAN_POINT('',(-0.01,-0.0822,0.008));
#4366=CARTESIAN_POINT('',(-0.0125,-0.0822,0.008));
#4367=CARTESIAN_POINT('',(-0.0125,-0.07845,0.008));
#4368=CARTESIAN_POINT('',(-0.0125,-0.0747,0.008));
#4369=CARTESIAN_POINT('',(-0.01,-0.0747,0.008));
#4370=CARTESIAN_POINT('',(-0.01,-0.0722,0.008));
#4371=CARTESIAN_POINT('',(0.,-0.0722,0.008));
#4372=CARTESIAN_POINT('',(0.00625,-0.0722,0.008));
#4373=CARTESIAN_POINT('',(0.00625,-0.07095,0.008));
#4374=CARTESIAN_POINT('',(0.0075,-0.07095,0.008));
#4375=CARTESIAN_POINT('',(0.00875,-0.07095,0.008));
#4376=CARTESIAN_POINT('',(-0.012,-0.0676,0.008));
#4377=CARTESIAN_POINT('',(-0.0024,-0.0676,0.008));
#4378=CARTESIAN_POINT('',(0.0044,-0.0676,0.008));
#4379=CARTESIAN_POINT('',(0.0044,-0.0772,0.008));
#4380=CARTESIAN_POINT('',(0.0044,-0.0701,0.008));
#4381=CARTESIAN_POINT('',(-0.012,-0.0701,0.008));
#4382=CARTESIAN_POINT('',(-0.0024,-0.0701,0.008));
#4383=CARTESIAN_POINT('',(-0.0024,-0.0701,0.008));
#4384=CARTESIAN_POINT('',(-0.012,-0.0676,0.008));
#4385=CARTESIAN_POINT('',(-0.0104,-0.0676,0.008));
#4386=CARTESIAN_POINT('',(-0.0036,-0.0676,0.008));
#4387=CARTESIAN_POINT('',(-0.0036,-0.0772,0.008));
#4388=CARTESIAN_POINT('',(-0.0036,-0.0701,0.008));
#4389=CARTESIAN_POINT('',(-0.012,-0.0701,0.008));
#4390=CARTESIAN_POINT('',(-0.0104,-0.0701,0.008));
#4391=CARTESIAN_POINT('',(-0.0104,-0.0701,0.008));
#4392=CARTESIAN_POINT('',(0.0445,-0.0832,0.01));
#4393=CARTESIAN_POINT('',(0.047,-0.0832,0.005));
#4394=CARTESIAN_POINT('',(0.0496,-0.0832,0.005));
#4395=CARTESIAN_POINT('',(0.0445,-0.0832,0.01));
#4396=CARTESIAN_POINT('',(0.047,-0.0832,0.01));
#4397=CARTESIAN_POINT('',(0.0469442719099993,-0.0832,0.01));
#4398=CARTESIAN_POINT('',(0.047,-0.0832,0.005));
#4399=CARTESIAN_POINT('',(0.0365,-0.0832,0.0025));
#4400=CARTESIAN_POINT('',(0.039,-0.0832,0.0025));
#4401=CARTESIAN_POINT('',(0.039,-0.0832,0.008));
#4402=CARTESIAN_POINT('',(0.039,-0.0832,0.0055));
#4403=CARTESIAN_POINT('',(0.0365,-0.0832,0.0055));
#4404=CARTESIAN_POINT('',(0.036551967064586,-0.0832,0.032));
#4405=CARTESIAN_POINT('',(0.0454596569320831,-0.0832,0.00971428571428571));
#4406=CARTESIAN_POINT('',(0.0469442719099993,-0.0832,0.006));
#4407=CARTESIAN_POINT('',(0.0445,-0.0982,0.01));
#4408=CARTESIAN_POINT('',(0.047,-0.0982,0.005));
#4409=CARTESIAN_POINT('',(0.047,-0.0982,0.0024));
#4410=CARTESIAN_POINT('',(0.042,-0.0982,0.008));
#4411=CARTESIAN_POINT('',(0.042,-0.0982,0.00862653348057582));
#4412=CARTESIAN_POINT('',(0.047,-0.0982,0.005));
#4413=CARTESIAN_POINT('',(0.047,-0.0982,0.01));
#4414=CARTESIAN_POINT('',(0.0445,-0.0982,0.01));
#4415=CARTESIAN_POINT('',(0.0469442719099992,-0.0982,0.01));
#4416=CARTESIAN_POINT('',(0.0469442719099992,-0.0982,0.006));
#4417=CARTESIAN_POINT('',(0.0454596569320831,-0.0982,0.00971428571428571));
#4418=CARTESIAN_POINT('',(0.036551967064586,-0.0982,0.032));
#4419=CARTESIAN_POINT('',(4.16333634234433E-17,-0.0772,0.01));
#4420=CARTESIAN_POINT('',(0.047,-0.0772,0.01));
#4421=CARTESIAN_POINT('',(0.0469442719099993,-0.0772,0.01));
#4422=CARTESIAN_POINT('',(0.0445,-0.0562,0.01));
#4423=CARTESIAN_POINT('',(0.047,-0.0562,0.005));
#4424=CARTESIAN_POINT('',(0.047,-0.0562,0.0024));
#4425=CARTESIAN_POINT('',(0.0445,-0.0562,0.01));
#4426=CARTESIAN_POINT('',(0.047,-0.0562,0.01));
#4427=CARTESIAN_POINT('',(0.0469442719099991,-0.0562,0.01));
#4428=CARTESIAN_POINT('',(0.047,-0.0562,0.005));
#4429=CARTESIAN_POINT('',(0.042,-0.0562,0.008));
#4430=CARTESIAN_POINT('',(0.042,-0.0562,0.00862653348057583));
#4431=CARTESIAN_POINT('',(0.0365519670645859,-0.0562,0.032));
#4432=CARTESIAN_POINT('',(0.045459656932083,-0.0562,0.00971428571428571));
#4433=CARTESIAN_POINT('',(0.0469442719099991,-0.0562,0.006));
#4434=CARTESIAN_POINT('',(0.0445,-0.0712,0.01));
#4435=CARTESIAN_POINT('',(0.047,-0.0712,0.005));
#4436=CARTESIAN_POINT('',(0.0496,-0.0712,0.005));
#4437=CARTESIAN_POINT('',(0.0365,-0.0712,0.0055));
#4438=CARTESIAN_POINT('',(0.039,-0.0712,0.0055));
#4439=CARTESIAN_POINT('',(0.039,-0.0712,0.008));
#4440=CARTESIAN_POINT('',(0.039,-0.0712,0.0025));
#4441=CARTESIAN_POINT('',(0.0365,-0.0712,0.0025));
#4442=CARTESIAN_POINT('',(0.047,-0.0712,0.005));
#4443=CARTESIAN_POINT('',(0.047,-0.0712,0.01));
#4444=CARTESIAN_POINT('',(0.0445,-0.0712,0.01));
#4445=CARTESIAN_POINT('',(0.0469442719099991,-0.0712,0.01));
#4446=CARTESIAN_POINT('',(0.0469442719099991,-0.0712,0.006));
#4447=CARTESIAN_POINT('',(0.045459656932083,-0.0712,0.00971428571428571));
#4448=CARTESIAN_POINT('',(0.0365519670645859,-0.0712,0.032));
#4449=CARTESIAN_POINT('',(4.16333634234433E-17,-0.0772,0.01));
#4450=CARTESIAN_POINT('',(0.047,-0.0772,0.01));
#4451=CARTESIAN_POINT('',(0.0469442719099991,-0.0772,0.01));
#4452=CARTESIAN_POINT('',(-0.0445,-0.0696,0.01));
#4453=CARTESIAN_POINT('',(-0.047,-0.0696,0.005));
#4454=CARTESIAN_POINT('',(-0.047,-0.0696,0.0076));
#4455=CARTESIAN_POINT('',(-0.0445,-0.0696,0.01));
#4456=CARTESIAN_POINT('',(-0.047,-0.0696,0.01));
#4457=CARTESIAN_POINT('',(-0.0469442719099992,-0.0696,0.01));
#4458=CARTESIAN_POINT('',(-0.047,-0.0696,0.005));
#4459=CARTESIAN_POINT('',(-0.0365,-0.0696,0.0025));
#4460=CARTESIAN_POINT('',(-0.039,-0.0696,0.0025));
#4461=CARTESIAN_POINT('',(-0.039,-0.0696,0.008));
#4462=CARTESIAN_POINT('',(-0.039,-0.0696,0.0055));
#4463=CARTESIAN_POINT('',(-0.0365,-0.0696,0.0055));
#4464=CARTESIAN_POINT('',(-0.0365519670645859,-0.0696,0.032));
#4465=CARTESIAN_POINT('',(-0.045459656932083,-0.0696,0.00971428571428571));
#4466=CARTESIAN_POINT('',(-0.0469442719099992,-0.0696,0.006));
#4467=CARTESIAN_POINT('',(-0.047,-0.0636,0.01));
#4468=CARTESIAN_POINT('',(-0.007,-0.0636,0.004));
#4469=CARTESIAN_POINT('',(-0.0054,-0.0636,0.004));
#4470=CARTESIAN_POINT('',(0.001,-0.0636,0.004));
#4471=CARTESIAN_POINT('',(0.0026,-0.0636,0.004));
#4472=CARTESIAN_POINT('',(-0.047,-0.0636,0.005));
#4473=CARTESIAN_POINT('',(-0.047,-0.0636,0.0076));
#4474=CARTESIAN_POINT('',(-0.047,-0.0636,0.005));
#4475=CARTESIAN_POINT('',(-0.047,-0.0636,0.01));
#4476=CARTESIAN_POINT('',(-0.047,-0.0636,0.01));
#4477=CARTESIAN_POINT('',(-0.0469442719099992,-0.0636,0.01));
#4478=CARTESIAN_POINT('',(-0.0469442719099992,-0.0636,0.006));
#4479=CARTESIAN_POINT('',(-0.045459656932083,-0.0636,0.00971428571428571));
#4480=CARTESIAN_POINT('',(-0.0365519670645859,-0.0636,0.032));
#4481=CARTESIAN_POINT('',(0.0119733200256251,-0.0636,0.008));
#4482=CARTESIAN_POINT('',(4.16333634234433E-17,-0.0772,0.01));
#4483=CARTESIAN_POINT('',(-0.047,-0.0636,0.01));
#4484=CARTESIAN_POINT('',(-0.0469442719099992,-0.0772,0.01));
#4485=CARTESIAN_POINT('',(-0.0495,-0.0848,0.01));
#4486=CARTESIAN_POINT('',(-0.047,-0.0848,0.005));
#4487=CARTESIAN_POINT('',(-0.047,-0.0848,0.0076));
#4488=CARTESIAN_POINT('',(-0.0365,-0.0848,0.0055));
#4489=CARTESIAN_POINT('',(-0.039,-0.0848,0.0055));
#4490=CARTESIAN_POINT('',(-0.039,-0.0848,0.008));
#4491=CARTESIAN_POINT('',(-0.039,-0.0848,0.0025));
#4492=CARTESIAN_POINT('',(-0.0365,-0.0848,0.0025));
#4493=CARTESIAN_POINT('',(-0.047,-0.0848,0.005));
#4494=CARTESIAN_POINT('',(-0.047,-0.0848,0.01));
#4495=CARTESIAN_POINT('',(-0.0495,-0.0848,0.01));
#4496=CARTESIAN_POINT('',(-0.0469442719099992,-0.0848,0.01));
#4497=CARTESIAN_POINT('',(-0.0469442719099992,-0.0848,0.006));
#4498=CARTESIAN_POINT('',(-0.045459656932083,-0.0848,0.00971428571428571));
#4499=CARTESIAN_POINT('',(-0.0365519670645859,-0.0848,0.032));
#4500=CARTESIAN_POINT('',(-0.047,-0.0908,0.01));
#4501=CARTESIAN_POINT('',(-0.047,-0.0908,0.005));
#4502=CARTESIAN_POINT('',(-0.047,-0.0908,0.0076));
#4503=CARTESIAN_POINT('',(-0.0365519670645859,-0.0908,0.032));
#4504=CARTESIAN_POINT('',(-0.045459656932083,-0.0908,0.00971428571428571));
#4505=CARTESIAN_POINT('',(-0.0469442719099992,-0.0908,0.006));
#4506=CARTESIAN_POINT('',(-0.0469442719099992,-0.0908,0.01));
#4507=CARTESIAN_POINT('',(-0.047,-0.0908,0.01));
#4508=CARTESIAN_POINT('',(-0.047,-0.0908,0.01));
#4509=CARTESIAN_POINT('',(-0.047,-0.0908,0.005));
#4510=CARTESIAN_POINT('',(0.0119733200256251,-0.0908,0.));
#4511=CARTESIAN_POINT('',(4.16333634234433E-17,-0.0772,0.01));
#4512=CARTESIAN_POINT('',(-0.047,-0.0848,0.01));
#4513=CARTESIAN_POINT('',(-0.0469442719099992,-0.0772,0.01));
#4514=CARTESIAN_POINT('',(-0.01,-0.0847,0.008));
#4515=CARTESIAN_POINT('',(0.015,-0.0847,0.008));
#4516=CARTESIAN_POINT('',(-0.01,-0.0847,0.));
#4517=CARTESIAN_POINT('',(0.0175,-0.0772,0.008));
#4518=CARTESIAN_POINT('',(0.0175,-0.0722,0.008));
#4519=CARTESIAN_POINT('',(0.0175,-0.0822,0.008));
#4520=CARTESIAN_POINT('',(0.0125,-0.0697,0.008));
#4521=CARTESIAN_POINT('',(0.015,-0.0697,0.008));
#4522=CARTESIAN_POINT('',(0.00875,-0.0697,0.008));
#4523=CARTESIAN_POINT('',(0.,-0.0722,0.008));
#4524=CARTESIAN_POINT('',(-0.01,-0.0722,0.008));
#4525=CARTESIAN_POINT('',(0.00625,-0.0722,0.));
#4526=CARTESIAN_POINT('',(-0.039,-0.0772,0.008));
#4527=CARTESIAN_POINT('',(-0.039,-0.0772,0.0055));
#4528=CARTESIAN_POINT('',(-0.039,-0.0696,0.0025));
#4529=CARTESIAN_POINT('',(0.03,-0.0599,0.008));
#4530=CARTESIAN_POINT('',(0.0365519670645859,-0.0578798101550861,0.032));
#4531=CARTESIAN_POINT('',(0.0237591355424568,-0.0618242665410759,0.));
#4532=CARTESIAN_POINT('',(0.039,-0.0772,0.008));
#4533=CARTESIAN_POINT('',(0.039,-0.0712,0.0055));
#4534=CARTESIAN_POINT('',(0.039,-0.0772,0.0025));
#4535=CARTESIAN_POINT('',(0.03,-0.0945,0.008));
#4536=CARTESIAN_POINT('',(0.036551967064586,-0.096520189844914,0.032));
#4537=CARTESIAN_POINT('',(0.0237591355424568,-0.0925757334589242,0.008));
#4538=CARTESIAN_POINT('',(-0.0125,-0.07845,0.008));
#4539=CARTESIAN_POINT('',(-0.0125,-0.0822,0.008));
#4540=CARTESIAN_POINT('',(-0.0125,-0.0747,0.008));
#4541=CARTESIAN_POINT('',(0.047,-0.0907,0.005));
#4542=CARTESIAN_POINT('',(0.047,-0.0637,0.005));
#4543=CARTESIAN_POINT('',(-0.047,-0.0772,0.005));
#4544=CARTESIAN_POINT('',(-0.047,-0.0772,0.005));
#4545=CARTESIAN_POINT('',(-0.0365,-0.0772,0.0025));
#4546=CARTESIAN_POINT('',(-0.0365,-0.0772,0.0055));
#4547=CARTESIAN_POINT('',(0.0365,-0.0772,0.0025));
#4548=CARTESIAN_POINT('',(0.0365,-0.0772,0.0055));
#4549=CARTESIAN_POINT('',(-0.01,-0.0747,0.008));
#4550=CARTESIAN_POINT('',(-0.01,-0.0822,0.008));
#4551=CARTESIAN_POINT('',(0.015,-0.0822,0.008));
#4552=CARTESIAN_POINT('',(0.015,-0.0722,0.008));
#4553=CARTESIAN_POINT('',(0.00625,-0.07095,0.008));
#4554=CARTESIAN_POINT('',(0.0075,-0.07095,0.008));
#4555=CARTESIAN_POINT('',(0.00875,-0.07095,0.008));
#4556=CARTESIAN_POINT('',(0.0469442719099993,-0.0772,0.006));
#4557=CARTESIAN_POINT('',(0.0454596569320831,-0.0772,0.00971428571428572));
#4558=CARTESIAN_POINT('',(0.0469442719099991,-0.0772,0.006));
#4559=CARTESIAN_POINT('',(0.045459656932083,-0.0772,0.00971428571428572));
#4560=CARTESIAN_POINT('',(-0.0469442719099992,-0.0772,0.006));
#4561=CARTESIAN_POINT('',(-0.045459656932083,-0.0772,0.00971428571428572));
#4562=CARTESIAN_POINT('',(-0.0469442719099992,-0.0772,0.006));
#4563=CARTESIAN_POINT('',(-0.045459656932083,-0.0772,0.00971428571428572));
#4564=CARTESIAN_POINT('',(-0.0365519670645859,-0.0772,0.032));
#4565=CARTESIAN_POINT('',(-0.0365519670645859,-0.0772,0.032));
#4566=CARTESIAN_POINT('',(0.0365519670645859,-0.0772,0.032));
#4567=CARTESIAN_POINT('',(0.036551967064586,-0.0772,0.032));
#4568=CARTESIAN_POINT('',(-0.047,-0.1229,0.005));
#4569=CARTESIAN_POINT('',(-0.047,-0.0858,0.005));
#4570=CARTESIAN_POINT('',(-0.047,-0.0858,0.0066));
#4571=CARTESIAN_POINT('',(-0.047,-0.0898,0.005));
#4572=CARTESIAN_POINT('',(-0.047,-0.0898,0.0066));
#4573=CARTESIAN_POINT('',(-0.047,-0.1229,0.005));
#4574=CARTESIAN_POINT('',(-0.047,-0.0686,0.005));
#4575=CARTESIAN_POINT('',(-0.047,-0.0686,0.0066));
#4576=CARTESIAN_POINT('',(-0.047,-0.0646,0.005));
#4577=CARTESIAN_POINT('',(-0.047,-0.0646,0.0066));
#4578=CARTESIAN_POINT('',(0.047,-0.1155,0.005));
#4579=CARTESIAN_POINT('',(0.047,-0.0702,0.005));
#4580=CARTESIAN_POINT('',(0.047,-0.0702,0.0034));
#4581=CARTESIAN_POINT('',(0.047,-0.0572,0.005));
#4582=CARTESIAN_POINT('',(0.047,-0.0572,0.0034));
#4583=CARTESIAN_POINT('',(0.047,-0.1155,0.005));
#4584=CARTESIAN_POINT('',(0.047,-0.0842,0.005));
#4585=CARTESIAN_POINT('',(0.047,-0.0842,0.0034));
#4586=CARTESIAN_POINT('',(0.047,-0.0972,0.005));
#4587=CARTESIAN_POINT('',(0.047,-0.0972,0.0034));
#4588=CARTESIAN_POINT('',(0.047,-0.0842,0.005));
#4589=CARTESIAN_POINT('',(0.047,-0.0712,0.005));
#4590=CARTESIAN_POINT('',(0.047,-0.0982,0.005));
#4591=CARTESIAN_POINT('',(0.047,-0.0572,0.005));
#4592=CARTESIAN_POINT('',(-0.047,-0.0848,0.005));
#4593=CARTESIAN_POINT('',(-0.047,-0.0686,0.005));
#4594=CARTESIAN_POINT('',(-0.047,-0.0898,0.005));
#4595=CARTESIAN_POINT('',(-0.047,-0.0646,0.005));
#4596=CARTESIAN_POINT('',(0.0119733200256251,-0.0236,0.008));
#4597=CARTESIAN_POINT('',(0.0119733200256251,-0.1308,0.01));
#4598=CARTESIAN_POINT('',(0.001,-0.0716,0.004));
#4599=CARTESIAN_POINT('',(0.001,-0.0676,0.004));
#4600=CARTESIAN_POINT('',(0.0026,-0.0676,0.004));
#4601=CARTESIAN_POINT('',(-0.007,-0.0716,0.004));
#4602=CARTESIAN_POINT('',(-0.007,-0.0676,0.004));
#4603=CARTESIAN_POINT('',(-0.0054,-0.0676,0.004));
#4604=CARTESIAN_POINT('',(-0.0041,-0.0701,0.004));
#4605=CARTESIAN_POINT('',(-0.0041,-0.0676,0.004));
#4606=CARTESIAN_POINT('',(-0.0041,-0.0676,0.0075));
#4607=CARTESIAN_POINT('',(-0.0041,-0.0676,0.0005));
#4608=CARTESIAN_POINT('',(-0.0041,-0.0676,0.0005));
#4609=CARTESIAN_POINT('',(-0.0041,-0.0701,0.0005));
#4610=CARTESIAN_POINT('',(-0.0041,-0.0701,0.004));
#4611=CARTESIAN_POINT('',(-0.0041,-0.0701,0.0075));
#4612=CARTESIAN_POINT('',(-0.0041,-0.0701,0.0075));
#4613=CARTESIAN_POINT('',(-0.0099,-0.0701,0.004));
#4614=CARTESIAN_POINT('',(-0.0099,-0.0701,0.004));
#4615=CARTESIAN_POINT('',(-0.0099,-0.0701,0.0075));
#4616=CARTESIAN_POINT('',(-0.0099,-0.0701,0.0005));
#4617=CARTESIAN_POINT('',(-0.0099,-0.0701,0.0005));
#4618=CARTESIAN_POINT('',(-0.0099,-0.0676,0.0005));
#4619=CARTESIAN_POINT('',(-0.0099,-0.0676,0.004));
#4620=CARTESIAN_POINT('',(-0.0099,-0.0676,0.0075));
#4621=CARTESIAN_POINT('',(-0.0099,-0.0676,0.0075));
#4622=CARTESIAN_POINT('',(-0.0200133399871874,-0.0701,0.005));
#4623=CARTESIAN_POINT('',(-0.0041,-0.0701,0.0005));
#4624=CARTESIAN_POINT('',(-0.0104,-0.0701,0.));
#4625=CARTESIAN_POINT('',(-0.0099,-0.0701,0.0075));
#4626=CARTESIAN_POINT('',(-0.0036,-0.0701,0.008));
#4627=CARTESIAN_POINT('',(-0.007,-0.0701,0.004));
#4628=CARTESIAN_POINT('',(-0.0054,-0.0701,0.004));
#4629=CARTESIAN_POINT('',(-0.0200133399871874,-0.0676,0.005));
#4630=CARTESIAN_POINT('',(-0.0137066699935937,-0.0676,0.0113066699935937));
#4631=CARTESIAN_POINT('',(-0.0127066699935937,-0.0676,-0.00230666999359372));
#4632=CARTESIAN_POINT('',(-0.0143066699935937,-0.0676,0.0107066699935937));
#4633=CARTESIAN_POINT('',(-0.0133066699935937,-0.0676,-0.00170666999359373));
#4634=CARTESIAN_POINT('',(-0.0200133399871874,-0.0716,0.005));
#4635=CARTESIAN_POINT('',(-0.007,-0.0716,0.004));
#4636=CARTESIAN_POINT('',(-0.0054,-0.0716,0.004));
#4637=CARTESIAN_POINT('',(-0.007,-0.0716,0.004));
#4638=CARTESIAN_POINT('',(0.0039,-0.0701,0.004));
#4639=CARTESIAN_POINT('',(0.0039,-0.0676,0.004));
#4640=CARTESIAN_POINT('',(0.0039,-0.0676,0.0075));
#4641=CARTESIAN_POINT('',(0.0039,-0.0676,0.0005));
#4642=CARTESIAN_POINT('',(0.0039,-0.0676,0.0005));
#4643=CARTESIAN_POINT('',(0.0039,-0.0701,0.0005));
#4644=CARTESIAN_POINT('',(0.0039,-0.0701,0.004));
#4645=CARTESIAN_POINT('',(0.0039,-0.0701,0.0075));
#4646=CARTESIAN_POINT('',(0.0039,-0.0701,0.0075));
#4647=CARTESIAN_POINT('',(-0.0019,-0.0701,0.004));
#4648=CARTESIAN_POINT('',(-0.0019,-0.0701,0.004));
#4649=CARTESIAN_POINT('',(-0.0019,-0.0701,0.0075));
#4650=CARTESIAN_POINT('',(-0.0019,-0.0701,0.0005));
#4651=CARTESIAN_POINT('',(-0.0019,-0.0701,0.0005));
#4652=CARTESIAN_POINT('',(-0.0019,-0.0676,0.0005));
#4653=CARTESIAN_POINT('',(-0.0019,-0.0676,0.004));
#4654=CARTESIAN_POINT('',(-0.0019,-0.0676,0.0075));
#4655=CARTESIAN_POINT('',(-0.0019,-0.0676,0.0075));
#4656=CARTESIAN_POINT('',(-0.0200133399871874,-0.0701,0.005));
#4657=CARTESIAN_POINT('',(0.0039,-0.0701,0.0005));
#4658=CARTESIAN_POINT('',(-0.0024,-0.0701,0.));
#4659=CARTESIAN_POINT('',(-0.0019,-0.0701,0.0075));
#4660=CARTESIAN_POINT('',(0.0044,-0.0701,0.008));
#4661=CARTESIAN_POINT('',(0.001,-0.0701,0.004));
#4662=CARTESIAN_POINT('',(0.0026,-0.0701,0.004));
#4663=CARTESIAN_POINT('',(-0.0200133399871874,-0.0676,0.005));
#4664=CARTESIAN_POINT('',(-0.00970666999359371,-0.0676,0.0153066699935938));
#4665=CARTESIAN_POINT('',(-0.00870666999359373,-0.0676,-0.00630666999359373));
#4666=CARTESIAN_POINT('',(-0.0103066699935937,-0.0676,0.0147066699935937));
#4667=CARTESIAN_POINT('',(-0.00930666999359373,-0.0676,-0.00570666999359373));
#4668=CARTESIAN_POINT('',(-0.0200133399871874,-0.0716,0.005));
#4669=CARTESIAN_POINT('',(0.001,-0.0716,0.004));
#4670=CARTESIAN_POINT('',(0.0026,-0.0716,0.004));
#4671=CARTESIAN_POINT('',(0.001,-0.0716,0.004));
#4672=CARTESIAN_POINT('',(-0.0019,-0.0701,0.0075));
#4673=CARTESIAN_POINT('',(0.0044,-0.0772,0.008));
#4674=CARTESIAN_POINT('',(-0.0099,-0.0701,0.0075));
#4675=CARTESIAN_POINT('',(-0.0036,-0.0772,0.008));
#4676=CARTESIAN_POINT('',(-0.0024,-0.0772,0.));
#4677=CARTESIAN_POINT('',(0.0039,-0.0701,0.0005));
#4678=CARTESIAN_POINT('',(-0.0104,-0.0772,0.));
#4679=CARTESIAN_POINT('',(-0.0041,-0.0701,0.0005));
#4680=CARTESIAN_POINT('',(0.,0.,0.));
#4681=CARTESIAN_POINT('',(4.16333634234433E-17,0.,0.));
#4682=CARTESIAN_POINT('',(-0.0024,0.,0.));
#4683=CARTESIAN_POINT('',(-0.0024,-0.0071,0.));
#4684=CARTESIAN_POINT('',(-0.0024,-0.0096,0.));
#4685=CARTESIAN_POINT('',(-0.047,-0.0096,0.));
#4686=CARTESIAN_POINT('',(0.0044,-0.0096,0.));
#4687=CARTESIAN_POINT('',(0.0044,-0.0071,0.));
#4688=CARTESIAN_POINT('',(0.0044,-0.0071,0.));
#4689=CARTESIAN_POINT('',(-0.047,-0.0071,0.));
#4690=CARTESIAN_POINT('',(-0.0365,0.0076,0.));
#4691=CARTESIAN_POINT('',(-0.0365,-0.0076,0.));
#4692=CARTESIAN_POINT('',(-0.0365,0.0076,0.));
#4693=CARTESIAN_POINT('',(-0.0495,0.0076,0.));
#4694=CARTESIAN_POINT('',(-0.047,0.0076,0.));
#4695=CARTESIAN_POINT('',(-0.047,0.,0.));
#4696=CARTESIAN_POINT('',(-0.047,0.0136,0.));
#4697=CARTESIAN_POINT('',(-0.047,0.0136,0.));
#4698=CARTESIAN_POINT('',(0.0119733200256251,0.0136,0.));
#4699=CARTESIAN_POINT('',(0.0119733200256251,0.0536,0.));
#4700=CARTESIAN_POINT('',(0.0237591355424568,0.0153757334589241,0.));
#4701=CARTESIAN_POINT('',(0.03,0.0173,0.));
#4702=CARTESIAN_POINT('',(0.042,0.021,0.));
#4703=CARTESIAN_POINT('',(0.0445,0.021,0.));
#4704=CARTESIAN_POINT('',(0.047,0.021,0.));
#4705=CARTESIAN_POINT('',(0.047,0.006,0.));
#4706=CARTESIAN_POINT('',(0.047,0.006,0.));
#4707=CARTESIAN_POINT('',(0.0445,0.006,0.));
#4708=CARTESIAN_POINT('',(0.0365,0.006,0.));
#4709=CARTESIAN_POINT('',(0.0365,-2.74375429783665E-16,0.));
#4710=CARTESIAN_POINT('',(0.0365,-0.006,0.));
#4711=CARTESIAN_POINT('',(0.0445,-0.006,0.));
#4712=CARTESIAN_POINT('',(0.047,-0.006,0.));
#4713=CARTESIAN_POINT('',(0.047,-0.021,0.));
#4714=CARTESIAN_POINT('',(0.047,-0.021,0.));
#4715=CARTESIAN_POINT('',(0.0445,-0.021,0.));
#4716=CARTESIAN_POINT('',(0.042,-0.021,0.));
#4717=CARTESIAN_POINT('',(0.03,-0.0173,0.));
#4718=CARTESIAN_POINT('',(0.0237591355424568,-0.0153757334589242,0.));
#4719=CARTESIAN_POINT('',(0.0119733200256251,-0.0536,0.));
#4720=CARTESIAN_POINT('',(0.0119733200256251,-0.0136,0.));
#4721=CARTESIAN_POINT('',(-0.047,-0.0136,0.));
#4722=CARTESIAN_POINT('',(-0.047,-0.0136,0.));
#4723=CARTESIAN_POINT('',(-0.047,0.,0.));
#4724=CARTESIAN_POINT('',(-0.047,-0.0076,0.));
#4725=CARTESIAN_POINT('',(-0.0445,-0.0076,0.));
#4726=CARTESIAN_POINT('',(0.,-0.005,0.));
#4727=CARTESIAN_POINT('',(0.00625,-0.005,0.));
#4728=CARTESIAN_POINT('',(-0.01,-0.005,0.));
#4729=CARTESIAN_POINT('',(0.00625,-0.00625,0.));
#4730=CARTESIAN_POINT('',(0.0075,-0.00625,0.));
#4731=CARTESIAN_POINT('',(0.00875,-0.00625,0.));
#4732=CARTESIAN_POINT('',(0.00875,-0.0075,0.));
#4733=CARTESIAN_POINT('',(0.0125,-0.0075,0.));
#4734=CARTESIAN_POINT('',(0.015,-0.0075,0.));
#4735=CARTESIAN_POINT('',(0.015,-0.005,0.));
#4736=CARTESIAN_POINT('',(0.0175,-0.005,0.));
#4737=CARTESIAN_POINT('',(0.0175,1.3010426069826E-18,0.));
#4738=CARTESIAN_POINT('',(0.0175,0.005,0.));
#4739=CARTESIAN_POINT('',(0.015,0.005,0.));
#4740=CARTESIAN_POINT('',(0.015,0.0075,0.));
#4741=CARTESIAN_POINT('',(-0.01,0.0075,0.));
#4742=CARTESIAN_POINT('',(-0.01,0.0075,0.));
#4743=CARTESIAN_POINT('',(-0.01,0.005,0.));
#4744=CARTESIAN_POINT('',(-0.0125,0.005,0.));
#4745=CARTESIAN_POINT('',(-0.0125,0.00125,0.));
#4746=CARTESIAN_POINT('',(-0.0125,-0.0025,0.));
#4747=CARTESIAN_POINT('',(-0.01,-0.0025,0.));
#4748=CARTESIAN_POINT('',(-0.0104,0.,0.));
#4749=CARTESIAN_POINT('',(-0.0104,-0.0071,0.));
#4750=CARTESIAN_POINT('',(-0.0104,-0.0096,0.));
#4751=CARTESIAN_POINT('',(-0.047,-0.0096,0.));
#4752=CARTESIAN_POINT('',(-0.0036,-0.0096,0.));
#4753=CARTESIAN_POINT('',(-0.0036,-0.0071,0.));
#4754=CARTESIAN_POINT('',(-0.0036,-0.0071,0.));
#4755=CARTESIAN_POINT('',(-0.047,-0.0071,0.));
#4756=CARTESIAN_POINT('',(4.16333634234433E-17,0.,0.008));
#4757=CARTESIAN_POINT('',(-0.012,0.0136,0.008));
#4758=CARTESIAN_POINT('',(-0.0365519670645859,0.0136,0.008));
#4759=CARTESIAN_POINT('',(0.0119733200256251,0.0136,0.008));
#4760=CARTESIAN_POINT('',(-0.0365519670645859,0.0076,0.008));
#4761=CARTESIAN_POINT('',(-0.0365519670645859,0.0076,0.008));
#4762=CARTESIAN_POINT('',(-0.0405,0.0076,0.008));
#4763=CARTESIAN_POINT('',(-0.0365,0.0076,0.008));
#4764=CARTESIAN_POINT('',(-0.0365,0.,0.008));
#4765=CARTESIAN_POINT('',(-0.0365,-0.0076,0.008));
#4766=CARTESIAN_POINT('',(-0.0405,-0.0076,0.008));
#4767=CARTESIAN_POINT('',(-0.0365519670645859,-0.0076,0.008));
#4768=CARTESIAN_POINT('',(-0.0365519670645859,-0.0136,0.008));
#4769=CARTESIAN_POINT('',(-0.0365519670645859,-0.0136,0.008));
#4770=CARTESIAN_POINT('',(-0.012,-0.0136,0.008));
#4771=CARTESIAN_POINT('',(0.0119733200256251,-0.0136,0.008));
#4772=CARTESIAN_POINT('',(0.0119733200256251,-0.0536,0.008));
#4773=CARTESIAN_POINT('',(0.0237591355424568,-0.0153757334589242,0.008));
#4774=CARTESIAN_POINT('',(0.03,-0.0173,0.008));
#4775=CARTESIAN_POINT('',(0.0365519670645859,-0.019320189844914,0.008));
#4776=CARTESIAN_POINT('',(0.0365519670645859,-0.006,0.008));
#4777=CARTESIAN_POINT('',(0.0365519670645859,-0.006,0.008));
#4778=CARTESIAN_POINT('',(0.0405,-0.006,0.008));
#4779=CARTESIAN_POINT('',(0.0365,-0.006,0.008));
#4780=CARTESIAN_POINT('',(0.0365,0.006,0.008));
#4781=CARTESIAN_POINT('',(0.0365,0.006,0.008));
#4782=CARTESIAN_POINT('',(0.0405,0.006,0.008));
#4783=CARTESIAN_POINT('',(0.036551967064586,0.006,0.008));
#4784=CARTESIAN_POINT('',(0.036551967064586,0.021,0.008));
#4785=CARTESIAN_POINT('',(0.036551967064586,0.019320189844914,0.008));
#4786=CARTESIAN_POINT('',(0.03,0.0173,0.008));
#4787=CARTESIAN_POINT('',(0.0237591355424568,0.0153757334589241,0.008));
#4788=CARTESIAN_POINT('',(0.0119733200256251,0.0536,0.008));
#4789=CARTESIAN_POINT('',(0.0125,-0.0075,0.008));
#4790=CARTESIAN_POINT('',(0.00875,-0.0075,0.008));
#4791=CARTESIAN_POINT('',(0.015,-0.0075,0.008));
#4792=CARTESIAN_POINT('',(0.00875,-0.00625,0.008));
#4793=CARTESIAN_POINT('',(0.0075,-0.00625,0.008));
#4794=CARTESIAN_POINT('',(0.00625,-0.00625,0.008));
#4795=CARTESIAN_POINT('',(0.00625,-0.005,0.008));
#4796=CARTESIAN_POINT('',(0.,-0.005,0.008));
#4797=CARTESIAN_POINT('',(-0.01,-0.005,0.008));
#4798=CARTESIAN_POINT('',(-0.01,-0.0025,0.008));
#4799=CARTESIAN_POINT('',(-0.0125,-0.0025,0.008));
#4800=CARTESIAN_POINT('',(-0.0125,0.00125,0.008));
#4801=CARTESIAN_POINT('',(-0.0125,0.005,0.008));
#4802=CARTESIAN_POINT('',(-0.01,0.005,0.008));
#4803=CARTESIAN_POINT('',(-0.01,0.0075,0.008));
#4804=CARTESIAN_POINT('',(-0.01,0.0075,0.008));
#4805=CARTESIAN_POINT('',(0.015,0.0075,0.008));
#4806=CARTESIAN_POINT('',(0.015,0.005,0.008));
#4807=CARTESIAN_POINT('',(0.0175,0.005,0.008));
#4808=CARTESIAN_POINT('',(0.0175,1.3010426069826E-18,0.008));
#4809=CARTESIAN_POINT('',(0.0175,-0.005,0.008));
#4810=CARTESIAN_POINT('',(0.015,-0.005,0.008));
#4811=CARTESIAN_POINT('',(-0.012,-0.0096,0.008));
#4812=CARTESIAN_POINT('',(-0.0024,-0.0096,0.008));
#4813=CARTESIAN_POINT('',(0.0044,-0.0096,0.008));
#4814=CARTESIAN_POINT('',(-0.0024,-0.0071,0.008));
#4815=CARTESIAN_POINT('',(-0.0024,-0.0071,0.008));
#4816=CARTESIAN_POINT('',(-0.012,-0.0071,0.008));
#4817=CARTESIAN_POINT('',(0.0044,-0.0071,0.008));
#4818=CARTESIAN_POINT('',(0.0044,0.,0.008));
#4819=CARTESIAN_POINT('',(-0.012,-0.0096,0.008));
#4820=CARTESIAN_POINT('',(-0.0104,-0.0096,0.008));
#4821=CARTESIAN_POINT('',(-0.0036,-0.0096,0.008));
#4822=CARTESIAN_POINT('',(-0.0104,-0.0071,0.008));
#4823=CARTESIAN_POINT('',(-0.0104,-0.0071,0.008));
#4824=CARTESIAN_POINT('',(-0.012,-0.0071,0.008));
#4825=CARTESIAN_POINT('',(-0.0036,-0.0071,0.008));
#4826=CARTESIAN_POINT('',(-0.0036,0.,0.008));
#4827=CARTESIAN_POINT('',(0.0445,0.006,0.01));
#4828=CARTESIAN_POINT('',(0.047,0.006,0.005));
#4829=CARTESIAN_POINT('',(0.0496,0.006,0.005));
#4830=CARTESIAN_POINT('',(0.0445,0.006,0.01));
#4831=CARTESIAN_POINT('',(0.047,0.006,0.01));
#4832=CARTESIAN_POINT('',(0.0469442719099993,0.006,0.01));
#4833=CARTESIAN_POINT('',(0.0469442719099993,0.006,0.006));
#4834=CARTESIAN_POINT('',(0.0454596569320831,0.006,0.00971428571428571));
#4835=CARTESIAN_POINT('',(0.036551967064586,0.006,0.032));
#4836=CARTESIAN_POINT('',(0.0365,0.006,0.0055));
#4837=CARTESIAN_POINT('',(0.039,0.006,0.0055));
#4838=CARTESIAN_POINT('',(0.039,0.006,0.008));
#4839=CARTESIAN_POINT('',(0.039,0.006,0.0025));
#4840=CARTESIAN_POINT('',(0.0365,0.006,0.0025));
#4841=CARTESIAN_POINT('',(0.047,0.006,0.005));
#4842=CARTESIAN_POINT('',(0.0445,0.021,0.01));
#4843=CARTESIAN_POINT('',(0.047,0.021,0.005));
#4844=CARTESIAN_POINT('',(0.047,0.021,0.0024));
#4845=CARTESIAN_POINT('',(0.042,0.021,0.008));
#4846=CARTESIAN_POINT('',(0.042,0.021,0.00862653348057582));
#4847=CARTESIAN_POINT('',(0.036551967064586,0.021,0.032));
#4848=CARTESIAN_POINT('',(0.0454596569320831,0.021,0.00971428571428571));
#4849=CARTESIAN_POINT('',(0.0469442719099992,0.021,0.006));
#4850=CARTESIAN_POINT('',(0.0469442719099992,0.021,0.01));
#4851=CARTESIAN_POINT('',(0.0445,0.021,0.01));
#4852=CARTESIAN_POINT('',(0.047,0.021,0.01));
#4853=CARTESIAN_POINT('',(0.047,0.021,0.005));
#4854=CARTESIAN_POINT('',(4.16333634234433E-17,0.,0.01));
#4855=CARTESIAN_POINT('',(0.0469442719099993,2.17160881453104E-17,0.01));
#4856=CARTESIAN_POINT('',(0.047,2.1741867565576E-17,0.01));
#4857=CARTESIAN_POINT('',(0.0445,-0.021,0.01));
#4858=CARTESIAN_POINT('',(0.047,-0.021,0.005));
#4859=CARTESIAN_POINT('',(0.047,-0.021,0.0024));
#4860=CARTESIAN_POINT('',(0.0445,-0.021,0.01));
#4861=CARTESIAN_POINT('',(0.047,-0.021,0.01));
#4862=CARTESIAN_POINT('',(0.0469442719099991,-0.021,0.01));
#4863=CARTESIAN_POINT('',(0.0469442719099991,-0.021,0.006));
#4864=CARTESIAN_POINT('',(0.045459656932083,-0.021,0.00971428571428571));
#4865=CARTESIAN_POINT('',(0.0365519670645859,-0.021,0.032));
#4866=CARTESIAN_POINT('',(0.042,-0.021,0.00862653348057583));
#4867=CARTESIAN_POINT('',(0.042,-0.021,0.008));
#4868=CARTESIAN_POINT('',(0.047,-0.021,0.005));
#4869=CARTESIAN_POINT('',(0.0445,-0.006,0.01));
#4870=CARTESIAN_POINT('',(0.047,-0.006,0.005));
#4871=CARTESIAN_POINT('',(0.0496,-0.006,0.005));
#4872=CARTESIAN_POINT('',(0.0365519670645859,-0.006,0.032));
#4873=CARTESIAN_POINT('',(0.045459656932083,-0.006,0.00971428571428571));
#4874=CARTESIAN_POINT('',(0.0469442719099991,-0.006,0.006));
#4875=CARTESIAN_POINT('',(0.0469442719099991,-0.006,0.01));
#4876=CARTESIAN_POINT('',(0.0445,-0.006,0.01));
#4877=CARTESIAN_POINT('',(0.047,-0.006,0.01));
#4878=CARTESIAN_POINT('',(0.047,-0.006,0.005));
#4879=CARTESIAN_POINT('',(0.0365,-0.006,0.0025));
#4880=CARTESIAN_POINT('',(0.039,-0.006,0.0025));
#4881=CARTESIAN_POINT('',(0.039,-0.006,0.008));
#4882=CARTESIAN_POINT('',(0.039,-0.006,0.0055));
#4883=CARTESIAN_POINT('',(0.0365,-0.006,0.0055));
#4884=CARTESIAN_POINT('',(4.16333634234433E-17,0.,0.01));
#4885=CARTESIAN_POINT('',(0.0469442719099991,0.,0.01));
#4886=CARTESIAN_POINT('',(0.047,0.,0.01));
#4887=CARTESIAN_POINT('',(-0.0445,-0.0076,0.01));
#4888=CARTESIAN_POINT('',(-0.047,-0.0076,0.005));
#4889=CARTESIAN_POINT('',(-0.047,-0.0076,0.0076));
#4890=CARTESIAN_POINT('',(-0.0445,-0.0076,0.01));
#4891=CARTESIAN_POINT('',(-0.047,-0.0076,0.01));
#4892=CARTESIAN_POINT('',(-0.0469442719099992,-0.0076,0.01));
#4893=CARTESIAN_POINT('',(-0.0469442719099992,-0.0076,0.006));
#4894=CARTESIAN_POINT('',(-0.045459656932083,-0.0076,0.00971428571428571));
#4895=CARTESIAN_POINT('',(-0.0365519670645859,-0.0076,0.032));
#4896=CARTESIAN_POINT('',(-0.0365,-0.0076,0.0055));
#4897=CARTESIAN_POINT('',(-0.039,-0.0076,0.0055));
#4898=CARTESIAN_POINT('',(-0.039,-0.0076,0.008));
#4899=CARTESIAN_POINT('',(-0.039,-0.0076,0.0025));
#4900=CARTESIAN_POINT('',(-0.0365,-0.0076,0.0025));
#4901=CARTESIAN_POINT('',(-0.047,-0.0076,0.005));
#4902=CARTESIAN_POINT('',(-0.047,-0.0136,0.01));
#4903=CARTESIAN_POINT('',(-0.007,-0.0136,0.004));
#4904=CARTESIAN_POINT('',(-0.0054,-0.0136,0.004));
#4905=CARTESIAN_POINT('',(0.001,-0.0136,0.004));
#4906=CARTESIAN_POINT('',(0.0026,-0.0136,0.004));
#4907=CARTESIAN_POINT('',(-0.047,-0.0136,0.005));
#4908=CARTESIAN_POINT('',(-0.047,-0.0136,0.0076));
#4909=CARTESIAN_POINT('',(0.0119733200256251,-0.0136,0.008));
#4910=CARTESIAN_POINT('',(-0.0365519670645859,-0.0136,0.032));
#4911=CARTESIAN_POINT('',(-0.045459656932083,-0.0136,0.00971428571428571));
#4912=CARTESIAN_POINT('',(-0.0469442719099992,-0.0136,0.006));
#4913=CARTESIAN_POINT('',(-0.0469442719099992,-0.0136,0.01));
#4914=CARTESIAN_POINT('',(-0.047,-0.0136,0.01));
#4915=CARTESIAN_POINT('',(-0.047,-0.0136,0.01));
#4916=CARTESIAN_POINT('',(-0.047,-0.0136,0.005));
#4917=CARTESIAN_POINT('',(4.16333634234433E-17,0.,0.01));
#4918=CARTESIAN_POINT('',(-0.0469442719099992,0.,0.01));
#4919=CARTESIAN_POINT('',(-0.047,-0.0136,0.01));
#4920=CARTESIAN_POINT('',(-0.0495,0.0076,0.01));
#4921=CARTESIAN_POINT('',(-0.047,0.0076,0.005));
#4922=CARTESIAN_POINT('',(-0.047,0.0076,0.0076));
#4923=CARTESIAN_POINT('',(-0.0365519670645859,0.0076,0.032));
#4924=CARTESIAN_POINT('',(-0.045459656932083,0.0076,0.00971428571428571));
#4925=CARTESIAN_POINT('',(-0.0469442719099992,0.0076,0.006));
#4926=CARTESIAN_POINT('',(-0.0469442719099992,0.0076,0.01));
#4927=CARTESIAN_POINT('',(-0.0495,0.0076,0.01));
#4928=CARTESIAN_POINT('',(-0.047,0.0076,0.01));
#4929=CARTESIAN_POINT('',(-0.047,0.0076,0.005));
#4930=CARTESIAN_POINT('',(-0.0365,0.0076,0.0025));
#4931=CARTESIAN_POINT('',(-0.039,0.0076,0.0025));
#4932=CARTESIAN_POINT('',(-0.039,0.0076,0.008));
#4933=CARTESIAN_POINT('',(-0.039,0.0076,0.0055));
#4934=CARTESIAN_POINT('',(-0.0365,0.0076,0.0055));
#4935=CARTESIAN_POINT('',(-0.047,0.0136,0.01));
#4936=CARTESIAN_POINT('',(-0.047,0.0136,0.005));
#4937=CARTESIAN_POINT('',(-0.047,0.0136,0.0076));
#4938=CARTESIAN_POINT('',(0.0119733200256251,0.0136,0.));
#4939=CARTESIAN_POINT('',(-0.047,0.0136,0.005));
#4940=CARTESIAN_POINT('',(-0.047,0.0136,0.01));
#4941=CARTESIAN_POINT('',(-0.047,0.0136,0.01));
#4942=CARTESIAN_POINT('',(-0.0469442719099992,0.0136,0.01));
#4943=CARTESIAN_POINT('',(-0.0469442719099992,0.0136,0.006));
#4944=CARTESIAN_POINT('',(-0.045459656932083,0.0136,0.00971428571428571));
#4945=CARTESIAN_POINT('',(-0.0365519670645859,0.0136,0.032));
#4946=CARTESIAN_POINT('',(4.16333634234433E-17,0.,0.01));
#4947=CARTESIAN_POINT('',(-0.0469442719099992,0.,0.01));
#4948=CARTESIAN_POINT('',(-0.047,0.0076,0.01));
#4949=CARTESIAN_POINT('',(-0.01,0.0075,0.008));
#4950=CARTESIAN_POINT('',(-0.01,0.0075,0.));
#4951=CARTESIAN_POINT('',(0.015,0.0075,0.008));
#4952=CARTESIAN_POINT('',(0.0175,1.3010426069826E-18,0.008));
#4953=CARTESIAN_POINT('',(0.0175,0.005,0.008));
#4954=CARTESIAN_POINT('',(0.0175,-0.005,0.008));
#4955=CARTESIAN_POINT('',(0.0125,-0.0075,0.008));
#4956=CARTESIAN_POINT('',(0.00875,-0.0075,0.008));
#4957=CARTESIAN_POINT('',(0.015,-0.0075,0.008));
#4958=CARTESIAN_POINT('',(0.,-0.005,0.008));
#4959=CARTESIAN_POINT('',(0.00625,-0.005,0.));
#4960=CARTESIAN_POINT('',(-0.01,-0.005,0.008));
#4961=CARTESIAN_POINT('',(-0.039,-1.30104260698261E-17,0.008));
#4962=CARTESIAN_POINT('',(-0.039,-0.0076,0.0025));
#4963=CARTESIAN_POINT('',(-0.039,-1.30104260698261E-17,0.0055));
#4964=CARTESIAN_POINT('',(0.03,-0.0173,0.008));
#4965=CARTESIAN_POINT('',(0.0237591355424568,-0.0153757334589242,0.));
#4966=CARTESIAN_POINT('',(0.0365519670645859,-0.019320189844914,0.032));
#4967=CARTESIAN_POINT('',(0.039,-8.67361737988404E-19,0.008));
#4968=CARTESIAN_POINT('',(0.039,-8.67361737988404E-19,0.0025));
#4969=CARTESIAN_POINT('',(0.039,-0.006,0.0055));
#4970=CARTESIAN_POINT('',(0.03,0.0173,0.008));
#4971=CARTESIAN_POINT('',(0.0237591355424568,0.0153757334589241,0.008));
#4972=CARTESIAN_POINT('',(0.036551967064586,0.019320189844914,0.032));
#4973=CARTESIAN_POINT('',(-0.0125,0.00125,0.008));
#4974=CARTESIAN_POINT('',(-0.0125,-0.0025,0.008));
#4975=CARTESIAN_POINT('',(-0.0125,0.005,0.008));
#4976=CARTESIAN_POINT('',(0.047,0.0135,0.005));
#4977=CARTESIAN_POINT('',(0.047,-0.0135,0.005));
#4978=CARTESIAN_POINT('',(-0.047,0.,0.005));
#4979=CARTESIAN_POINT('',(-0.047,0.,0.005));
#4980=CARTESIAN_POINT('',(-0.0365,0.,0.0025));
#4981=CARTESIAN_POINT('',(-0.0365,-1.30104260698261E-17,0.0055));
#4982=CARTESIAN_POINT('',(0.0365,1.7925475918427E-17,0.0025));
#4983=CARTESIAN_POINT('',(0.0365,-2.74375429783665E-16,0.0055));
#4984=CARTESIAN_POINT('',(-0.01,-0.0025,0.008));
#4985=CARTESIAN_POINT('',(-0.01,0.005,0.008));
#4986=CARTESIAN_POINT('',(0.015,0.005,0.008));
#4987=CARTESIAN_POINT('',(0.015,-0.005,0.008));
#4988=CARTESIAN_POINT('',(0.00625,-0.00625,0.008));
#4989=CARTESIAN_POINT('',(0.0075,-0.00625,0.008));
#4990=CARTESIAN_POINT('',(0.00875,-0.00625,0.008));
#4991=CARTESIAN_POINT('',(0.0469442719099993,2.17160881453104E-17,0.006));
#4992=CARTESIAN_POINT('',(0.0454596569320831,2.10293157573163E-17,0.00971428571428572));
#4993=CARTESIAN_POINT('',(0.0469442719099991,0.,0.006));
#4994=CARTESIAN_POINT('',(0.045459656932083,0.,0.00971428571428572));
#4995=CARTESIAN_POINT('',(-0.0469442719099992,0.,0.006));
#4996=CARTESIAN_POINT('',(-0.045459656932083,0.,0.00971428571428572));
#4997=CARTESIAN_POINT('',(-0.0469442719099992,0.,0.006));
#4998=CARTESIAN_POINT('',(-0.045459656932083,0.,0.00971428571428572));
#4999=CARTESIAN_POINT('',(-0.0365519670645859,0.,0.032));
#5000=CARTESIAN_POINT('',(-0.0365519670645859,0.,0.032));
#5001=CARTESIAN_POINT('',(0.0365519670645859,0.,0.032));
#5002=CARTESIAN_POINT('',(0.036551967064586,1.69086814293515E-17,0.032));
#5003=CARTESIAN_POINT('',(-0.047,0.0457,0.005));
#5004=CARTESIAN_POINT('',(-0.047,0.0086,0.005));
#5005=CARTESIAN_POINT('',(-0.047,0.0086,0.0066));
#5006=CARTESIAN_POINT('',(-0.047,0.0126,0.005));
#5007=CARTESIAN_POINT('',(-0.047,0.0126,0.0066));
#5008=CARTESIAN_POINT('',(-0.047,0.0457,0.005));
#5009=CARTESIAN_POINT('',(-0.047,-0.0086,0.005));
#5010=CARTESIAN_POINT('',(-0.047,-0.0086,0.0066));
#5011=CARTESIAN_POINT('',(-0.047,-0.0126,0.005));
#5012=CARTESIAN_POINT('',(-0.047,-0.0126,0.0066));
#5013=CARTESIAN_POINT('',(0.047,0.0383,0.005));
#5014=CARTESIAN_POINT('',(0.047,-0.007,0.005));
#5015=CARTESIAN_POINT('',(0.047,-0.007,0.0034));
#5016=CARTESIAN_POINT('',(0.047,-0.02,0.005));
#5017=CARTESIAN_POINT('',(0.047,-0.02,0.0034));
#5018=CARTESIAN_POINT('',(0.047,0.0383,0.005));
#5019=CARTESIAN_POINT('',(0.047,0.007,0.005));
#5020=CARTESIAN_POINT('',(0.047,0.007,0.0034));
#5021=CARTESIAN_POINT('',(0.047,0.02,0.005));
#5022=CARTESIAN_POINT('',(0.047,0.02,0.0034));
#5023=CARTESIAN_POINT('',(0.047,0.007,0.005));
#5024=CARTESIAN_POINT('',(0.047,-0.006,0.005));
#5025=CARTESIAN_POINT('',(0.047,0.021,0.005));
#5026=CARTESIAN_POINT('',(0.047,-0.02,0.005));
#5027=CARTESIAN_POINT('',(-0.047,0.0076,0.005));
#5028=CARTESIAN_POINT('',(-0.047,-0.0086,0.005));
#5029=CARTESIAN_POINT('',(-0.047,0.0126,0.005));
#5030=CARTESIAN_POINT('',(-0.047,-0.0126,0.005));
#5031=CARTESIAN_POINT('',(0.0119733200256251,-0.0536,0.008));
#5032=CARTESIAN_POINT('',(0.0119733200256251,0.0536,0.01));
#5033=CARTESIAN_POINT('',(0.001,-0.0056,0.004));
#5034=CARTESIAN_POINT('',(0.001,-0.0096,0.004));
#5035=CARTESIAN_POINT('',(0.0026,-0.0096,0.004));
#5036=CARTESIAN_POINT('',(-0.007,-0.0056,0.004));
#5037=CARTESIAN_POINT('',(-0.007,-0.0096,0.004));
#5038=CARTESIAN_POINT('',(-0.0054,-0.0096,0.004));
#5039=CARTESIAN_POINT('',(-0.0041,-0.0071,0.004));
#5040=CARTESIAN_POINT('',(-0.0041,-0.0096,0.004));
#5041=CARTESIAN_POINT('',(-0.0041,-0.0096,0.0075));
#5042=CARTESIAN_POINT('',(-0.0041,-0.0096,0.0005));
#5043=CARTESIAN_POINT('',(-0.0041,-0.0071,0.0075));
#5044=CARTESIAN_POINT('',(-0.0041,-0.0071,0.0075));
#5045=CARTESIAN_POINT('',(-0.0041,-0.0071,0.004));
#5046=CARTESIAN_POINT('',(-0.0041,-0.0071,0.0005));
#5047=CARTESIAN_POINT('',(-0.0041,-0.0096,0.0005));
#5048=CARTESIAN_POINT('',(-0.0099,-0.0071,0.004));
#5049=CARTESIAN_POINT('',(-0.0099,-0.0071,0.004));
#5050=CARTESIAN_POINT('',(-0.0099,-0.0071,0.0075));
#5051=CARTESIAN_POINT('',(-0.0099,-0.0071,0.0005));
#5052=CARTESIAN_POINT('',(-0.0099,-0.0096,0.0075));
#5053=CARTESIAN_POINT('',(-0.0099,-0.0096,0.0075));
#5054=CARTESIAN_POINT('',(-0.0099,-0.0096,0.004));
#5055=CARTESIAN_POINT('',(-0.0099,-0.0096,0.0005));
#5056=CARTESIAN_POINT('',(-0.0099,-0.0071,0.0005));
#5057=CARTESIAN_POINT('',(-0.0200133399871874,-0.0071,0.005));
#5058=CARTESIAN_POINT('',(-0.0036,-0.0071,0.008));
#5059=CARTESIAN_POINT('',(-0.0099,-0.0071,0.0075));
#5060=CARTESIAN_POINT('',(-0.0104,-0.0071,0.));
#5061=CARTESIAN_POINT('',(-0.0041,-0.0071,0.0005));
#5062=CARTESIAN_POINT('',(-0.007,-0.0071,0.004));
#5063=CARTESIAN_POINT('',(-0.0054,-0.0071,0.004));
#5064=CARTESIAN_POINT('',(-0.0200133399871874,-0.0096,0.005));
#5065=CARTESIAN_POINT('',(-0.0133066699935937,-0.0096,-0.00170666999359373));
#5066=CARTESIAN_POINT('',(-0.0143066699935937,-0.0096,0.0107066699935937));
#5067=CARTESIAN_POINT('',(-0.0127066699935937,-0.0096,-0.00230666999359372));
#5068=CARTESIAN_POINT('',(-0.0137066699935937,-0.0096,0.0113066699935937));
#5069=CARTESIAN_POINT('',(-0.0200133399871874,-0.0056,0.005));
#5070=CARTESIAN_POINT('',(-0.007,-0.0056,0.004));
#5071=CARTESIAN_POINT('',(-0.0054,-0.0056,0.004));
#5072=CARTESIAN_POINT('',(-0.007,-0.0056,0.004));
#5073=CARTESIAN_POINT('',(0.0039,-0.0071,0.004));
#5074=CARTESIAN_POINT('',(0.0039,-0.0096,0.004));
#5075=CARTESIAN_POINT('',(0.0039,-0.0096,0.0075));
#5076=CARTESIAN_POINT('',(0.0039,-0.0096,0.0005));
#5077=CARTESIAN_POINT('',(0.0039,-0.0071,0.0075));
#5078=CARTESIAN_POINT('',(0.0039,-0.0071,0.0075));
#5079=CARTESIAN_POINT('',(0.0039,-0.0071,0.004));
#5080=CARTESIAN_POINT('',(0.0039,-0.0071,0.0005));
#5081=CARTESIAN_POINT('',(0.0039,-0.0096,0.0005));
#5082=CARTESIAN_POINT('',(-0.0019,-0.0071,0.004));
#5083=CARTESIAN_POINT('',(-0.0019,-0.0071,0.004));
#5084=CARTESIAN_POINT('',(-0.0019,-0.0071,0.0075));
#5085=CARTESIAN_POINT('',(-0.0019,-0.0071,0.0005));
#5086=CARTESIAN_POINT('',(-0.0019,-0.0096,0.0075));
#5087=CARTESIAN_POINT('',(-0.0019,-0.0096,0.0075));
#5088=CARTESIAN_POINT('',(-0.0019,-0.0096,0.004));
#5089=CARTESIAN_POINT('',(-0.0019,-0.0096,0.0005));
#5090=CARTESIAN_POINT('',(-0.0019,-0.0071,0.0005));
#5091=CARTESIAN_POINT('',(-0.0200133399871874,-0.0071,0.005));
#5092=CARTESIAN_POINT('',(0.0044,-0.0071,0.008));
#5093=CARTESIAN_POINT('',(-0.0019,-0.0071,0.0075));
#5094=CARTESIAN_POINT('',(-0.0024,-0.0071,0.));
#5095=CARTESIAN_POINT('',(0.0039,-0.0071,0.0005));
#5096=CARTESIAN_POINT('',(0.001,-0.0071,0.004));
#5097=CARTESIAN_POINT('',(0.0026,-0.0071,0.004));
#5098=CARTESIAN_POINT('',(-0.0200133399871874,-0.0096,0.005));
#5099=CARTESIAN_POINT('',(-0.00930666999359373,-0.0096,-0.00570666999359373));
#5100=CARTESIAN_POINT('',(-0.0103066699935937,-0.0096,0.0147066699935937));
#5101=CARTESIAN_POINT('',(-0.00870666999359373,-0.0096,-0.00630666999359373));
#5102=CARTESIAN_POINT('',(-0.00970666999359371,-0.0096,0.0153066699935938));
#5103=CARTESIAN_POINT('',(-0.0200133399871874,-0.0056,0.005));
#5104=CARTESIAN_POINT('',(0.001,-0.0056,0.004));
#5105=CARTESIAN_POINT('',(0.0026,-0.0056,0.004));
#5106=CARTESIAN_POINT('',(0.001,-0.0056,0.004));
#5107=CARTESIAN_POINT('',(-0.0019,-0.0071,0.0075));
#5108=CARTESIAN_POINT('',(0.0044,0.,0.008));
#5109=CARTESIAN_POINT('',(-0.0099,-0.0071,0.0075));
#5110=CARTESIAN_POINT('',(-0.0036,0.,0.008));
#5111=CARTESIAN_POINT('',(-0.0024,0.,0.));
#5112=CARTESIAN_POINT('',(0.0039,-0.0071,0.0005));
#5113=CARTESIAN_POINT('',(-0.0104,0.,0.));
#5114=CARTESIAN_POINT('',(-0.0041,-0.0071,0.0005));
#5115=MECHANICAL_DESIGN_GEOMETRIC_PRESENTATION_REPRESENTATION('',(#3022),
#5117);
#5116=MECHANICAL_DESIGN_GEOMETRIC_PRESENTATION_REPRESENTATION('',(#3023),
#5118);
#5117=(
GEOMETRIC_REPRESENTATION_CONTEXT(3)
GLOBAL_UNCERTAINTY_ASSIGNED_CONTEXT((#5119))
GLOBAL_UNIT_ASSIGNED_CONTEXT((#5125,#5123,#5121))
REPRESENTATION_CONTEXT('Part 2','TOP_LEVEL_ASSEMBLY_PART')
);
#5118=(
GEOMETRIC_REPRESENTATION_CONTEXT(3)
GLOBAL_UNCERTAINTY_ASSIGNED_CONTEXT((#5120))
GLOBAL_UNIT_ASSIGNED_CONTEXT((#5126,#5124,#5122))
REPRESENTATION_CONTEXT('rear lower arm','TOP_LEVEL_ASSEMBLY_PART')
);
#5119=UNCERTAINTY_MEASURE_WITH_UNIT(LENGTH_MEASURE(1.E-8),#5125,
'DISTANCE_ACCURACY_VALUE','Maximum Tolerance applied to model');
#5120=UNCERTAINTY_MEASURE_WITH_UNIT(LENGTH_MEASURE(1.E-8),#5126,
'DISTANCE_ACCURACY_VALUE','Maximum Tolerance applied to model');
#5121=(
NAMED_UNIT(*)
SI_UNIT($,.STERADIAN.)
SOLID_ANGLE_UNIT()
);
#5122=(
NAMED_UNIT(*)
SI_UNIT($,.STERADIAN.)
SOLID_ANGLE_UNIT()
);
#5123=(
NAMED_UNIT(*)
PLANE_ANGLE_UNIT()
SI_UNIT($,.RADIAN.)
);
#5124=(
NAMED_UNIT(*)
PLANE_ANGLE_UNIT()
SI_UNIT($,.RADIAN.)
);
#5125=(
LENGTH_UNIT()
NAMED_UNIT(*)
SI_UNIT($,.METRE.)
);
#5126=(
LENGTH_UNIT()
NAMED_UNIT(*)
SI_UNIT($,.METRE.)
);
#5127=PRODUCT_DEFINITION_SHAPE('','',#5129);
#5128=PRODUCT_DEFINITION_SHAPE('','',#5130);
#5129=PRODUCT_DEFINITION('','',#5133,#5131);
#5130=PRODUCT_DEFINITION('','',#5134,#5132);
#5131=PRODUCT_DEFINITION_CONTEXT('',#5145,'design');
#5132=PRODUCT_DEFINITION_CONTEXT('',#5146,'design');
#5133=PRODUCT_DEFINITION_FORMATION_WITH_SPECIFIED_SOURCE('','',#5137,
 .NOT_KNOWN.);
#5134=PRODUCT_DEFINITION_FORMATION_WITH_SPECIFIED_SOURCE('','',#5138,
 .NOT_KNOWN.);
#5135=PRODUCT_RELATED_PRODUCT_CATEGORY('','',(#5137));
#5136=PRODUCT_RELATED_PRODUCT_CATEGORY('','',(#5138));
#5137=PRODUCT('Part 2','Part 2','Part 2',(#5141));
#5138=PRODUCT('rear lower arm','rear lower arm','rear lower arm',(#5142));
#5139=PRODUCT_CATEGORY('','');
#5140=PRODUCT_CATEGORY('','');
#5141=PRODUCT_CONTEXT('',#5145,'mechanical');
#5142=PRODUCT_CONTEXT('',#5146,'mechanical');
#5143=APPLICATION_PROTOCOL_DEFINITION('international standard',
'ap242_managed_model_based_3d_engineering',2020,#5145);
#5144=APPLICATION_PROTOCOL_DEFINITION('international standard',
'ap242_managed_model_based_3d_engineering',2020,#5146);
#5145=APPLICATION_CONTEXT('managed model based 3d engineering');
#5146=APPLICATION_CONTEXT('managed model based 3d engineering');
ENDSEC;
END-ISO-10303-21;
