ISO-10303-21;
HEADER;
/* Generated by software containing ST-Developer
 * from STEP Tools, Inc. (www.steptools.com) 
 */
/* OPTION: using custom renumber hook */

FILE_DESCRIPTION(
/* description */ ('STEP AP242 Edition 2',
'CAx-IF Rec.Pracs.---Representation and Presentation of Product Manufa
cturing Information (PMI)---4.0---2014-10-13',
'CAx-IF Rec.Pracs.---3D Tessellated Geometry---0.4---2014-09-14','2;1',
'CAx-IF Rec.Pracs.---User Defined Attributes---1.5---2016-08-15'),
/* implementation_level */ '2;1');

FILE_NAME(
/* name */ 'shock rack',
/* time_stamp */ '2026-09-29T21:23:00Z',
/* author */ (''),
/* organization */ (''),
/* preprocessor_version */ 'ST-DEVELOPER v20',
/* originating_system */ 'ONSHAPE BY PTC INC, 1.221',
/* authorisation */ '  ');

FILE_SCHEMA (('AP242_MANAGED_MODEL_BASED_3D_ENGINEERING_MIM_LF { 1 0 10303 442 3 1 4 }'));
ENDSEC;

DATA;
#10=SHAPE_REPRESENTATION_RELATIONSHIP('','',#2179,#11);
#11=ADVANCED_BREP_SHAPE_REPRESENTATION('',(#2177),#3541);
#12=CONICAL_SURFACE('',#2296,0.00125,0.785398163397448);
#13=CONICAL_SURFACE('',#2298,0.00125,0.785398163397448);
#14=CONICAL_SURFACE('',#2304,0.00125,0.785398163397448);
#15=CONICAL_SURFACE('',#2306,0.00125,0.785398163397448);
#16=CONICAL_SURFACE('',#2309,0.00125,0.785398163397448);
#17=CONICAL_SURFACE('',#2311,0.00125,0.785398163397449);
#18=CONICAL_SURFACE('',#2317,0.00125,0.785398163397448);
#19=CONICAL_SURFACE('',#2319,0.00125,0.785398163397449);
#20=CONICAL_SURFACE('',#2321,0.0021,0.785398163397449);
#21=CONICAL_SURFACE('',#2322,0.0016,0.785398163397448);
#22=CONICAL_SURFACE('',#2323,0.0016,0.785398163397449);
#23=CONICAL_SURFACE('',#2324,0.0021,0.785398163397448);
#24=CYLINDRICAL_SURFACE('',#2186,0.0016);
#25=CYLINDRICAL_SURFACE('',#2189,0.0016);
#26=CYLINDRICAL_SURFACE('',#2193,0.0016);
#27=CYLINDRICAL_SURFACE('',#2238,0.0016);
#28=CYLINDRICAL_SURFACE('',#2263,0.002);
#29=CYLINDRICAL_SURFACE('',#2264,0.002);
#30=CYLINDRICAL_SURFACE('',#2265,0.002);
#31=CYLINDRICAL_SURFACE('',#2266,0.002);
#32=CYLINDRICAL_SURFACE('',#2267,0.002);
#33=CYLINDRICAL_SURFACE('',#2268,0.002);
#34=CYLINDRICAL_SURFACE('',#2269,0.002);
#35=CYLINDRICAL_SURFACE('',#2270,0.002);
#36=CYLINDRICAL_SURFACE('',#2271,0.00375);
#37=CYLINDRICAL_SURFACE('',#2274,0.00375);
#38=CYLINDRICAL_SURFACE('',#2277,0.00375);
#39=CYLINDRICAL_SURFACE('',#2280,0.00375);
#40=CIRCLE('',#2182,0.00125);
#41=CIRCLE('',#2183,0.00125);
#42=CIRCLE('',#2184,0.00125);
#43=CIRCLE('',#2185,0.00125);
#44=CIRCLE('',#2187,0.0016);
#45=CIRCLE('',#2188,0.0016);
#46=CIRCLE('',#2190,0.0016);
#47=CIRCLE('',#2191,0.0016);
#48=CIRCLE('',#2194,0.0016);
#49=CIRCLE('',#2195,0.0016);
#50=CIRCLE('',#2197,0.0021);
#51=CIRCLE('',#2198,0.0021);
#52=CIRCLE('',#2200,0.0021);
#53=CIRCLE('',#2201,0.0021);
#54=CIRCLE('',#2217,0.00125);
#55=CIRCLE('',#2218,0.00125);
#56=CIRCLE('',#2219,0.00125);
#57=CIRCLE('',#2220,0.00125);
#58=CIRCLE('',#2221,0.002);
#59=CIRCLE('',#2222,0.002);
#60=CIRCLE('',#2223,0.002);
#61=CIRCLE('',#2224,0.002);
#62=CIRCLE('',#2225,0.002);
#63=CIRCLE('',#2226,0.002);
#64=CIRCLE('',#2227,0.002);
#65=CIRCLE('',#2228,0.002);
#66=CIRCLE('',#2230,0.002);
#67=CIRCLE('',#2231,0.002);
#68=CIRCLE('',#2232,0.002);
#69=CIRCLE('',#2233,0.002);
#70=CIRCLE('',#2239,0.0016);
#71=CIRCLE('',#2240,0.0016);
#72=CIRCLE('',#2251,0.002);
#73=CIRCLE('',#2252,0.002);
#74=CIRCLE('',#2253,0.002);
#75=CIRCLE('',#2254,0.002);
#76=CIRCLE('',#2272,0.00375);
#77=CIRCLE('',#2273,0.00375);
#78=CIRCLE('',#2275,0.00375);
#79=CIRCLE('',#2276,0.00375);
#80=CIRCLE('',#2278,0.00375);
#81=CIRCLE('',#2279,0.00375);
#82=CIRCLE('',#2281,0.00375);
#83=CIRCLE('',#2282,0.00375);
#84=ORIENTED_EDGE('',*,*,#676,.T.);
#85=ORIENTED_EDGE('',*,*,#677,.T.);
#86=ORIENTED_EDGE('',*,*,#678,.T.);
#87=ORIENTED_EDGE('',*,*,#679,.T.);
#88=ORIENTED_EDGE('',*,*,#680,.T.);
#89=ORIENTED_EDGE('',*,*,#681,.T.);
#90=ORIENTED_EDGE('',*,*,#682,.T.);
#91=ORIENTED_EDGE('',*,*,#683,.T.);
#92=ORIENTED_EDGE('',*,*,#684,.F.);
#93=ORIENTED_EDGE('',*,*,#685,.T.);
#94=ORIENTED_EDGE('',*,*,#686,.T.);
#95=ORIENTED_EDGE('',*,*,#687,.T.);
#96=ORIENTED_EDGE('',*,*,#688,.T.);
#97=ORIENTED_EDGE('',*,*,#689,.T.);
#98=ORIENTED_EDGE('',*,*,#690,.F.);
#99=ORIENTED_EDGE('',*,*,#691,.T.);
#100=ORIENTED_EDGE('',*,*,#692,.T.);
#101=ORIENTED_EDGE('',*,*,#693,.T.);
#102=ORIENTED_EDGE('',*,*,#694,.T.);
#103=ORIENTED_EDGE('',*,*,#695,.F.);
#104=ORIENTED_EDGE('',*,*,#696,.T.);
#105=ORIENTED_EDGE('',*,*,#697,.T.);
#106=ORIENTED_EDGE('',*,*,#698,.T.);
#107=ORIENTED_EDGE('',*,*,#699,.T.);
#108=ORIENTED_EDGE('',*,*,#700,.T.);
#109=ORIENTED_EDGE('',*,*,#701,.T.);
#110=ORIENTED_EDGE('',*,*,#702,.T.);
#111=ORIENTED_EDGE('',*,*,#703,.T.);
#112=ORIENTED_EDGE('',*,*,#704,.T.);
#113=ORIENTED_EDGE('',*,*,#705,.T.);
#114=ORIENTED_EDGE('',*,*,#706,.T.);
#115=ORIENTED_EDGE('',*,*,#707,.T.);
#116=ORIENTED_EDGE('',*,*,#708,.T.);
#117=ORIENTED_EDGE('',*,*,#709,.T.);
#118=ORIENTED_EDGE('',*,*,#710,.T.);
#119=ORIENTED_EDGE('',*,*,#711,.T.);
#120=ORIENTED_EDGE('',*,*,#712,.T.);
#121=ORIENTED_EDGE('',*,*,#713,.T.);
#122=ORIENTED_EDGE('',*,*,#714,.T.);
#123=ORIENTED_EDGE('',*,*,#715,.F.);
#124=ORIENTED_EDGE('',*,*,#716,.T.);
#125=ORIENTED_EDGE('',*,*,#717,.F.);
#126=ORIENTED_EDGE('',*,*,#718,.F.);
#127=ORIENTED_EDGE('',*,*,#719,.T.);
#128=ORIENTED_EDGE('',*,*,#720,.T.);
#129=ORIENTED_EDGE('',*,*,#721,.T.);
#130=ORIENTED_EDGE('',*,*,#722,.F.);
#131=ORIENTED_EDGE('',*,*,#723,.T.);
#132=ORIENTED_EDGE('',*,*,#724,.T.);
#133=ORIENTED_EDGE('',*,*,#725,.T.);
#134=ORIENTED_EDGE('',*,*,#726,.T.);
#135=ORIENTED_EDGE('',*,*,#727,.T.);
#136=ORIENTED_EDGE('',*,*,#699,.F.);
#137=ORIENTED_EDGE('',*,*,#728,.T.);
#138=ORIENTED_EDGE('',*,*,#729,.F.);
#139=ORIENTED_EDGE('',*,*,#730,.T.);
#140=ORIENTED_EDGE('',*,*,#731,.T.);
#141=ORIENTED_EDGE('',*,*,#732,.T.);
#142=ORIENTED_EDGE('',*,*,#695,.T.);
#143=ORIENTED_EDGE('',*,*,#733,.T.);
#144=ORIENTED_EDGE('',*,*,#734,.F.);
#145=ORIENTED_EDGE('',*,*,#735,.T.);
#146=ORIENTED_EDGE('',*,*,#736,.T.);
#147=ORIENTED_EDGE('',*,*,#737,.T.);
#148=ORIENTED_EDGE('',*,*,#738,.T.);
#149=ORIENTED_EDGE('',*,*,#739,.T.);
#150=ORIENTED_EDGE('',*,*,#740,.F.);
#151=ORIENTED_EDGE('',*,*,#741,.T.);
#152=ORIENTED_EDGE('',*,*,#742,.T.);
#153=ORIENTED_EDGE('',*,*,#743,.T.);
#154=ORIENTED_EDGE('',*,*,#744,.T.);
#155=ORIENTED_EDGE('',*,*,#745,.T.);
#156=ORIENTED_EDGE('',*,*,#746,.F.);
#157=ORIENTED_EDGE('',*,*,#747,.T.);
#158=ORIENTED_EDGE('',*,*,#748,.T.);
#159=ORIENTED_EDGE('',*,*,#749,.T.);
#160=ORIENTED_EDGE('',*,*,#750,.T.);
#161=ORIENTED_EDGE('',*,*,#751,.T.);
#162=ORIENTED_EDGE('',*,*,#752,.T.);
#163=ORIENTED_EDGE('',*,*,#753,.T.);
#164=ORIENTED_EDGE('',*,*,#754,.F.);
#165=ORIENTED_EDGE('',*,*,#755,.T.);
#166=ORIENTED_EDGE('',*,*,#752,.F.);
#167=ORIENTED_EDGE('',*,*,#756,.T.);
#168=ORIENTED_EDGE('',*,*,#722,.T.);
#169=ORIENTED_EDGE('',*,*,#757,.T.);
#170=ORIENTED_EDGE('',*,*,#742,.F.);
#171=ORIENTED_EDGE('',*,*,#758,.T.);
#172=ORIENTED_EDGE('',*,*,#729,.T.);
#173=ORIENTED_EDGE('',*,*,#759,.T.);
#174=ORIENTED_EDGE('',*,*,#760,.F.);
#175=ORIENTED_EDGE('',*,*,#761,.T.);
#176=ORIENTED_EDGE('',*,*,#746,.T.);
#177=ORIENTED_EDGE('',*,*,#762,.T.);
#178=ORIENTED_EDGE('',*,*,#763,.F.);
#179=ORIENTED_EDGE('',*,*,#764,.T.);
#180=ORIENTED_EDGE('',*,*,#760,.T.);
#181=ORIENTED_EDGE('',*,*,#765,.T.);
#182=ORIENTED_EDGE('',*,*,#697,.F.);
#183=ORIENTED_EDGE('',*,*,#766,.T.);
#184=ORIENTED_EDGE('',*,*,#767,.F.);
#185=ORIENTED_EDGE('',*,*,#768,.T.);
#186=ORIENTED_EDGE('',*,*,#684,.T.);
#187=ORIENTED_EDGE('',*,*,#769,.T.);
#188=ORIENTED_EDGE('',*,*,#770,.F.);
#189=ORIENTED_EDGE('',*,*,#771,.T.);
#190=ORIENTED_EDGE('',*,*,#690,.T.);
#191=ORIENTED_EDGE('',*,*,#772,.T.);
#192=ORIENTED_EDGE('',*,*,#688,.F.);
#193=ORIENTED_EDGE('',*,*,#773,.T.);
#194=ORIENTED_EDGE('',*,*,#774,.T.);
#195=ORIENTED_EDGE('',*,*,#775,.T.);
#196=ORIENTED_EDGE('',*,*,#776,.F.);
#197=ORIENTED_EDGE('',*,*,#777,.T.);
#198=ORIENTED_EDGE('',*,*,#778,.T.);
#199=ORIENTED_EDGE('',*,*,#779,.T.);
#200=ORIENTED_EDGE('',*,*,#780,.F.);
#201=ORIENTED_EDGE('',*,*,#781,.T.);
#202=ORIENTED_EDGE('',*,*,#776,.T.);
#203=ORIENTED_EDGE('',*,*,#782,.T.);
#204=ORIENTED_EDGE('',*,*,#783,.T.);
#205=ORIENTED_EDGE('',*,*,#784,.T.);
#206=ORIENTED_EDGE('',*,*,#780,.T.);
#207=ORIENTED_EDGE('',*,*,#785,.T.);
#208=ORIENTED_EDGE('',*,*,#786,.T.);
#209=ORIENTED_EDGE('',*,*,#787,.T.);
#210=ORIENTED_EDGE('',*,*,#788,.T.);
#211=ORIENTED_EDGE('',*,*,#789,.T.);
#212=ORIENTED_EDGE('',*,*,#790,.F.);
#213=ORIENTED_EDGE('',*,*,#791,.T.);
#214=ORIENTED_EDGE('',*,*,#792,.T.);
#215=ORIENTED_EDGE('',*,*,#793,.T.);
#216=ORIENTED_EDGE('',*,*,#794,.F.);
#217=ORIENTED_EDGE('',*,*,#795,.T.);
#218=ORIENTED_EDGE('',*,*,#790,.T.);
#219=ORIENTED_EDGE('',*,*,#796,.T.);
#220=ORIENTED_EDGE('',*,*,#726,.F.);
#221=ORIENTED_EDGE('',*,*,#797,.T.);
#222=ORIENTED_EDGE('',*,*,#794,.T.);
#223=ORIENTED_EDGE('',*,*,#798,.T.);
#224=ORIENTED_EDGE('',*,*,#799,.F.);
#225=ORIENTED_EDGE('',*,*,#800,.T.);
#226=ORIENTED_EDGE('',*,*,#767,.T.);
#227=ORIENTED_EDGE('',*,*,#801,.T.);
#228=ORIENTED_EDGE('',*,*,#770,.T.);
#229=ORIENTED_EDGE('',*,*,#802,.T.);
#230=ORIENTED_EDGE('',*,*,#774,.F.);
#231=ORIENTED_EDGE('',*,*,#803,.T.);
#232=ORIENTED_EDGE('',*,*,#804,.T.);
#233=ORIENTED_EDGE('',*,*,#805,.T.);
#234=ORIENTED_EDGE('',*,*,#806,.T.);
#235=ORIENTED_EDGE('',*,*,#807,.T.);
#236=ORIENTED_EDGE('',*,*,#808,.T.);
#237=ORIENTED_EDGE('',*,*,#809,.T.);
#238=ORIENTED_EDGE('',*,*,#810,.T.);
#239=ORIENTED_EDGE('',*,*,#811,.T.);
#240=ORIENTED_EDGE('',*,*,#812,.T.);
#241=ORIENTED_EDGE('',*,*,#813,.T.);
#242=ORIENTED_EDGE('',*,*,#814,.T.);
#243=ORIENTED_EDGE('',*,*,#815,.T.);
#244=ORIENTED_EDGE('',*,*,#816,.T.);
#245=ORIENTED_EDGE('',*,*,#817,.T.);
#246=ORIENTED_EDGE('',*,*,#818,.T.);
#247=ORIENTED_EDGE('',*,*,#819,.T.);
#248=ORIENTED_EDGE('',*,*,#724,.F.);
#249=ORIENTED_EDGE('',*,*,#820,.T.);
#250=ORIENTED_EDGE('',*,*,#750,.F.);
#251=ORIENTED_EDGE('',*,*,#821,.T.);
#252=ORIENTED_EDGE('',*,*,#718,.T.);
#253=ORIENTED_EDGE('',*,*,#822,.T.);
#254=ORIENTED_EDGE('',*,*,#823,.F.);
#255=ORIENTED_EDGE('',*,*,#824,.T.);
#256=ORIENTED_EDGE('',*,*,#825,.T.);
#257=ORIENTED_EDGE('',*,*,#826,.T.);
#258=ORIENTED_EDGE('',*,*,#827,.T.);
#259=ORIENTED_EDGE('',*,*,#828,.T.);
#260=ORIENTED_EDGE('',*,*,#829,.F.);
#261=ORIENTED_EDGE('',*,*,#830,.T.);
#262=ORIENTED_EDGE('',*,*,#831,.F.);
#263=ORIENTED_EDGE('',*,*,#832,.T.);
#264=ORIENTED_EDGE('',*,*,#833,.T.);
#265=ORIENTED_EDGE('',*,*,#834,.T.);
#266=ORIENTED_EDGE('',*,*,#835,.T.);
#267=ORIENTED_EDGE('',*,*,#836,.T.);
#268=ORIENTED_EDGE('',*,*,#837,.F.);
#269=ORIENTED_EDGE('',*,*,#838,.T.);
#270=ORIENTED_EDGE('',*,*,#716,.F.);
#271=ORIENTED_EDGE('',*,*,#839,.F.);
#272=ORIENTED_EDGE('',*,*,#840,.T.);
#273=ORIENTED_EDGE('',*,*,#841,.F.);
#274=ORIENTED_EDGE('',*,*,#842,.T.);
#275=ORIENTED_EDGE('',*,*,#843,.T.);
#276=ORIENTED_EDGE('',*,*,#844,.T.);
#277=ORIENTED_EDGE('',*,*,#845,.T.);
#278=ORIENTED_EDGE('',*,*,#846,.T.);
#279=ORIENTED_EDGE('',*,*,#827,.F.);
#280=ORIENTED_EDGE('',*,*,#847,.T.);
#281=ORIENTED_EDGE('',*,*,#839,.T.);
#282=ORIENTED_EDGE('',*,*,#848,.T.);
#283=ORIENTED_EDGE('',*,*,#829,.T.);
#284=ORIENTED_EDGE('',*,*,#849,.T.);
#285=ORIENTED_EDGE('',*,*,#845,.F.);
#286=ORIENTED_EDGE('',*,*,#850,.T.);
#287=ORIENTED_EDGE('',*,*,#843,.F.);
#288=ORIENTED_EDGE('',*,*,#851,.T.);
#289=ORIENTED_EDGE('',*,*,#823,.T.);
#290=ORIENTED_EDGE('',*,*,#852,.T.);
#291=ORIENTED_EDGE('',*,*,#841,.T.);
#292=ORIENTED_EDGE('',*,*,#853,.T.);
#293=ORIENTED_EDGE('',*,*,#825,.F.);
#294=ORIENTED_EDGE('',*,*,#854,.T.);
#295=ORIENTED_EDGE('',*,*,#855,.T.);
#296=ORIENTED_EDGE('',*,*,#856,.T.);
#297=ORIENTED_EDGE('',*,*,#720,.F.);
#298=ORIENTED_EDGE('',*,*,#857,.T.);
#299=ORIENTED_EDGE('',*,*,#754,.T.);
#300=ORIENTED_EDGE('',*,*,#858,.T.);
#301=ORIENTED_EDGE('',*,*,#740,.T.);
#302=ORIENTED_EDGE('',*,*,#859,.T.);
#303=ORIENTED_EDGE('',*,*,#763,.T.);
#304=ORIENTED_EDGE('',*,*,#860,.T.);
#305=ORIENTED_EDGE('',*,*,#731,.F.);
#306=ORIENTED_EDGE('',*,*,#861,.T.);
#307=ORIENTED_EDGE('',*,*,#748,.F.);
#308=ORIENTED_EDGE('',*,*,#862,.T.);
#309=ORIENTED_EDGE('',*,*,#686,.F.);
#310=ORIENTED_EDGE('',*,*,#863,.T.);
#311=ORIENTED_EDGE('',*,*,#799,.T.);
#312=ORIENTED_EDGE('',*,*,#864,.T.);
#313=ORIENTED_EDGE('',*,*,#778,.F.);
#314=ORIENTED_EDGE('',*,*,#865,.T.);
#315=ORIENTED_EDGE('',*,*,#866,.T.);
#316=ORIENTED_EDGE('',*,*,#867,.T.);
#317=ORIENTED_EDGE('',*,*,#866,.F.);
#318=ORIENTED_EDGE('',*,*,#868,.T.);
#319=ORIENTED_EDGE('',*,*,#869,.T.);
#320=ORIENTED_EDGE('',*,*,#870,.T.);
#321=ORIENTED_EDGE('',*,*,#871,.T.);
#322=ORIENTED_EDGE('',*,*,#872,.T.);
#323=ORIENTED_EDGE('',*,*,#873,.T.);
#324=ORIENTED_EDGE('',*,*,#874,.T.);
#325=ORIENTED_EDGE('',*,*,#875,.T.);
#326=ORIENTED_EDGE('',*,*,#876,.T.);
#327=ORIENTED_EDGE('',*,*,#877,.T.);
#328=ORIENTED_EDGE('',*,*,#878,.T.);
#329=ORIENTED_EDGE('',*,*,#877,.F.);
#330=ORIENTED_EDGE('',*,*,#879,.T.);
#331=ORIENTED_EDGE('',*,*,#880,.T.);
#332=ORIENTED_EDGE('',*,*,#881,.T.);
#333=ORIENTED_EDGE('',*,*,#880,.F.);
#334=ORIENTED_EDGE('',*,*,#882,.T.);
#335=ORIENTED_EDGE('',*,*,#734,.T.);
#336=ORIENTED_EDGE('',*,*,#883,.T.);
#337=ORIENTED_EDGE('',*,*,#714,.F.);
#338=ORIENTED_EDGE('',*,*,#884,.T.);
#339=ORIENTED_EDGE('',*,*,#885,.T.);
#340=ORIENTED_EDGE('',*,*,#886,.T.);
#341=ORIENTED_EDGE('',*,*,#887,.T.);
#342=ORIENTED_EDGE('',*,*,#888,.F.);
#343=ORIENTED_EDGE('',*,*,#889,.T.);
#344=ORIENTED_EDGE('',*,*,#890,.F.);
#345=ORIENTED_EDGE('',*,*,#891,.T.);
#346=ORIENTED_EDGE('',*,*,#886,.F.);
#347=ORIENTED_EDGE('',*,*,#892,.T.);
#348=ORIENTED_EDGE('',*,*,#837,.T.);
#349=ORIENTED_EDGE('',*,*,#893,.T.);
#350=ORIENTED_EDGE('',*,*,#888,.T.);
#351=ORIENTED_EDGE('',*,*,#894,.T.);
#352=ORIENTED_EDGE('',*,*,#835,.F.);
#353=ORIENTED_EDGE('',*,*,#895,.T.);
#354=ORIENTED_EDGE('',*,*,#833,.F.);
#355=ORIENTED_EDGE('',*,*,#896,.T.);
#356=ORIENTED_EDGE('',*,*,#890,.T.);
#357=ORIENTED_EDGE('',*,*,#897,.T.);
#358=ORIENTED_EDGE('',*,*,#831,.T.);
#359=ORIENTED_EDGE('',*,*,#898,.T.);
#360=ORIENTED_EDGE('',*,*,#884,.F.);
#361=ORIENTED_EDGE('',*,*,#899,.T.);
#362=ORIENTED_EDGE('',*,*,#858,.F.);
#363=ORIENTED_EDGE('',*,*,#753,.F.);
#364=ORIENTED_EDGE('',*,*,#758,.F.);
#365=ORIENTED_EDGE('',*,*,#741,.F.);
#366=ORIENTED_EDGE('',*,*,#862,.F.);
#367=ORIENTED_EDGE('',*,*,#747,.F.);
#368=ORIENTED_EDGE('',*,*,#761,.F.);
#369=ORIENTED_EDGE('',*,*,#764,.F.);
#370=ORIENTED_EDGE('',*,*,#859,.F.);
#371=ORIENTED_EDGE('',*,*,#743,.F.);
#372=ORIENTED_EDGE('',*,*,#757,.F.);
#373=ORIENTED_EDGE('',*,*,#721,.F.);
#374=ORIENTED_EDGE('',*,*,#861,.F.);
#375=ORIENTED_EDGE('',*,*,#730,.F.);
#376=ORIENTED_EDGE('',*,*,#762,.F.);
#377=ORIENTED_EDGE('',*,*,#749,.F.);
#378=ORIENTED_EDGE('',*,*,#885,.F.);
#379=ORIENTED_EDGE('',*,*,#898,.F.);
#380=ORIENTED_EDGE('',*,*,#838,.F.);
#381=ORIENTED_EDGE('',*,*,#892,.F.);
#382=ORIENTED_EDGE('',*,*,#891,.F.);
#383=ORIENTED_EDGE('',*,*,#896,.F.);
#384=ORIENTED_EDGE('',*,*,#832,.F.);
#385=ORIENTED_EDGE('',*,*,#899,.F.);
#386=ORIENTED_EDGE('',*,*,#887,.F.);
#387=ORIENTED_EDGE('',*,*,#893,.F.);
#388=ORIENTED_EDGE('',*,*,#836,.F.);
#389=ORIENTED_EDGE('',*,*,#894,.F.);
#390=ORIENTED_EDGE('',*,*,#889,.F.);
#391=ORIENTED_EDGE('',*,*,#895,.F.);
#392=ORIENTED_EDGE('',*,*,#834,.F.);
#393=ORIENTED_EDGE('',*,*,#897,.F.);
#394=ORIENTED_EDGE('',*,*,#840,.F.);
#395=ORIENTED_EDGE('',*,*,#847,.F.);
#396=ORIENTED_EDGE('',*,*,#826,.F.);
#397=ORIENTED_EDGE('',*,*,#853,.F.);
#398=ORIENTED_EDGE('',*,*,#846,.F.);
#399=ORIENTED_EDGE('',*,*,#849,.F.);
#400=ORIENTED_EDGE('',*,*,#828,.F.);
#401=ORIENTED_EDGE('',*,*,#848,.F.);
#402=ORIENTED_EDGE('',*,*,#842,.F.);
#403=ORIENTED_EDGE('',*,*,#854,.F.);
#404=ORIENTED_EDGE('',*,*,#824,.F.);
#405=ORIENTED_EDGE('',*,*,#851,.F.);
#406=ORIENTED_EDGE('',*,*,#844,.F.);
#407=ORIENTED_EDGE('',*,*,#852,.F.);
#408=ORIENTED_EDGE('',*,*,#830,.F.);
#409=ORIENTED_EDGE('',*,*,#850,.F.);
#410=ORIENTED_EDGE('',*,*,#873,.F.);
#411=ORIENTED_EDGE('',*,*,#900,.T.);
#412=ORIENTED_EDGE('',*,*,#875,.F.);
#413=ORIENTED_EDGE('',*,*,#901,.T.);
#414=ORIENTED_EDGE('',*,*,#869,.F.);
#415=ORIENTED_EDGE('',*,*,#902,.T.);
#416=ORIENTED_EDGE('',*,*,#871,.F.);
#417=ORIENTED_EDGE('',*,*,#903,.T.);
#418=ORIENTED_EDGE('',*,*,#792,.F.);
#419=ORIENTED_EDGE('',*,*,#904,.T.);
#420=ORIENTED_EDGE('',*,*,#786,.F.);
#421=ORIENTED_EDGE('',*,*,#905,.T.);
#422=ORIENTED_EDGE('',*,*,#788,.F.);
#423=ORIENTED_EDGE('',*,*,#906,.T.);
#424=ORIENTED_EDGE('',*,*,#783,.F.);
#425=ORIENTED_EDGE('',*,*,#907,.T.);
#426=ORIENTED_EDGE('',*,*,#735,.F.);
#427=ORIENTED_EDGE('',*,*,#882,.F.);
#428=ORIENTED_EDGE('',*,*,#908,.F.);
#429=ORIENTED_EDGE('',*,*,#822,.F.);
#430=ORIENTED_EDGE('',*,*,#908,.T.);
#431=ORIENTED_EDGE('',*,*,#879,.F.);
#432=ORIENTED_EDGE('',*,*,#909,.T.);
#433=ORIENTED_EDGE('',*,*,#804,.F.);
#434=ORIENTED_EDGE('',*,*,#733,.F.);
#435=ORIENTED_EDGE('',*,*,#694,.F.);
#436=ORIENTED_EDGE('',*,*,#910,.F.);
#437=ORIENTED_EDGE('',*,*,#883,.F.);
#438=ORIENTED_EDGE('',*,*,#910,.T.);
#439=ORIENTED_EDGE('',*,*,#693,.F.);
#440=ORIENTED_EDGE('',*,*,#911,.T.);
#441=ORIENTED_EDGE('',*,*,#881,.F.);
#442=ORIENTED_EDGE('',*,*,#725,.F.);
#443=ORIENTED_EDGE('',*,*,#819,.F.);
#444=ORIENTED_EDGE('',*,*,#912,.F.);
#445=ORIENTED_EDGE('',*,*,#797,.F.);
#446=ORIENTED_EDGE('',*,*,#912,.T.);
#447=ORIENTED_EDGE('',*,*,#818,.F.);
#448=ORIENTED_EDGE('',*,*,#913,.T.);
#449=ORIENTED_EDGE('',*,*,#795,.F.);
#450=ORIENTED_EDGE('',*,*,#727,.F.);
#451=ORIENTED_EDGE('',*,*,#798,.F.);
#452=ORIENTED_EDGE('',*,*,#914,.F.);
#453=ORIENTED_EDGE('',*,*,#700,.F.);
#454=ORIENTED_EDGE('',*,*,#914,.T.);
#455=ORIENTED_EDGE('',*,*,#796,.F.);
#456=ORIENTED_EDGE('',*,*,#915,.T.);
#457=ORIENTED_EDGE('',*,*,#701,.F.);
#458=ORIENTED_EDGE('',*,*,#755,.F.);
#459=ORIENTED_EDGE('',*,*,#857,.F.);
#460=ORIENTED_EDGE('',*,*,#719,.F.);
#461=ORIENTED_EDGE('',*,*,#821,.F.);
#462=ORIENTED_EDGE('',*,*,#766,.F.);
#463=ORIENTED_EDGE('',*,*,#696,.F.);
#464=ORIENTED_EDGE('',*,*,#732,.F.);
#465=ORIENTED_EDGE('',*,*,#860,.F.);
#466=ORIENTED_EDGE('',*,*,#751,.F.);
#467=ORIENTED_EDGE('',*,*,#820,.F.);
#468=ORIENTED_EDGE('',*,*,#723,.F.);
#469=ORIENTED_EDGE('',*,*,#756,.F.);
#470=ORIENTED_EDGE('',*,*,#765,.F.);
#471=ORIENTED_EDGE('',*,*,#759,.F.);
#472=ORIENTED_EDGE('',*,*,#728,.F.);
#473=ORIENTED_EDGE('',*,*,#698,.F.);
#474=ORIENTED_EDGE('',*,*,#913,.F.);
#475=ORIENTED_EDGE('',*,*,#817,.F.);
#476=ORIENTED_EDGE('',*,*,#916,.F.);
#477=ORIENTED_EDGE('',*,*,#791,.F.);
#478=ORIENTED_EDGE('',*,*,#916,.T.);
#479=ORIENTED_EDGE('',*,*,#816,.F.);
#480=ORIENTED_EDGE('',*,*,#917,.F.);
#481=ORIENTED_EDGE('',*,*,#904,.F.);
#482=ORIENTED_EDGE('',*,*,#917,.T.);
#483=ORIENTED_EDGE('',*,*,#815,.F.);
#484=ORIENTED_EDGE('',*,*,#918,.F.);
#485=ORIENTED_EDGE('',*,*,#787,.F.);
#486=ORIENTED_EDGE('',*,*,#918,.T.);
#487=ORIENTED_EDGE('',*,*,#814,.F.);
#488=ORIENTED_EDGE('',*,*,#919,.F.);
#489=ORIENTED_EDGE('',*,*,#906,.F.);
#490=ORIENTED_EDGE('',*,*,#919,.T.);
#491=ORIENTED_EDGE('',*,*,#813,.F.);
#492=ORIENTED_EDGE('',*,*,#920,.F.);
#493=ORIENTED_EDGE('',*,*,#784,.F.);
#494=ORIENTED_EDGE('',*,*,#920,.T.);
#495=ORIENTED_EDGE('',*,*,#812,.F.);
#496=ORIENTED_EDGE('',*,*,#921,.F.);
#497=ORIENTED_EDGE('',*,*,#781,.F.);
#498=ORIENTED_EDGE('',*,*,#921,.T.);
#499=ORIENTED_EDGE('',*,*,#811,.F.);
#500=ORIENTED_EDGE('',*,*,#922,.F.);
#501=ORIENTED_EDGE('',*,*,#777,.F.);
#502=ORIENTED_EDGE('',*,*,#922,.T.);
#503=ORIENTED_EDGE('',*,*,#810,.F.);
#504=ORIENTED_EDGE('',*,*,#923,.F.);
#505=ORIENTED_EDGE('',*,*,#865,.F.);
#506=ORIENTED_EDGE('',*,*,#923,.T.);
#507=ORIENTED_EDGE('',*,*,#809,.F.);
#508=ORIENTED_EDGE('',*,*,#924,.F.);
#509=ORIENTED_EDGE('',*,*,#868,.F.);
#510=ORIENTED_EDGE('',*,*,#924,.T.);
#511=ORIENTED_EDGE('',*,*,#808,.F.);
#512=ORIENTED_EDGE('',*,*,#925,.F.);
#513=ORIENTED_EDGE('',*,*,#902,.F.);
#514=ORIENTED_EDGE('',*,*,#925,.T.);
#515=ORIENTED_EDGE('',*,*,#807,.F.);
#516=ORIENTED_EDGE('',*,*,#926,.F.);
#517=ORIENTED_EDGE('',*,*,#872,.F.);
#518=ORIENTED_EDGE('',*,*,#926,.T.);
#519=ORIENTED_EDGE('',*,*,#806,.F.);
#520=ORIENTED_EDGE('',*,*,#927,.F.);
#521=ORIENTED_EDGE('',*,*,#900,.F.);
#522=ORIENTED_EDGE('',*,*,#909,.F.);
#523=ORIENTED_EDGE('',*,*,#876,.F.);
#524=ORIENTED_EDGE('',*,*,#927,.T.);
#525=ORIENTED_EDGE('',*,*,#805,.F.);
#526=ORIENTED_EDGE('',*,*,#915,.F.);
#527=ORIENTED_EDGE('',*,*,#793,.F.);
#528=ORIENTED_EDGE('',*,*,#928,.F.);
#529=ORIENTED_EDGE('',*,*,#702,.F.);
#530=ORIENTED_EDGE('',*,*,#928,.T.);
#531=ORIENTED_EDGE('',*,*,#905,.F.);
#532=ORIENTED_EDGE('',*,*,#929,.F.);
#533=ORIENTED_EDGE('',*,*,#703,.F.);
#534=ORIENTED_EDGE('',*,*,#929,.T.);
#535=ORIENTED_EDGE('',*,*,#789,.F.);
#536=ORIENTED_EDGE('',*,*,#930,.F.);
#537=ORIENTED_EDGE('',*,*,#704,.F.);
#538=ORIENTED_EDGE('',*,*,#930,.T.);
#539=ORIENTED_EDGE('',*,*,#907,.F.);
#540=ORIENTED_EDGE('',*,*,#931,.F.);
#541=ORIENTED_EDGE('',*,*,#705,.F.);
#542=ORIENTED_EDGE('',*,*,#931,.T.);
#543=ORIENTED_EDGE('',*,*,#785,.F.);
#544=ORIENTED_EDGE('',*,*,#932,.F.);
#545=ORIENTED_EDGE('',*,*,#706,.F.);
#546=ORIENTED_EDGE('',*,*,#932,.T.);
#547=ORIENTED_EDGE('',*,*,#782,.F.);
#548=ORIENTED_EDGE('',*,*,#933,.F.);
#549=ORIENTED_EDGE('',*,*,#707,.F.);
#550=ORIENTED_EDGE('',*,*,#933,.T.);
#551=ORIENTED_EDGE('',*,*,#779,.F.);
#552=ORIENTED_EDGE('',*,*,#934,.F.);
#553=ORIENTED_EDGE('',*,*,#708,.F.);
#554=ORIENTED_EDGE('',*,*,#934,.T.);
#555=ORIENTED_EDGE('',*,*,#867,.F.);
#556=ORIENTED_EDGE('',*,*,#935,.F.);
#557=ORIENTED_EDGE('',*,*,#709,.F.);
#558=ORIENTED_EDGE('',*,*,#935,.T.);
#559=ORIENTED_EDGE('',*,*,#870,.F.);
#560=ORIENTED_EDGE('',*,*,#936,.F.);
#561=ORIENTED_EDGE('',*,*,#710,.F.);
#562=ORIENTED_EDGE('',*,*,#936,.T.);
#563=ORIENTED_EDGE('',*,*,#903,.F.);
#564=ORIENTED_EDGE('',*,*,#937,.F.);
#565=ORIENTED_EDGE('',*,*,#711,.F.);
#566=ORIENTED_EDGE('',*,*,#937,.T.);
#567=ORIENTED_EDGE('',*,*,#874,.F.);
#568=ORIENTED_EDGE('',*,*,#938,.F.);
#569=ORIENTED_EDGE('',*,*,#712,.F.);
#570=ORIENTED_EDGE('',*,*,#938,.T.);
#571=ORIENTED_EDGE('',*,*,#901,.F.);
#572=ORIENTED_EDGE('',*,*,#939,.F.);
#573=ORIENTED_EDGE('',*,*,#713,.F.);
#574=ORIENTED_EDGE('',*,*,#911,.F.);
#575=ORIENTED_EDGE('',*,*,#692,.F.);
#576=ORIENTED_EDGE('',*,*,#939,.T.);
#577=ORIENTED_EDGE('',*,*,#878,.F.);
#578=ORIENTED_EDGE('',*,*,#855,.F.);
#579=ORIENTED_EDGE('',*,*,#738,.F.);
#580=ORIENTED_EDGE('',*,*,#744,.F.);
#581=ORIENTED_EDGE('',*,*,#856,.F.);
#582=ORIENTED_EDGE('',*,*,#739,.F.);
#583=ORIENTED_EDGE('',*,*,#736,.F.);
#584=ORIENTED_EDGE('',*,*,#737,.F.);
#585=ORIENTED_EDGE('',*,*,#745,.F.);
#586=ORIENTED_EDGE('',*,*,#940,.T.);
#587=ORIENTED_EDGE('',*,*,#941,.T.);
#588=ORIENTED_EDGE('',*,*,#942,.F.);
#589=ORIENTED_EDGE('',*,*,#943,.T.);
#590=ORIENTED_EDGE('',*,*,#942,.T.);
#591=ORIENTED_EDGE('',*,*,#944,.T.);
#592=ORIENTED_EDGE('',*,*,#945,.F.);
#593=ORIENTED_EDGE('',*,*,#946,.F.);
#594=ORIENTED_EDGE('',*,*,#945,.T.);
#595=ORIENTED_EDGE('',*,*,#947,.T.);
#596=ORIENTED_EDGE('',*,*,#948,.F.);
#597=ORIENTED_EDGE('',*,*,#949,.F.);
#598=ORIENTED_EDGE('',*,*,#948,.T.);
#599=ORIENTED_EDGE('',*,*,#950,.T.);
#600=ORIENTED_EDGE('',*,*,#940,.F.);
#601=ORIENTED_EDGE('',*,*,#951,.T.);
#602=ORIENTED_EDGE('',*,*,#943,.F.);
#603=ORIENTED_EDGE('',*,*,#946,.T.);
#604=ORIENTED_EDGE('',*,*,#949,.T.);
#605=ORIENTED_EDGE('',*,*,#951,.F.);
#606=ORIENTED_EDGE('',*,*,#717,.T.);
#607=ORIENTED_EDGE('',*,*,#952,.T.);
#608=ORIENTED_EDGE('',*,*,#953,.T.);
#609=ORIENTED_EDGE('',*,*,#954,.F.);
#610=ORIENTED_EDGE('',*,*,#955,.T.);
#611=ORIENTED_EDGE('',*,*,#954,.T.);
#612=ORIENTED_EDGE('',*,*,#956,.T.);
#613=ORIENTED_EDGE('',*,*,#957,.F.);
#614=ORIENTED_EDGE('',*,*,#958,.F.);
#615=ORIENTED_EDGE('',*,*,#957,.T.);
#616=ORIENTED_EDGE('',*,*,#959,.T.);
#617=ORIENTED_EDGE('',*,*,#960,.F.);
#618=ORIENTED_EDGE('',*,*,#961,.F.);
#619=ORIENTED_EDGE('',*,*,#960,.T.);
#620=ORIENTED_EDGE('',*,*,#962,.T.);
#621=ORIENTED_EDGE('',*,*,#952,.F.);
#622=ORIENTED_EDGE('',*,*,#963,.T.);
#623=ORIENTED_EDGE('',*,*,#955,.F.);
#624=ORIENTED_EDGE('',*,*,#958,.T.);
#625=ORIENTED_EDGE('',*,*,#961,.T.);
#626=ORIENTED_EDGE('',*,*,#963,.F.);
#627=ORIENTED_EDGE('',*,*,#715,.T.);
#628=ORIENTED_EDGE('',*,*,#800,.F.);
#629=ORIENTED_EDGE('',*,*,#863,.F.);
#630=ORIENTED_EDGE('',*,*,#685,.F.);
#631=ORIENTED_EDGE('',*,*,#768,.F.);
#632=ORIENTED_EDGE('',*,*,#803,.F.);
#633=ORIENTED_EDGE('',*,*,#773,.F.);
#634=ORIENTED_EDGE('',*,*,#687,.F.);
#635=ORIENTED_EDGE('',*,*,#864,.F.);
#636=ORIENTED_EDGE('',*,*,#801,.F.);
#637=ORIENTED_EDGE('',*,*,#769,.F.);
#638=ORIENTED_EDGE('',*,*,#691,.F.);
#639=ORIENTED_EDGE('',*,*,#771,.F.);
#640=ORIENTED_EDGE('',*,*,#802,.F.);
#641=ORIENTED_EDGE('',*,*,#772,.F.);
#642=ORIENTED_EDGE('',*,*,#689,.F.);
#643=ORIENTED_EDGE('',*,*,#775,.F.);
#644=ORIENTED_EDGE('',*,*,#964,.F.);
#645=ORIENTED_EDGE('',*,*,#679,.F.);
#646=ORIENTED_EDGE('',*,*,#965,.F.);
#647=ORIENTED_EDGE('',*,*,#953,.F.);
#648=ORIENTED_EDGE('',*,*,#965,.T.);
#649=ORIENTED_EDGE('',*,*,#678,.F.);
#650=ORIENTED_EDGE('',*,*,#966,.F.);
#651=ORIENTED_EDGE('',*,*,#956,.F.);
#652=ORIENTED_EDGE('',*,*,#964,.T.);
#653=ORIENTED_EDGE('',*,*,#962,.F.);
#654=ORIENTED_EDGE('',*,*,#967,.F.);
#655=ORIENTED_EDGE('',*,*,#676,.F.);
#656=ORIENTED_EDGE('',*,*,#966,.T.);
#657=ORIENTED_EDGE('',*,*,#677,.F.);
#658=ORIENTED_EDGE('',*,*,#967,.T.);
#659=ORIENTED_EDGE('',*,*,#959,.F.);
#660=ORIENTED_EDGE('',*,*,#968,.F.);
#661=ORIENTED_EDGE('',*,*,#683,.F.);
#662=ORIENTED_EDGE('',*,*,#969,.F.);
#663=ORIENTED_EDGE('',*,*,#941,.F.);
#664=ORIENTED_EDGE('',*,*,#969,.T.);
#665=ORIENTED_EDGE('',*,*,#682,.F.);
#666=ORIENTED_EDGE('',*,*,#970,.F.);
#667=ORIENTED_EDGE('',*,*,#944,.F.);
#668=ORIENTED_EDGE('',*,*,#968,.T.);
#669=ORIENTED_EDGE('',*,*,#950,.F.);
#670=ORIENTED_EDGE('',*,*,#971,.F.);
#671=ORIENTED_EDGE('',*,*,#680,.F.);
#672=ORIENTED_EDGE('',*,*,#970,.T.);
#673=ORIENTED_EDGE('',*,*,#681,.F.);
#674=ORIENTED_EDGE('',*,*,#971,.T.);
#675=ORIENTED_EDGE('',*,*,#947,.F.);
#676=EDGE_CURVE('',#972,#973,#1160,.T.);
#677=EDGE_CURVE('',#973,#974,#1161,.T.);
#678=EDGE_CURVE('',#974,#975,#1162,.T.);
#679=EDGE_CURVE('',#975,#972,#1163,.T.);
#680=EDGE_CURVE('',#976,#977,#1164,.T.);
#681=EDGE_CURVE('',#977,#978,#1165,.T.);
#682=EDGE_CURVE('',#978,#979,#1166,.T.);
#683=EDGE_CURVE('',#979,#976,#1167,.T.);
#684=EDGE_CURVE('',#980,#981,#1168,.T.);
#685=EDGE_CURVE('',#980,#982,#1169,.F.);
#686=EDGE_CURVE('',#982,#983,#1170,.T.);
#687=EDGE_CURVE('',#983,#984,#1171,.T.);
#688=EDGE_CURVE('',#984,#985,#1172,.T.);
#689=EDGE_CURVE('',#985,#986,#1173,.T.);
#690=EDGE_CURVE('',#987,#986,#1174,.T.);
#691=EDGE_CURVE('',#987,#981,#1175,.F.);
#692=EDGE_CURVE('',#988,#989,#1176,.T.);
#693=EDGE_CURVE('',#989,#990,#1177,.T.);
#694=EDGE_CURVE('',#990,#991,#1178,.T.);
#695=EDGE_CURVE('',#992,#991,#1179,.T.);
#696=EDGE_CURVE('',#992,#993,#1180,.T.);
#697=EDGE_CURVE('',#993,#994,#1181,.T.);
#698=EDGE_CURVE('',#994,#995,#1182,.T.);
#699=EDGE_CURVE('',#995,#996,#1183,.T.);
#700=EDGE_CURVE('',#996,#997,#1184,.T.);
#701=EDGE_CURVE('',#997,#998,#1185,.T.);
#702=EDGE_CURVE('',#998,#999,#1186,.T.);
#703=EDGE_CURVE('',#999,#1000,#40,.F.);
#704=EDGE_CURVE('',#1000,#1001,#1187,.T.);
#705=EDGE_CURVE('',#1001,#1002,#41,.F.);
#706=EDGE_CURVE('',#1002,#1003,#1188,.T.);
#707=EDGE_CURVE('',#1003,#1004,#1189,.T.);
#708=EDGE_CURVE('',#1004,#1005,#1190,.T.);
#709=EDGE_CURVE('',#1005,#1006,#1191,.T.);
#710=EDGE_CURVE('',#1006,#1007,#1192,.T.);
#711=EDGE_CURVE('',#1007,#1008,#42,.F.);
#712=EDGE_CURVE('',#1008,#1009,#1193,.T.);
#713=EDGE_CURVE('',#1009,#988,#43,.F.);
#714=EDGE_CURVE('',#1010,#1010,#44,.T.);
#715=EDGE_CURVE('',#1011,#1011,#45,.T.);
#716=EDGE_CURVE('',#1012,#1012,#46,.T.);
#717=EDGE_CURVE('',#1013,#1013,#47,.T.);
#718=EDGE_CURVE('',#1014,#1015,#1194,.T.);
#719=EDGE_CURVE('',#1014,#1016,#1195,.F.);
#720=EDGE_CURVE('',#1016,#1017,#1196,.T.);
#721=EDGE_CURVE('',#1017,#1018,#1197,.T.);
#722=EDGE_CURVE('',#1019,#1018,#1198,.T.);
#723=EDGE_CURVE('',#1019,#1020,#1199,.F.);
#724=EDGE_CURVE('',#1020,#1021,#1200,.T.);
#725=EDGE_CURVE('',#1021,#1022,#1201,.F.);
#726=EDGE_CURVE('',#1022,#1023,#1202,.T.);
#727=EDGE_CURVE('',#1023,#996,#1203,.T.);
#728=EDGE_CURVE('',#995,#1024,#1204,.T.);
#729=EDGE_CURVE('',#1025,#1024,#1205,.T.);
#730=EDGE_CURVE('',#1025,#1026,#1206,.T.);
#731=EDGE_CURVE('',#1026,#1027,#1207,.T.);
#732=EDGE_CURVE('',#1027,#992,#1208,.T.);
#733=EDGE_CURVE('',#991,#1028,#1209,.T.);
#734=EDGE_CURVE('',#1029,#1028,#1210,.T.);
#735=EDGE_CURVE('',#1029,#1015,#1211,.F.);
#736=EDGE_CURVE('',#1030,#1030,#48,.T.);
#737=EDGE_CURVE('',#1031,#1031,#49,.F.);
#738=EDGE_CURVE('',#1032,#1032,#50,.F.);
#739=EDGE_CURVE('',#1033,#1033,#51,.F.);
#740=EDGE_CURVE('',#1034,#1035,#1212,.T.);
#741=EDGE_CURVE('',#1034,#1036,#1213,.T.);
#742=EDGE_CURVE('',#1036,#1037,#1214,.T.);
#743=EDGE_CURVE('',#1037,#1035,#1215,.T.);
#744=EDGE_CURVE('',#1038,#1038,#52,.T.);
#745=EDGE_CURVE('',#1039,#1039,#53,.T.);
#746=EDGE_CURVE('',#1040,#1041,#1216,.T.);
#747=EDGE_CURVE('',#1040,#1042,#1217,.T.);
#748=EDGE_CURVE('',#1042,#1043,#1218,.T.);
#749=EDGE_CURVE('',#1043,#1041,#1219,.T.);
#750=EDGE_CURVE('',#1044,#1045,#1220,.T.);
#751=EDGE_CURVE('',#1045,#1046,#1221,.F.);
#752=EDGE_CURVE('',#1046,#1047,#1222,.T.);
#753=EDGE_CURVE('',#1047,#1048,#1223,.T.);
#754=EDGE_CURVE('',#1049,#1048,#1224,.T.);
#755=EDGE_CURVE('',#1049,#1044,#1225,.F.);
#756=EDGE_CURVE('',#1046,#1019,#1226,.T.);
#757=EDGE_CURVE('',#1018,#1037,#1227,.F.);
#758=EDGE_CURVE('',#1036,#1047,#1228,.F.);
#759=EDGE_CURVE('',#1024,#1050,#1229,.T.);
#760=EDGE_CURVE('',#1051,#1050,#1230,.T.);
#761=EDGE_CURVE('',#1051,#1040,#1231,.T.);
#762=EDGE_CURVE('',#1041,#1025,#1232,.T.);
#763=EDGE_CURVE('',#1052,#1053,#1233,.T.);
#764=EDGE_CURVE('',#1052,#1051,#1234,.T.);
#765=EDGE_CURVE('',#1050,#994,#1235,.T.);
#766=EDGE_CURVE('',#993,#1053,#1236,.T.);
#767=EDGE_CURVE('',#1054,#1055,#1237,.T.);
#768=EDGE_CURVE('',#1054,#980,#1238,.T.);
#769=EDGE_CURVE('',#981,#1055,#1239,.T.);
#770=EDGE_CURVE('',#1056,#1057,#1240,.T.);
#771=EDGE_CURVE('',#1056,#987,#1241,.T.);
#772=EDGE_CURVE('',#986,#1057,#1242,.T.);
#773=EDGE_CURVE('',#984,#1058,#1243,.T.);
#774=EDGE_CURVE('',#1058,#1059,#1244,.T.);
#775=EDGE_CURVE('',#1059,#985,#1245,.T.);
#776=EDGE_CURVE('',#1060,#1061,#1246,.T.);
#777=EDGE_CURVE('',#1060,#1062,#1247,.T.);
#778=EDGE_CURVE('',#1062,#1063,#1248,.T.);
#779=EDGE_CURVE('',#1063,#1061,#1249,.T.);
#780=EDGE_CURVE('',#1064,#1065,#1250,.T.);
#781=EDGE_CURVE('',#1064,#1060,#1251,.T.);
#782=EDGE_CURVE('',#1061,#1065,#1252,.T.);
#783=EDGE_CURVE('',#1066,#1067,#1253,.F.);
#784=EDGE_CURVE('',#1067,#1064,#1254,.T.);
#785=EDGE_CURVE('',#1065,#1066,#1255,.T.);
#786=EDGE_CURVE('',#1068,#1069,#1256,.F.);
#787=EDGE_CURVE('',#1069,#1070,#1257,.T.);
#788=EDGE_CURVE('',#1070,#1071,#1258,.T.);
#789=EDGE_CURVE('',#1071,#1068,#1259,.T.);
#790=EDGE_CURVE('',#1072,#1073,#1260,.T.);
#791=EDGE_CURVE('',#1072,#1074,#1261,.T.);
#792=EDGE_CURVE('',#1074,#1075,#1262,.T.);
#793=EDGE_CURVE('',#1075,#1073,#1263,.T.);
#794=EDGE_CURVE('',#1076,#1077,#1264,.T.);
#795=EDGE_CURVE('',#1076,#1072,#1265,.T.);
#796=EDGE_CURVE('',#1073,#1077,#1266,.T.);
#797=EDGE_CURVE('',#1022,#1076,#1267,.T.);
#798=EDGE_CURVE('',#1077,#1023,#1268,.T.);
#799=EDGE_CURVE('',#1078,#1079,#1269,.T.);
#800=EDGE_CURVE('',#1078,#1054,#1270,.F.);
#801=EDGE_CURVE('',#1055,#1056,#1271,.F.);
#802=EDGE_CURVE('',#1057,#1059,#1272,.T.);
#803=EDGE_CURVE('',#1058,#1079,#1273,.T.);
#804=EDGE_CURVE('',#1080,#1081,#1274,.T.);
#805=EDGE_CURVE('',#1081,#1082,#1275,.T.);
#806=EDGE_CURVE('',#1082,#1083,#54,.T.);
#807=EDGE_CURVE('',#1083,#1084,#1276,.T.);
#808=EDGE_CURVE('',#1084,#1085,#55,.T.);
#809=EDGE_CURVE('',#1085,#1086,#1277,.T.);
#810=EDGE_CURVE('',#1086,#1087,#1278,.T.);
#811=EDGE_CURVE('',#1087,#1088,#1279,.T.);
#812=EDGE_CURVE('',#1088,#1089,#1280,.T.);
#813=EDGE_CURVE('',#1089,#1090,#1281,.T.);
#814=EDGE_CURVE('',#1090,#1091,#56,.T.);
#815=EDGE_CURVE('',#1091,#1092,#1282,.T.);
#816=EDGE_CURVE('',#1092,#1093,#57,.T.);
#817=EDGE_CURVE('',#1093,#1094,#1283,.T.);
#818=EDGE_CURVE('',#1094,#1095,#1284,.T.);
#819=EDGE_CURVE('',#1095,#1021,#1285,.T.);
#820=EDGE_CURVE('',#1020,#1045,#1286,.T.);
#821=EDGE_CURVE('',#1044,#1014,#1287,.T.);
#822=EDGE_CURVE('',#1015,#1080,#1288,.T.);
#823=EDGE_CURVE('',#1096,#1097,#1289,.T.);
#824=EDGE_CURVE('',#1096,#1098,#58,.F.);
#825=EDGE_CURVE('',#1098,#1099,#1290,.T.);
#826=EDGE_CURVE('',#1099,#1100,#59,.F.);
#827=EDGE_CURVE('',#1100,#1101,#1291,.T.);
#828=EDGE_CURVE('',#1101,#1102,#60,.F.);
#829=EDGE_CURVE('',#1103,#1102,#1292,.T.);
#830=EDGE_CURVE('',#1103,#1097,#61,.F.);
#831=EDGE_CURVE('',#1104,#1105,#1293,.T.);
#832=EDGE_CURVE('',#1104,#1106,#62,.F.);
#833=EDGE_CURVE('',#1106,#1107,#1294,.T.);
#834=EDGE_CURVE('',#1107,#1108,#63,.F.);
#835=EDGE_CURVE('',#1108,#1109,#1295,.T.);
#836=EDGE_CURVE('',#1109,#1110,#64,.F.);
#837=EDGE_CURVE('',#1111,#1110,#1296,.T.);
#838=EDGE_CURVE('',#1111,#1105,#65,.F.);
#839=EDGE_CURVE('',#1112,#1113,#1297,.T.);
#840=EDGE_CURVE('',#1112,#1114,#66,.T.);
#841=EDGE_CURVE('',#1115,#1114,#1298,.T.);
#842=EDGE_CURVE('',#1115,#1116,#67,.T.);
#843=EDGE_CURVE('',#1116,#1117,#1299,.T.);
#844=EDGE_CURVE('',#1117,#1118,#68,.T.);
#845=EDGE_CURVE('',#1118,#1119,#1300,.T.);
#846=EDGE_CURVE('',#1119,#1113,#69,.T.);
#847=EDGE_CURVE('',#1100,#1112,#1301,.F.);
#848=EDGE_CURVE('',#1113,#1101,#1302,.T.);
#849=EDGE_CURVE('',#1102,#1119,#1303,.F.);
#850=EDGE_CURVE('',#1118,#1103,#1304,.T.);
#851=EDGE_CURVE('',#1116,#1096,#1305,.T.);
#852=EDGE_CURVE('',#1097,#1117,#1306,.F.);
#853=EDGE_CURVE('',#1114,#1099,#1307,.T.);
#854=EDGE_CURVE('',#1098,#1115,#1308,.F.);
#855=EDGE_CURVE('',#1120,#1120,#70,.T.);
#856=EDGE_CURVE('',#1121,#1121,#71,.F.);
#857=EDGE_CURVE('',#1016,#1049,#1309,.T.);
#858=EDGE_CURVE('',#1048,#1034,#1310,.F.);
#859=EDGE_CURVE('',#1035,#1017,#1311,.F.);
#860=EDGE_CURVE('',#1053,#1027,#1312,.T.);
#861=EDGE_CURVE('',#1026,#1043,#1313,.T.);
#862=EDGE_CURVE('',#1042,#1052,#1314,.T.);
#863=EDGE_CURVE('',#982,#1078,#1315,.T.);
#864=EDGE_CURVE('',#1079,#983,#1316,.T.);
#865=EDGE_CURVE('',#1062,#1122,#1317,.T.);
#866=EDGE_CURVE('',#1122,#1123,#1318,.T.);
#867=EDGE_CURVE('',#1123,#1063,#1319,.T.);
#868=EDGE_CURVE('',#1122,#1124,#1320,.T.);
#869=EDGE_CURVE('',#1124,#1125,#1321,.T.);
#870=EDGE_CURVE('',#1125,#1123,#1322,.T.);
#871=EDGE_CURVE('',#1126,#1127,#1323,.F.);
#872=EDGE_CURVE('',#1127,#1128,#1324,.T.);
#873=EDGE_CURVE('',#1128,#1129,#1325,.T.);
#874=EDGE_CURVE('',#1129,#1126,#1326,.T.);
#875=EDGE_CURVE('',#1130,#1131,#1327,.F.);
#876=EDGE_CURVE('',#1131,#1132,#1328,.T.);
#877=EDGE_CURVE('',#1132,#1133,#1329,.T.);
#878=EDGE_CURVE('',#1133,#1130,#1330,.T.);
#879=EDGE_CURVE('',#1132,#1134,#1331,.T.);
#880=EDGE_CURVE('',#1134,#1135,#1332,.T.);
#881=EDGE_CURVE('',#1135,#1133,#1333,.T.);
#882=EDGE_CURVE('',#1134,#1029,#1334,.T.);
#883=EDGE_CURVE('',#1028,#1135,#1335,.T.);
#884=EDGE_CURVE('',#1136,#1137,#1336,.T.);
#885=EDGE_CURVE('',#1137,#1138,#72,.T.);
#886=EDGE_CURVE('',#1138,#1139,#1337,.T.);
#887=EDGE_CURVE('',#1139,#1140,#73,.T.);
#888=EDGE_CURVE('',#1141,#1140,#1338,.T.);
#889=EDGE_CURVE('',#1141,#1142,#74,.T.);
#890=EDGE_CURVE('',#1143,#1142,#1339,.T.);
#891=EDGE_CURVE('',#1143,#1136,#75,.T.);
#892=EDGE_CURVE('',#1138,#1111,#1340,.T.);
#893=EDGE_CURVE('',#1110,#1139,#1341,.F.);
#894=EDGE_CURVE('',#1140,#1109,#1342,.T.);
#895=EDGE_CURVE('',#1108,#1141,#1343,.F.);
#896=EDGE_CURVE('',#1106,#1143,#1344,.F.);
#897=EDGE_CURVE('',#1142,#1107,#1345,.T.);
#898=EDGE_CURVE('',#1105,#1137,#1346,.F.);
#899=EDGE_CURVE('',#1136,#1104,#1347,.T.);
#900=EDGE_CURVE('',#1128,#1131,#76,.F.);
#901=EDGE_CURVE('',#1130,#1129,#77,.T.);
#902=EDGE_CURVE('',#1124,#1127,#78,.F.);
#903=EDGE_CURVE('',#1126,#1125,#79,.T.);
#904=EDGE_CURVE('',#1074,#1069,#80,.F.);
#905=EDGE_CURVE('',#1068,#1075,#81,.T.);
#906=EDGE_CURVE('',#1070,#1067,#82,.F.);
#907=EDGE_CURVE('',#1066,#1071,#83,.T.);
#908=EDGE_CURVE('',#1080,#1134,#1348,.F.);
#909=EDGE_CURVE('',#1132,#1081,#1349,.T.);
#910=EDGE_CURVE('',#1135,#990,#1350,.F.);
#911=EDGE_CURVE('',#989,#1133,#1351,.T.);
#912=EDGE_CURVE('',#1076,#1095,#1352,.F.);
#913=EDGE_CURVE('',#1094,#1072,#1353,.T.);
#914=EDGE_CURVE('',#997,#1077,#1354,.F.);
#915=EDGE_CURVE('',#1073,#998,#1355,.T.);
#916=EDGE_CURVE('',#1074,#1093,#1356,.T.);
#917=EDGE_CURVE('',#1069,#1092,#1357,.T.);
#918=EDGE_CURVE('',#1070,#1091,#1358,.T.);
#919=EDGE_CURVE('',#1067,#1090,#1359,.T.);
#920=EDGE_CURVE('',#1064,#1089,#1360,.T.);
#921=EDGE_CURVE('',#1060,#1088,#1361,.T.);
#922=EDGE_CURVE('',#1062,#1087,#1362,.T.);
#923=EDGE_CURVE('',#1122,#1086,#1363,.T.);
#924=EDGE_CURVE('',#1124,#1085,#1364,.T.);
#925=EDGE_CURVE('',#1127,#1084,#1365,.T.);
#926=EDGE_CURVE('',#1128,#1083,#1366,.T.);
#927=EDGE_CURVE('',#1131,#1082,#1367,.T.);
#928=EDGE_CURVE('',#999,#1075,#1368,.T.);
#929=EDGE_CURVE('',#1000,#1068,#1369,.T.);
#930=EDGE_CURVE('',#1001,#1071,#1370,.T.);
#931=EDGE_CURVE('',#1002,#1066,#1371,.T.);
#932=EDGE_CURVE('',#1003,#1065,#1372,.T.);
#933=EDGE_CURVE('',#1004,#1061,#1373,.T.);
#934=EDGE_CURVE('',#1005,#1063,#1374,.T.);
#935=EDGE_CURVE('',#1006,#1123,#1375,.T.);
#936=EDGE_CURVE('',#1007,#1125,#1376,.T.);
#937=EDGE_CURVE('',#1008,#1126,#1377,.T.);
#938=EDGE_CURVE('',#1009,#1129,#1378,.T.);
#939=EDGE_CURVE('',#988,#1130,#1379,.T.);
#940=EDGE_CURVE('',#1144,#1145,#1380,.T.);
#941=EDGE_CURVE('',#1145,#1146,#1381,.T.);
#942=EDGE_CURVE('',#1147,#1146,#1382,.T.);
#943=EDGE_CURVE('',#1147,#1144,#1383,.T.);
#944=EDGE_CURVE('',#1146,#1148,#1384,.T.);
#945=EDGE_CURVE('',#1149,#1148,#1385,.T.);
#946=EDGE_CURVE('',#1147,#1149,#1386,.T.);
#947=EDGE_CURVE('',#1148,#1150,#1387,.T.);
#948=EDGE_CURVE('',#1151,#1150,#1388,.T.);
#949=EDGE_CURVE('',#1149,#1151,#1389,.T.);
#950=EDGE_CURVE('',#1150,#1145,#1390,.T.);
#951=EDGE_CURVE('',#1144,#1151,#1391,.T.);
#952=EDGE_CURVE('',#1152,#1153,#1392,.T.);
#953=EDGE_CURVE('',#1153,#1154,#1393,.T.);
#954=EDGE_CURVE('',#1155,#1154,#1394,.T.);
#955=EDGE_CURVE('',#1155,#1152,#1395,.T.);
#956=EDGE_CURVE('',#1154,#1156,#1396,.T.);
#957=EDGE_CURVE('',#1157,#1156,#1397,.T.);
#958=EDGE_CURVE('',#1155,#1157,#1398,.T.);
#959=EDGE_CURVE('',#1156,#1158,#1399,.T.);
#960=EDGE_CURVE('',#1159,#1158,#1400,.T.);
#961=EDGE_CURVE('',#1157,#1159,#1401,.T.);
#962=EDGE_CURVE('',#1158,#1153,#1402,.T.);
#963=EDGE_CURVE('',#1152,#1159,#1403,.T.);
#964=EDGE_CURVE('',#972,#1153,#1404,.T.);
#965=EDGE_CURVE('',#1154,#975,#1405,.T.);
#966=EDGE_CURVE('',#1156,#974,#1406,.F.);
#967=EDGE_CURVE('',#973,#1158,#1407,.T.);
#968=EDGE_CURVE('',#976,#1145,#1408,.T.);
#969=EDGE_CURVE('',#1146,#979,#1409,.T.);
#970=EDGE_CURVE('',#1148,#978,#1410,.F.);
#971=EDGE_CURVE('',#977,#1150,#1411,.T.);
#972=VERTEX_POINT('',#2936);
#973=VERTEX_POINT('',#2937);
#974=VERTEX_POINT('',#2939);
#975=VERTEX_POINT('',#2941);
#976=VERTEX_POINT('',#2944);
#977=VERTEX_POINT('',#2945);
#978=VERTEX_POINT('',#2947);
#979=VERTEX_POINT('',#2949);
#980=VERTEX_POINT('',#2952);
#981=VERTEX_POINT('',#2953);
#982=VERTEX_POINT('',#2955);
#983=VERTEX_POINT('',#2957);
#984=VERTEX_POINT('',#2959);
#985=VERTEX_POINT('',#2961);
#986=VERTEX_POINT('',#2963);
#987=VERTEX_POINT('',#2965);
#988=VERTEX_POINT('',#2968);
#989=VERTEX_POINT('',#2969);
#990=VERTEX_POINT('',#2971);
#991=VERTEX_POINT('',#2973);
#992=VERTEX_POINT('',#2975);
#993=VERTEX_POINT('',#2977);
#994=VERTEX_POINT('',#2979);
#995=VERTEX_POINT('',#2981);
#996=VERTEX_POINT('',#2983);
#997=VERTEX_POINT('',#2985);
#998=VERTEX_POINT('',#2987);
#999=VERTEX_POINT('',#2989);
#1000=VERTEX_POINT('',#2991);
#1001=VERTEX_POINT('',#2993);
#1002=VERTEX_POINT('',#2995);
#1003=VERTEX_POINT('',#2997);
#1004=VERTEX_POINT('',#2999);
#1005=VERTEX_POINT('',#3001);
#1006=VERTEX_POINT('',#3003);
#1007=VERTEX_POINT('',#3005);
#1008=VERTEX_POINT('',#3007);
#1009=VERTEX_POINT('',#3009);
#1010=VERTEX_POINT('',#3013);
#1011=VERTEX_POINT('',#3015);
#1012=VERTEX_POINT('',#3018);
#1013=VERTEX_POINT('',#3020);
#1014=VERTEX_POINT('',#3023);
#1015=VERTEX_POINT('',#3024);
#1016=VERTEX_POINT('',#3026);
#1017=VERTEX_POINT('',#3028);
#1018=VERTEX_POINT('',#3030);
#1019=VERTEX_POINT('',#3032);
#1020=VERTEX_POINT('',#3034);
#1021=VERTEX_POINT('',#3036);
#1022=VERTEX_POINT('',#3038);
#1023=VERTEX_POINT('',#3040);
#1024=VERTEX_POINT('',#3043);
#1025=VERTEX_POINT('',#3045);
#1026=VERTEX_POINT('',#3047);
#1027=VERTEX_POINT('',#3049);
#1028=VERTEX_POINT('',#3052);
#1029=VERTEX_POINT('',#3054);
#1030=VERTEX_POINT('',#3058);
#1031=VERTEX_POINT('',#3060);
#1032=VERTEX_POINT('',#3063);
#1033=VERTEX_POINT('',#3065);
#1034=VERTEX_POINT('',#3067);
#1035=VERTEX_POINT('',#3068);
#1036=VERTEX_POINT('',#3070);
#1037=VERTEX_POINT('',#3072);
#1038=VERTEX_POINT('',#3076);
#1039=VERTEX_POINT('',#3078);
#1040=VERTEX_POINT('',#3080);
#1041=VERTEX_POINT('',#3081);
#1042=VERTEX_POINT('',#3083);
#1043=VERTEX_POINT('',#3085);
#1044=VERTEX_POINT('',#3089);
#1045=VERTEX_POINT('',#3090);
#1046=VERTEX_POINT('',#3092);
#1047=VERTEX_POINT('',#3094);
#1048=VERTEX_POINT('',#3096);
#1049=VERTEX_POINT('',#3098);
#1050=VERTEX_POINT('',#3106);
#1051=VERTEX_POINT('',#3108);
#1052=VERTEX_POINT('',#3113);
#1053=VERTEX_POINT('',#3114);
#1054=VERTEX_POINT('',#3120);
#1055=VERTEX_POINT('',#3121);
#1056=VERTEX_POINT('',#3126);
#1057=VERTEX_POINT('',#3127);
#1058=VERTEX_POINT('',#3132);
#1059=VERTEX_POINT('',#3134);
#1060=VERTEX_POINT('',#3138);
#1061=VERTEX_POINT('',#3139);
#1062=VERTEX_POINT('',#3141);
#1063=VERTEX_POINT('',#3143);
#1064=VERTEX_POINT('',#3147);
#1065=VERTEX_POINT('',#3148);
#1066=VERTEX_POINT('',#3153);
#1067=VERTEX_POINT('',#3154);
#1068=VERTEX_POINT('',#3159);
#1069=VERTEX_POINT('',#3160);
#1070=VERTEX_POINT('',#3162);
#1071=VERTEX_POINT('',#3164);
#1072=VERTEX_POINT('',#3168);
#1073=VERTEX_POINT('',#3169);
#1074=VERTEX_POINT('',#3171);
#1075=VERTEX_POINT('',#3173);
#1076=VERTEX_POINT('',#3177);
#1077=VERTEX_POINT('',#3178);
#1078=VERTEX_POINT('',#3186);
#1079=VERTEX_POINT('',#3187);
#1080=VERTEX_POINT('',#3193);
#1081=VERTEX_POINT('',#3194);
#1082=VERTEX_POINT('',#3196);
#1083=VERTEX_POINT('',#3198);
#1084=VERTEX_POINT('',#3200);
#1085=VERTEX_POINT('',#3202);
#1086=VERTEX_POINT('',#3204);
#1087=VERTEX_POINT('',#3206);
#1088=VERTEX_POINT('',#3208);
#1089=VERTEX_POINT('',#3210);
#1090=VERTEX_POINT('',#3212);
#1091=VERTEX_POINT('',#3214);
#1092=VERTEX_POINT('',#3216);
#1093=VERTEX_POINT('',#3218);
#1094=VERTEX_POINT('',#3220);
#1095=VERTEX_POINT('',#3222);
#1096=VERTEX_POINT('',#3228);
#1097=VERTEX_POINT('',#3229);
#1098=VERTEX_POINT('',#3231);
#1099=VERTEX_POINT('',#3233);
#1100=VERTEX_POINT('',#3235);
#1101=VERTEX_POINT('',#3237);
#1102=VERTEX_POINT('',#3239);
#1103=VERTEX_POINT('',#3241);
#1104=VERTEX_POINT('',#3244);
#1105=VERTEX_POINT('',#3245);
#1106=VERTEX_POINT('',#3247);
#1107=VERTEX_POINT('',#3249);
#1108=VERTEX_POINT('',#3251);
#1109=VERTEX_POINT('',#3253);
#1110=VERTEX_POINT('',#3255);
#1111=VERTEX_POINT('',#3257);
#1112=VERTEX_POINT('',#3261);
#1113=VERTEX_POINT('',#3262);
#1114=VERTEX_POINT('',#3264);
#1115=VERTEX_POINT('',#3266);
#1116=VERTEX_POINT('',#3268);
#1117=VERTEX_POINT('',#3270);
#1118=VERTEX_POINT('',#3272);
#1119=VERTEX_POINT('',#3274);
#1120=VERTEX_POINT('',#3290);
#1121=VERTEX_POINT('',#3292);
#1122=VERTEX_POINT('',#3306);
#1123=VERTEX_POINT('',#3308);
#1124=VERTEX_POINT('',#3312);
#1125=VERTEX_POINT('',#3314);
#1126=VERTEX_POINT('',#3318);
#1127=VERTEX_POINT('',#3319);
#1128=VERTEX_POINT('',#3321);
#1129=VERTEX_POINT('',#3323);
#1130=VERTEX_POINT('',#3327);
#1131=VERTEX_POINT('',#3328);
#1132=VERTEX_POINT('',#3330);
#1133=VERTEX_POINT('',#3332);
#1134=VERTEX_POINT('',#3336);
#1135=VERTEX_POINT('',#3338);
#1136=VERTEX_POINT('',#3345);
#1137=VERTEX_POINT('',#3346);
#1138=VERTEX_POINT('',#3348);
#1139=VERTEX_POINT('',#3350);
#1140=VERTEX_POINT('',#3352);
#1141=VERTEX_POINT('',#3354);
#1142=VERTEX_POINT('',#3356);
#1143=VERTEX_POINT('',#3358);
#1144=VERTEX_POINT('',#3472);
#1145=VERTEX_POINT('',#3473);
#1146=VERTEX_POINT('',#3475);
#1147=VERTEX_POINT('',#3477);
#1148=VERTEX_POINT('',#3481);
#1149=VERTEX_POINT('',#3483);
#1150=VERTEX_POINT('',#3487);
#1151=VERTEX_POINT('',#3489);
#1152=VERTEX_POINT('',#3497);
#1153=VERTEX_POINT('',#3498);
#1154=VERTEX_POINT('',#3500);
#1155=VERTEX_POINT('',#3502);
#1156=VERTEX_POINT('',#3506);
#1157=VERTEX_POINT('',#3508);
#1158=VERTEX_POINT('',#3512);
#1159=VERTEX_POINT('',#3514);
#1160=LINE('',#2935,#1412);
#1161=LINE('',#2938,#1413);
#1162=LINE('',#2940,#1414);
#1163=LINE('',#2942,#1415);
#1164=LINE('',#2943,#1416);
#1165=LINE('',#2946,#1417);
#1166=LINE('',#2948,#1418);
#1167=LINE('',#2950,#1419);
#1168=LINE('',#2951,#1420);
#1169=LINE('',#2954,#1421);
#1170=LINE('',#2956,#1422);
#1171=LINE('',#2958,#1423);
#1172=LINE('',#2960,#1424);
#1173=LINE('',#2962,#1425);
#1174=LINE('',#2964,#1426);
#1175=LINE('',#2966,#1427);
#1176=LINE('',#2967,#1428);
#1177=LINE('',#2970,#1429);
#1178=LINE('',#2972,#1430);
#1179=LINE('',#2974,#1431);
#1180=LINE('',#2976,#1432);
#1181=LINE('',#2978,#1433);
#1182=LINE('',#2980,#1434);
#1183=LINE('',#2982,#1435);
#1184=LINE('',#2984,#1436);
#1185=LINE('',#2986,#1437);
#1186=LINE('',#2988,#1438);
#1187=LINE('',#2992,#1439);
#1188=LINE('',#2996,#1440);
#1189=LINE('',#2998,#1441);
#1190=LINE('',#3000,#1442);
#1191=LINE('',#3002,#1443);
#1192=LINE('',#3004,#1444);
#1193=LINE('',#3008,#1445);
#1194=LINE('',#3022,#1446);
#1195=LINE('',#3025,#1447);
#1196=LINE('',#3027,#1448);
#1197=LINE('',#3029,#1449);
#1198=LINE('',#3031,#1450);
#1199=LINE('',#3033,#1451);
#1200=LINE('',#3035,#1452);
#1201=LINE('',#3037,#1453);
#1202=LINE('',#3039,#1454);
#1203=LINE('',#3041,#1455);
#1204=LINE('',#3042,#1456);
#1205=LINE('',#3044,#1457);
#1206=LINE('',#3046,#1458);
#1207=LINE('',#3048,#1459);
#1208=LINE('',#3050,#1460);
#1209=LINE('',#3051,#1461);
#1210=LINE('',#3053,#1462);
#1211=LINE('',#3055,#1463);
#1212=LINE('',#3066,#1464);
#1213=LINE('',#3069,#1465);
#1214=LINE('',#3071,#1466);
#1215=LINE('',#3073,#1467);
#1216=LINE('',#3079,#1468);
#1217=LINE('',#3082,#1469);
#1218=LINE('',#3084,#1470);
#1219=LINE('',#3086,#1471);
#1220=LINE('',#3088,#1472);
#1221=LINE('',#3091,#1473);
#1222=LINE('',#3093,#1474);
#1223=LINE('',#3095,#1475);
#1224=LINE('',#3097,#1476);
#1225=LINE('',#3099,#1477);
#1226=LINE('',#3101,#1478);
#1227=LINE('',#3102,#1479);
#1228=LINE('',#3103,#1480);
#1229=LINE('',#3105,#1481);
#1230=LINE('',#3107,#1482);
#1231=LINE('',#3109,#1483);
#1232=LINE('',#3110,#1484);
#1233=LINE('',#3112,#1485);
#1234=LINE('',#3115,#1486);
#1235=LINE('',#3116,#1487);
#1236=LINE('',#3117,#1488);
#1237=LINE('',#3119,#1489);
#1238=LINE('',#3122,#1490);
#1239=LINE('',#3123,#1491);
#1240=LINE('',#3125,#1492);
#1241=LINE('',#3128,#1493);
#1242=LINE('',#3129,#1494);
#1243=LINE('',#3131,#1495);
#1244=LINE('',#3133,#1496);
#1245=LINE('',#3135,#1497);
#1246=LINE('',#3137,#1498);
#1247=LINE('',#3140,#1499);
#1248=LINE('',#3142,#1500);
#1249=LINE('',#3144,#1501);
#1250=LINE('',#3146,#1502);
#1251=LINE('',#3149,#1503);
#1252=LINE('',#3150,#1504);
#1253=LINE('',#3152,#1505);
#1254=LINE('',#3155,#1506);
#1255=LINE('',#3156,#1507);
#1256=LINE('',#3158,#1508);
#1257=LINE('',#3161,#1509);
#1258=LINE('',#3163,#1510);
#1259=LINE('',#3165,#1511);
#1260=LINE('',#3167,#1512);
#1261=LINE('',#3170,#1513);
#1262=LINE('',#3172,#1514);
#1263=LINE('',#3174,#1515);
#1264=LINE('',#3176,#1516);
#1265=LINE('',#3179,#1517);
#1266=LINE('',#3180,#1518);
#1267=LINE('',#3182,#1519);
#1268=LINE('',#3183,#1520);
#1269=LINE('',#3185,#1521);
#1270=LINE('',#3188,#1522);
#1271=LINE('',#3189,#1523);
#1272=LINE('',#3190,#1524);
#1273=LINE('',#3191,#1525);
#1274=LINE('',#3192,#1526);
#1275=LINE('',#3195,#1527);
#1276=LINE('',#3199,#1528);
#1277=LINE('',#3203,#1529);
#1278=LINE('',#3205,#1530);
#1279=LINE('',#3207,#1531);
#1280=LINE('',#3209,#1532);
#1281=LINE('',#3211,#1533);
#1282=LINE('',#3215,#1534);
#1283=LINE('',#3219,#1535);
#1284=LINE('',#3221,#1536);
#1285=LINE('',#3223,#1537);
#1286=LINE('',#3224,#1538);
#1287=LINE('',#3225,#1539);
#1288=LINE('',#3226,#1540);
#1289=LINE('',#3227,#1541);
#1290=LINE('',#3232,#1542);
#1291=LINE('',#3236,#1543);
#1292=LINE('',#3240,#1544);
#1293=LINE('',#3243,#1545);
#1294=LINE('',#3248,#1546);
#1295=LINE('',#3252,#1547);
#1296=LINE('',#3256,#1548);
#1297=LINE('',#3260,#1549);
#1298=LINE('',#3265,#1550);
#1299=LINE('',#3269,#1551);
#1300=LINE('',#3273,#1552);
#1301=LINE('',#3277,#1553);
#1302=LINE('',#3278,#1554);
#1303=LINE('',#3280,#1555);
#1304=LINE('',#3281,#1556);
#1305=LINE('',#3283,#1557);
#1306=LINE('',#3284,#1558);
#1307=LINE('',#3286,#1559);
#1308=LINE('',#3287,#1560);
#1309=LINE('',#3294,#1561);
#1310=LINE('',#3295,#1562);
#1311=LINE('',#3296,#1563);
#1312=LINE('',#3298,#1564);
#1313=LINE('',#3299,#1565);
#1314=LINE('',#3300,#1566);
#1315=LINE('',#3302,#1567);
#1316=LINE('',#3303,#1568);
#1317=LINE('',#3305,#1569);
#1318=LINE('',#3307,#1570);
#1319=LINE('',#3309,#1571);
#1320=LINE('',#3311,#1572);
#1321=LINE('',#3313,#1573);
#1322=LINE('',#3315,#1574);
#1323=LINE('',#3317,#1575);
#1324=LINE('',#3320,#1576);
#1325=LINE('',#3322,#1577);
#1326=LINE('',#3324,#1578);
#1327=LINE('',#3326,#1579);
#1328=LINE('',#3329,#1580);
#1329=LINE('',#3331,#1581);
#1330=LINE('',#3333,#1582);
#1331=LINE('',#3335,#1583);
#1332=LINE('',#3337,#1584);
#1333=LINE('',#3339,#1585);
#1334=LINE('',#3341,#1586);
#1335=LINE('',#3342,#1587);
#1336=LINE('',#3344,#1588);
#1337=LINE('',#3349,#1589);
#1338=LINE('',#3353,#1590);
#1339=LINE('',#3357,#1591);
#1340=LINE('',#3361,#1592);
#1341=LINE('',#3362,#1593);
#1342=LINE('',#3364,#1594);
#1343=LINE('',#3365,#1595);
#1344=LINE('',#3367,#1596);
#1345=LINE('',#3368,#1597);
#1346=LINE('',#3370,#1598);
#1347=LINE('',#3371,#1599);
#1348=LINE('',#3397,#1600);
#1349=LINE('',#3399,#1601);
#1350=LINE('',#3401,#1602);
#1351=LINE('',#3403,#1603);
#1352=LINE('',#3405,#1604);
#1353=LINE('',#3407,#1605);
#1354=LINE('',#3409,#1606);
#1355=LINE('',#3411,#1607);
#1356=LINE('',#3417,#1608);
#1357=LINE('',#3419,#1609);
#1358=LINE('',#3421,#1610);
#1359=LINE('',#3423,#1611);
#1360=LINE('',#3425,#1612);
#1361=LINE('',#3427,#1613);
#1362=LINE('',#3429,#1614);
#1363=LINE('',#3431,#1615);
#1364=LINE('',#3433,#1616);
#1365=LINE('',#3435,#1617);
#1366=LINE('',#3437,#1618);
#1367=LINE('',#3439,#1619);
#1368=LINE('',#3442,#1620);
#1369=LINE('',#3444,#1621);
#1370=LINE('',#3446,#1622);
#1371=LINE('',#3448,#1623);
#1372=LINE('',#3450,#1624);
#1373=LINE('',#3452,#1625);
#1374=LINE('',#3454,#1626);
#1375=LINE('',#3456,#1627);
#1376=LINE('',#3458,#1628);
#1377=LINE('',#3460,#1629);
#1378=LINE('',#3462,#1630);
#1379=LINE('',#3464,#1631);
#1380=LINE('',#3471,#1632);
#1381=LINE('',#3474,#1633);
#1382=LINE('',#3476,#1634);
#1383=LINE('',#3478,#1635);
#1384=LINE('',#3480,#1636);
#1385=LINE('',#3482,#1637);
#1386=LINE('',#3484,#1638);
#1387=LINE('',#3486,#1639);
#1388=LINE('',#3488,#1640);
#1389=LINE('',#3490,#1641);
#1390=LINE('',#3492,#1642);
#1391=LINE('',#3493,#1643);
#1392=LINE('',#3496,#1644);
#1393=LINE('',#3499,#1645);
#1394=LINE('',#3501,#1646);
#1395=LINE('',#3503,#1647);
#1396=LINE('',#3505,#1648);
#1397=LINE('',#3507,#1649);
#1398=LINE('',#3509,#1650);
#1399=LINE('',#3511,#1651);
#1400=LINE('',#3513,#1652);
#1401=LINE('',#3515,#1653);
#1402=LINE('',#3517,#1654);
#1403=LINE('',#3518,#1655);
#1404=LINE('',#3525,#1656);
#1405=LINE('',#3526,#1657);
#1406=LINE('',#3528,#1658);
#1407=LINE('',#3530,#1659);
#1408=LINE('',#3533,#1660);
#1409=LINE('',#3534,#1661);
#1410=LINE('',#3536,#1662);
#1411=LINE('',#3538,#1663);
#1412=VECTOR('',#2351,1.);
#1413=VECTOR('',#2352,1.);
#1414=VECTOR('',#2353,1.);
#1415=VECTOR('',#2354,1.);
#1416=VECTOR('',#2355,1.);
#1417=VECTOR('',#2356,1.);
#1418=VECTOR('',#2357,1.);
#1419=VECTOR('',#2358,1.);
#1420=VECTOR('',#2359,1.);
#1421=VECTOR('',#2360,1.);
#1422=VECTOR('',#2361,1.);
#1423=VECTOR('',#2362,1.);
#1424=VECTOR('',#2363,1.);
#1425=VECTOR('',#2364,1.);
#1426=VECTOR('',#2365,1.);
#1427=VECTOR('',#2366,1.);
#1428=VECTOR('',#2367,1.);
#1429=VECTOR('',#2368,1.);
#1430=VECTOR('',#2369,1.);
#1431=VECTOR('',#2370,1.);
#1432=VECTOR('',#2371,1.);
#1433=VECTOR('',#2372,1.);
#1434=VECTOR('',#2373,1.);
#1435=VECTOR('',#2374,1.);
#1436=VECTOR('',#2375,1.);
#1437=VECTOR('',#2376,1.);
#1438=VECTOR('',#2377,1.);
#1439=VECTOR('',#2380,1.);
#1440=VECTOR('',#2383,1.);
#1441=VECTOR('',#2384,1.);
#1442=VECTOR('',#2385,1.);
#1443=VECTOR('',#2386,1.);
#1444=VECTOR('',#2387,1.);
#1445=VECTOR('',#2390,1.);
#1446=VECTOR('',#2407,1.);
#1447=VECTOR('',#2408,1.);
#1448=VECTOR('',#2409,1.);
#1449=VECTOR('',#2410,1.);
#1450=VECTOR('',#2411,1.);
#1451=VECTOR('',#2412,1.);
#1452=VECTOR('',#2413,1.);
#1453=VECTOR('',#2414,1.);
#1454=VECTOR('',#2415,1.);
#1455=VECTOR('',#2416,1.);
#1456=VECTOR('',#2417,1.);
#1457=VECTOR('',#2418,1.);
#1458=VECTOR('',#2419,1.);
#1459=VECTOR('',#2420,1.);
#1460=VECTOR('',#2421,1.);
#1461=VECTOR('',#2422,1.);
#1462=VECTOR('',#2423,1.);
#1463=VECTOR('',#2424,1.);
#1464=VECTOR('',#2437,1.);
#1465=VECTOR('',#2438,1.);
#1466=VECTOR('',#2439,1.);
#1467=VECTOR('',#2440,1.);
#1468=VECTOR('',#2447,1.);
#1469=VECTOR('',#2448,1.);
#1470=VECTOR('',#2449,1.);
#1471=VECTOR('',#2450,1.);
#1472=VECTOR('',#2453,1.);
#1473=VECTOR('',#2454,1.);
#1474=VECTOR('',#2455,1.);
#1475=VECTOR('',#2456,1.);
#1476=VECTOR('',#2457,1.);
#1477=VECTOR('',#2458,1.);
#1478=VECTOR('',#2461,1.);
#1479=VECTOR('',#2462,1.);
#1480=VECTOR('',#2463,1.);
#1481=VECTOR('',#2466,1.);
#1482=VECTOR('',#2467,1.);
#1483=VECTOR('',#2468,1.);
#1484=VECTOR('',#2469,1.);
#1485=VECTOR('',#2472,1.);
#1486=VECTOR('',#2473,1.);
#1487=VECTOR('',#2474,1.);
#1488=VECTOR('',#2475,1.);
#1489=VECTOR('',#2478,1.);
#1490=VECTOR('',#2479,1.);
#1491=VECTOR('',#2480,1.);
#1492=VECTOR('',#2483,1.);
#1493=VECTOR('',#2484,1.);
#1494=VECTOR('',#2485,1.);
#1495=VECTOR('',#2488,1.);
#1496=VECTOR('',#2489,1.);
#1497=VECTOR('',#2490,1.);
#1498=VECTOR('',#2493,1.);
#1499=VECTOR('',#2494,1.);
#1500=VECTOR('',#2495,1.);
#1501=VECTOR('',#2496,1.);
#1502=VECTOR('',#2499,1.);
#1503=VECTOR('',#2500,1.);
#1504=VECTOR('',#2501,1.);
#1505=VECTOR('',#2504,1.);
#1506=VECTOR('',#2505,1.);
#1507=VECTOR('',#2506,1.);
#1508=VECTOR('',#2509,1.);
#1509=VECTOR('',#2510,1.);
#1510=VECTOR('',#2511,1.);
#1511=VECTOR('',#2512,1.);
#1512=VECTOR('',#2515,1.);
#1513=VECTOR('',#2516,1.);
#1514=VECTOR('',#2517,1.);
#1515=VECTOR('',#2518,1.);
#1516=VECTOR('',#2521,1.);
#1517=VECTOR('',#2522,1.);
#1518=VECTOR('',#2523,1.);
#1519=VECTOR('',#2526,1.);
#1520=VECTOR('',#2527,1.);
#1521=VECTOR('',#2530,1.);
#1522=VECTOR('',#2531,1.);
#1523=VECTOR('',#2532,1.);
#1524=VECTOR('',#2533,1.);
#1525=VECTOR('',#2534,1.);
#1526=VECTOR('',#2535,1.);
#1527=VECTOR('',#2536,1.);
#1528=VECTOR('',#2539,1.);
#1529=VECTOR('',#2542,1.);
#1530=VECTOR('',#2543,1.);
#1531=VECTOR('',#2544,1.);
#1532=VECTOR('',#2545,1.);
#1533=VECTOR('',#2546,1.);
#1534=VECTOR('',#2549,1.);
#1535=VECTOR('',#2552,1.);
#1536=VECTOR('',#2553,1.);
#1537=VECTOR('',#2554,1.);
#1538=VECTOR('',#2555,1.);
#1539=VECTOR('',#2556,1.);
#1540=VECTOR('',#2557,1.);
#1541=VECTOR('',#2558,1.);
#1542=VECTOR('',#2561,1.);
#1543=VECTOR('',#2564,1.);
#1544=VECTOR('',#2567,1.);
#1545=VECTOR('',#2570,1.);
#1546=VECTOR('',#2573,1.);
#1547=VECTOR('',#2576,1.);
#1548=VECTOR('',#2579,1.);
#1549=VECTOR('',#2584,1.);
#1550=VECTOR('',#2587,1.);
#1551=VECTOR('',#2590,1.);
#1552=VECTOR('',#2593,1.);
#1553=VECTOR('',#2598,1.);
#1554=VECTOR('',#2599,1.);
#1555=VECTOR('',#2602,1.);
#1556=VECTOR('',#2603,1.);
#1557=VECTOR('',#2606,1.);
#1558=VECTOR('',#2607,1.);
#1559=VECTOR('',#2610,1.);
#1560=VECTOR('',#2611,1.);
#1561=VECTOR('',#2620,1.);
#1562=VECTOR('',#2621,1.);
#1563=VECTOR('',#2622,1.);
#1564=VECTOR('',#2625,1.);
#1565=VECTOR('',#2626,1.);
#1566=VECTOR('',#2627,1.);
#1567=VECTOR('',#2630,1.);
#1568=VECTOR('',#2631,1.);
#1569=VECTOR('',#2634,1.);
#1570=VECTOR('',#2635,1.);
#1571=VECTOR('',#2636,1.);
#1572=VECTOR('',#2639,1.);
#1573=VECTOR('',#2640,1.);
#1574=VECTOR('',#2641,1.);
#1575=VECTOR('',#2644,1.);
#1576=VECTOR('',#2645,1.);
#1577=VECTOR('',#2646,1.);
#1578=VECTOR('',#2647,1.);
#1579=VECTOR('',#2650,1.);
#1580=VECTOR('',#2651,1.);
#1581=VECTOR('',#2652,1.);
#1582=VECTOR('',#2653,1.);
#1583=VECTOR('',#2656,1.);
#1584=VECTOR('',#2657,1.);
#1585=VECTOR('',#2658,1.);
#1586=VECTOR('',#2661,1.);
#1587=VECTOR('',#2662,1.);
#1588=VECTOR('',#2665,1.);
#1589=VECTOR('',#2668,1.);
#1590=VECTOR('',#2671,1.);
#1591=VECTOR('',#2674,1.);
#1592=VECTOR('',#2679,1.);
#1593=VECTOR('',#2680,1.);
#1594=VECTOR('',#2683,1.);
#1595=VECTOR('',#2684,1.);
#1596=VECTOR('',#2687,1.);
#1597=VECTOR('',#2688,1.);
#1598=VECTOR('',#2691,1.);
#1599=VECTOR('',#2692,1.);
#1600=VECTOR('',#2743,1.);
#1601=VECTOR('',#2746,1.);
#1602=VECTOR('',#2749,1.);
#1603=VECTOR('',#2752,1.);
#1604=VECTOR('',#2755,1.);
#1605=VECTOR('',#2758,1.);
#1606=VECTOR('',#2761,1.);
#1607=VECTOR('',#2764,1.);
#1608=VECTOR('',#2775,1.);
#1609=VECTOR('',#2778,1.);
#1610=VECTOR('',#2781,1.);
#1611=VECTOR('',#2784,1.);
#1612=VECTOR('',#2787,1.);
#1613=VECTOR('',#2790,1.);
#1614=VECTOR('',#2793,1.);
#1615=VECTOR('',#2796,1.);
#1616=VECTOR('',#2799,1.);
#1617=VECTOR('',#2802,1.);
#1618=VECTOR('',#2805,1.);
#1619=VECTOR('',#2808,1.);
#1620=VECTOR('',#2813,1.);
#1621=VECTOR('',#2816,1.);
#1622=VECTOR('',#2819,1.);
#1623=VECTOR('',#2822,1.);
#1624=VECTOR('',#2825,1.);
#1625=VECTOR('',#2828,1.);
#1626=VECTOR('',#2831,1.);
#1627=VECTOR('',#2834,1.);
#1628=VECTOR('',#2837,1.);
#1629=VECTOR('',#2840,1.);
#1630=VECTOR('',#2843,1.);
#1631=VECTOR('',#2846,1.);
#1632=VECTOR('',#2859,1.);
#1633=VECTOR('',#2860,1.);
#1634=VECTOR('',#2861,1.);
#1635=VECTOR('',#2862,1.);
#1636=VECTOR('',#2865,1.);
#1637=VECTOR('',#2866,1.);
#1638=VECTOR('',#2867,1.);
#1639=VECTOR('',#2870,1.);
#1640=VECTOR('',#2871,1.);
#1641=VECTOR('',#2872,1.);
#1642=VECTOR('',#2875,1.);
#1643=VECTOR('',#2876,1.);
#1644=VECTOR('',#2881,1.);
#1645=VECTOR('',#2882,1.);
#1646=VECTOR('',#2883,1.);
#1647=VECTOR('',#2884,1.);
#1648=VECTOR('',#2887,1.);
#1649=VECTOR('',#2888,1.);
#1650=VECTOR('',#2889,1.);
#1651=VECTOR('',#2892,1.);
#1652=VECTOR('',#2893,1.);
#1653=VECTOR('',#2894,1.);
#1654=VECTOR('',#2897,1.);
#1655=VECTOR('',#2898,1.);
#1656=VECTOR('',#2911,1.);
#1657=VECTOR('',#2912,1.);
#1658=VECTOR('',#2915,1.);
#1659=VECTOR('',#2918,1.);
#1660=VECTOR('',#2923,1.);
#1661=VECTOR('',#2924,1.);
#1662=VECTOR('',#2927,1.);
#1663=VECTOR('',#2930,1.);
#1664=EDGE_LOOP('',(#84,#85,#86,#87));
#1665=EDGE_LOOP('',(#88,#89,#90,#91));
#1666=EDGE_LOOP('',(#92,#93,#94,#95,#96,#97,#98,#99));
#1667=EDGE_LOOP('',(#100,#101,#102,#103,#104,#105,#106,#107,#108,#109,#110,
#111,#112,#113,#114,#115,#116,#117,#118,#119,#120,#121));
#1668=EDGE_LOOP('',(#122));
#1669=EDGE_LOOP('',(#123));
#1670=EDGE_LOOP('',(#124));
#1671=EDGE_LOOP('',(#125));
#1672=EDGE_LOOP('',(#126,#127,#128,#129,#130,#131,#132,#133,#134,#135,#136,
#137,#138,#139,#140,#141,#142,#143,#144,#145));
#1673=EDGE_LOOP('',(#146));
#1674=EDGE_LOOP('',(#147));
#1675=EDGE_LOOP('',(#148));
#1676=EDGE_LOOP('',(#149));
#1677=EDGE_LOOP('',(#150,#151,#152,#153));
#1678=EDGE_LOOP('',(#154));
#1679=EDGE_LOOP('',(#155));
#1680=EDGE_LOOP('',(#156,#157,#158,#159));
#1681=EDGE_LOOP('',(#160,#161,#162,#163,#164,#165));
#1682=EDGE_LOOP('',(#166,#167,#168,#169,#170,#171));
#1683=EDGE_LOOP('',(#172,#173,#174,#175,#176,#177));
#1684=EDGE_LOOP('',(#178,#179,#180,#181,#182,#183));
#1685=EDGE_LOOP('',(#184,#185,#186,#187));
#1686=EDGE_LOOP('',(#188,#189,#190,#191));
#1687=EDGE_LOOP('',(#192,#193,#194,#195));
#1688=EDGE_LOOP('',(#196,#197,#198,#199));
#1689=EDGE_LOOP('',(#200,#201,#202,#203));
#1690=EDGE_LOOP('',(#204,#205,#206,#207));
#1691=EDGE_LOOP('',(#208,#209,#210,#211));
#1692=EDGE_LOOP('',(#212,#213,#214,#215));
#1693=EDGE_LOOP('',(#216,#217,#218,#219));
#1694=EDGE_LOOP('',(#220,#221,#222,#223));
#1695=EDGE_LOOP('',(#224,#225,#226,#227,#228,#229,#230,#231));
#1696=EDGE_LOOP('',(#232,#233,#234,#235,#236,#237,#238,#239,#240,#241,#242,
#243,#244,#245,#246,#247,#248,#249,#250,#251,#252,#253));
#1697=EDGE_LOOP('',(#254,#255,#256,#257,#258,#259,#260,#261));
#1698=EDGE_LOOP('',(#262,#263,#264,#265,#266,#267,#268,#269));
#1699=EDGE_LOOP('',(#270));
#1700=EDGE_LOOP('',(#271,#272,#273,#274,#275,#276,#277,#278));
#1701=EDGE_LOOP('',(#279,#280,#281,#282));
#1702=EDGE_LOOP('',(#283,#284,#285,#286));
#1703=EDGE_LOOP('',(#287,#288,#289,#290));
#1704=EDGE_LOOP('',(#291,#292,#293,#294));
#1705=EDGE_LOOP('',(#295));
#1706=EDGE_LOOP('',(#296));
#1707=EDGE_LOOP('',(#297,#298,#299,#300,#301,#302));
#1708=EDGE_LOOP('',(#303,#304,#305,#306,#307,#308));
#1709=EDGE_LOOP('',(#309,#310,#311,#312));
#1710=EDGE_LOOP('',(#313,#314,#315,#316));
#1711=EDGE_LOOP('',(#317,#318,#319,#320));
#1712=EDGE_LOOP('',(#321,#322,#323,#324));
#1713=EDGE_LOOP('',(#325,#326,#327,#328));
#1714=EDGE_LOOP('',(#329,#330,#331,#332));
#1715=EDGE_LOOP('',(#333,#334,#335,#336));
#1716=EDGE_LOOP('',(#337));
#1717=EDGE_LOOP('',(#338,#339,#340,#341,#342,#343,#344,#345));
#1718=EDGE_LOOP('',(#346,#347,#348,#349));
#1719=EDGE_LOOP('',(#350,#351,#352,#353));
#1720=EDGE_LOOP('',(#354,#355,#356,#357));
#1721=EDGE_LOOP('',(#358,#359,#360,#361));
#1722=EDGE_LOOP('',(#362,#363,#364,#365));
#1723=EDGE_LOOP('',(#366,#367,#368,#369));
#1724=EDGE_LOOP('',(#370,#371,#372,#373));
#1725=EDGE_LOOP('',(#374,#375,#376,#377));
#1726=EDGE_LOOP('',(#378,#379,#380,#381));
#1727=EDGE_LOOP('',(#382,#383,#384,#385));
#1728=EDGE_LOOP('',(#386,#387,#388,#389));
#1729=EDGE_LOOP('',(#390,#391,#392,#393));
#1730=EDGE_LOOP('',(#394,#395,#396,#397));
#1731=EDGE_LOOP('',(#398,#399,#400,#401));
#1732=EDGE_LOOP('',(#402,#403,#404,#405));
#1733=EDGE_LOOP('',(#406,#407,#408,#409));
#1734=EDGE_LOOP('',(#410,#411,#412,#413));
#1735=EDGE_LOOP('',(#414,#415,#416,#417));
#1736=EDGE_LOOP('',(#418,#419,#420,#421));
#1737=EDGE_LOOP('',(#422,#423,#424,#425));
#1738=EDGE_LOOP('',(#426,#427,#428,#429));
#1739=EDGE_LOOP('',(#430,#431,#432,#433));
#1740=EDGE_LOOP('',(#434,#435,#436,#437));
#1741=EDGE_LOOP('',(#438,#439,#440,#441));
#1742=EDGE_LOOP('',(#442,#443,#444,#445));
#1743=EDGE_LOOP('',(#446,#447,#448,#449));
#1744=EDGE_LOOP('',(#450,#451,#452,#453));
#1745=EDGE_LOOP('',(#454,#455,#456,#457));
#1746=EDGE_LOOP('',(#458,#459,#460,#461));
#1747=EDGE_LOOP('',(#462,#463,#464,#465));
#1748=EDGE_LOOP('',(#466,#467,#468,#469));
#1749=EDGE_LOOP('',(#470,#471,#472,#473));
#1750=EDGE_LOOP('',(#474,#475,#476,#477));
#1751=EDGE_LOOP('',(#478,#479,#480,#481));
#1752=EDGE_LOOP('',(#482,#483,#484,#485));
#1753=EDGE_LOOP('',(#486,#487,#488,#489));
#1754=EDGE_LOOP('',(#490,#491,#492,#493));
#1755=EDGE_LOOP('',(#494,#495,#496,#497));
#1756=EDGE_LOOP('',(#498,#499,#500,#501));
#1757=EDGE_LOOP('',(#502,#503,#504,#505));
#1758=EDGE_LOOP('',(#506,#507,#508,#509));
#1759=EDGE_LOOP('',(#510,#511,#512,#513));
#1760=EDGE_LOOP('',(#514,#515,#516,#517));
#1761=EDGE_LOOP('',(#518,#519,#520,#521));
#1762=EDGE_LOOP('',(#522,#523,#524,#525));
#1763=EDGE_LOOP('',(#526,#527,#528,#529));
#1764=EDGE_LOOP('',(#530,#531,#532,#533));
#1765=EDGE_LOOP('',(#534,#535,#536,#537));
#1766=EDGE_LOOP('',(#538,#539,#540,#541));
#1767=EDGE_LOOP('',(#542,#543,#544,#545));
#1768=EDGE_LOOP('',(#546,#547,#548,#549));
#1769=EDGE_LOOP('',(#550,#551,#552,#553));
#1770=EDGE_LOOP('',(#554,#555,#556,#557));
#1771=EDGE_LOOP('',(#558,#559,#560,#561));
#1772=EDGE_LOOP('',(#562,#563,#564,#565));
#1773=EDGE_LOOP('',(#566,#567,#568,#569));
#1774=EDGE_LOOP('',(#570,#571,#572,#573));
#1775=EDGE_LOOP('',(#574,#575,#576,#577));
#1776=EDGE_LOOP('',(#578));
#1777=EDGE_LOOP('',(#579));
#1778=EDGE_LOOP('',(#580));
#1779=EDGE_LOOP('',(#581));
#1780=EDGE_LOOP('',(#582));
#1781=EDGE_LOOP('',(#583));
#1782=EDGE_LOOP('',(#584));
#1783=EDGE_LOOP('',(#585));
#1784=EDGE_LOOP('',(#586,#587,#588,#589));
#1785=EDGE_LOOP('',(#590,#591,#592,#593));
#1786=EDGE_LOOP('',(#594,#595,#596,#597));
#1787=EDGE_LOOP('',(#598,#599,#600,#601));
#1788=EDGE_LOOP('',(#602,#603,#604,#605));
#1789=EDGE_LOOP('',(#606));
#1790=EDGE_LOOP('',(#607,#608,#609,#610));
#1791=EDGE_LOOP('',(#611,#612,#613,#614));
#1792=EDGE_LOOP('',(#615,#616,#617,#618));
#1793=EDGE_LOOP('',(#619,#620,#621,#622));
#1794=EDGE_LOOP('',(#623,#624,#625,#626));
#1795=EDGE_LOOP('',(#627));
#1796=EDGE_LOOP('',(#628,#629,#630,#631));
#1797=EDGE_LOOP('',(#632,#633,#634,#635));
#1798=EDGE_LOOP('',(#636,#637,#638,#639));
#1799=EDGE_LOOP('',(#640,#641,#642,#643));
#1800=EDGE_LOOP('',(#644,#645,#646,#647));
#1801=EDGE_LOOP('',(#648,#649,#650,#651));
#1802=EDGE_LOOP('',(#652,#653,#654,#655));
#1803=EDGE_LOOP('',(#656,#657,#658,#659));
#1804=EDGE_LOOP('',(#660,#661,#662,#663));
#1805=EDGE_LOOP('',(#664,#665,#666,#667));
#1806=EDGE_LOOP('',(#668,#669,#670,#671));
#1807=EDGE_LOOP('',(#672,#673,#674,#675));
#1808=FACE_BOUND('',#1664,.T.);
#1809=FACE_BOUND('',#1665,.T.);
#1810=FACE_BOUND('',#1666,.T.);
#1811=FACE_BOUND('',#1667,.T.);
#1812=FACE_BOUND('',#1668,.T.);
#1813=FACE_BOUND('',#1669,.T.);
#1814=FACE_BOUND('',#1670,.T.);
#1815=FACE_BOUND('',#1671,.T.);
#1816=FACE_BOUND('',#1672,.T.);
#1817=FACE_BOUND('',#1673,.T.);
#1818=FACE_BOUND('',#1674,.T.);
#1819=FACE_BOUND('',#1675,.T.);
#1820=FACE_BOUND('',#1676,.T.);
#1821=FACE_BOUND('',#1677,.T.);
#1822=FACE_BOUND('',#1678,.T.);
#1823=FACE_BOUND('',#1679,.T.);
#1824=FACE_BOUND('',#1680,.T.);
#1825=FACE_BOUND('',#1681,.T.);
#1826=FACE_BOUND('',#1682,.T.);
#1827=FACE_BOUND('',#1683,.T.);
#1828=FACE_BOUND('',#1684,.T.);
#1829=FACE_BOUND('',#1685,.T.);
#1830=FACE_BOUND('',#1686,.T.);
#1831=FACE_BOUND('',#1687,.T.);
#1832=FACE_BOUND('',#1688,.T.);
#1833=FACE_BOUND('',#1689,.T.);
#1834=FACE_BOUND('',#1690,.T.);
#1835=FACE_BOUND('',#1691,.T.);
#1836=FACE_BOUND('',#1692,.T.);
#1837=FACE_BOUND('',#1693,.T.);
#1838=FACE_BOUND('',#1694,.T.);
#1839=FACE_BOUND('',#1695,.T.);
#1840=FACE_BOUND('',#1696,.T.);
#1841=FACE_BOUND('',#1697,.T.);
#1842=FACE_BOUND('',#1698,.T.);
#1843=FACE_BOUND('',#1699,.T.);
#1844=FACE_BOUND('',#1700,.T.);
#1845=FACE_BOUND('',#1701,.T.);
#1846=FACE_BOUND('',#1702,.T.);
#1847=FACE_BOUND('',#1703,.T.);
#1848=FACE_BOUND('',#1704,.T.);
#1849=FACE_BOUND('',#1705,.T.);
#1850=FACE_BOUND('',#1706,.T.);
#1851=FACE_BOUND('',#1707,.T.);
#1852=FACE_BOUND('',#1708,.T.);
#1853=FACE_BOUND('',#1709,.T.);
#1854=FACE_BOUND('',#1710,.T.);
#1855=FACE_BOUND('',#1711,.T.);
#1856=FACE_BOUND('',#1712,.T.);
#1857=FACE_BOUND('',#1713,.T.);
#1858=FACE_BOUND('',#1714,.T.);
#1859=FACE_BOUND('',#1715,.T.);
#1860=FACE_BOUND('',#1716,.T.);
#1861=FACE_BOUND('',#1717,.T.);
#1862=FACE_BOUND('',#1718,.T.);
#1863=FACE_BOUND('',#1719,.T.);
#1864=FACE_BOUND('',#1720,.T.);
#1865=FACE_BOUND('',#1721,.T.);
#1866=FACE_BOUND('',#1722,.T.);
#1867=FACE_BOUND('',#1723,.T.);
#1868=FACE_BOUND('',#1724,.T.);
#1869=FACE_BOUND('',#1725,.T.);
#1870=FACE_BOUND('',#1726,.T.);
#1871=FACE_BOUND('',#1727,.T.);
#1872=FACE_BOUND('',#1728,.T.);
#1873=FACE_BOUND('',#1729,.T.);
#1874=FACE_BOUND('',#1730,.T.);
#1875=FACE_BOUND('',#1731,.T.);
#1876=FACE_BOUND('',#1732,.T.);
#1877=FACE_BOUND('',#1733,.T.);
#1878=FACE_BOUND('',#1734,.T.);
#1879=FACE_BOUND('',#1735,.T.);
#1880=FACE_BOUND('',#1736,.T.);
#1881=FACE_BOUND('',#1737,.T.);
#1882=FACE_BOUND('',#1738,.T.);
#1883=FACE_BOUND('',#1739,.T.);
#1884=FACE_BOUND('',#1740,.T.);
#1885=FACE_BOUND('',#1741,.T.);
#1886=FACE_BOUND('',#1742,.T.);
#1887=FACE_BOUND('',#1743,.T.);
#1888=FACE_BOUND('',#1744,.T.);
#1889=FACE_BOUND('',#1745,.T.);
#1890=FACE_BOUND('',#1746,.T.);
#1891=FACE_BOUND('',#1747,.T.);
#1892=FACE_BOUND('',#1748,.T.);
#1893=FACE_BOUND('',#1749,.T.);
#1894=FACE_BOUND('',#1750,.T.);
#1895=FACE_BOUND('',#1751,.T.);
#1896=FACE_BOUND('',#1752,.T.);
#1897=FACE_BOUND('',#1753,.T.);
#1898=FACE_BOUND('',#1754,.T.);
#1899=FACE_BOUND('',#1755,.T.);
#1900=FACE_BOUND('',#1756,.T.);
#1901=FACE_BOUND('',#1757,.T.);
#1902=FACE_BOUND('',#1758,.T.);
#1903=FACE_BOUND('',#1759,.T.);
#1904=FACE_BOUND('',#1760,.T.);
#1905=FACE_BOUND('',#1761,.T.);
#1906=FACE_BOUND('',#1762,.T.);
#1907=FACE_BOUND('',#1763,.T.);
#1908=FACE_BOUND('',#1764,.T.);
#1909=FACE_BOUND('',#1765,.T.);
#1910=FACE_BOUND('',#1766,.T.);
#1911=FACE_BOUND('',#1767,.T.);
#1912=FACE_BOUND('',#1768,.T.);
#1913=FACE_BOUND('',#1769,.T.);
#1914=FACE_BOUND('',#1770,.T.);
#1915=FACE_BOUND('',#1771,.T.);
#1916=FACE_BOUND('',#1772,.T.);
#1917=FACE_BOUND('',#1773,.T.);
#1918=FACE_BOUND('',#1774,.T.);
#1919=FACE_BOUND('',#1775,.T.);
#1920=FACE_BOUND('',#1776,.T.);
#1921=FACE_BOUND('',#1777,.T.);
#1922=FACE_BOUND('',#1778,.T.);
#1923=FACE_BOUND('',#1779,.T.);
#1924=FACE_BOUND('',#1780,.T.);
#1925=FACE_BOUND('',#1781,.T.);
#1926=FACE_BOUND('',#1782,.T.);
#1927=FACE_BOUND('',#1783,.T.);
#1928=FACE_BOUND('',#1784,.T.);
#1929=FACE_BOUND('',#1785,.T.);
#1930=FACE_BOUND('',#1786,.T.);
#1931=FACE_BOUND('',#1787,.T.);
#1932=FACE_BOUND('',#1788,.T.);
#1933=FACE_BOUND('',#1789,.T.);
#1934=FACE_BOUND('',#1790,.T.);
#1935=FACE_BOUND('',#1791,.T.);
#1936=FACE_BOUND('',#1792,.T.);
#1937=FACE_BOUND('',#1793,.T.);
#1938=FACE_BOUND('',#1794,.T.);
#1939=FACE_BOUND('',#1795,.T.);
#1940=FACE_BOUND('',#1796,.T.);
#1941=FACE_BOUND('',#1797,.T.);
#1942=FACE_BOUND('',#1798,.T.);
#1943=FACE_BOUND('',#1799,.T.);
#1944=FACE_BOUND('',#1800,.T.);
#1945=FACE_BOUND('',#1801,.T.);
#1946=FACE_BOUND('',#1802,.T.);
#1947=FACE_BOUND('',#1803,.T.);
#1948=FACE_BOUND('',#1804,.T.);
#1949=FACE_BOUND('',#1805,.T.);
#1950=FACE_BOUND('',#1806,.T.);
#1951=FACE_BOUND('',#1807,.T.);
#1952=PLANE('',#2181);
#1953=PLANE('',#2192);
#1954=PLANE('',#2196);
#1955=PLANE('',#2199);
#1956=PLANE('',#2202);
#1957=PLANE('',#2203);
#1958=PLANE('',#2204);
#1959=PLANE('',#2205);
#1960=PLANE('',#2206);
#1961=PLANE('',#2207);
#1962=PLANE('',#2208);
#1963=PLANE('',#2209);
#1964=PLANE('',#2210);
#1965=PLANE('',#2211);
#1966=PLANE('',#2212);
#1967=PLANE('',#2213);
#1968=PLANE('',#2214);
#1969=PLANE('',#2215);
#1970=PLANE('',#2216);
#1971=PLANE('',#2229);
#1972=PLANE('',#2234);
#1973=PLANE('',#2235);
#1974=PLANE('',#2236);
#1975=PLANE('',#2237);
#1976=PLANE('',#2241);
#1977=PLANE('',#2242);
#1978=PLANE('',#2243);
#1979=PLANE('',#2244);
#1980=PLANE('',#2245);
#1981=PLANE('',#2246);
#1982=PLANE('',#2247);
#1983=PLANE('',#2248);
#1984=PLANE('',#2249);
#1985=PLANE('',#2250);
#1986=PLANE('',#2255);
#1987=PLANE('',#2256);
#1988=PLANE('',#2257);
#1989=PLANE('',#2258);
#1990=PLANE('',#2259);
#1991=PLANE('',#2260);
#1992=PLANE('',#2261);
#1993=PLANE('',#2262);
#1994=PLANE('',#2283);
#1995=PLANE('',#2284);
#1996=PLANE('',#2285);
#1997=PLANE('',#2286);
#1998=PLANE('',#2287);
#1999=PLANE('',#2288);
#2000=PLANE('',#2289);
#2001=PLANE('',#2290);
#2002=PLANE('',#2291);
#2003=PLANE('',#2292);
#2004=PLANE('',#2293);
#2005=PLANE('',#2294);
#2006=PLANE('',#2295);
#2007=PLANE('',#2297);
#2008=PLANE('',#2299);
#2009=PLANE('',#2300);
#2010=PLANE('',#2301);
#2011=PLANE('',#2302);
#2012=PLANE('',#2303);
#2013=PLANE('',#2305);
#2014=PLANE('',#2307);
#2015=PLANE('',#2308);
#2016=PLANE('',#2310);
#2017=PLANE('',#2312);
#2018=PLANE('',#2313);
#2019=PLANE('',#2314);
#2020=PLANE('',#2315);
#2021=PLANE('',#2316);
#2022=PLANE('',#2318);
#2023=PLANE('',#2320);
#2024=PLANE('',#2325);
#2025=PLANE('',#2326);
#2026=PLANE('',#2327);
#2027=PLANE('',#2328);
#2028=PLANE('',#2329);
#2029=PLANE('',#2330);
#2030=PLANE('',#2331);
#2031=PLANE('',#2332);
#2032=PLANE('',#2333);
#2033=PLANE('',#2334);
#2034=PLANE('',#2335);
#2035=PLANE('',#2336);
#2036=PLANE('',#2337);
#2037=PLANE('',#2338);
#2038=PLANE('',#2339);
#2039=PLANE('',#2340);
#2040=PLANE('',#2341);
#2041=PLANE('',#2342);
#2042=PLANE('',#2343);
#2043=PLANE('',#2344);
#2044=PLANE('',#2345);
#2045=PLANE('',#2346);
#2046=ADVANCED_FACE('',(#1808,#1809,#1810,#1811),#1952,.F.);
#2047=ADVANCED_FACE('',(#1812,#1813),#24,.F.);
#2048=ADVANCED_FACE('',(#1814,#1815),#25,.F.);
#2049=ADVANCED_FACE('',(#1816),#1953,.T.);
#2050=ADVANCED_FACE('',(#1817,#1818),#26,.F.);
#2051=ADVANCED_FACE('',(#1819,#1820,#1821),#1954,.T.);
#2052=ADVANCED_FACE('',(#1822,#1823,#1824),#1955,.F.);
#2053=ADVANCED_FACE('',(#1825),#1956,.T.);
#2054=ADVANCED_FACE('',(#1826),#1957,.T.);
#2055=ADVANCED_FACE('',(#1827),#1958,.T.);
#2056=ADVANCED_FACE('',(#1828),#1959,.T.);
#2057=ADVANCED_FACE('',(#1829),#1960,.F.);
#2058=ADVANCED_FACE('',(#1830),#1961,.F.);
#2059=ADVANCED_FACE('',(#1831),#1962,.T.);
#2060=ADVANCED_FACE('',(#1832),#1963,.F.);
#2061=ADVANCED_FACE('',(#1833),#1964,.T.);
#2062=ADVANCED_FACE('',(#1834),#1965,.F.);
#2063=ADVANCED_FACE('',(#1835),#1966,.F.);
#2064=ADVANCED_FACE('',(#1836),#1967,.T.);
#2065=ADVANCED_FACE('',(#1837),#1968,.T.);
#2066=ADVANCED_FACE('',(#1838),#1969,.T.);
#2067=ADVANCED_FACE('',(#1839,#1840,#1841,#1842),#1970,.T.);
#2068=ADVANCED_FACE('',(#1843,#1844),#1971,.T.);
#2069=ADVANCED_FACE('',(#1845),#1972,.T.);
#2070=ADVANCED_FACE('',(#1846),#1973,.F.);
#2071=ADVANCED_FACE('',(#1847),#1974,.F.);
#2072=ADVANCED_FACE('',(#1848),#1975,.T.);
#2073=ADVANCED_FACE('',(#1849,#1850),#27,.F.);
#2074=ADVANCED_FACE('',(#1851),#1976,.T.);
#2075=ADVANCED_FACE('',(#1852),#1977,.T.);
#2076=ADVANCED_FACE('',(#1853),#1978,.F.);
#2077=ADVANCED_FACE('',(#1854),#1979,.T.);
#2078=ADVANCED_FACE('',(#1855),#1980,.F.);
#2079=ADVANCED_FACE('',(#1856),#1981,.F.);
#2080=ADVANCED_FACE('',(#1857),#1982,.T.);
#2081=ADVANCED_FACE('',(#1858),#1983,.T.);
#2082=ADVANCED_FACE('',(#1859),#1984,.T.);
#2083=ADVANCED_FACE('',(#1860,#1861),#1985,.T.);
#2084=ADVANCED_FACE('',(#1862),#1986,.T.);
#2085=ADVANCED_FACE('',(#1863),#1987,.F.);
#2086=ADVANCED_FACE('',(#1864),#1988,.F.);
#2087=ADVANCED_FACE('',(#1865),#1989,.T.);
#2088=ADVANCED_FACE('',(#1866),#1990,.T.);
#2089=ADVANCED_FACE('',(#1867),#1991,.F.);
#2090=ADVANCED_FACE('',(#1868),#1992,.F.);
#2091=ADVANCED_FACE('',(#1869),#1993,.T.);
#2092=ADVANCED_FACE('',(#1870),#28,.T.);
#2093=ADVANCED_FACE('',(#1871),#29,.T.);
#2094=ADVANCED_FACE('',(#1872),#30,.T.);
#2095=ADVANCED_FACE('',(#1873),#31,.T.);
#2096=ADVANCED_FACE('',(#1874),#32,.T.);
#2097=ADVANCED_FACE('',(#1875),#33,.T.);
#2098=ADVANCED_FACE('',(#1876),#34,.T.);
#2099=ADVANCED_FACE('',(#1877),#35,.T.);
#2100=ADVANCED_FACE('',(#1878),#36,.T.);
#2101=ADVANCED_FACE('',(#1879),#37,.T.);
#2102=ADVANCED_FACE('',(#1880),#38,.T.);
#2103=ADVANCED_FACE('',(#1881),#39,.T.);
#2104=ADVANCED_FACE('',(#1882),#1994,.F.);
#2105=ADVANCED_FACE('',(#1883),#1995,.F.);
#2106=ADVANCED_FACE('',(#1884),#1996,.T.);
#2107=ADVANCED_FACE('',(#1885),#1997,.T.);
#2108=ADVANCED_FACE('',(#1886),#1998,.F.);
#2109=ADVANCED_FACE('',(#1887),#1999,.F.);
#2110=ADVANCED_FACE('',(#1888),#2000,.T.);
#2111=ADVANCED_FACE('',(#1889),#2001,.T.);
#2112=ADVANCED_FACE('',(#1890),#2002,.F.);
#2113=ADVANCED_FACE('',(#1891),#2003,.T.);
#2114=ADVANCED_FACE('',(#1892),#2004,.F.);
#2115=ADVANCED_FACE('',(#1893),#2005,.T.);
#2116=ADVANCED_FACE('',(#1894),#2006,.F.);
#2117=ADVANCED_FACE('',(#1895),#12,.T.);
#2118=ADVANCED_FACE('',(#1896),#2007,.T.);
#2119=ADVANCED_FACE('',(#1897),#13,.T.);
#2120=ADVANCED_FACE('',(#1898),#2008,.T.);
#2121=ADVANCED_FACE('',(#1899),#2009,.F.);
#2122=ADVANCED_FACE('',(#1900),#2010,.T.);
#2123=ADVANCED_FACE('',(#1901),#2011,.F.);
#2124=ADVANCED_FACE('',(#1902),#2012,.T.);
#2125=ADVANCED_FACE('',(#1903),#14,.T.);
#2126=ADVANCED_FACE('',(#1904),#2013,.T.);
#2127=ADVANCED_FACE('',(#1905),#15,.T.);
#2128=ADVANCED_FACE('',(#1906),#2014,.F.);
#2129=ADVANCED_FACE('',(#1907),#2015,.T.);
#2130=ADVANCED_FACE('',(#1908),#16,.T.);
#2131=ADVANCED_FACE('',(#1909),#2016,.F.);
#2132=ADVANCED_FACE('',(#1910),#17,.T.);
#2133=ADVANCED_FACE('',(#1911),#2017,.F.);
#2134=ADVANCED_FACE('',(#1912),#2018,.T.);
#2135=ADVANCED_FACE('',(#1913),#2019,.F.);
#2136=ADVANCED_FACE('',(#1914),#2020,.T.);
#2137=ADVANCED_FACE('',(#1915),#2021,.F.);
#2138=ADVANCED_FACE('',(#1916),#18,.T.);
#2139=ADVANCED_FACE('',(#1917),#2022,.F.);
#2140=ADVANCED_FACE('',(#1918),#19,.T.);
#2141=ADVANCED_FACE('',(#1919),#2023,.T.);
#2142=ADVANCED_FACE('',(#1920,#1921),#20,.F.);
#2143=ADVANCED_FACE('',(#1922,#1923),#21,.F.);
#2144=ADVANCED_FACE('',(#1924,#1925),#22,.F.);
#2145=ADVANCED_FACE('',(#1926,#1927),#23,.F.);
#2146=ADVANCED_FACE('',(#1928),#2024,.T.);
#2147=ADVANCED_FACE('',(#1929),#2025,.F.);
#2148=ADVANCED_FACE('',(#1930),#2026,.F.);
#2149=ADVANCED_FACE('',(#1931),#2027,.T.);
#2150=ADVANCED_FACE('',(#1932,#1933),#2028,.T.);
#2151=ADVANCED_FACE('',(#1934),#2029,.T.);
#2152=ADVANCED_FACE('',(#1935),#2030,.F.);
#2153=ADVANCED_FACE('',(#1936),#2031,.F.);
#2154=ADVANCED_FACE('',(#1937),#2032,.T.);
#2155=ADVANCED_FACE('',(#1938,#1939),#2033,.T.);
#2156=ADVANCED_FACE('',(#1940),#2034,.T.);
#2157=ADVANCED_FACE('',(#1941),#2035,.F.);
#2158=ADVANCED_FACE('',(#1942),#2036,.T.);
#2159=ADVANCED_FACE('',(#1943),#2037,.F.);
#2160=ADVANCED_FACE('',(#1944),#2038,.T.);
#2161=ADVANCED_FACE('',(#1945),#2039,.F.);
#2162=ADVANCED_FACE('',(#1946),#2040,.T.);
#2163=ADVANCED_FACE('',(#1947),#2041,.F.);
#2164=ADVANCED_FACE('',(#1948),#2042,.T.);
#2165=ADVANCED_FACE('',(#1949),#2043,.F.);
#2166=ADVANCED_FACE('',(#1950),#2044,.T.);
#2167=ADVANCED_FACE('',(#1951),#2045,.F.);
#2168=CLOSED_SHELL('',(#2046,#2047,#2048,#2049,#2050,#2051,#2052,#2053,
#2054,#2055,#2056,#2057,#2058,#2059,#2060,#2061,#2062,#2063,#2064,#2065,
#2066,#2067,#2068,#2069,#2070,#2071,#2072,#2073,#2074,#2075,#2076,#2077,
#2078,#2079,#2080,#2081,#2082,#2083,#2084,#2085,#2086,#2087,#2088,#2089,
#2090,#2091,#2092,#2093,#2094,#2095,#2096,#2097,#2098,#2099,#2100,#2101,
#2102,#2103,#2104,#2105,#2106,#2107,#2108,#2109,#2110,#2111,#2112,#2113,
#2114,#2115,#2116,#2117,#2118,#2119,#2120,#2121,#2122,#2123,#2124,#2125,
#2126,#2127,#2128,#2129,#2130,#2131,#2132,#2133,#2134,#2135,#2136,#2137,
#2138,#2139,#2140,#2141,#2142,#2143,#2144,#2145,#2146,#2147,#2148,#2149,
#2150,#2151,#2152,#2153,#2154,#2155,#2156,#2157,#2158,#2159,#2160,#2161,
#2162,#2163,#2164,#2165,#2166,#2167));
#2169=STYLED_ITEM('',(#2170),#2177);
#2170=PRESENTATION_STYLE_ASSIGNMENT((#2171));
#2171=SURFACE_STYLE_USAGE(.BOTH.,#2172);
#2172=SURFACE_SIDE_STYLE('',(#2173));
#2173=SURFACE_STYLE_FILL_AREA(#2174);
#2174=FILL_AREA_STYLE('',(#2175));
#2175=FILL_AREA_STYLE_COLOUR('',#2176);
#2176=DRAUGHTING_PRE_DEFINED_COLOUR('black');
#2177=MANIFOLD_SOLID_BREP('shock holder',#2168);
#2178=SHAPE_DEFINITION_REPRESENTATION(#3546,#2179);
#2179=SHAPE_REPRESENTATION('shock holder',(#2180),#3541);
#2180=AXIS2_PLACEMENT_3D('',#2933,#2347,#2348);
#2181=AXIS2_PLACEMENT_3D('',#2934,#2349,#2350);
#2182=AXIS2_PLACEMENT_3D('',#2990,#2378,#2379);
#2183=AXIS2_PLACEMENT_3D('',#2994,#2381,#2382);
#2184=AXIS2_PLACEMENT_3D('',#3006,#2388,#2389);
#2185=AXIS2_PLACEMENT_3D('',#3010,#2391,#2392);
#2186=AXIS2_PLACEMENT_3D('',#3011,#2393,#2394);
#2187=AXIS2_PLACEMENT_3D('',#3012,#2395,#2396);
#2188=AXIS2_PLACEMENT_3D('',#3014,#2397,#2398);
#2189=AXIS2_PLACEMENT_3D('',#3016,#2399,#2400);
#2190=AXIS2_PLACEMENT_3D('',#3017,#2401,#2402);
#2191=AXIS2_PLACEMENT_3D('',#3019,#2403,#2404);
#2192=AXIS2_PLACEMENT_3D('',#3021,#2405,#2406);
#2193=AXIS2_PLACEMENT_3D('',#3056,#2425,#2426);
#2194=AXIS2_PLACEMENT_3D('',#3057,#2427,#2428);
#2195=AXIS2_PLACEMENT_3D('',#3059,#2429,#2430);
#2196=AXIS2_PLACEMENT_3D('',#3061,#2431,#2432);
#2197=AXIS2_PLACEMENT_3D('',#3062,#2433,#2434);
#2198=AXIS2_PLACEMENT_3D('',#3064,#2435,#2436);
#2199=AXIS2_PLACEMENT_3D('',#3074,#2441,#2442);
#2200=AXIS2_PLACEMENT_3D('',#3075,#2443,#2444);
#2201=AXIS2_PLACEMENT_3D('',#3077,#2445,#2446);
#2202=AXIS2_PLACEMENT_3D('',#3087,#2451,#2452);
#2203=AXIS2_PLACEMENT_3D('',#3100,#2459,#2460);
#2204=AXIS2_PLACEMENT_3D('',#3104,#2464,#2465);
#2205=AXIS2_PLACEMENT_3D('',#3111,#2470,#2471);
#2206=AXIS2_PLACEMENT_3D('',#3118,#2476,#2477);
#2207=AXIS2_PLACEMENT_3D('',#3124,#2481,#2482);
#2208=AXIS2_PLACEMENT_3D('',#3130,#2486,#2487);
#2209=AXIS2_PLACEMENT_3D('',#3136,#2491,#2492);
#2210=AXIS2_PLACEMENT_3D('',#3145,#2497,#2498);
#2211=AXIS2_PLACEMENT_3D('',#3151,#2502,#2503);
#2212=AXIS2_PLACEMENT_3D('',#3157,#2507,#2508);
#2213=AXIS2_PLACEMENT_3D('',#3166,#2513,#2514);
#2214=AXIS2_PLACEMENT_3D('',#3175,#2519,#2520);
#2215=AXIS2_PLACEMENT_3D('',#3181,#2524,#2525);
#2216=AXIS2_PLACEMENT_3D('',#3184,#2528,#2529);
#2217=AXIS2_PLACEMENT_3D('',#3197,#2537,#2538);
#2218=AXIS2_PLACEMENT_3D('',#3201,#2540,#2541);
#2219=AXIS2_PLACEMENT_3D('',#3213,#2547,#2548);
#2220=AXIS2_PLACEMENT_3D('',#3217,#2550,#2551);
#2221=AXIS2_PLACEMENT_3D('',#3230,#2559,#2560);
#2222=AXIS2_PLACEMENT_3D('',#3234,#2562,#2563);
#2223=AXIS2_PLACEMENT_3D('',#3238,#2565,#2566);
#2224=AXIS2_PLACEMENT_3D('',#3242,#2568,#2569);
#2225=AXIS2_PLACEMENT_3D('',#3246,#2571,#2572);
#2226=AXIS2_PLACEMENT_3D('',#3250,#2574,#2575);
#2227=AXIS2_PLACEMENT_3D('',#3254,#2577,#2578);
#2228=AXIS2_PLACEMENT_3D('',#3258,#2580,#2581);
#2229=AXIS2_PLACEMENT_3D('',#3259,#2582,#2583);
#2230=AXIS2_PLACEMENT_3D('',#3263,#2585,#2586);
#2231=AXIS2_PLACEMENT_3D('',#3267,#2588,#2589);
#2232=AXIS2_PLACEMENT_3D('',#3271,#2591,#2592);
#2233=AXIS2_PLACEMENT_3D('',#3275,#2594,#2595);
#2234=AXIS2_PLACEMENT_3D('',#3276,#2596,#2597);
#2235=AXIS2_PLACEMENT_3D('',#3279,#2600,#2601);
#2236=AXIS2_PLACEMENT_3D('',#3282,#2604,#2605);
#2237=AXIS2_PLACEMENT_3D('',#3285,#2608,#2609);
#2238=AXIS2_PLACEMENT_3D('',#3288,#2612,#2613);
#2239=AXIS2_PLACEMENT_3D('',#3289,#2614,#2615);
#2240=AXIS2_PLACEMENT_3D('',#3291,#2616,#2617);
#2241=AXIS2_PLACEMENT_3D('',#3293,#2618,#2619);
#2242=AXIS2_PLACEMENT_3D('',#3297,#2623,#2624);
#2243=AXIS2_PLACEMENT_3D('',#3301,#2628,#2629);
#2244=AXIS2_PLACEMENT_3D('',#3304,#2632,#2633);
#2245=AXIS2_PLACEMENT_3D('',#3310,#2637,#2638);
#2246=AXIS2_PLACEMENT_3D('',#3316,#2642,#2643);
#2247=AXIS2_PLACEMENT_3D('',#3325,#2648,#2649);
#2248=AXIS2_PLACEMENT_3D('',#3334,#2654,#2655);
#2249=AXIS2_PLACEMENT_3D('',#3340,#2659,#2660);
#2250=AXIS2_PLACEMENT_3D('',#3343,#2663,#2664);
#2251=AXIS2_PLACEMENT_3D('',#3347,#2666,#2667);
#2252=AXIS2_PLACEMENT_3D('',#3351,#2669,#2670);
#2253=AXIS2_PLACEMENT_3D('',#3355,#2672,#2673);
#2254=AXIS2_PLACEMENT_3D('',#3359,#2675,#2676);
#2255=AXIS2_PLACEMENT_3D('',#3360,#2677,#2678);
#2256=AXIS2_PLACEMENT_3D('',#3363,#2681,#2682);
#2257=AXIS2_PLACEMENT_3D('',#3366,#2685,#2686);
#2258=AXIS2_PLACEMENT_3D('',#3369,#2689,#2690);
#2259=AXIS2_PLACEMENT_3D('',#3372,#2693,#2694);
#2260=AXIS2_PLACEMENT_3D('',#3373,#2695,#2696);
#2261=AXIS2_PLACEMENT_3D('',#3374,#2697,#2698);
#2262=AXIS2_PLACEMENT_3D('',#3375,#2699,#2700);
#2263=AXIS2_PLACEMENT_3D('',#3376,#2701,#2702);
#2264=AXIS2_PLACEMENT_3D('',#3377,#2703,#2704);
#2265=AXIS2_PLACEMENT_3D('',#3378,#2705,#2706);
#2266=AXIS2_PLACEMENT_3D('',#3379,#2707,#2708);
#2267=AXIS2_PLACEMENT_3D('',#3380,#2709,#2710);
#2268=AXIS2_PLACEMENT_3D('',#3381,#2711,#2712);
#2269=AXIS2_PLACEMENT_3D('',#3382,#2713,#2714);
#2270=AXIS2_PLACEMENT_3D('',#3383,#2715,#2716);
#2271=AXIS2_PLACEMENT_3D('',#3384,#2717,#2718);
#2272=AXIS2_PLACEMENT_3D('',#3385,#2719,#2720);
#2273=AXIS2_PLACEMENT_3D('',#3386,#2721,#2722);
#2274=AXIS2_PLACEMENT_3D('',#3387,#2723,#2724);
#2275=AXIS2_PLACEMENT_3D('',#3388,#2725,#2726);
#2276=AXIS2_PLACEMENT_3D('',#3389,#2727,#2728);
#2277=AXIS2_PLACEMENT_3D('',#3390,#2729,#2730);
#2278=AXIS2_PLACEMENT_3D('',#3391,#2731,#2732);
#2279=AXIS2_PLACEMENT_3D('',#3392,#2733,#2734);
#2280=AXIS2_PLACEMENT_3D('',#3393,#2735,#2736);
#2281=AXIS2_PLACEMENT_3D('',#3394,#2737,#2738);
#2282=AXIS2_PLACEMENT_3D('',#3395,#2739,#2740);
#2283=AXIS2_PLACEMENT_3D('',#3396,#2741,#2742);
#2284=AXIS2_PLACEMENT_3D('',#3398,#2744,#2745);
#2285=AXIS2_PLACEMENT_3D('',#3400,#2747,#2748);
#2286=AXIS2_PLACEMENT_3D('',#3402,#2750,#2751);
#2287=AXIS2_PLACEMENT_3D('',#3404,#2753,#2754);
#2288=AXIS2_PLACEMENT_3D('',#3406,#2756,#2757);
#2289=AXIS2_PLACEMENT_3D('',#3408,#2759,#2760);
#2290=AXIS2_PLACEMENT_3D('',#3410,#2762,#2763);
#2291=AXIS2_PLACEMENT_3D('',#3412,#2765,#2766);
#2292=AXIS2_PLACEMENT_3D('',#3413,#2767,#2768);
#2293=AXIS2_PLACEMENT_3D('',#3414,#2769,#2770);
#2294=AXIS2_PLACEMENT_3D('',#3415,#2771,#2772);
#2295=AXIS2_PLACEMENT_3D('',#3416,#2773,#2774);
#2296=AXIS2_PLACEMENT_3D('',#3418,#2776,#2777);
#2297=AXIS2_PLACEMENT_3D('',#3420,#2779,#2780);
#2298=AXIS2_PLACEMENT_3D('',#3422,#2782,#2783);
#2299=AXIS2_PLACEMENT_3D('',#3424,#2785,#2786);
#2300=AXIS2_PLACEMENT_3D('',#3426,#2788,#2789);
#2301=AXIS2_PLACEMENT_3D('',#3428,#2791,#2792);
#2302=AXIS2_PLACEMENT_3D('',#3430,#2794,#2795);
#2303=AXIS2_PLACEMENT_3D('',#3432,#2797,#2798);
#2304=AXIS2_PLACEMENT_3D('',#3434,#2800,#2801);
#2305=AXIS2_PLACEMENT_3D('',#3436,#2803,#2804);
#2306=AXIS2_PLACEMENT_3D('',#3438,#2806,#2807);
#2307=AXIS2_PLACEMENT_3D('',#3440,#2809,#2810);
#2308=AXIS2_PLACEMENT_3D('',#3441,#2811,#2812);
#2309=AXIS2_PLACEMENT_3D('',#3443,#2814,#2815);
#2310=AXIS2_PLACEMENT_3D('',#3445,#2817,#2818);
#2311=AXIS2_PLACEMENT_3D('',#3447,#2820,#2821);
#2312=AXIS2_PLACEMENT_3D('',#3449,#2823,#2824);
#2313=AXIS2_PLACEMENT_3D('',#3451,#2826,#2827);
#2314=AXIS2_PLACEMENT_3D('',#3453,#2829,#2830);
#2315=AXIS2_PLACEMENT_3D('',#3455,#2832,#2833);
#2316=AXIS2_PLACEMENT_3D('',#3457,#2835,#2836);
#2317=AXIS2_PLACEMENT_3D('',#3459,#2838,#2839);
#2318=AXIS2_PLACEMENT_3D('',#3461,#2841,#2842);
#2319=AXIS2_PLACEMENT_3D('',#3463,#2844,#2845);
#2320=AXIS2_PLACEMENT_3D('',#3465,#2847,#2848);
#2321=AXIS2_PLACEMENT_3D('',#3466,#2849,#2850);
#2322=AXIS2_PLACEMENT_3D('',#3467,#2851,#2852);
#2323=AXIS2_PLACEMENT_3D('',#3468,#2853,#2854);
#2324=AXIS2_PLACEMENT_3D('',#3469,#2855,#2856);
#2325=AXIS2_PLACEMENT_3D('',#3470,#2857,#2858);
#2326=AXIS2_PLACEMENT_3D('',#3479,#2863,#2864);
#2327=AXIS2_PLACEMENT_3D('',#3485,#2868,#2869);
#2328=AXIS2_PLACEMENT_3D('',#3491,#2873,#2874);
#2329=AXIS2_PLACEMENT_3D('',#3494,#2877,#2878);
#2330=AXIS2_PLACEMENT_3D('',#3495,#2879,#2880);
#2331=AXIS2_PLACEMENT_3D('',#3504,#2885,#2886);
#2332=AXIS2_PLACEMENT_3D('',#3510,#2890,#2891);
#2333=AXIS2_PLACEMENT_3D('',#3516,#2895,#2896);
#2334=AXIS2_PLACEMENT_3D('',#3519,#2899,#2900);
#2335=AXIS2_PLACEMENT_3D('',#3520,#2901,#2902);
#2336=AXIS2_PLACEMENT_3D('',#3521,#2903,#2904);
#2337=AXIS2_PLACEMENT_3D('',#3522,#2905,#2906);
#2338=AXIS2_PLACEMENT_3D('',#3523,#2907,#2908);
#2339=AXIS2_PLACEMENT_3D('',#3524,#2909,#2910);
#2340=AXIS2_PLACEMENT_3D('',#3527,#2913,#2914);
#2341=AXIS2_PLACEMENT_3D('',#3529,#2916,#2917);
#2342=AXIS2_PLACEMENT_3D('',#3531,#2919,#2920);
#2343=AXIS2_PLACEMENT_3D('',#3532,#2921,#2922);
#2344=AXIS2_PLACEMENT_3D('',#3535,#2925,#2926);
#2345=AXIS2_PLACEMENT_3D('',#3537,#2928,#2929);
#2346=AXIS2_PLACEMENT_3D('',#3539,#2931,#2932);
#2347=DIRECTION('',(0.,0.,1.));
#2348=DIRECTION('',(1.,0.,0.));
#2349=DIRECTION('',(0.,-1.,0.));
#2350=DIRECTION('',(1.,0.,0.));
#2351=DIRECTION('',(1.,0.,0.));
#2352=DIRECTION('',(0.,0.,1.));
#2353=DIRECTION('',(-1.,0.,0.));
#2354=DIRECTION('',(0.,0.,-1.));
#2355=DIRECTION('',(1.,0.,0.));
#2356=DIRECTION('',(0.,0.,1.));
#2357=DIRECTION('',(-1.,0.,0.));
#2358=DIRECTION('',(0.,0.,-1.));
#2359=DIRECTION('',(-1.,0.,-1.7347234759768E-16));
#2360=DIRECTION('',(-0.850650808352041,0.,-0.525731112119132));
#2361=DIRECTION('',(0.447213595499958,0.,0.894427190999916));
#2362=DIRECTION('',(-0.525731112119134,0.,0.85065080835204));
#2363=DIRECTION('',(-1.,0.,0.));
#2364=DIRECTION('',(-0.525731112119134,0.,-0.85065080835204));
#2365=DIRECTION('',(-0.447213595499958,0.,0.894427190999916));
#2366=DIRECTION('',(-0.850650808352041,0.,0.525731112119133));
#2367=DIRECTION('',(-1.,0.,0.));
#2368=DIRECTION('',(-0.182089260182308,0.,-0.98328200498446));
#2369=DIRECTION('',(0.,0.,-1.));
#2370=DIRECTION('',(1.,0.,0.));
#2371=DIRECTION('',(0.,0.,1.));
#2372=DIRECTION('',(-1.,0.,0.));
#2373=DIRECTION('',(0.,0.,-1.));
#2374=DIRECTION('',(-1.,0.,0.));
#2375=DIRECTION('',(0.,0.,1.));
#2376=DIRECTION('',(-0.182089260182308,0.,0.98328200498446));
#2377=DIRECTION('',(-1.,0.,0.));
#2378=DIRECTION('',(0.,-1.,0.));
#2379=DIRECTION('',(0.,0.,-1.));
#2380=DIRECTION('',(0.,0.,1.));
#2381=DIRECTION('',(0.,-1.,0.));
#2382=DIRECTION('',(0.,0.,-1.));
#2383=DIRECTION('',(1.,0.,0.));
#2384=DIRECTION('',(0.784882765533427,0.,-0.61964428857902));
#2385=DIRECTION('',(1.,0.,-2.89120579329468E-16));
#2386=DIRECTION('',(0.784882765533427,0.,0.61964428857902));
#2387=DIRECTION('',(1.,0.,0.));
#2388=DIRECTION('',(0.,-1.,0.));
#2389=DIRECTION('',(0.,0.,-1.));
#2390=DIRECTION('',(0.,0.,-1.));
#2391=DIRECTION('',(0.,-1.,0.));
#2392=DIRECTION('',(0.,0.,-1.));
#2393=DIRECTION('',(0.,-1.,0.));
#2394=DIRECTION('',(0.,0.,-1.));
#2395=DIRECTION('',(0.,-1.,0.));
#2396=DIRECTION('',(1.,0.,0.));
#2397=DIRECTION('',(0.,-1.,0.));
#2398=DIRECTION('',(0.,0.,-1.));
#2399=DIRECTION('',(0.,-1.,0.));
#2400=DIRECTION('',(0.,0.,-1.));
#2401=DIRECTION('',(0.,-1.,0.));
#2402=DIRECTION('',(1.,0.,0.));
#2403=DIRECTION('',(0.,-1.,0.));
#2404=DIRECTION('',(0.,0.,-1.));
#2405=DIRECTION('',(0.,0.,-1.));
#2406=DIRECTION('',(-1.,0.,0.));
#2407=DIRECTION('',(1.,0.,0.));
#2408=DIRECTION('',(0.707106781186546,-0.707106781186549,0.));
#2409=DIRECTION('',(0.,1.,0.));
#2410=DIRECTION('',(-1.,0.,0.));
#2411=DIRECTION('',(0.,1.,0.));
#2412=DIRECTION('',(0.707106781186548,0.707106781186548,0.));
#2413=DIRECTION('',(-1.,0.,0.));
#2414=DIRECTION('',(0.707106781186547,-0.707106781186548,0.));
#2415=DIRECTION('',(0.,1.,0.));
#2416=DIRECTION('',(0.707106781186547,0.707106781186548,0.));
#2417=DIRECTION('',(0.707106781186548,-0.707106781186548,0.));
#2418=DIRECTION('',(0.,1.,0.));
#2419=DIRECTION('',(1.,0.,0.));
#2420=DIRECTION('',(0.,1.,0.));
#2421=DIRECTION('',(0.707106781186546,0.707106781186549,0.));
#2422=DIRECTION('',(0.707106781186547,-0.707106781186548,0.));
#2423=DIRECTION('',(0.,1.,0.));
#2424=DIRECTION('',(0.707106781186547,0.707106781186548,0.));
#2425=DIRECTION('',(0.,1.,0.));
#2426=DIRECTION('',(0.,0.,1.));
#2427=DIRECTION('',(0.,-1.,0.));
#2428=DIRECTION('',(0.,0.,-1.));
#2429=DIRECTION('',(0.,-1.,0.));
#2430=DIRECTION('',(0.,0.,-1.));
#2431=DIRECTION('',(0.,-1.,0.));
#2432=DIRECTION('',(1.,0.,0.));
#2433=DIRECTION('',(0.,-1.,0.));
#2434=DIRECTION('',(0.,0.,-1.));
#2435=DIRECTION('',(0.,-1.,0.));
#2436=DIRECTION('',(0.,0.,-1.));
#2437=DIRECTION('',(0.,0.,-1.));
#2438=DIRECTION('',(-1.,0.,0.));
#2439=DIRECTION('',(0.,0.,-1.));
#2440=DIRECTION('',(1.,0.,0.));
#2441=DIRECTION('',(0.,-1.,0.));
#2442=DIRECTION('',(1.,0.,0.));
#2443=DIRECTION('',(0.,-1.,0.));
#2444=DIRECTION('',(0.,0.,-1.));
#2445=DIRECTION('',(0.,-1.,0.));
#2446=DIRECTION('',(0.,0.,-1.));
#2447=DIRECTION('',(0.,0.,-1.));
#2448=DIRECTION('',(1.,0.,0.));
#2449=DIRECTION('',(0.,0.,-1.));
#2450=DIRECTION('',(-1.,0.,0.));
#2451=DIRECTION('',(0.,0.,-1.));
#2452=DIRECTION('',(-1.,0.,0.));
#2453=DIRECTION('',(-1.,0.,0.));
#2454=DIRECTION('',(-0.707106781186548,-0.707106781186548,0.));
#2455=DIRECTION('',(0.,1.,0.));
#2456=DIRECTION('',(1.,0.,0.));
#2457=DIRECTION('',(0.,1.,0.));
#2458=DIRECTION('',(-0.707106781186546,0.707106781186549,0.));
#2459=DIRECTION('',(1.,0.,0.));
#2460=DIRECTION('',(0.,0.,-1.));
#2461=DIRECTION('',(0.,0.,-1.));
#2462=DIRECTION('',(0.,0.707106781186549,-0.707106781186547));
#2463=DIRECTION('',(0.,0.707106781186547,-0.707106781186548));
#2464=DIRECTION('',(1.,0.,0.));
#2465=DIRECTION('',(0.,0.,-1.));
#2466=DIRECTION('',(0.,0.,1.));
#2467=DIRECTION('',(0.,1.,0.));
#2468=DIRECTION('',(0.,-0.707106781186547,-0.707106781186548));
#2469=DIRECTION('',(0.,-0.707106781186549,-0.707106781186546));
#2470=DIRECTION('',(0.,0.,-1.));
#2471=DIRECTION('',(-1.,0.,0.));
#2472=DIRECTION('',(0.,1.,0.));
#2473=DIRECTION('',(-1.,0.,0.));
#2474=DIRECTION('',(-0.707106781186548,0.707106781186548,0.));
#2475=DIRECTION('',(-0.707106781186546,-0.707106781186549,0.));
#2476=DIRECTION('',(1.7347234759768E-16,0.,-1.));
#2477=DIRECTION('',(-1.,0.,-1.73472347597681E-16));
#2478=DIRECTION('',(-1.,0.,-1.7347234759768E-16));
#2479=DIRECTION('',(0.,1.,0.));
#2480=DIRECTION('',(0.,-1.,0.));
#2481=DIRECTION('',(-0.894427190999916,0.,-0.447213595499958));
#2482=DIRECTION('',(-0.447213595499958,0.,0.894427190999916));
#2483=DIRECTION('',(-0.447213595499958,0.,0.894427190999916));
#2484=DIRECTION('',(0.,1.,0.));
#2485=DIRECTION('',(0.,-1.,0.));
#2486=DIRECTION('',(0.,0.,-1.));
#2487=DIRECTION('',(-1.,0.,0.));
#2488=DIRECTION('',(0.,-1.,0.));
#2489=DIRECTION('',(-1.,0.,0.));
#2490=DIRECTION('',(0.,1.,0.));
#2491=DIRECTION('',(-2.89120579329468E-16,0.,-1.));
#2492=DIRECTION('',(-1.,0.,2.89120579329468E-16));
#2493=DIRECTION('',(0.,1.,0.));
#2494=DIRECTION('',(1.,0.,-2.89120579329468E-16));
#2495=DIRECTION('',(0.,1.,0.));
#2496=DIRECTION('',(-1.,0.,2.89120579329468E-16));
#2497=DIRECTION('',(0.61964428857902,0.,0.784882765533427));
#2498=DIRECTION('',(0.784882765533427,0.,-0.61964428857902));
#2499=DIRECTION('',(0.,1.,0.));
#2500=DIRECTION('',(0.784882765533427,0.,-0.61964428857902));
#2501=DIRECTION('',(-0.784882765533427,0.,0.61964428857902));
#2502=DIRECTION('',(0.,0.,-1.));
#2503=DIRECTION('',(-1.,0.,0.));
#2504=DIRECTION('',(0.,1.,0.));
#2505=DIRECTION('',(1.,0.,0.));
#2506=DIRECTION('',(-1.,0.,0.));
#2507=DIRECTION('',(1.,0.,0.));
#2508=DIRECTION('',(0.,0.,-1.));
#2509=DIRECTION('',(0.,1.,0.));
#2510=DIRECTION('',(0.,0.,1.));
#2511=DIRECTION('',(0.,1.,0.));
#2512=DIRECTION('',(0.,0.,-1.));
#2513=DIRECTION('',(0.,0.,-1.));
#2514=DIRECTION('',(-1.,0.,0.));
#2515=DIRECTION('',(0.,1.,0.));
#2516=DIRECTION('',(-1.,0.,0.));
#2517=DIRECTION('',(0.,1.,0.));
#2518=DIRECTION('',(1.,0.,0.));
#2519=DIRECTION('',(-0.98328200498446,0.,-0.182089260182308));
#2520=DIRECTION('',(-0.182089260182308,0.,0.98328200498446));
#2521=DIRECTION('',(0.,1.,0.));
#2522=DIRECTION('',(-0.182089260182308,0.,0.98328200498446));
#2523=DIRECTION('',(0.182089260182308,0.,-0.98328200498446));
#2524=DIRECTION('',(-1.,0.,0.));
#2525=DIRECTION('',(0.,0.,1.));
#2526=DIRECTION('',(0.,0.,1.));
#2527=DIRECTION('',(0.,0.,-1.));
#2528=DIRECTION('',(0.,-1.,0.));
#2529=DIRECTION('',(1.,0.,0.));
#2530=DIRECTION('',(0.447213595499958,0.,0.894427190999916));
#2531=DIRECTION('',(0.850650808352041,0.,0.525731112119132));
#2532=DIRECTION('',(0.850650808352041,0.,-0.525731112119133));
#2533=DIRECTION('',(0.525731112119134,0.,0.85065080835204));
#2534=DIRECTION('',(0.525731112119134,0.,-0.85065080835204));
#2535=DIRECTION('',(0.182089260182308,0.,0.98328200498446));
#2536=DIRECTION('',(1.,0.,0.));
#2537=DIRECTION('',(0.,-1.,0.));
#2538=DIRECTION('',(0.,0.,-1.));
#2539=DIRECTION('',(0.,0.,1.));
#2540=DIRECTION('',(0.,-1.,0.));
#2541=DIRECTION('',(0.,0.,-1.));
#2542=DIRECTION('',(-1.,0.,0.));
#2543=DIRECTION('',(-0.784882765533427,0.,-0.61964428857902));
#2544=DIRECTION('',(-1.,0.,2.89120579329468E-16));
#2545=DIRECTION('',(-0.784882765533427,0.,0.61964428857902));
#2546=DIRECTION('',(-1.,0.,0.));
#2547=DIRECTION('',(0.,-1.,0.));
#2548=DIRECTION('',(0.,0.,-1.));
#2549=DIRECTION('',(0.,0.,-1.));
#2550=DIRECTION('',(0.,-1.,0.));
#2551=DIRECTION('',(0.,0.,-1.));
#2552=DIRECTION('',(1.,0.,0.));
#2553=DIRECTION('',(0.182089260182308,0.,-0.98328200498446));
#2554=DIRECTION('',(0.,0.,-1.));
#2555=DIRECTION('',(0.,0.,1.));
#2556=DIRECTION('',(0.,0.,-1.));
#2557=DIRECTION('',(0.,0.,1.));
#2558=DIRECTION('',(-1.,0.,0.));
#2559=DIRECTION('',(0.,-1.,0.));
#2560=DIRECTION('',(0.,0.,-1.));
#2561=DIRECTION('',(0.,0.,-1.));
#2562=DIRECTION('',(0.,-1.,0.));
#2563=DIRECTION('',(0.,0.,-1.));
#2564=DIRECTION('',(-1.,0.,0.));
#2565=DIRECTION('',(0.,-1.,0.));
#2566=DIRECTION('',(0.,0.,-1.));
#2567=DIRECTION('',(0.,0.,-1.));
#2568=DIRECTION('',(0.,-1.,0.));
#2569=DIRECTION('',(0.,0.,-1.));
#2570=DIRECTION('',(0.,0.,-1.));
#2571=DIRECTION('',(0.,-1.,0.));
#2572=DIRECTION('',(0.,0.,-1.));
#2573=DIRECTION('',(1.,0.,0.));
#2574=DIRECTION('',(0.,-1.,0.));
#2575=DIRECTION('',(0.,0.,-1.));
#2576=DIRECTION('',(0.,0.,-1.));
#2577=DIRECTION('',(0.,-1.,0.));
#2578=DIRECTION('',(0.,0.,-1.));
#2579=DIRECTION('',(1.,0.,0.));
#2580=DIRECTION('',(0.,-1.,0.));
#2581=DIRECTION('',(0.,0.,-1.));
#2582=DIRECTION('',(0.,-1.,0.));
#2583=DIRECTION('',(1.,0.,0.));
#2584=DIRECTION('',(-1.,0.,0.));
#2585=DIRECTION('',(0.,-1.,0.));
#2586=DIRECTION('',(0.,0.,-1.));
#2587=DIRECTION('',(0.,0.,-1.));
#2588=DIRECTION('',(0.,-1.,0.));
#2589=DIRECTION('',(0.,0.,-1.));
#2590=DIRECTION('',(-1.,0.,0.));
#2591=DIRECTION('',(0.,-1.,0.));
#2592=DIRECTION('',(0.,0.,-1.));
#2593=DIRECTION('',(0.,0.,-1.));
#2594=DIRECTION('',(0.,-1.,0.));
#2595=DIRECTION('',(0.,0.,-1.));
#2596=DIRECTION('',(0.,0.,-1.));
#2597=DIRECTION('',(-1.,0.,0.));
#2598=DIRECTION('',(0.,1.,0.));
#2599=DIRECTION('',(0.,1.,0.));
#2600=DIRECTION('',(1.,0.,0.));
#2601=DIRECTION('',(0.,0.,-1.));
#2602=DIRECTION('',(0.,1.,0.));
#2603=DIRECTION('',(0.,1.,0.));
#2604=DIRECTION('',(0.,0.,-1.));
#2605=DIRECTION('',(-1.,0.,0.));
#2606=DIRECTION('',(0.,1.,0.));
#2607=DIRECTION('',(0.,1.,0.));
#2608=DIRECTION('',(1.,0.,0.));
#2609=DIRECTION('',(0.,0.,-1.));
#2610=DIRECTION('',(0.,1.,0.));
#2611=DIRECTION('',(0.,1.,0.));
#2612=DIRECTION('',(0.,1.,0.));
#2613=DIRECTION('',(0.,0.,1.));
#2614=DIRECTION('',(0.,-1.,0.));
#2615=DIRECTION('',(0.,0.,-1.));
#2616=DIRECTION('',(0.,-1.,0.));
#2617=DIRECTION('',(0.,0.,-1.));
#2618=DIRECTION('',(-1.,0.,0.));
#2619=DIRECTION('',(0.,0.,-1.));
#2620=DIRECTION('',(0.,0.,1.));
#2621=DIRECTION('',(0.,-0.707106781186547,0.707106781186548));
#2622=DIRECTION('',(0.,-0.707106781186549,0.707106781186547));
#2623=DIRECTION('',(-1.,0.,0.));
#2624=DIRECTION('',(0.,0.,-1.));
#2625=DIRECTION('',(0.,0.,-1.));
#2626=DIRECTION('',(0.,0.707106781186549,0.707106781186546));
#2627=DIRECTION('',(0.,0.707106781186547,0.707106781186548));
#2628=DIRECTION('',(0.894427190999916,0.,-0.447213595499958));
#2629=DIRECTION('',(0.447213595499958,0.,0.894427190999916));
#2630=DIRECTION('',(0.,-1.,0.));
#2631=DIRECTION('',(0.,1.,0.));
#2632=DIRECTION('',(-0.61964428857902,0.,0.784882765533427));
#2633=DIRECTION('',(-0.784882765533427,0.,-0.61964428857902));
#2634=DIRECTION('',(0.784882765533427,0.,0.61964428857902));
#2635=DIRECTION('',(0.,1.,0.));
#2636=DIRECTION('',(-0.784882765533427,0.,-0.61964428857902));
#2637=DIRECTION('',(0.,0.,-1.));
#2638=DIRECTION('',(1.,0.,0.));
#2639=DIRECTION('',(1.,0.,0.));
#2640=DIRECTION('',(0.,1.,0.));
#2641=DIRECTION('',(-1.,0.,0.));
#2642=DIRECTION('',(-1.,0.,0.));
#2643=DIRECTION('',(0.,0.,-1.));
#2644=DIRECTION('',(0.,1.,0.));
#2645=DIRECTION('',(0.,0.,-1.));
#2646=DIRECTION('',(0.,1.,0.));
#2647=DIRECTION('',(0.,0.,1.));
#2648=DIRECTION('',(0.,0.,-1.));
#2649=DIRECTION('',(1.,0.,0.));
#2650=DIRECTION('',(0.,1.,0.));
#2651=DIRECTION('',(-1.,0.,0.));
#2652=DIRECTION('',(0.,1.,0.));
#2653=DIRECTION('',(1.,0.,0.));
#2654=DIRECTION('',(0.98328200498446,0.,-0.182089260182308));
#2655=DIRECTION('',(0.182089260182308,0.,0.98328200498446));
#2656=DIRECTION('',(-0.182089260182308,0.,-0.98328200498446));
#2657=DIRECTION('',(0.,1.,0.));
#2658=DIRECTION('',(0.182089260182308,0.,0.98328200498446));
#2659=DIRECTION('',(1.,0.,0.));
#2660=DIRECTION('',(0.,0.,1.));
#2661=DIRECTION('',(0.,0.,-1.));
#2662=DIRECTION('',(0.,0.,1.));
#2663=DIRECTION('',(0.,-1.,0.));
#2664=DIRECTION('',(-1.,0.,0.));
#2665=DIRECTION('',(0.,0.,-1.));
#2666=DIRECTION('',(0.,-1.,0.));
#2667=DIRECTION('',(0.,0.,-1.));
#2668=DIRECTION('',(1.,0.,0.));
#2669=DIRECTION('',(0.,-1.,0.));
#2670=DIRECTION('',(0.,0.,-1.));
#2671=DIRECTION('',(0.,0.,-1.));
#2672=DIRECTION('',(0.,-1.,0.));
#2673=DIRECTION('',(0.,0.,-1.));
#2674=DIRECTION('',(1.,0.,0.));
#2675=DIRECTION('',(0.,-1.,0.));
#2676=DIRECTION('',(0.,0.,-1.));
#2677=DIRECTION('',(0.,0.,-1.));
#2678=DIRECTION('',(1.,0.,0.));
#2679=DIRECTION('',(0.,1.,0.));
#2680=DIRECTION('',(0.,1.,0.));
#2681=DIRECTION('',(-1.,0.,0.));
#2682=DIRECTION('',(0.,0.,-1.));
#2683=DIRECTION('',(0.,1.,0.));
#2684=DIRECTION('',(0.,1.,0.));
#2685=DIRECTION('',(0.,0.,-1.));
#2686=DIRECTION('',(1.,0.,0.));
#2687=DIRECTION('',(0.,1.,0.));
#2688=DIRECTION('',(0.,1.,0.));
#2689=DIRECTION('',(-1.,0.,0.));
#2690=DIRECTION('',(0.,0.,-1.));
#2691=DIRECTION('',(0.,1.,0.));
#2692=DIRECTION('',(0.,1.,0.));
#2693=DIRECTION('',(0.,-0.707106781186548,-0.707106781186547));
#2694=DIRECTION('',(1.,0.,0.));
#2695=DIRECTION('',(0.,-0.707106781186548,0.707106781186547));
#2696=DIRECTION('',(-1.,0.,0.));
#2697=DIRECTION('',(0.,0.707106781186547,0.707106781186549));
#2698=DIRECTION('',(-1.,0.,0.));
#2699=DIRECTION('',(0.,0.707106781186546,-0.707106781186549));
#2700=DIRECTION('',(1.,0.,0.));
#2701=DIRECTION('',(0.,1.,0.));
#2702=DIRECTION('',(0.,0.,1.));
#2703=DIRECTION('',(0.,-1.,0.));
#2704=DIRECTION('',(0.,0.,-1.));
#2705=DIRECTION('',(0.,-1.,0.));
#2706=DIRECTION('',(0.,0.,-1.));
#2707=DIRECTION('',(0.,1.,0.));
#2708=DIRECTION('',(0.,0.,1.));
#2709=DIRECTION('',(0.,1.,0.));
#2710=DIRECTION('',(0.,0.,1.));
#2711=DIRECTION('',(0.,-1.,0.));
#2712=DIRECTION('',(0.,0.,-1.));
#2713=DIRECTION('',(0.,-1.,0.));
#2714=DIRECTION('',(0.,0.,-1.));
#2715=DIRECTION('',(0.,1.,0.));
#2716=DIRECTION('',(0.,0.,1.));
#2717=DIRECTION('',(0.,-1.,0.));
#2718=DIRECTION('',(0.,0.,-1.));
#2719=DIRECTION('',(0.,-1.,0.));
#2720=DIRECTION('',(0.,0.,-1.));
#2721=DIRECTION('',(0.,-1.,0.));
#2722=DIRECTION('',(0.,0.,-1.));
#2723=DIRECTION('',(0.,1.,0.));
#2724=DIRECTION('',(0.,0.,1.));
#2725=DIRECTION('',(0.,-1.,0.));
#2726=DIRECTION('',(0.,0.,-1.));
#2727=DIRECTION('',(0.,-1.,0.));
#2728=DIRECTION('',(0.,0.,-1.));
#2729=DIRECTION('',(0.,-1.,0.));
#2730=DIRECTION('',(0.,0.,-1.));
#2731=DIRECTION('',(0.,-1.,0.));
#2732=DIRECTION('',(0.,0.,-1.));
#2733=DIRECTION('',(0.,-1.,0.));
#2734=DIRECTION('',(0.,0.,-1.));
#2735=DIRECTION('',(0.,1.,0.));
#2736=DIRECTION('',(0.,0.,1.));
#2737=DIRECTION('',(0.,-1.,0.));
#2738=DIRECTION('',(0.,0.,-1.));
#2739=DIRECTION('',(0.,-1.,0.));
#2740=DIRECTION('',(0.,0.,-1.));
#2741=DIRECTION('',(-0.707106781186548,0.707106781186547,0.));
#2742=DIRECTION('',(0.,0.,1.));
#2743=DIRECTION('',(-0.705621343115945,-0.705621343115945,0.0647845682126482));
#2744=DIRECTION('',(-0.695285373543216,0.707106781186548,0.128756550656151));
#2745=DIRECTION('',(0.182089260182308,0.,0.98328200498446));
#2746=DIRECTION('',(-0.506986945248099,-0.609493329474574,0.609493329474573));
#2747=DIRECTION('',(0.707106781186548,0.707106781186547,0.));
#2748=DIRECTION('',(0.,0.,-1.));
#2749=DIRECTION('',(0.705621343115945,-0.705621343115945,-0.0647845682126482));
#2750=DIRECTION('',(0.695285373543216,0.707106781186548,-0.128756550656151));
#2751=DIRECTION('',(-0.182089260182308,0.,-0.98328200498446));
#2752=DIRECTION('',(0.506986945248098,-0.609493329474573,-0.609493329474574));
#2753=DIRECTION('',(0.707106781186548,0.707106781186547,0.));
#2754=DIRECTION('',(0.,0.,1.));
#2755=DIRECTION('',(-0.705621343115945,0.705621343115945,-0.0647845682126469));
#2756=DIRECTION('',(0.695285373543217,0.707106781186547,0.128756550656151));
#2757=DIRECTION('',(-0.182089260182308,0.,0.98328200498446));
#2758=DIRECTION('',(-0.506986945248098,0.609493329474574,-0.609493329474573));
#2759=DIRECTION('',(-0.707106781186548,0.707106781186547,0.));
#2760=DIRECTION('',(0.,0.,-1.));
#2761=DIRECTION('',(0.705621343115945,0.705621343115945,0.0647845682126469));
#2762=DIRECTION('',(-0.695285373543217,0.707106781186547,-0.128756550656151));
#2763=DIRECTION('',(0.182089260182308,0.,-0.98328200498446));
#2764=DIRECTION('',(0.506986945248098,0.609493329474573,0.609493329474574));
#2765=DIRECTION('',(0.707106781186549,0.707106781186546,0.));
#2766=DIRECTION('',(0.,0.,-1.));
#2767=DIRECTION('',(-0.707106781186549,0.707106781186546,0.));
#2768=DIRECTION('',(0.,0.,1.));
#2769=DIRECTION('',(-0.707106781186548,0.707106781186548,0.));
#2770=DIRECTION('',(0.,0.,-1.));
#2771=DIRECTION('',(0.707106781186548,0.707106781186548,0.));
#2772=DIRECTION('',(0.,0.,1.));
#2773=DIRECTION('',(0.,0.707106781186547,0.707106781186548));
#2774=DIRECTION('',(-1.,0.,0.));
#2775=DIRECTION('',(0.,-0.707106781186548,0.707106781186547));
#2776=DIRECTION('',(0.,1.,0.));
#2777=DIRECTION('',(0.,0.,1.));
#2778=DIRECTION('',(0.707106781186547,-0.707106781186548,0.));
#2779=DIRECTION('',(-0.707106781186548,-0.707106781186547,0.));
#2780=DIRECTION('',(0.,0.,1.));
#2781=DIRECTION('',(0.707106781186547,-0.707106781186548,0.));
#2782=DIRECTION('',(0.,1.,0.));
#2783=DIRECTION('',(0.,0.,1.));
#2784=DIRECTION('',(0.,-0.707106781186548,-0.707106781186547));
#2785=DIRECTION('',(0.,-0.707106781186547,0.707106781186548));
#2786=DIRECTION('',(1.,0.,0.));
#2787=DIRECTION('',(-0.23840281930362,-0.68671831770679,-0.686718317706789));
#2788=DIRECTION('',(-0.438154678377739,0.707106781186548,-0.554995925945137));
#2789=DIRECTION('',(0.784882765533427,0.,-0.61964428857902));
#2790=DIRECTION('',(-0.238402819303619,-0.68671831770679,-0.686718317706789));
#2791=DIRECTION('',(2.0443912222445E-16,-0.707106781186547,0.707106781186548));
#2792=DIRECTION('',(1.,0.,-2.89120579329468E-16));
#2793=DIRECTION('',(0.238402819303618,-0.68671831770679,-0.686718317706789));
#2794=DIRECTION('',(0.438154678377739,0.707106781186547,-0.554995925945137));
#2795=DIRECTION('',(-0.784882765533427,0.,-0.61964428857902));
#2796=DIRECTION('',(0.238402819303618,-0.68671831770679,-0.686718317706789));
#2797=DIRECTION('',(0.,-0.707106781186547,0.707106781186548));
#2798=DIRECTION('',(-1.,0.,0.));
#2799=DIRECTION('',(0.,-0.707106781186548,-0.707106781186547));
#2800=DIRECTION('',(0.,1.,0.));
#2801=DIRECTION('',(0.,0.,1.));
#2802=DIRECTION('',(-0.707106781186547,-0.707106781186548,0.));
#2803=DIRECTION('',(0.707106781186548,-0.707106781186547,0.));
#2804=DIRECTION('',(0.,0.,1.));
#2805=DIRECTION('',(-0.707106781186547,-0.707106781186548,0.));
#2806=DIRECTION('',(0.,1.,0.));
#2807=DIRECTION('',(0.,0.,1.));
#2808=DIRECTION('',(0.,-0.707106781186548,0.707106781186547));
#2809=DIRECTION('',(0.,0.707106781186547,0.707106781186548));
#2810=DIRECTION('',(1.,0.,0.));
#2811=DIRECTION('',(0.,0.707106781186548,-0.707106781186547));
#2812=DIRECTION('',(1.,0.,0.));
#2813=DIRECTION('',(0.,-0.707106781186547,-0.707106781186548));
#2814=DIRECTION('',(0.,-1.,0.));
#2815=DIRECTION('',(0.,0.,-1.));
#2816=DIRECTION('',(-0.707106781186547,-0.707106781186548,0.));
#2817=DIRECTION('',(0.707106781186547,-0.707106781186548,0.));
#2818=DIRECTION('',(0.,0.,-1.));
#2819=DIRECTION('',(-0.707106781186548,-0.707106781186547,0.));
#2820=DIRECTION('',(0.,-1.,0.));
#2821=DIRECTION('',(0.,0.,-1.));
#2822=DIRECTION('',(0.,-0.707106781186547,0.707106781186548));
#2823=DIRECTION('',(0.,-0.707106781186548,-0.707106781186547));
#2824=DIRECTION('',(-1.,0.,0.));
#2825=DIRECTION('',(0.238402819303618,-0.686718317706789,0.68671831770679));
#2826=DIRECTION('',(0.438154678377739,0.707106781186548,0.554995925945136));
#2827=DIRECTION('',(-0.784882765533427,0.,0.61964428857902));
#2828=DIRECTION('',(0.238402819303618,-0.686718317706789,0.68671831770679));
#2829=DIRECTION('',(-2.04439122224449E-16,-0.707106781186548,-0.707106781186547));
#2830=DIRECTION('',(-1.,0.,2.89120579329468E-16));
#2831=DIRECTION('',(-0.238402819303618,-0.686718317706789,0.68671831770679));
#2832=DIRECTION('',(-0.438154678377739,0.707106781186548,0.554995925945136));
#2833=DIRECTION('',(0.784882765533427,0.,0.61964428857902));
#2834=DIRECTION('',(-0.238402819303618,-0.686718317706789,0.68671831770679));
#2835=DIRECTION('',(0.,-0.707106781186548,-0.707106781186547));
#2836=DIRECTION('',(1.,0.,0.));
#2837=DIRECTION('',(0.,-0.707106781186547,0.707106781186548));
#2838=DIRECTION('',(0.,-1.,0.));
#2839=DIRECTION('',(0.,0.,-1.));
#2840=DIRECTION('',(0.707106781186547,-0.707106781186548,0.));
#2841=DIRECTION('',(-0.707106781186547,-0.707106781186548,0.));
#2842=DIRECTION('',(0.,0.,-1.));
#2843=DIRECTION('',(0.707106781186548,-0.707106781186547,0.));
#2844=DIRECTION('',(0.,-1.,0.));
#2845=DIRECTION('',(0.,0.,-1.));
#2846=DIRECTION('',(0.,-0.707106781186547,-0.707106781186548));
#2847=DIRECTION('',(0.,0.707106781186548,-0.707106781186547));
#2848=DIRECTION('',(-1.,0.,0.));
#2849=DIRECTION('',(0.,-1.,0.));
#2850=DIRECTION('',(0.,0.,-1.));
#2851=DIRECTION('',(0.,1.,0.));
#2852=DIRECTION('',(0.,0.,1.));
#2853=DIRECTION('',(0.,-1.,0.));
#2854=DIRECTION('',(0.,0.,-1.));
#2855=DIRECTION('',(0.,1.,0.));
#2856=DIRECTION('',(0.,0.,1.));
#2857=DIRECTION('',(1.,0.,0.));
#2858=DIRECTION('',(0.,0.,-1.));
#2859=DIRECTION('',(0.,1.,0.));
#2860=DIRECTION('',(0.,0.,1.));
#2861=DIRECTION('',(0.,1.,0.));
#2862=DIRECTION('',(0.,0.,-1.));
#2863=DIRECTION('',(0.,0.,1.));
#2864=DIRECTION('',(1.,0.,0.));
#2865=DIRECTION('',(1.,0.,0.));
#2866=DIRECTION('',(0.,1.,0.));
#2867=DIRECTION('',(1.,0.,0.));
#2868=DIRECTION('',(1.,0.,0.));
#2869=DIRECTION('',(0.,0.,-1.));
#2870=DIRECTION('',(0.,0.,-1.));
#2871=DIRECTION('',(0.,1.,0.));
#2872=DIRECTION('',(0.,0.,-1.));
#2873=DIRECTION('',(0.,0.,1.));
#2874=DIRECTION('',(1.,0.,0.));
#2875=DIRECTION('',(-1.,0.,0.));
#2876=DIRECTION('',(1.,0.,0.));
#2877=DIRECTION('',(0.,1.,0.));
#2878=DIRECTION('',(-1.,0.,0.));
#2879=DIRECTION('',(1.,0.,0.));
#2880=DIRECTION('',(0.,0.,-1.));
#2881=DIRECTION('',(0.,1.,0.));
#2882=DIRECTION('',(0.,0.,1.));
#2883=DIRECTION('',(0.,1.,0.));
#2884=DIRECTION('',(0.,0.,-1.));
#2885=DIRECTION('',(0.,0.,1.));
#2886=DIRECTION('',(1.,0.,0.));
#2887=DIRECTION('',(1.,0.,0.));
#2888=DIRECTION('',(0.,1.,0.));
#2889=DIRECTION('',(1.,0.,0.));
#2890=DIRECTION('',(1.,0.,0.));
#2891=DIRECTION('',(0.,0.,-1.));
#2892=DIRECTION('',(0.,0.,-1.));
#2893=DIRECTION('',(0.,1.,0.));
#2894=DIRECTION('',(0.,0.,-1.));
#2895=DIRECTION('',(0.,0.,1.));
#2896=DIRECTION('',(1.,0.,0.));
#2897=DIRECTION('',(-1.,0.,0.));
#2898=DIRECTION('',(1.,0.,0.));
#2899=DIRECTION('',(0.,1.,0.));
#2900=DIRECTION('',(-1.,0.,0.));
#2901=DIRECTION('',(-0.525731112119132,0.,0.850650808352041));
#2902=DIRECTION('',(0.,-1.,0.));
#2903=DIRECTION('',(0.85065080835204,0.,0.525731112119134));
#2904=DIRECTION('',(0.,1.,0.));
#2905=DIRECTION('',(0.525731112119133,0.,0.850650808352041));
#2906=DIRECTION('',(0.,-1.,0.));
#2907=DIRECTION('',(-0.85065080835204,0.,0.525731112119133));
#2908=DIRECTION('',(0.,1.,0.));
#2909=DIRECTION('',(0.707106781186545,0.70710678118655,0.));
#2910=DIRECTION('',(0.,0.,1.));
#2911=DIRECTION('',(0.577350269189628,-0.577350269189625,0.577350269189625));
#2912=DIRECTION('',(-0.577350269189628,0.577350269189625,0.577350269189625));
#2913=DIRECTION('',(0.,-0.707106781186548,0.707106781186548));
#2914=DIRECTION('',(1.,0.,0.));
#2915=DIRECTION('',(-0.577350269189626,-0.577350269189626,-0.577350269189626));
#2916=DIRECTION('',(0.,0.707106781186548,0.707106781186548));
#2917=DIRECTION('',(-1.,0.,0.));
#2918=DIRECTION('',(-0.577350269189626,-0.577350269189626,0.577350269189626));
#2919=DIRECTION('',(0.707106781186548,-0.707106781186548,0.));
#2920=DIRECTION('',(0.,0.,-1.));
#2921=DIRECTION('',(0.707106781186548,0.707106781186548,0.));
#2922=DIRECTION('',(0.,0.,1.));
#2923=DIRECTION('',(0.577350269189626,-0.577350269189626,0.577350269189626));
#2924=DIRECTION('',(-0.577350269189626,0.577350269189626,0.577350269189626));
#2925=DIRECTION('',(0.,-0.707106781186548,0.707106781186548));
#2926=DIRECTION('',(1.,0.,0.));
#2927=DIRECTION('',(-0.577350269189626,-0.577350269189626,-0.577350269189626));
#2928=DIRECTION('',(0.,0.707106781186548,0.707106781186548));
#2929=DIRECTION('',(-1.,0.,0.));
#2930=DIRECTION('',(-0.577350269189626,-0.577350269189626,0.577350269189626));
#2931=DIRECTION('',(0.707106781186548,-0.707106781186548,0.));
#2932=DIRECTION('',(0.,0.,-1.));
#2933=CARTESIAN_POINT('',(0.,0.,0.));
#2934=CARTESIAN_POINT('',(-0.01225,0.006,0.01425));
#2935=CARTESIAN_POINT('',(0.0319,0.006,0.0236));
#2936=CARTESIAN_POINT('',(0.0256,0.006,0.0236));
#2937=CARTESIAN_POINT('',(0.0324,0.006,0.0236));
#2938=CARTESIAN_POINT('',(0.0324,0.006,0.01425));
#2939=CARTESIAN_POINT('',(0.0324,0.006,0.0304));
#2940=CARTESIAN_POINT('',(-0.01225,0.006,0.0304));
#2941=CARTESIAN_POINT('',(0.0256,0.006,0.0304));
#2942=CARTESIAN_POINT('',(0.0256,0.006,0.0241));
#2943=CARTESIAN_POINT('',(-0.0261,0.006,0.0236));
#2944=CARTESIAN_POINT('',(-0.0324,0.006,0.0236));
#2945=CARTESIAN_POINT('',(-0.0256,0.006,0.0236));
#2946=CARTESIAN_POINT('',(-0.0256,0.006,0.01425));
#2947=CARTESIAN_POINT('',(-0.0256,0.006,0.0304));
#2948=CARTESIAN_POINT('',(-0.01225,0.006,0.0304));
#2949=CARTESIAN_POINT('',(-0.0324,0.006,0.0304));
#2950=CARTESIAN_POINT('',(-0.0324,0.006,0.0241));
#2951=CARTESIAN_POINT('',(-0.005,0.006,0.0115));
#2952=CARTESIAN_POINT('',(0.0075,0.006,0.0115));
#2953=CARTESIAN_POINT('',(-0.0075,0.006,0.0115));
#2954=CARTESIAN_POINT('',(-0.00556139686793723,0.006,0.00342761279506339));
#2955=CARTESIAN_POINT('',(0.0111180339887499,0.006,0.0137360679774998));
#2956=CARTESIAN_POINT('',(0.0125,0.006,0.0165));
#2957=CARTESIAN_POINT('',(0.0138819660112501,0.006,0.0192639320225002));
#2958=CARTESIAN_POINT('',(0.00890156681168667,0.006,0.0273223872049366));
#2959=CARTESIAN_POINT('',(0.0125,0.006,0.0215));
#2960=CARTESIAN_POINT('',(-0.0075,0.006,0.0215));
#2961=CARTESIAN_POINT('',(-0.0125,0.006,0.0215));
#2962=CARTESIAN_POINT('',(-0.0156732002668122,0.006,0.0163656541151876));
#2963=CARTESIAN_POINT('',(-0.0138819660112501,0.006,0.0192639320225002));
#2964=CARTESIAN_POINT('',(-0.0125,0.006,0.0165));
#2965=CARTESIAN_POINT('',(-0.0111180339887499,0.006,0.0137360679774998));
#2966=CARTESIAN_POINT('',(-0.0121669696769373,0.006,0.0143843458848123));
#2967=CARTESIAN_POINT('',(0.0189574944041211,0.006,0.022));
#2968=CARTESIAN_POINT('',(0.03275,0.006,0.022));
#2969=CARTESIAN_POINT('',(0.0194204573670841,0.006,0.022));
#2970=CARTESIAN_POINT('',(0.0165417949875389,0.006,0.00645522315045577));
#2971=CARTESIAN_POINT('',(0.0165,0.006,0.00622953021774598));
#2972=CARTESIAN_POINT('',(0.0165,0.006,-0.006));
#2973=CARTESIAN_POINT('',(0.0165,0.006,-0.006));
#2974=CARTESIAN_POINT('',(0.0155,0.006,-0.006));
#2975=CARTESIAN_POINT('',(0.0125,0.006,-0.006));
#2976=CARTESIAN_POINT('',(0.0125,0.006,0.006));
#2977=CARTESIAN_POINT('',(0.0125,0.006,0.006));
#2978=CARTESIAN_POINT('',(-0.006,0.006,0.006));
#2979=CARTESIAN_POINT('',(-0.0125,0.006,0.006));
#2980=CARTESIAN_POINT('',(-0.0125,0.006,-0.006));
#2981=CARTESIAN_POINT('',(-0.0125,0.006,-0.006));
#2982=CARTESIAN_POINT('',(-0.0155,0.006,-0.006));
#2983=CARTESIAN_POINT('',(-0.0165,0.006,-0.006));
#2984=CARTESIAN_POINT('',(-0.0165,0.006,0.006));
#2985=CARTESIAN_POINT('',(-0.0165,0.006,0.00622953021774596));
#2986=CARTESIAN_POINT('',(-0.0190417949875389,0.006,0.0199552231504558));
#2987=CARTESIAN_POINT('',(-0.0194204573670841,0.006,0.022));
#2988=CARTESIAN_POINT('',(-0.03275,0.006,0.022));
#2989=CARTESIAN_POINT('',(-0.03275,0.006,0.022));
#2990=CARTESIAN_POINT('',(-0.03275,0.006,0.02325));
#2991=CARTESIAN_POINT('',(-0.034,0.006,0.02325));
#2992=CARTESIAN_POINT('',(-0.034,0.006,0.01425));
#2993=CARTESIAN_POINT('',(-0.034,0.006,0.03075));
#2994=CARTESIAN_POINT('',(-0.03275,0.006,0.03075));
#2995=CARTESIAN_POINT('',(-0.03275,0.006,0.032));
#2996=CARTESIAN_POINT('',(-0.01225,0.006,0.032));
#2997=CARTESIAN_POINT('',(-0.0223679061456368,0.006,0.032));
#2998=CARTESIAN_POINT('',(-0.0135491107214476,0.006,0.0250377930861664));
#2999=CARTESIAN_POINT('',(-0.0128679061456367,0.006,0.0245));
#3000=CARTESIAN_POINT('',(-0.01225,0.006,0.0245));
#3001=CARTESIAN_POINT('',(0.0128679061456367,0.006,0.0245));
#3002=CARTESIAN_POINT('',(0.0230491107214475,0.006,0.0325377930861664));
#3003=CARTESIAN_POINT('',(0.0223679061456368,0.006,0.032));
#3004=CARTESIAN_POINT('',(-0.01225,0.006,0.032));
#3005=CARTESIAN_POINT('',(0.03275,0.006,0.032));
#3006=CARTESIAN_POINT('',(0.03275,0.006,0.03075));
#3007=CARTESIAN_POINT('',(0.034,0.006,0.03075));
#3008=CARTESIAN_POINT('',(0.034,0.006,0.01425));
#3009=CARTESIAN_POINT('',(0.034,0.006,0.02325));
#3010=CARTESIAN_POINT('',(0.03275,0.006,0.02325));
#3011=CARTESIAN_POINT('',(0.029,0.0114,0.027));
#3012=CARTESIAN_POINT('',(0.029,-0.0136,0.027));
#3013=CARTESIAN_POINT('',(0.0306,-0.0136,0.027));
#3014=CARTESIAN_POINT('',(0.029,0.,0.027));
#3015=CARTESIAN_POINT('',(0.029,0.,0.0254));
#3016=CARTESIAN_POINT('',(-0.029,0.0114,0.027));
#3017=CARTESIAN_POINT('',(-0.029,-0.0136,0.027));
#3018=CARTESIAN_POINT('',(-0.0274,-0.0136,0.027));
#3019=CARTESIAN_POINT('',(-0.029,0.,0.027));
#3020=CARTESIAN_POINT('',(-0.029,0.,0.0254));
#3021=CARTESIAN_POINT('',(-0.006,-0.0039,-0.006));
#3022=CARTESIAN_POINT('',(0.0155,-0.009,-0.006));
#3023=CARTESIAN_POINT('',(0.0125,-0.009,-0.006));
#3024=CARTESIAN_POINT('',(0.0165,-0.009,-0.006));
#3025=CARTESIAN_POINT('',(0.000700000000000032,0.0028,-0.006));
#3026=CARTESIAN_POINT('',(0.012,-0.0085,-0.006));
#3027=CARTESIAN_POINT('',(0.012,-0.009,-0.006));
#3028=CARTESIAN_POINT('',(0.012,-0.0034,-0.006));
#3029=CARTESIAN_POINT('',(-0.006,-0.0034,-0.006));
#3030=CARTESIAN_POINT('',(-0.012,-0.0034,-0.006));
#3031=CARTESIAN_POINT('',(-0.012,-0.009,-0.006));
#3032=CARTESIAN_POINT('',(-0.012,-0.0085,-0.006));
#3033=CARTESIAN_POINT('',(-0.0067,-0.0032,-0.006));
#3034=CARTESIAN_POINT('',(-0.0125,-0.009,-0.006));
#3035=CARTESIAN_POINT('',(-0.0155,-0.009,-0.006));
#3036=CARTESIAN_POINT('',(-0.0165,-0.009,-0.006));
#3037=CARTESIAN_POINT('',(-0.0138,-0.0117,-0.006));
#3038=CARTESIAN_POINT('',(-0.019,-0.0065,-0.006));
#3039=CARTESIAN_POINT('',(-0.019,-0.009,-0.006));
#3040=CARTESIAN_POINT('',(-0.019,0.0035,-0.006));
#3041=CARTESIAN_POINT('',(-0.0162,0.0063,-0.006));
#3042=CARTESIAN_POINT('',(-0.0043,-0.0022,-0.006));
#3043=CARTESIAN_POINT('',(-0.012,0.0055,-0.006));
#3044=CARTESIAN_POINT('',(-0.012,-0.009,-0.006));
#3045=CARTESIAN_POINT('',(-0.012,0.0034,-0.006));
#3046=CARTESIAN_POINT('',(0.012,0.0034,-0.006));
#3047=CARTESIAN_POINT('',(0.012,0.0034,-0.006));
#3048=CARTESIAN_POINT('',(0.012,-0.009,-0.006));
#3049=CARTESIAN_POINT('',(0.012,0.0055,-0.006));
#3050=CARTESIAN_POINT('',(-0.00169999999999996,-0.0082,-0.006));
#3051=CARTESIAN_POINT('',(0.0102,0.0123,-0.006));
#3052=CARTESIAN_POINT('',(0.019,0.0035,-0.006));
#3053=CARTESIAN_POINT('',(0.019,-0.009,-0.006));
#3054=CARTESIAN_POINT('',(0.019,-0.0065,-0.006));
#3055=CARTESIAN_POINT('',(0.0078,-0.0177,-0.006));
#3056=CARTESIAN_POINT('',(-0.005,-0.0039,9.79717439317883E-20));
#3057=CARTESIAN_POINT('',(-0.005,-0.0034,9.79717439317883E-20));
#3058=CARTESIAN_POINT('',(-0.005,-0.0034,-0.0016));
#3059=CARTESIAN_POINT('',(-0.005,0.0034,9.79717439317883E-20));
#3060=CARTESIAN_POINT('',(-0.005,0.0034,-0.0016));
#3061=CARTESIAN_POINT('',(-0.01225,-0.0039,0.01425));
#3062=CARTESIAN_POINT('',(0.005,-0.0039,9.79717439317883E-20));
#3063=CARTESIAN_POINT('',(0.005,-0.0039,-0.0021));
#3064=CARTESIAN_POINT('',(-0.005,-0.0039,9.79717439317883E-20));
#3065=CARTESIAN_POINT('',(-0.005,-0.0039,-0.0021));
#3066=CARTESIAN_POINT('',(0.012,-0.0039,0.));
#3067=CARTESIAN_POINT('',(0.012,-0.0039,0.0055));
#3068=CARTESIAN_POINT('',(0.012,-0.0039,-0.0055));
#3069=CARTESIAN_POINT('',(-0.012,-0.0039,0.0055));
#3070=CARTESIAN_POINT('',(-0.012,-0.0039,0.0055));
#3071=CARTESIAN_POINT('',(-0.012,-0.0039,0.));
#3072=CARTESIAN_POINT('',(-0.012,-0.0039,-0.0055));
#3073=CARTESIAN_POINT('',(-0.01225,-0.0039,-0.0055));
#3074=CARTESIAN_POINT('',(-0.01225,0.0039,0.01425));
#3075=CARTESIAN_POINT('',(0.005,0.0039,9.79717439317883E-20));
#3076=CARTESIAN_POINT('',(0.005,0.0039,-0.0021));
#3077=CARTESIAN_POINT('',(-0.005,0.0039,9.79717439317883E-20));
#3078=CARTESIAN_POINT('',(-0.005,0.0039,-0.0021));
#3079=CARTESIAN_POINT('',(-0.012,0.0039,0.));
#3080=CARTESIAN_POINT('',(-0.012,0.0039,0.0055));
#3081=CARTESIAN_POINT('',(-0.012,0.0039,-0.0055));
#3082=CARTESIAN_POINT('',(-0.01225,0.0039,0.0055));
#3083=CARTESIAN_POINT('',(0.012,0.0039,0.0055));
#3084=CARTESIAN_POINT('',(0.012,0.0039,0.));
#3085=CARTESIAN_POINT('',(0.012,0.0039,-0.0055));
#3086=CARTESIAN_POINT('',(-0.012,0.0039,-0.0055));
#3087=CARTESIAN_POINT('',(-0.006,-0.009,0.006));
#3088=CARTESIAN_POINT('',(-0.006,-0.009,0.006));
#3089=CARTESIAN_POINT('',(0.0125,-0.009,0.006));
#3090=CARTESIAN_POINT('',(-0.0125,-0.009,0.006));
#3091=CARTESIAN_POINT('',(-0.012,-0.0085,0.006));
#3092=CARTESIAN_POINT('',(-0.012,-0.0085,0.006));
#3093=CARTESIAN_POINT('',(-0.012,-0.009,0.006));
#3094=CARTESIAN_POINT('',(-0.012,-0.0044,0.006));
#3095=CARTESIAN_POINT('',(0.012,-0.0044,0.006));
#3096=CARTESIAN_POINT('',(0.012,-0.0044,0.006));
#3097=CARTESIAN_POINT('',(0.012,-0.009,0.006));
#3098=CARTESIAN_POINT('',(0.012,-0.0085,0.006));
#3099=CARTESIAN_POINT('',(0.0125,-0.009,0.006));
#3100=CARTESIAN_POINT('',(-0.012,-0.009,0.));
#3101=CARTESIAN_POINT('',(-0.012,-0.0085,0.));
#3102=CARTESIAN_POINT('',(-0.012,-0.0034,-0.006));
#3103=CARTESIAN_POINT('',(-0.012,-0.0037,0.0053));
#3104=CARTESIAN_POINT('',(-0.012,-0.009,0.));
#3105=CARTESIAN_POINT('',(-0.012,0.0055,0.006));
#3106=CARTESIAN_POINT('',(-0.012,0.0055,0.006));
#3107=CARTESIAN_POINT('',(-0.012,-0.009,0.006));
#3108=CARTESIAN_POINT('',(-0.012,0.0044,0.006));
#3109=CARTESIAN_POINT('',(-0.012,-0.0053,-0.0037));
#3110=CARTESIAN_POINT('',(-0.012,0.0039,-0.0055));
#3111=CARTESIAN_POINT('',(-0.006,-0.009,0.006));
#3112=CARTESIAN_POINT('',(0.012,-0.009,0.006));
#3113=CARTESIAN_POINT('',(0.012,0.0044,0.006));
#3114=CARTESIAN_POINT('',(0.012,0.0055,0.006));
#3115=CARTESIAN_POINT('',(-0.006,0.0044,0.006));
#3116=CARTESIAN_POINT('',(-0.0125,0.006,0.006));
#3117=CARTESIAN_POINT('',(0.012,0.0055,0.006));
#3118=CARTESIAN_POINT('',(-0.005,-0.009,0.0115));
#3119=CARTESIAN_POINT('',(-0.005,-0.009,0.0115));
#3120=CARTESIAN_POINT('',(0.0075,-0.009,0.0115));
#3121=CARTESIAN_POINT('',(-0.0075,-0.009,0.0115));
#3122=CARTESIAN_POINT('',(0.0075,0.006,0.0115));
#3123=CARTESIAN_POINT('',(-0.0075,-0.009,0.0115));
#3124=CARTESIAN_POINT('',(-0.0125,-0.009,0.0165));
#3125=CARTESIAN_POINT('',(-0.0125,-0.009,0.0165));
#3126=CARTESIAN_POINT('',(-0.0111180339887499,-0.009,0.0137360679774998));
#3127=CARTESIAN_POINT('',(-0.0138819660112501,-0.009,0.0192639320225002));
#3128=CARTESIAN_POINT('',(-0.0111180339887499,0.006,0.0137360679774998));
#3129=CARTESIAN_POINT('',(-0.0138819660112501,-0.009,0.0192639320225002));
#3130=CARTESIAN_POINT('',(-0.0075,-0.009,0.0215));
#3131=CARTESIAN_POINT('',(0.0125,-0.009,0.0215));
#3132=CARTESIAN_POINT('',(0.0125,-0.009,0.0215));
#3133=CARTESIAN_POINT('',(-0.0075,-0.009,0.0215));
#3134=CARTESIAN_POINT('',(-0.0125,-0.009,0.0215));
#3135=CARTESIAN_POINT('',(-0.0125,-0.009,0.0215));
#3136=CARTESIAN_POINT('',(-0.006,-0.009,0.027));
#3137=CARTESIAN_POINT('',(-0.012,-0.009,0.027));
#3138=CARTESIAN_POINT('',(-0.012,-0.0065,0.027));
#3139=CARTESIAN_POINT('',(-0.012,0.0035,0.027));
#3140=CARTESIAN_POINT('',(0.012,-0.0065,0.027));
#3141=CARTESIAN_POINT('',(0.012,-0.0065,0.027));
#3142=CARTESIAN_POINT('',(0.012,-0.009,0.027));
#3143=CARTESIAN_POINT('',(0.012,0.0035,0.027));
#3144=CARTESIAN_POINT('',(-0.006,0.0035,0.027));
#3145=CARTESIAN_POINT('',(-0.01675,-0.009,0.03075));
#3146=CARTESIAN_POINT('',(-0.0215,-0.009,0.0345));
#3147=CARTESIAN_POINT('',(-0.0215,-0.0065,0.0345));
#3148=CARTESIAN_POINT('',(-0.0215,0.0035,0.0345));
#3149=CARTESIAN_POINT('',(-0.01675,-0.0065,0.03075));
#3150=CARTESIAN_POINT('',(-0.0215,0.0035,0.0345));
#3151=CARTESIAN_POINT('',(-0.029,-0.009,0.0345));
#3152=CARTESIAN_POINT('',(-0.03275,-0.009,0.0345));
#3153=CARTESIAN_POINT('',(-0.03275,0.0035,0.0345));
#3154=CARTESIAN_POINT('',(-0.03275,-0.0065,0.0345));
#3155=CARTESIAN_POINT('',(-0.0215,-0.0065,0.0345));
#3156=CARTESIAN_POINT('',(-0.029,0.0035,0.0345));
#3157=CARTESIAN_POINT('',(-0.0365,-0.009,0.027));
#3158=CARTESIAN_POINT('',(-0.0365,-0.009,0.02325));
#3159=CARTESIAN_POINT('',(-0.0365,0.0035,0.02325));
#3160=CARTESIAN_POINT('',(-0.0365,-0.0065,0.02325));
#3161=CARTESIAN_POINT('',(-0.0365,-0.0065,0.03075));
#3162=CARTESIAN_POINT('',(-0.0365,-0.0065,0.03075));
#3163=CARTESIAN_POINT('',(-0.0365,-0.009,0.03075));
#3164=CARTESIAN_POINT('',(-0.0365,0.0035,0.03075));
#3165=CARTESIAN_POINT('',(-0.0365,0.0035,0.027));
#3166=CARTESIAN_POINT('',(-0.0315,-0.009,0.0195));
#3167=CARTESIAN_POINT('',(-0.0215,-0.009,0.0195));
#3168=CARTESIAN_POINT('',(-0.0215,-0.0065,0.0195));
#3169=CARTESIAN_POINT('',(-0.0215,0.0035,0.0195));
#3170=CARTESIAN_POINT('',(-0.0315,-0.0065,0.0195));
#3171=CARTESIAN_POINT('',(-0.03275,-0.0065,0.0195));
#3172=CARTESIAN_POINT('',(-0.03275,0.006,0.0195));
#3173=CARTESIAN_POINT('',(-0.03275,0.0035,0.0195));
#3174=CARTESIAN_POINT('',(-0.0189574944041212,0.0035,0.0195));
#3175=CARTESIAN_POINT('',(-0.02025,-0.009,0.01275));
#3176=CARTESIAN_POINT('',(-0.019,-0.009,0.006));
#3177=CARTESIAN_POINT('',(-0.019,-0.0065,0.006));
#3178=CARTESIAN_POINT('',(-0.019,0.0035,0.006));
#3179=CARTESIAN_POINT('',(-0.02025,-0.0065,0.01275));
#3180=CARTESIAN_POINT('',(-0.019,0.0035,0.006));
#3181=CARTESIAN_POINT('',(-0.019,-0.009,0.));
#3182=CARTESIAN_POINT('',(-0.019,-0.0065,0.));
#3183=CARTESIAN_POINT('',(-0.019,0.0035,-0.006));
#3184=CARTESIAN_POINT('',(-0.01225,-0.009,0.01425));
#3185=CARTESIAN_POINT('',(0.0125,-0.009,0.0165));
#3186=CARTESIAN_POINT('',(0.0111180339887499,-0.009,0.0137360679774998));
#3187=CARTESIAN_POINT('',(0.0138819660112501,-0.009,0.0192639320225002));
#3188=CARTESIAN_POINT('',(0.0075,-0.009,0.0115));
#3189=CARTESIAN_POINT('',(-0.0111180339887499,-0.009,0.0137360679774998));
#3190=CARTESIAN_POINT('',(-0.0125,-0.009,0.0215));
#3191=CARTESIAN_POINT('',(0.0138819660112501,-0.009,0.0192639320225002));
#3192=CARTESIAN_POINT('',(0.0169827764198996,-0.009,0.00883652288520376));
#3193=CARTESIAN_POINT('',(0.0165,-0.009,0.00622953021774598));
#3194=CARTESIAN_POINT('',(0.0194204573670841,-0.009,0.022));
#3195=CARTESIAN_POINT('',(-0.01225,-0.009,0.022));
#3196=CARTESIAN_POINT('',(0.03275,-0.009,0.022));
#3197=CARTESIAN_POINT('',(0.03275,-0.009,0.02325));
#3198=CARTESIAN_POINT('',(0.034,-0.009,0.02325));
#3199=CARTESIAN_POINT('',(0.034,-0.009,0.03075));
#3200=CARTESIAN_POINT('',(0.034,-0.009,0.03075));
#3201=CARTESIAN_POINT('',(0.03275,-0.009,0.03075));
#3202=CARTESIAN_POINT('',(0.03275,-0.009,0.032));
#3203=CARTESIAN_POINT('',(0.0215,-0.009,0.032));
#3204=CARTESIAN_POINT('',(0.0223679061456368,-0.009,0.032));
#3205=CARTESIAN_POINT('',(-0.0075908210191668,-0.009,0.0083483732909446));
#3206=CARTESIAN_POINT('',(0.0128679061456367,-0.009,0.0245));
#3207=CARTESIAN_POINT('',(-0.012,-0.009,0.0245));
#3208=CARTESIAN_POINT('',(-0.0128679061456368,-0.009,0.0245));
#3209=CARTESIAN_POINT('',(-0.00750218239380251,-0.009,0.0202639023011835));
#3210=CARTESIAN_POINT('',(-0.0223679061456368,-0.009,0.032));
#3211=CARTESIAN_POINT('',(-0.03275,-0.009,0.032));
#3212=CARTESIAN_POINT('',(-0.03275,-0.009,0.032));
#3213=CARTESIAN_POINT('',(-0.03275,-0.009,0.03075));
#3214=CARTESIAN_POINT('',(-0.034,-0.009,0.03075));
#3215=CARTESIAN_POINT('',(-0.034,-0.009,0.02325));
#3216=CARTESIAN_POINT('',(-0.034,-0.009,0.02325));
#3217=CARTESIAN_POINT('',(-0.03275,-0.009,0.02325));
#3218=CARTESIAN_POINT('',(-0.03275,-0.009,0.022));
#3219=CARTESIAN_POINT('',(-0.01225,-0.009,0.022));
#3220=CARTESIAN_POINT('',(-0.0194204573670841,-0.009,0.022));
#3221=CARTESIAN_POINT('',(-0.0177951106374062,-0.009,0.0132231276597396));
#3222=CARTESIAN_POINT('',(-0.0165,-0.009,0.00622953021774596));
#3223=CARTESIAN_POINT('',(-0.0165,-0.009,0.01425));
#3224=CARTESIAN_POINT('',(-0.0125,-0.009,0.01425));
#3225=CARTESIAN_POINT('',(0.0125,-0.009,0.01425));
#3226=CARTESIAN_POINT('',(0.0165,-0.009,0.01425));
#3227=CARTESIAN_POINT('',(-0.029,-0.009,0.031));
#3228=CARTESIAN_POINT('',(-0.027,-0.009,0.031));
#3229=CARTESIAN_POINT('',(-0.031,-0.009,0.031));
#3230=CARTESIAN_POINT('',(-0.027,-0.009,0.029));
#3231=CARTESIAN_POINT('',(-0.025,-0.009,0.029));
#3232=CARTESIAN_POINT('',(-0.025,-0.009,0.027));
#3233=CARTESIAN_POINT('',(-0.025,-0.009,0.025));
#3234=CARTESIAN_POINT('',(-0.027,-0.009,0.025));
#3235=CARTESIAN_POINT('',(-0.027,-0.009,0.023));
#3236=CARTESIAN_POINT('',(-0.029,-0.009,0.023));
#3237=CARTESIAN_POINT('',(-0.031,-0.009,0.023));
#3238=CARTESIAN_POINT('',(-0.031,-0.009,0.025));
#3239=CARTESIAN_POINT('',(-0.033,-0.009,0.025));
#3240=CARTESIAN_POINT('',(-0.033,-0.009,0.027));
#3241=CARTESIAN_POINT('',(-0.033,-0.009,0.029));
#3242=CARTESIAN_POINT('',(-0.031,-0.009,0.029));
#3243=CARTESIAN_POINT('',(0.025,-0.009,0.027));
#3244=CARTESIAN_POINT('',(0.025,-0.009,0.029));
#3245=CARTESIAN_POINT('',(0.025,-0.009,0.025));
#3246=CARTESIAN_POINT('',(0.027,-0.009,0.029));
#3247=CARTESIAN_POINT('',(0.027,-0.009,0.031));
#3248=CARTESIAN_POINT('',(0.029,-0.009,0.031));
#3249=CARTESIAN_POINT('',(0.031,-0.009,0.031));
#3250=CARTESIAN_POINT('',(0.031,-0.009,0.029));
#3251=CARTESIAN_POINT('',(0.033,-0.009,0.029));
#3252=CARTESIAN_POINT('',(0.033,-0.009,0.027));
#3253=CARTESIAN_POINT('',(0.033,-0.009,0.025));
#3254=CARTESIAN_POINT('',(0.031,-0.009,0.025));
#3255=CARTESIAN_POINT('',(0.031,-0.009,0.023));
#3256=CARTESIAN_POINT('',(0.029,-0.009,0.023));
#3257=CARTESIAN_POINT('',(0.027,-0.009,0.023));
#3258=CARTESIAN_POINT('',(0.027,-0.009,0.025));
#3259=CARTESIAN_POINT('',(-0.01225,-0.0136,0.01425));
#3260=CARTESIAN_POINT('',(-0.029,-0.0136,0.023));
#3261=CARTESIAN_POINT('',(-0.027,-0.0136,0.023));
#3262=CARTESIAN_POINT('',(-0.031,-0.0136,0.023));
#3263=CARTESIAN_POINT('',(-0.027,-0.0136,0.025));
#3264=CARTESIAN_POINT('',(-0.025,-0.0136,0.025));
#3265=CARTESIAN_POINT('',(-0.025,-0.0136,0.027));
#3266=CARTESIAN_POINT('',(-0.025,-0.0136,0.029));
#3267=CARTESIAN_POINT('',(-0.027,-0.0136,0.029));
#3268=CARTESIAN_POINT('',(-0.027,-0.0136,0.031));
#3269=CARTESIAN_POINT('',(-0.029,-0.0136,0.031));
#3270=CARTESIAN_POINT('',(-0.031,-0.0136,0.031));
#3271=CARTESIAN_POINT('',(-0.031,-0.0136,0.029));
#3272=CARTESIAN_POINT('',(-0.033,-0.0136,0.029));
#3273=CARTESIAN_POINT('',(-0.033,-0.0136,0.027));
#3274=CARTESIAN_POINT('',(-0.033,-0.0136,0.025));
#3275=CARTESIAN_POINT('',(-0.031,-0.0136,0.025));
#3276=CARTESIAN_POINT('',(-0.029,-0.0136,0.023));
#3277=CARTESIAN_POINT('',(-0.027,-0.0136,0.023));
#3278=CARTESIAN_POINT('',(-0.031,-0.009,0.023));
#3279=CARTESIAN_POINT('',(-0.033,-0.0136,0.027));
#3280=CARTESIAN_POINT('',(-0.033,-0.0136,0.025));
#3281=CARTESIAN_POINT('',(-0.033,-0.0136,0.029));
#3282=CARTESIAN_POINT('',(-0.029,-0.0136,0.031));
#3283=CARTESIAN_POINT('',(-0.027,-0.009,0.031));
#3284=CARTESIAN_POINT('',(-0.031,-0.0136,0.031));
#3285=CARTESIAN_POINT('',(-0.025,-0.0136,0.027));
#3286=CARTESIAN_POINT('',(-0.025,-0.0136,0.025));
#3287=CARTESIAN_POINT('',(-0.025,-0.0136,0.029));
#3288=CARTESIAN_POINT('',(0.005,-0.0039,9.79717439317883E-20));
#3289=CARTESIAN_POINT('',(0.005,-0.0034,9.79717439317883E-20));
#3290=CARTESIAN_POINT('',(0.005,-0.0034,-0.0016));
#3291=CARTESIAN_POINT('',(0.005,0.0034,9.79717439317883E-20));
#3292=CARTESIAN_POINT('',(0.005,0.0034,-0.0016));
#3293=CARTESIAN_POINT('',(0.012,-0.009,0.));
#3294=CARTESIAN_POINT('',(0.012,-0.0085,0.));
#3295=CARTESIAN_POINT('',(0.012,-0.0037,0.0053));
#3296=CARTESIAN_POINT('',(0.012,-0.0034,-0.006));
#3297=CARTESIAN_POINT('',(0.012,-0.009,0.));
#3298=CARTESIAN_POINT('',(0.012,0.0055,-0.006));
#3299=CARTESIAN_POINT('',(0.012,0.0039,-0.0055));
#3300=CARTESIAN_POINT('',(0.012,-0.0053,-0.0037));
#3301=CARTESIAN_POINT('',(0.0125,-0.009,0.0165));
#3302=CARTESIAN_POINT('',(0.0111180339887499,-0.009,0.0137360679774998));
#3303=CARTESIAN_POINT('',(0.0138819660112501,-0.009,0.0192639320225002));
#3304=CARTESIAN_POINT('',(0.01675,-0.009,0.03075));
#3305=CARTESIAN_POINT('',(0.01675,-0.0065,0.03075));
#3306=CARTESIAN_POINT('',(0.0215,-0.0065,0.0345));
#3307=CARTESIAN_POINT('',(0.0215,-0.009,0.0345));
#3308=CARTESIAN_POINT('',(0.0215,0.0035,0.0345));
#3309=CARTESIAN_POINT('',(0.012,0.0035,0.027));
#3310=CARTESIAN_POINT('',(0.029,-0.009,0.0345));
#3311=CARTESIAN_POINT('',(0.03275,-0.0065,0.0345));
#3312=CARTESIAN_POINT('',(0.03275,-0.0065,0.0345));
#3313=CARTESIAN_POINT('',(0.03275,-0.009,0.0345));
#3314=CARTESIAN_POINT('',(0.03275,0.0035,0.0345));
#3315=CARTESIAN_POINT('',(0.029,0.0035,0.0345));
#3316=CARTESIAN_POINT('',(0.0365,-0.009,0.027));
#3317=CARTESIAN_POINT('',(0.0365,-0.009,0.03075));
#3318=CARTESIAN_POINT('',(0.0365,0.0035,0.03075));
#3319=CARTESIAN_POINT('',(0.0365,-0.0065,0.03075));
#3320=CARTESIAN_POINT('',(0.0365,-0.0065,0.02325));
#3321=CARTESIAN_POINT('',(0.0365,-0.0065,0.02325));
#3322=CARTESIAN_POINT('',(0.0365,0.006,0.02325));
#3323=CARTESIAN_POINT('',(0.0365,0.0035,0.02325));
#3324=CARTESIAN_POINT('',(0.0365,0.0035,0.027));
#3325=CARTESIAN_POINT('',(0.0315,-0.009,0.0195));
#3326=CARTESIAN_POINT('',(0.03275,-0.009,0.0195));
#3327=CARTESIAN_POINT('',(0.03275,0.0035,0.0195));
#3328=CARTESIAN_POINT('',(0.03275,-0.0065,0.0195));
#3329=CARTESIAN_POINT('',(0.0315,-0.0065,0.0195));
#3330=CARTESIAN_POINT('',(0.0215,-0.0065,0.0195));
#3331=CARTESIAN_POINT('',(0.0215,-0.009,0.0195));
#3332=CARTESIAN_POINT('',(0.0215,0.0035,0.0195));
#3333=CARTESIAN_POINT('',(0.03275,0.0035,0.0195));
#3334=CARTESIAN_POINT('',(0.02025,-0.009,0.01275));
#3335=CARTESIAN_POINT('',(0.02025,-0.0065,0.01275));
#3336=CARTESIAN_POINT('',(0.019,-0.0065,0.006));
#3337=CARTESIAN_POINT('',(0.019,-0.009,0.006));
#3338=CARTESIAN_POINT('',(0.019,0.0035,0.006));
#3339=CARTESIAN_POINT('',(0.0215,0.0035,0.0195));
#3340=CARTESIAN_POINT('',(0.019,-0.009,0.));
#3341=CARTESIAN_POINT('',(0.019,-0.0065,0.));
#3342=CARTESIAN_POINT('',(0.019,0.0035,0.006));
#3343=CARTESIAN_POINT('',(0.01225,-0.0136,0.01425));
#3344=CARTESIAN_POINT('',(0.025,-0.0136,0.027));
#3345=CARTESIAN_POINT('',(0.025,-0.0136,0.029));
#3346=CARTESIAN_POINT('',(0.025,-0.0136,0.025));
#3347=CARTESIAN_POINT('',(0.027,-0.0136,0.025));
#3348=CARTESIAN_POINT('',(0.027,-0.0136,0.023));
#3349=CARTESIAN_POINT('',(0.029,-0.0136,0.023));
#3350=CARTESIAN_POINT('',(0.031,-0.0136,0.023));
#3351=CARTESIAN_POINT('',(0.031,-0.0136,0.025));
#3352=CARTESIAN_POINT('',(0.033,-0.0136,0.025));
#3353=CARTESIAN_POINT('',(0.033,-0.0136,0.027));
#3354=CARTESIAN_POINT('',(0.033,-0.0136,0.029));
#3355=CARTESIAN_POINT('',(0.031,-0.0136,0.029));
#3356=CARTESIAN_POINT('',(0.031,-0.0136,0.031));
#3357=CARTESIAN_POINT('',(0.029,-0.0136,0.031));
#3358=CARTESIAN_POINT('',(0.027,-0.0136,0.031));
#3359=CARTESIAN_POINT('',(0.027,-0.0136,0.029));
#3360=CARTESIAN_POINT('',(0.029,-0.0136,0.023));
#3361=CARTESIAN_POINT('',(0.027,-0.0136,0.023));
#3362=CARTESIAN_POINT('',(0.031,-0.0136,0.023));
#3363=CARTESIAN_POINT('',(0.033,-0.0136,0.027));
#3364=CARTESIAN_POINT('',(0.033,-0.009,0.025));
#3365=CARTESIAN_POINT('',(0.033,-0.0136,0.029));
#3366=CARTESIAN_POINT('',(0.029,-0.0136,0.031));
#3367=CARTESIAN_POINT('',(0.027,-0.0136,0.031));
#3368=CARTESIAN_POINT('',(0.031,-0.0136,0.031));
#3369=CARTESIAN_POINT('',(0.025,-0.0136,0.027));
#3370=CARTESIAN_POINT('',(0.025,-0.0136,0.025));
#3371=CARTESIAN_POINT('',(0.025,-0.009,0.029));
#3372=CARTESIAN_POINT('',(-0.01225,-0.0039,0.0055));
#3373=CARTESIAN_POINT('',(-0.006,0.0044,0.006));
#3374=CARTESIAN_POINT('',(-0.006,-0.0034,-0.006));
#3375=CARTESIAN_POINT('',(-0.01225,0.0039,-0.0055));
#3376=CARTESIAN_POINT('',(0.027,-0.0136,0.025));
#3377=CARTESIAN_POINT('',(0.027,-0.0136,0.029));
#3378=CARTESIAN_POINT('',(0.031,-0.0136,0.025));
#3379=CARTESIAN_POINT('',(0.031,-0.0136,0.029));
#3380=CARTESIAN_POINT('',(-0.027,-0.0136,0.025));
#3381=CARTESIAN_POINT('',(-0.031,-0.0136,0.025));
#3382=CARTESIAN_POINT('',(-0.027,-0.0136,0.029));
#3383=CARTESIAN_POINT('',(-0.031,-0.0136,0.029));
#3384=CARTESIAN_POINT('',(0.03275,-0.009,0.02325));
#3385=CARTESIAN_POINT('',(0.03275,-0.0065,0.02325));
#3386=CARTESIAN_POINT('',(0.03275,0.0035,0.02325));
#3387=CARTESIAN_POINT('',(0.03275,-0.009,0.03075));
#3388=CARTESIAN_POINT('',(0.03275,-0.0065,0.03075));
#3389=CARTESIAN_POINT('',(0.03275,0.0035,0.03075));
#3390=CARTESIAN_POINT('',(-0.03275,-0.009,0.02325));
#3391=CARTESIAN_POINT('',(-0.03275,-0.0065,0.02325));
#3392=CARTESIAN_POINT('',(-0.03275,0.0035,0.02325));
#3393=CARTESIAN_POINT('',(-0.03275,-0.009,0.03075));
#3394=CARTESIAN_POINT('',(-0.03275,-0.0065,0.03075));
#3395=CARTESIAN_POINT('',(-0.03275,0.0035,0.03075));
#3396=CARTESIAN_POINT('',(0.0165,-0.009,0.01425));
#3397=CARTESIAN_POINT('',(0.0166212006629948,-0.00887879933700515,0.00621840253191871));
#3398=CARTESIAN_POINT('',(0.0169827764198996,-0.009,0.00883652288520376));
#3399=CARTESIAN_POINT('',(0.011280017204198,-0.018786334785875,0.031786334785875));
#3400=CARTESIAN_POINT('',(0.019,0.0035,0.));
#3401=CARTESIAN_POINT('',(0.019313811575087,0.00318618842491298,0.00597118830433561));
#3402=CARTESIAN_POINT('',(0.02025,0.0035,0.01275));
#3403=CARTESIAN_POINT('',(0.02407035762652,0.000409948387405935,0.016409948387406));
#3404=CARTESIAN_POINT('',(-0.019,-0.0065,0.));
#3405=CARTESIAN_POINT('',(-0.019313811575087,-0.00618618842491297,0.00597118830433561));
#3406=CARTESIAN_POINT('',(-0.02025,-0.0065,0.01275));
#3407=CARTESIAN_POINT('',(-0.02407035762652,-0.00340994838740593,0.016409948387406));
#3408=CARTESIAN_POINT('',(-0.0165,0.006,0.01425));
#3409=CARTESIAN_POINT('',(-0.0168251365672292,0.00567486343277087,0.00619967875091665));
#3410=CARTESIAN_POINT('',(-0.0177951106374062,0.006,0.0132231276597396));
#3411=CARTESIAN_POINT('',(-0.017577393389172,0.00821570833501952,0.0242157083350195));
#3412=CARTESIAN_POINT('',(0.0125,-0.009,0.01425));
#3413=CARTESIAN_POINT('',(0.012,0.0055,0.));
#3414=CARTESIAN_POINT('',(-0.012,-0.0085,0.));
#3415=CARTESIAN_POINT('',(-0.0125,0.006,0.01425));
#3416=CARTESIAN_POINT('',(-0.0315,-0.0065,0.0195));
#3417=CARTESIAN_POINT('',(-0.03275,-0.0065,0.0195));
#3418=CARTESIAN_POINT('',(-0.03275,-0.009,0.02325));
#3419=CARTESIAN_POINT('',(-0.0365,-0.0065,0.02325));
#3420=CARTESIAN_POINT('',(-0.034,-0.009,0.01425));
#3421=CARTESIAN_POINT('',(-0.0365,-0.0065,0.03075));
#3422=CARTESIAN_POINT('',(-0.03275,-0.009,0.03075));
#3423=CARTESIAN_POINT('',(-0.03275,-0.0065,0.0345));
#3424=CARTESIAN_POINT('',(-0.01225,-0.009,0.032));
#3425=CARTESIAN_POINT('',(-0.0217928458007135,-0.00734354109653939,0.0336564589034606));
#3426=CARTESIAN_POINT('',(-0.01675,-0.0065,0.03075));
#3427=CARTESIAN_POINT('',(-0.0128327868911067,-0.0088988391351224,0.0246011608648776));
#3428=CARTESIAN_POINT('',(-0.01225,-0.009,0.0245));
#3429=CARTESIAN_POINT('',(0.0143493888705944,-0.013267404754551,0.0202325952454491));
#3430=CARTESIAN_POINT('',(-0.0075908210191668,-0.009,0.0083483732909446));
#3431=CARTESIAN_POINT('',(0.0245373146527667,-0.0152489720750232,0.0257510279249768));
#3432=CARTESIAN_POINT('',(0.029,-0.0065,0.0345));
#3433=CARTESIAN_POINT('',(0.03275,-0.0065,0.0345));
#3434=CARTESIAN_POINT('',(0.03275,-0.009,0.03075));
#3435=CARTESIAN_POINT('',(0.0365,-0.0065,0.03075));
#3436=CARTESIAN_POINT('',(0.0365,-0.0065,0.027));
#3437=CARTESIAN_POINT('',(0.0365,-0.0065,0.02325));
#3438=CARTESIAN_POINT('',(0.03275,-0.009,0.02325));
#3439=CARTESIAN_POINT('',(0.03275,-0.0065,0.0195));
#3440=CARTESIAN_POINT('',(-0.01225,-0.009,0.022));
#3441=CARTESIAN_POINT('',(-0.01225,0.006,0.022));
#3442=CARTESIAN_POINT('',(-0.03275,0.006,0.022));
#3443=CARTESIAN_POINT('',(-0.03275,0.006,0.02325));
#3444=CARTESIAN_POINT('',(-0.034,0.006,0.02325));
#3445=CARTESIAN_POINT('',(-0.0365,0.0035,0.027));
#3446=CARTESIAN_POINT('',(-0.034,0.006,0.03075));
#3447=CARTESIAN_POINT('',(-0.03275,0.006,0.03075));
#3448=CARTESIAN_POINT('',(-0.03275,0.006,0.032));
#3449=CARTESIAN_POINT('',(-0.029,0.0035,0.0345));
#3450=CARTESIAN_POINT('',(-0.0219262692818894,0.00472786687256552,0.0332721331274344));
#3451=CARTESIAN_POINT('',(-0.00750218239380251,0.006,0.0202639023011835));
#3452=CARTESIAN_POINT('',(-0.0116589845744885,0.00251770650194758,0.0279822934980525));
#3453=CARTESIAN_POINT('',(-0.006,0.0035,0.027));
#3454=CARTESIAN_POINT('',(0.0116560371089138,0.00250921633976383,0.0279907836602361));
#3455=CARTESIAN_POINT('',(0.01675,0.0035,0.03075));
#3456=CARTESIAN_POINT('',(0.0218439628910862,0.00449078366023616,0.0335092163397639));
#3457=CARTESIAN_POINT('',(-0.01225,0.006,0.032));
#3458=CARTESIAN_POINT('',(0.03275,0.006,0.032));
#3459=CARTESIAN_POINT('',(0.03275,0.006,0.03075));
#3460=CARTESIAN_POINT('',(0.034,0.006,0.03075));
#3461=CARTESIAN_POINT('',(0.034,0.006,0.01425));
#3462=CARTESIAN_POINT('',(0.034,0.006,0.02325));
#3463=CARTESIAN_POINT('',(0.03275,0.006,0.02325));
#3464=CARTESIAN_POINT('',(0.03275,0.006,0.022));
#3465=CARTESIAN_POINT('',(0.0315,0.0035,0.0195));
#3466=CARTESIAN_POINT('',(0.005,-0.0039,9.79717439317883E-20));
#3467=CARTESIAN_POINT('',(0.005,0.0034,9.79717439317883E-20));
#3468=CARTESIAN_POINT('',(-0.005,-0.0034,9.79717439317883E-20));
#3469=CARTESIAN_POINT('',(-0.005,0.0039,9.79717439317883E-20));
#3470=CARTESIAN_POINT('',(-0.0319,0.,0.027));
#3471=CARTESIAN_POINT('',(-0.0319,0.,0.0241));
#3472=CARTESIAN_POINT('',(-0.0319,0.,0.0241));
#3473=CARTESIAN_POINT('',(-0.0319,0.0055,0.0241));
#3474=CARTESIAN_POINT('',(-0.0319,0.0055,0.0299));
#3475=CARTESIAN_POINT('',(-0.0319,0.0055,0.0299));
#3476=CARTESIAN_POINT('',(-0.0319,0.,0.0299));
#3477=CARTESIAN_POINT('',(-0.0319,0.,0.0299));
#3478=CARTESIAN_POINT('',(-0.0319,0.,0.027));
#3479=CARTESIAN_POINT('',(-0.029,0.,0.0299));
#3480=CARTESIAN_POINT('',(-0.029,0.0055,0.0299));
#3481=CARTESIAN_POINT('',(-0.0261,0.0055,0.0299));
#3482=CARTESIAN_POINT('',(-0.0261,0.,0.0299));
#3483=CARTESIAN_POINT('',(-0.0261,0.,0.0299));
#3484=CARTESIAN_POINT('',(-0.029,0.,0.0299));
#3485=CARTESIAN_POINT('',(-0.0261,0.,0.027));
#3486=CARTESIAN_POINT('',(-0.0261,0.0055,0.027));
#3487=CARTESIAN_POINT('',(-0.0261,0.0055,0.0241));
#3488=CARTESIAN_POINT('',(-0.0261,0.,0.0241));
#3489=CARTESIAN_POINT('',(-0.0261,0.,0.0241));
#3490=CARTESIAN_POINT('',(-0.0261,0.,0.027));
#3491=CARTESIAN_POINT('',(-0.029,0.,0.0241));
#3492=CARTESIAN_POINT('',(-0.0319,0.0055,0.0241));
#3493=CARTESIAN_POINT('',(-0.029,0.,0.0241));
#3494=CARTESIAN_POINT('',(0.,0.,0.013));
#3495=CARTESIAN_POINT('',(0.0261,0.,0.027));
#3496=CARTESIAN_POINT('',(0.0261,0.,0.0241));
#3497=CARTESIAN_POINT('',(0.0261,0.,0.0241));
#3498=CARTESIAN_POINT('',(0.0261,0.0055,0.0241));
#3499=CARTESIAN_POINT('',(0.0261,0.0055,0.0299));
#3500=CARTESIAN_POINT('',(0.0261,0.0055,0.0299));
#3501=CARTESIAN_POINT('',(0.0261,0.,0.0299));
#3502=CARTESIAN_POINT('',(0.0261,0.,0.0299));
#3503=CARTESIAN_POINT('',(0.0261,0.,0.027));
#3504=CARTESIAN_POINT('',(0.029,0.,0.0299));
#3505=CARTESIAN_POINT('',(0.029,0.0055,0.0299));
#3506=CARTESIAN_POINT('',(0.0319,0.0055,0.0299));
#3507=CARTESIAN_POINT('',(0.0319,0.,0.0299));
#3508=CARTESIAN_POINT('',(0.0319,0.,0.0299));
#3509=CARTESIAN_POINT('',(0.029,0.,0.0299));
#3510=CARTESIAN_POINT('',(0.0319,0.,0.027));
#3511=CARTESIAN_POINT('',(0.0319,0.0055,0.027));
#3512=CARTESIAN_POINT('',(0.0319,0.0055,0.0241));
#3513=CARTESIAN_POINT('',(0.0319,0.,0.0241));
#3514=CARTESIAN_POINT('',(0.0319,0.,0.0241));
#3515=CARTESIAN_POINT('',(0.0319,0.,0.027));
#3516=CARTESIAN_POINT('',(0.029,0.,0.0241));
#3517=CARTESIAN_POINT('',(0.0261,0.0055,0.0241));
#3518=CARTESIAN_POINT('',(0.029,0.,0.0241));
#3519=CARTESIAN_POINT('',(0.,0.,0.013));
#3520=CARTESIAN_POINT('',(0.0075,-0.009,0.0115));
#3521=CARTESIAN_POINT('',(0.0138819660112501,-0.009,0.0192639320225002));
#3522=CARTESIAN_POINT('',(-0.0111180339887499,-0.009,0.0137360679774998));
#3523=CARTESIAN_POINT('',(-0.0125,-0.009,0.0215));
#3524=CARTESIAN_POINT('',(0.0256,0.006,0.01425));
#3525=CARTESIAN_POINT('',(0.0224833333333334,0.00911666666666665,0.0204833333333333));
#3526=CARTESIAN_POINT('',(0.0270666666666667,0.00453333333333333,0.0289333333333333));
#3527=CARTESIAN_POINT('',(0.029,0.0055,0.0299));
#3528=CARTESIAN_POINT('',(0.0309333333333334,0.00453333333333333,0.0289333333333333));
#3529=CARTESIAN_POINT('',(-0.01225,0.006,0.0236));
#3530=CARTESIAN_POINT('',(0.0309333333333334,0.00453333333333333,0.0250666666666667));
#3531=CARTESIAN_POINT('',(0.0319,0.0055,0.027));
#3532=CARTESIAN_POINT('',(-0.0324,0.006,0.01425));
#3533=CARTESIAN_POINT('',(-0.0355166666666667,0.00911666666666667,0.0204833333333333));
#3534=CARTESIAN_POINT('',(-0.0309333333333334,0.00453333333333333,0.0289333333333333));
#3535=CARTESIAN_POINT('',(-0.029,0.0055,0.0299));
#3536=CARTESIAN_POINT('',(-0.0270666666666667,0.00453333333333333,0.0289333333333333));
#3537=CARTESIAN_POINT('',(-0.01225,0.006,0.0236));
#3538=CARTESIAN_POINT('',(-0.0270666666666667,0.00453333333333333,0.0250666666666667));
#3539=CARTESIAN_POINT('',(-0.0261,0.0055,0.027));
#3540=MECHANICAL_DESIGN_GEOMETRIC_PRESENTATION_REPRESENTATION('',(#2169),
#3541);
#3541=(
GEOMETRIC_REPRESENTATION_CONTEXT(3)
GLOBAL_UNCERTAINTY_ASSIGNED_CONTEXT((#3542))
GLOBAL_UNIT_ASSIGNED_CONTEXT((#3545,#3544,#3543))
REPRESENTATION_CONTEXT('shock holder','TOP_LEVEL_ASSEMBLY_PART')
);
#3542=UNCERTAINTY_MEASURE_WITH_UNIT(LENGTH_MEASURE(1.E-8),#3545,
'DISTANCE_ACCURACY_VALUE','Maximum Tolerance applied to model');
#3543=(
NAMED_UNIT(*)
SI_UNIT($,.STERADIAN.)
SOLID_ANGLE_UNIT()
);
#3544=(
NAMED_UNIT(*)
PLANE_ANGLE_UNIT()
SI_UNIT($,.RADIAN.)
);
#3545=(
LENGTH_UNIT()
NAMED_UNIT(*)
SI_UNIT($,.METRE.)
);
#3546=PRODUCT_DEFINITION_SHAPE('','',#3547);
#3547=PRODUCT_DEFINITION('','',#3549,#3548);
#3548=PRODUCT_DEFINITION_CONTEXT('',#3555,'design');
#3549=PRODUCT_DEFINITION_FORMATION_WITH_SPECIFIED_SOURCE('','',#3551,
 .NOT_KNOWN.);
#3550=PRODUCT_RELATED_PRODUCT_CATEGORY('','',(#3551));
#3551=PRODUCT('shock holder','shock holder','shock holder',(#3553));
#3552=PRODUCT_CATEGORY('','');
#3553=PRODUCT_CONTEXT('',#3555,'mechanical');
#3554=APPLICATION_PROTOCOL_DEFINITION('international standard',
'ap242_managed_model_based_3d_engineering',2020,#3555);
#3555=APPLICATION_CONTEXT('managed model based 3d engineering');
ENDSEC;
END-ISO-10303-21;
