ISO-10303-21;
HEADER;
/* Generated by software containing ST-Developer
 * from STEP Tools, Inc. (www.steptools.com) 
 */
/* OPTION: using custom renumber hook */

FILE_DESCRIPTION(
/* description */ ('STEP AP242 Edition 2',
'CAx-IF Rec.Pracs.---Representation and Presentation of Product Manufa
cturing Information (PMI)---4.0---2014-10-13',
'CAx-IF Rec.Pracs.---3D Tessellated Geometry---0.4---2014-09-14','2;1',
'CAx-IF Rec.Pracs.---User Defined Attributes---1.5---2016-08-15'),
/* implementation_level */ '2;1');

FILE_NAME(
/* name */ 'steering center thing',
/* time_stamp */ '2026-09-29T21:26:43Z',
/* author */ (''),
/* organization */ (''),
/* preprocessor_version */ 'ST-DEVELOPER v20',
/* originating_system */ 'ONSHAPE BY PTC INC, 1.221',
/* authorisation */ '  ');

FILE_SCHEMA (('AP242_MANAGED_MODEL_BASED_3D_ENGINEERING_MIM_LF { 1 0 10303 442 3 1 4 }'));
ENDSEC;

DATA;
#10=SHAPE_REPRESENTATION_RELATIONSHIP('','',#1090,#11);
#11=ADVANCED_BREP_SHAPE_REPRESENTATION('',(#1088),#2095);
#12=ELLIPSE('',#1184,0.0011180339887499,0.001);
#13=ELLIPSE('',#1186,0.00111803398874989,0.001);
#14=ELLIPSE('',#1188,0.00111803398874989,0.001);
#15=ELLIPSE('',#1190,0.00111803398874989,0.001);
#16=ELLIPSE('',#1193,0.00111803398874989,0.001);
#17=ELLIPSE('',#1199,0.00111803398874989,0.001);
#18=ELLIPSE('',#1201,0.0011180339887499,0.001);
#19=ELLIPSE('',#1206,0.0011180339887499,0.001);
#20=(
BOUNDED_SURFACE()
B_SPLINE_SURFACE(3,2,((#1861,#1862,#1863),(#1864,#1865,#1866),(#1867,#1868,
#1869),(#1870,#1871,#1872),(#1873,#1874,#1875)),.UNSPECIFIED.,.F.,.F.,.F.)
B_SPLINE_SURFACE_WITH_KNOTS((4,1,4),(3,3),(-6.83047368665868E-18,0.00123183756722622,
0.00246367513445245),(0.,1.),.UNSPECIFIED.)
GEOMETRIC_REPRESENTATION_ITEM()
RATIONAL_B_SPLINE_SURFACE(((1.,0.707106781186547,1.),(1.,0.740052987331174,
1.),(1.,0.816382108341876,1.),(1.,0.868733254580793,1.),(1.,0.868733256292531,
1.)))
REPRESENTATION_ITEM('')
SURFACE()
);
#21=(
BOUNDED_SURFACE()
B_SPLINE_SURFACE(3,2,((#1877,#1878,#1879),(#1880,#1881,#1882),(#1883,#1884,
#1885),(#1886,#1887,#1888),(#1889,#1890,#1891)),.UNSPECIFIED.,.F.,.F.,.F.)
B_SPLINE_SURFACE_WITH_KNOTS((4,1,4),(3,3),(-2.87313575708659E-18,0.00123136929014601,
0.00246273858029202),(0.,1.),.UNSPECIFIED.)
GEOMETRIC_REPRESENTATION_ITEM()
RATIONAL_B_SPLINE_SURFACE(((1.,0.86873325629255,1.),(1.,0.868733250985703,
1.),(1.,0.816439344393963,1.),(1.,0.739996853624357,1.),(1.,0.707106781186547,
1.)))
REPRESENTATION_ITEM('')
SURFACE()
);
#22=(
BOUNDED_SURFACE()
B_SPLINE_SURFACE(3,2,((#1897,#1898,#1899),(#1900,#1901,#1902),(#1903,#1904,
#1905),(#1906,#1907,#1908)),.UNSPECIFIED.,.F.,.F.,.F.)
B_SPLINE_SURFACE_WITH_KNOTS((4,4),(3,3),(0.000195931666910009,0.000495910088410638),
(0.,1.),.PIECEWISE_BEZIER_KNOTS.)
GEOMETRIC_REPRESENTATION_ITEM()
RATIONAL_B_SPLINE_SURFACE(((1.,0.707106781186548,1.),(1.,0.735775094781948,
1.),(1.,0.765981817711629,1.),(1.,0.793562601845943,1.)))
REPRESENTATION_ITEM('')
SURFACE()
);
#23=(
BOUNDED_SURFACE()
B_SPLINE_SURFACE(3,2,((#1915,#1916,#1917),(#1918,#1919,#1920),(#1921,#1922,
#1923),(#1924,#1925,#1926)),.UNSPECIFIED.,.F.,.F.,.F.)
B_SPLINE_SURFACE_WITH_KNOTS((4,4),(3,3),(1.5707963267949,2.6071111308756),
(0.,1.),.PIECEWISE_BEZIER_KNOTS.)
GEOMETRIC_REPRESENTATION_ITEM()
RATIONAL_B_SPLINE_SURFACE(((1.,1.,1.),(1.,0.999999999694659,1.),(1.,0.888970326934688,
1.),(1.,0.793562601845952,1.)))
REPRESENTATION_ITEM('')
SURFACE()
);
#24=(
BOUNDED_SURFACE()
B_SPLINE_SURFACE(3,2,((#1928,#1929,#1930),(#1931,#1932,#1933),(#1934,#1935,
#1936),(#1937,#1938,#1939)),.UNSPECIFIED.,.F.,.F.,.F.)
B_SPLINE_SURFACE_WITH_KNOTS((4,4),(3,3),(6.81766682989378,7.85398163397448),
(0.,1.),.PIECEWISE_BEZIER_KNOTS.)
GEOMETRIC_REPRESENTATION_ITEM()
RATIONAL_B_SPLINE_SURFACE(((1.,0.793562601845952,1.),(1.,0.88897032693472,
1.),(1.,0.999999999694659,1.),(1.,1.,1.)))
REPRESENTATION_ITEM('')
SURFACE()
);
#25=(
BOUNDED_SURFACE()
B_SPLINE_SURFACE(3,2,((#1943,#1944,#1945),(#1946,#1947,#1948),(#1949,#1950,
#1951),(#1952,#1953,#1954)),.UNSPECIFIED.,.F.,.F.,.F.)
B_SPLINE_SURFACE_WITH_KNOTS((4,4),(3,3),(0.000195931666910009,0.000495910088410639),
(0.,1.),.PIECEWISE_BEZIER_KNOTS.)
GEOMETRIC_REPRESENTATION_ITEM()
RATIONAL_B_SPLINE_SURFACE(((1.,0.707106781186548,1.),(1.,0.73577509478192,
1.),(1.,0.765981817711635,1.),(1.,0.793562601845944,1.)))
REPRESENTATION_ITEM('')
SURFACE()
);
#26=(
BOUNDED_SURFACE()
B_SPLINE_SURFACE(3,2,((#1959,#1960,#1961),(#1962,#1963,#1964),(#1965,#1966,
#1967),(#1968,#1969,#1970)),.UNSPECIFIED.,.F.,.F.,.F.)
B_SPLINE_SURFACE_WITH_KNOTS((4,4),(3,3),(0.000195931666910001,0.000495910088410632),
(0.,1.),.PIECEWISE_BEZIER_KNOTS.)
GEOMETRIC_REPRESENTATION_ITEM()
RATIONAL_B_SPLINE_SURFACE(((1.,0.707106781186548,1.),(1.,0.735775094781707,
1.),(1.,0.765981817711426,1.),(1.,0.79356260184594,1.)))
REPRESENTATION_ITEM('')
SURFACE()
);
#27=(
BOUNDED_SURFACE()
B_SPLINE_SURFACE(3,2,((#1990,#1991,#1992),(#1993,#1994,#1995),(#1996,#1997,
#1998),(#1999,#2000,#2001)),.UNSPECIFIED.,.F.,.F.,.F.)
B_SPLINE_SURFACE_WITH_KNOTS((4,4),(3,3),(0.000195931666910001,0.000495910088410632),
(0.,1.),.PIECEWISE_BEZIER_KNOTS.)
GEOMETRIC_REPRESENTATION_ITEM()
RATIONAL_B_SPLINE_SURFACE(((1.,0.707106781186548,1.),(1.,0.73577509478174,
1.),(1.,0.765981817711376,1.),(1.,0.79356260184594,1.)))
REPRESENTATION_ITEM('')
SURFACE()
);
#28=(
BOUNDED_SURFACE()
B_SPLINE_SURFACE(3,2,((#2003,#2004,#2005),(#2006,#2007,#2008),(#2009,#2010,
#2011),(#2012,#2013,#2014)),.UNSPECIFIED.,.F.,.F.,.F.)
B_SPLINE_SURFACE_WITH_KNOTS((4,4),(3,3),(6.81766682989377,7.85398163397448),
(0.,1.),.PIECEWISE_BEZIER_KNOTS.)
GEOMETRIC_REPRESENTATION_ITEM()
RATIONAL_B_SPLINE_SURFACE(((1.,0.79356260184595,1.),(1.,0.888970326934579,
1.),(1.,0.999999999694659,1.),(1.,1.,1.)))
REPRESENTATION_ITEM('')
SURFACE()
);
#29=(
BOUNDED_SURFACE()
B_SPLINE_SURFACE(3,2,((#2020,#2021,#2022),(#2023,#2024,#2025),(#2026,#2027,
#2028),(#2029,#2030,#2031)),.UNSPECIFIED.,.F.,.F.,.F.)
B_SPLINE_SURFACE_WITH_KNOTS((4,4),(3,3),(1.5707963267949,2.60711113087561),
(0.,1.),.PIECEWISE_BEZIER_KNOTS.)
GEOMETRIC_REPRESENTATION_ITEM()
RATIONAL_B_SPLINE_SURFACE(((1.,1.,1.),(1.,0.999999999694659,1.),(1.,0.888970326934579,
1.),(1.,0.79356260184595,1.)))
REPRESENTATION_ITEM('')
SURFACE()
);
#30=(
BOUNDED_SURFACE()
B_SPLINE_SURFACE(3,2,((#2049,#2050,#2051),(#2052,#2053,#2054),(#2055,#2056,
#2057),(#2058,#2059,#2060),(#2061,#2062,#2063)),.UNSPECIFIED.,.F.,.F.,.F.)
B_SPLINE_SURFACE_WITH_KNOTS((4,1,4),(3,3),(-1.30104260698261E-18,0.00198478242145809,
0.00396956484291619),(0.,1.),.UNSPECIFIED.)
GEOMETRIC_REPRESENTATION_ITEM()
RATIONAL_B_SPLINE_SURFACE(((1.,0.707106781186546,1.),(1.,0.78618717264986,
1.),(1.,0.936340743007561,1.),(1.,1.00000000000037,1.),(1.,1.,1.)))
REPRESENTATION_ITEM('')
SURFACE()
);
#31=(
BOUNDED_SURFACE()
B_SPLINE_SURFACE(3,2,((#2065,#2066,#2067),(#2068,#2069,#2070),(#2071,#2072,
#2073),(#2074,#2075,#2076),(#2077,#2078,#2079)),.UNSPECIFIED.,.F.,.F.,.F.)
B_SPLINE_SURFACE_WITH_KNOTS((4,1,4),(3,3),(-1.30104260698261E-18,0.00198478242145816,
0.00396956484291631),(0.,1.),.UNSPECIFIED.)
GEOMETRIC_REPRESENTATION_ITEM()
RATIONAL_B_SPLINE_SURFACE(((1.,0.707106781186546,1.),(1.,0.786187172650012,
1.),(1.,0.936340743007509,1.),(1.,1.00000000000033,1.),(1.,1.,1.)))
REPRESENTATION_ITEM('')
SURFACE()
);
#32=SPHERICAL_SURFACE('',#1169,0.001);
#33=SPHERICAL_SURFACE('',#1171,0.001);
#34=SPHERICAL_SURFACE('',#1194,0.001);
#35=SPHERICAL_SURFACE('',#1196,0.001);
#36=SPHERICAL_SURFACE('',#1215,0.001);
#37=SPHERICAL_SURFACE('',#1217,0.001);
#38=TOROIDAL_SURFACE('',#1135,0.0041,0.0005);
#39=TOROIDAL_SURFACE('',#1138,0.0051,0.0005);
#40=TOROIDAL_SURFACE('',#1139,0.0051,0.0005);
#41=TOROIDAL_SURFACE('',#1140,0.0041,0.0005);
#42=TOROIDAL_SURFACE('',#1173,0.002,0.001);
#43=TOROIDAL_SURFACE('',#1175,0.002,0.001);
#44=TOROIDAL_SURFACE('',#1202,0.002,0.001);
#45=TOROIDAL_SURFACE('',#1204,0.002,0.001);
#46=TOROIDAL_SURFACE('',#1219,0.0036,0.001);
#47=TOROIDAL_SURFACE('',#1221,0.0036,0.001);
#48=TOROIDAL_SURFACE('',#1227,0.0026,0.001);
#49=CYLINDRICAL_SURFACE('',#1106,0.0016);
#50=CYLINDRICAL_SURFACE('',#1119,0.0046);
#51=CYLINDRICAL_SURFACE('',#1124,0.0046);
#52=CYLINDRICAL_SURFACE('',#1130,0.0016);
#53=CYLINDRICAL_SURFACE('',#1132,0.0016);
#54=CYLINDRICAL_SURFACE('',#1143,0.0016);
#55=CYLINDRICAL_SURFACE('',#1147,0.001);
#56=CYLINDRICAL_SURFACE('',#1150,0.001);
#57=CYLINDRICAL_SURFACE('',#1153,0.001);
#58=CYLINDRICAL_SURFACE('',#1156,0.001);
#59=CYLINDRICAL_SURFACE('',#1159,0.001);
#60=CYLINDRICAL_SURFACE('',#1162,0.001);
#61=CYLINDRICAL_SURFACE('',#1177,0.001);
#62=CYLINDRICAL_SURFACE('',#1179,0.001);
#63=CYLINDRICAL_SURFACE('',#1183,0.001);
#64=CYLINDRICAL_SURFACE('',#1185,0.001);
#65=CYLINDRICAL_SURFACE('',#1192,0.001);
#66=CYLINDRICAL_SURFACE('',#1198,0.001);
#67=CYLINDRICAL_SURFACE('',#1207,0.001);
#68=CYLINDRICAL_SURFACE('',#1209,0.001);
#69=CYLINDRICAL_SURFACE('',#1211,0.001);
#70=CYLINDRICAL_SURFACE('',#1213,0.001);
#71=CYLINDRICAL_SURFACE('',#1225,0.001);
#72=CYLINDRICAL_SURFACE('',#1226,0.001);
#73=CIRCLE('',#1093,0.0026);
#74=CIRCLE('',#1095,0.0016);
#75=CIRCLE('',#1096,0.002);
#76=CIRCLE('',#1097,0.002);
#77=CIRCLE('',#1098,0.0036);
#78=CIRCLE('',#1099,0.0036);
#79=CIRCLE('',#1100,0.0016);
#80=CIRCLE('',#1102,0.0051);
#81=CIRCLE('',#1103,0.0051);
#82=CIRCLE('',#1104,0.002);
#83=CIRCLE('',#1105,0.002);
#84=CIRCLE('',#1107,0.0016);
#85=CIRCLE('',#1108,0.0016);
#86=CIRCLE('',#1109,0.0016);
#87=CIRCLE('',#1110,0.0016);
#88=CIRCLE('',#1111,0.0016);
#89=CIRCLE('',#1117,0.0041);
#90=CIRCLE('',#1118,0.0016);
#91=CIRCLE('',#1120,0.0046);
#92=CIRCLE('',#1121,0.0046);
#93=CIRCLE('',#1122,0.0046);
#94=CIRCLE('',#1125,0.0046);
#95=CIRCLE('',#1126,0.0046);
#96=CIRCLE('',#1127,0.0046);
#97=CIRCLE('',#1129,0.0026);
#98=CIRCLE('',#1131,0.0016);
#99=CIRCLE('',#1134,0.0041);
#100=CIRCLE('',#1136,0.0005);
#101=CIRCLE('',#1137,0.0005);
#102=CIRCLE('',#1141,0.0005);
#103=CIRCLE('',#1142,0.0005);
#104=CIRCLE('',#1144,0.0016);
#105=CIRCLE('',#1145,0.0016);
#106=CIRCLE('',#1148,0.001);
#107=CIRCLE('',#1149,0.001);
#108=CIRCLE('',#1151,0.001);
#109=CIRCLE('',#1152,0.001);
#110=CIRCLE('',#1154,0.001);
#111=CIRCLE('',#1155,0.001);
#112=CIRCLE('',#1157,0.001);
#113=CIRCLE('',#1158,0.001);
#114=CIRCLE('',#1160,0.001);
#115=CIRCLE('',#1161,0.001);
#116=CIRCLE('',#1163,0.001);
#117=CIRCLE('',#1164,0.001);
#118=CIRCLE('',#1170,0.001);
#119=CIRCLE('',#1172,0.001);
#120=CIRCLE('',#1174,0.001);
#121=CIRCLE('',#1176,0.001);
#122=CIRCLE('',#1178,0.001);
#123=CIRCLE('',#1180,0.001);
#124=CIRCLE('',#1181,0.001);
#125=CIRCLE('',#1182,0.001);
#126=CIRCLE('',#1187,0.0005);
#127=CIRCLE('',#1189,0.0005);
#128=CIRCLE('',#1191,0.0005);
#129=CIRCLE('',#1195,0.001);
#130=CIRCLE('',#1197,0.001);
#131=CIRCLE('',#1200,0.0005);
#132=CIRCLE('',#1203,0.001);
#133=CIRCLE('',#1205,0.001);
#134=CIRCLE('',#1208,0.001);
#135=CIRCLE('',#1210,0.001);
#136=CIRCLE('',#1212,0.001);
#137=CIRCLE('',#1214,0.001);
#138=CIRCLE('',#1216,0.001);
#139=CIRCLE('',#1218,0.001);
#140=CIRCLE('',#1220,0.001);
#141=CIRCLE('',#1222,0.001);
#142=CIRCLE('',#1223,0.001);
#143=CIRCLE('',#1224,0.001);
#144=B_SPLINE_CURVE_WITH_KNOTS('',3,(#1561,#1562,#1563,#1564,#1565),
 .UNSPECIFIED.,.F.,.F.,(4,1,4),(0.,0.00198240525670498,0.00396481051340995),
 .UNSPECIFIED.);
#145=B_SPLINE_CURVE_WITH_KNOTS('',3,(#1630,#1631,#1632,#1633),
 .UNSPECIFIED.,.F.,.F.,(4,4),(0.,0.0011324844064899),.UNSPECIFIED.);
#146=B_SPLINE_CURVE_WITH_KNOTS('',3,(#1637,#1638,#1639,#1640),
 .UNSPECIFIED.,.F.,.F.,(4,4),(0.,0.00113248440648992),.UNSPECIFIED.);
#147=B_SPLINE_CURVE_WITH_KNOTS('',3,(#1644,#1645,#1646,#1647),
 .UNSPECIFIED.,.F.,.F.,(4,4),(0.,0.00113248440648991),.UNSPECIFIED.);
#148=B_SPLINE_CURVE_WITH_KNOTS('',3,(#1651,#1652,#1653,#1654),
 .UNSPECIFIED.,.F.,.F.,(4,4),(0.,0.00113248440648988),.UNSPECIFIED.);
#149=B_SPLINE_CURVE_WITH_KNOTS('',3,(#1675,#1676,#1677,#1678,#1679),
 .UNSPECIFIED.,.F.,.F.,(4,1,4),(0.,0.00123183756722621,0.00246367513445242),
 .UNSPECIFIED.);
#150=B_SPLINE_CURVE_WITH_KNOTS('',3,(#1704,#1705,#1706,#1707),
 .UNSPECIFIED.,.F.,.F.,(4,4),(0.,0.000336728927440642),.UNSPECIFIED.);
#151=B_SPLINE_CURVE_WITH_KNOTS('',3,(#1711,#1712,#1713,#1714),
 .UNSPECIFIED.,.F.,.F.,(4,4),(0.,0.00033351363644879),.UNSPECIFIED.);
#152=B_SPLINE_CURVE_WITH_KNOTS('',3,(#1716,#1717,#1718,#1719,#1720),
 .UNSPECIFIED.,.F.,.F.,(4,1,4),(0.,0.00123136929014601,0.00246273858029203),
 .UNSPECIFIED.);
#153=B_SPLINE_CURVE_WITH_KNOTS('',3,(#1742,#1743,#1744,#1745),
 .UNSPECIFIED.,.F.,.F.,(4,4),(0.,0.000336728927440653),.UNSPECIFIED.);
#154=B_SPLINE_CURVE_WITH_KNOTS('',3,(#1749,#1750,#1751,#1752),
 .UNSPECIFIED.,.F.,.F.,(4,4),(0.,0.000333513636448819),.UNSPECIFIED.);
#155=B_SPLINE_CURVE_WITH_KNOTS('',3,(#1758,#1759,#1760,#1761,#1762),
 .UNSPECIFIED.,.F.,.F.,(4,1,4),(0.,0.00198240525670497,0.00396481051340995),
 .UNSPECIFIED.);
#156=B_SPLINE_CURVE_WITH_KNOTS('',3,(#1782,#1783,#1784,#1785,#1786),
 .UNSPECIFIED.,.F.,.F.,(4,1,4),(0.,0.00192333734299725,0.0038466746859945),
 .UNSPECIFIED.);
#157=B_SPLINE_CURVE_WITH_KNOTS('',3,(#1787,#1788,#1789,#1790,#1791,#1792),
 .UNSPECIFIED.,.F.,.F.,(4,1,1,4),(0.,0.000289552344249641,0.000579104688499281,
0.00115820937699856),.UNSPECIFIED.);
#158=B_SPLINE_CURVE_WITH_KNOTS('',3,(#1794,#1795,#1796,#1797,#1798),
 .UNSPECIFIED.,.F.,.F.,(4,1,4),(0.,0.00192333734299725,0.0038466746859945),
 .UNSPECIFIED.);
#159=B_SPLINE_CURVE_WITH_KNOTS('',3,(#1799,#1800,#1801,#1802,#1803,#1804),
 .UNSPECIFIED.,.F.,.F.,(4,1,1,4),(0.,0.000573173321453525,0.000859759982180287,
0.00114634664290705),.UNSPECIFIED.);
#160=B_SPLINE_CURVE_WITH_KNOTS('',3,(#1911,#1912,#1913,#1914),
 .UNSPECIFIED.,.F.,.F.,(4,4),(0.,0.000555400705475229),.UNSPECIFIED.);
#161=B_SPLINE_CURVE_WITH_KNOTS('',3,(#1955,#1956,#1957,#1958),
 .UNSPECIFIED.,.F.,.F.,(4,4),(0.,0.000547634500583308),.UNSPECIFIED.);
#162=B_SPLINE_CURVE_WITH_KNOTS('',3,(#1971,#1972,#1973,#1974),
 .UNSPECIFIED.,.F.,.F.,(4,4),(0.,0.00054763450058331),.UNSPECIFIED.);
#163=B_SPLINE_CURVE_WITH_KNOTS('',3,(#1984,#1985,#1986,#1987),
 .UNSPECIFIED.,.F.,.F.,(4,4),(0.,0.00054763450058331),.UNSPECIFIED.);
#164=B_SPLINE_CURVE_WITH_KNOTS('',3,(#2082,#2083,#2084,#2085,#2086),
 .UNSPECIFIED.,.F.,.F.,(4,1,4),(-6.99798053599212E-6,0.00220825623008756,
0.00442351044071111),.UNSPECIFIED.);
#165=B_SPLINE_CURVE_WITH_KNOTS('',3,(#2088,#2089,#2090,#2091,#2092),
 .UNSPECIFIED.,.F.,.F.,(4,1,4),(-6.99798053599436E-6,0.00220825623008754,
0.00442351044071107),.UNSPECIFIED.);
#166=ORIENTED_EDGE('',*,*,#476,.T.);
#167=ORIENTED_EDGE('',*,*,#477,.T.);
#168=ORIENTED_EDGE('',*,*,#478,.F.);
#169=ORIENTED_EDGE('',*,*,#479,.T.);
#170=ORIENTED_EDGE('',*,*,#480,.T.);
#171=ORIENTED_EDGE('',*,*,#481,.F.);
#172=ORIENTED_EDGE('',*,*,#482,.T.);
#173=ORIENTED_EDGE('',*,*,#483,.T.);
#174=ORIENTED_EDGE('',*,*,#484,.T.);
#175=ORIENTED_EDGE('',*,*,#485,.T.);
#176=ORIENTED_EDGE('',*,*,#486,.T.);
#177=ORIENTED_EDGE('',*,*,#487,.T.);
#178=ORIENTED_EDGE('',*,*,#488,.T.);
#179=ORIENTED_EDGE('',*,*,#489,.T.);
#180=ORIENTED_EDGE('',*,*,#490,.F.);
#181=ORIENTED_EDGE('',*,*,#491,.T.);
#182=ORIENTED_EDGE('',*,*,#492,.T.);
#183=ORIENTED_EDGE('',*,*,#493,.F.);
#184=ORIENTED_EDGE('',*,*,#494,.F.);
#185=ORIENTED_EDGE('',*,*,#495,.T.);
#186=ORIENTED_EDGE('',*,*,#496,.T.);
#187=ORIENTED_EDGE('',*,*,#497,.T.);
#188=ORIENTED_EDGE('',*,*,#498,.T.);
#189=ORIENTED_EDGE('',*,*,#499,.T.);
#190=ORIENTED_EDGE('',*,*,#500,.T.);
#191=ORIENTED_EDGE('',*,*,#501,.T.);
#192=ORIENTED_EDGE('',*,*,#502,.T.);
#193=ORIENTED_EDGE('',*,*,#503,.F.);
#194=ORIENTED_EDGE('',*,*,#504,.F.);
#195=ORIENTED_EDGE('',*,*,#505,.T.);
#196=ORIENTED_EDGE('',*,*,#506,.T.);
#197=ORIENTED_EDGE('',*,*,#507,.T.);
#198=ORIENTED_EDGE('',*,*,#508,.T.);
#199=ORIENTED_EDGE('',*,*,#509,.T.);
#200=ORIENTED_EDGE('',*,*,#510,.T.);
#201=ORIENTED_EDGE('',*,*,#511,.T.);
#202=ORIENTED_EDGE('',*,*,#512,.T.);
#203=ORIENTED_EDGE('',*,*,#513,.T.);
#204=ORIENTED_EDGE('',*,*,#514,.T.);
#205=ORIENTED_EDGE('',*,*,#515,.T.);
#206=ORIENTED_EDGE('',*,*,#509,.F.);
#207=ORIENTED_EDGE('',*,*,#516,.T.);
#208=ORIENTED_EDGE('',*,*,#517,.T.);
#209=ORIENTED_EDGE('',*,*,#518,.T.);
#210=ORIENTED_EDGE('',*,*,#519,.T.);
#211=ORIENTED_EDGE('',*,*,#511,.F.);
#212=ORIENTED_EDGE('',*,*,#513,.F.);
#213=ORIENTED_EDGE('',*,*,#520,.T.);
#214=ORIENTED_EDGE('',*,*,#521,.T.);
#215=ORIENTED_EDGE('',*,*,#522,.T.);
#216=ORIENTED_EDGE('',*,*,#523,.T.);
#217=ORIENTED_EDGE('',*,*,#524,.T.);
#218=ORIENTED_EDGE('',*,*,#525,.T.);
#219=ORIENTED_EDGE('',*,*,#526,.T.);
#220=ORIENTED_EDGE('',*,*,#527,.T.);
#221=ORIENTED_EDGE('',*,*,#528,.T.);
#222=ORIENTED_EDGE('',*,*,#529,.T.);
#223=ORIENTED_EDGE('',*,*,#530,.T.);
#224=ORIENTED_EDGE('',*,*,#531,.T.);
#225=ORIENTED_EDGE('',*,*,#532,.T.);
#226=ORIENTED_EDGE('',*,*,#533,.T.);
#227=ORIENTED_EDGE('',*,*,#478,.T.);
#228=ORIENTED_EDGE('',*,*,#534,.T.);
#229=ORIENTED_EDGE('',*,*,#535,.T.);
#230=ORIENTED_EDGE('',*,*,#536,.T.);
#231=ORIENTED_EDGE('',*,*,#537,.T.);
#232=ORIENTED_EDGE('',*,*,#538,.T.);
#233=ORIENTED_EDGE('',*,*,#539,.T.);
#234=ORIENTED_EDGE('',*,*,#540,.T.);
#235=ORIENTED_EDGE('',*,*,#541,.T.);
#236=ORIENTED_EDGE('',*,*,#542,.T.);
#237=ORIENTED_EDGE('',*,*,#543,.T.);
#238=ORIENTED_EDGE('',*,*,#544,.T.);
#239=ORIENTED_EDGE('',*,*,#545,.T.);
#240=ORIENTED_EDGE('',*,*,#546,.F.);
#241=ORIENTED_EDGE('',*,*,#547,.T.);
#242=ORIENTED_EDGE('',*,*,#548,.T.);
#243=ORIENTED_EDGE('',*,*,#549,.T.);
#244=ORIENTED_EDGE('',*,*,#550,.T.);
#245=ORIENTED_EDGE('',*,*,#551,.T.);
#246=ORIENTED_EDGE('',*,*,#552,.T.);
#247=ORIENTED_EDGE('',*,*,#553,.T.);
#248=ORIENTED_EDGE('',*,*,#546,.T.);
#249=ORIENTED_EDGE('',*,*,#554,.T.);
#250=ORIENTED_EDGE('',*,*,#555,.T.);
#251=ORIENTED_EDGE('',*,*,#556,.T.);
#252=ORIENTED_EDGE('',*,*,#557,.T.);
#253=ORIENTED_EDGE('',*,*,#481,.T.);
#254=ORIENTED_EDGE('',*,*,#558,.F.);
#255=ORIENTED_EDGE('',*,*,#490,.T.);
#256=ORIENTED_EDGE('',*,*,#531,.F.);
#257=ORIENTED_EDGE('',*,*,#559,.T.);
#258=ORIENTED_EDGE('',*,*,#560,.T.);
#259=ORIENTED_EDGE('',*,*,#558,.T.);
#260=ORIENTED_EDGE('',*,*,#550,.F.);
#261=ORIENTED_EDGE('',*,*,#561,.T.);
#262=ORIENTED_EDGE('',*,*,#529,.F.);
#263=ORIENTED_EDGE('',*,*,#562,.T.);
#264=ORIENTED_EDGE('',*,*,#497,.F.);
#265=ORIENTED_EDGE('',*,*,#563,.T.);
#266=ORIENTED_EDGE('',*,*,#553,.F.);
#267=ORIENTED_EDGE('',*,*,#564,.T.);
#268=ORIENTED_EDGE('',*,*,#534,.F.);
#269=ORIENTED_EDGE('',*,*,#565,.T.);
#270=ORIENTED_EDGE('',*,*,#495,.F.);
#271=ORIENTED_EDGE('',*,*,#566,.T.);
#272=ORIENTED_EDGE('',*,*,#559,.F.);
#273=ORIENTED_EDGE('',*,*,#567,.T.);
#274=ORIENTED_EDGE('',*,*,#537,.F.);
#275=ORIENTED_EDGE('',*,*,#568,.T.);
#276=ORIENTED_EDGE('',*,*,#569,.T.);
#277=ORIENTED_EDGE('',*,*,#570,.F.);
#278=ORIENTED_EDGE('',*,*,#571,.T.);
#279=ORIENTED_EDGE('',*,*,#572,.T.);
#280=ORIENTED_EDGE('',*,*,#507,.F.);
#281=ORIENTED_EDGE('',*,*,#541,.F.);
#282=ORIENTED_EDGE('',*,*,#573,.T.);
#283=ORIENTED_EDGE('',*,*,#574,.F.);
#284=ORIENTED_EDGE('',*,*,#575,.T.);
#285=ORIENTED_EDGE('',*,*,#576,.F.);
#286=ORIENTED_EDGE('',*,*,#577,.T.);
#287=ORIENTED_EDGE('',*,*,#522,.F.);
#288=ORIENTED_EDGE('',*,*,#578,.T.);
#289=ORIENTED_EDGE('',*,*,#500,.F.);
#290=ORIENTED_EDGE('',*,*,#579,.T.);
#291=ORIENTED_EDGE('',*,*,#520,.F.);
#292=ORIENTED_EDGE('',*,*,#512,.F.);
#293=ORIENTED_EDGE('',*,*,#519,.F.);
#294=ORIENTED_EDGE('',*,*,#580,.T.);
#295=ORIENTED_EDGE('',*,*,#574,.T.);
#296=ORIENTED_EDGE('',*,*,#581,.T.);
#297=ORIENTED_EDGE('',*,*,#518,.F.);
#298=ORIENTED_EDGE('',*,*,#510,.F.);
#299=ORIENTED_EDGE('',*,*,#517,.F.);
#300=ORIENTED_EDGE('',*,*,#582,.T.);
#301=ORIENTED_EDGE('',*,*,#521,.F.);
#302=ORIENTED_EDGE('',*,*,#583,.T.);
#303=ORIENTED_EDGE('',*,*,#576,.T.);
#304=ORIENTED_EDGE('',*,*,#584,.T.);
#305=ORIENTED_EDGE('',*,*,#571,.F.);
#306=ORIENTED_EDGE('',*,*,#514,.F.);
#307=ORIENTED_EDGE('',*,*,#484,.F.);
#308=ORIENTED_EDGE('',*,*,#585,.T.);
#309=ORIENTED_EDGE('',*,*,#516,.F.);
#310=ORIENTED_EDGE('',*,*,#508,.F.);
#311=ORIENTED_EDGE('',*,*,#572,.F.);
#312=ORIENTED_EDGE('',*,*,#586,.T.);
#313=ORIENTED_EDGE('',*,*,#504,.T.);
#314=ORIENTED_EDGE('',*,*,#587,.T.);
#315=ORIENTED_EDGE('',*,*,#491,.F.);
#316=ORIENTED_EDGE('',*,*,#588,.F.);
#317=ORIENTED_EDGE('',*,*,#589,.T.);
#318=ORIENTED_EDGE('',*,*,#493,.T.);
#319=ORIENTED_EDGE('',*,*,#590,.F.);
#320=ORIENTED_EDGE('',*,*,#506,.F.);
#321=ORIENTED_EDGE('',*,*,#515,.F.);
#322=ORIENTED_EDGE('',*,*,#503,.T.);
#323=ORIENTED_EDGE('',*,*,#590,.T.);
#324=ORIENTED_EDGE('',*,*,#492,.F.);
#325=ORIENTED_EDGE('',*,*,#587,.F.);
#326=ORIENTED_EDGE('',*,*,#570,.T.);
#327=ORIENTED_EDGE('',*,*,#588,.T.);
#328=ORIENTED_EDGE('',*,*,#494,.T.);
#329=ORIENTED_EDGE('',*,*,#589,.F.);
#330=ORIENTED_EDGE('',*,*,#505,.F.);
#331=ORIENTED_EDGE('',*,*,#583,.F.);
#332=ORIENTED_EDGE('',*,*,#579,.F.);
#333=ORIENTED_EDGE('',*,*,#591,.F.);
#334=ORIENTED_EDGE('',*,*,#580,.F.);
#335=ORIENTED_EDGE('',*,*,#581,.F.);
#336=ORIENTED_EDGE('',*,*,#592,.F.);
#337=ORIENTED_EDGE('',*,*,#591,.T.);
#338=ORIENTED_EDGE('',*,*,#499,.F.);
#339=ORIENTED_EDGE('',*,*,#593,.F.);
#340=ORIENTED_EDGE('',*,*,#577,.F.);
#341=ORIENTED_EDGE('',*,*,#592,.T.);
#342=ORIENTED_EDGE('',*,*,#573,.F.);
#343=ORIENTED_EDGE('',*,*,#594,.F.);
#344=ORIENTED_EDGE('',*,*,#501,.F.);
#345=ORIENTED_EDGE('',*,*,#593,.T.);
#346=ORIENTED_EDGE('',*,*,#498,.F.);
#347=ORIENTED_EDGE('',*,*,#595,.F.);
#348=ORIENTED_EDGE('',*,*,#523,.F.);
#349=ORIENTED_EDGE('',*,*,#594,.T.);
#350=ORIENTED_EDGE('',*,*,#540,.F.);
#351=ORIENTED_EDGE('',*,*,#596,.F.);
#352=ORIENTED_EDGE('',*,*,#502,.F.);
#353=ORIENTED_EDGE('',*,*,#595,.T.);
#354=ORIENTED_EDGE('',*,*,#564,.F.);
#355=ORIENTED_EDGE('',*,*,#597,.F.);
#356=ORIENTED_EDGE('',*,*,#524,.F.);
#357=ORIENTED_EDGE('',*,*,#596,.T.);
#358=ORIENTED_EDGE('',*,*,#539,.F.);
#359=ORIENTED_EDGE('',*,*,#598,.F.);
#360=ORIENTED_EDGE('',*,*,#566,.F.);
#361=ORIENTED_EDGE('',*,*,#597,.T.);
#362=ORIENTED_EDGE('',*,*,#552,.F.);
#363=ORIENTED_EDGE('',*,*,#599,.F.);
#364=ORIENTED_EDGE('',*,*,#525,.F.);
#365=ORIENTED_EDGE('',*,*,#598,.T.);
#366=ORIENTED_EDGE('',*,*,#545,.F.);
#367=ORIENTED_EDGE('',*,*,#600,.F.);
#368=ORIENTED_EDGE('',*,*,#535,.F.);
#369=ORIENTED_EDGE('',*,*,#601,.F.);
#370=ORIENTED_EDGE('',*,*,#551,.F.);
#371=ORIENTED_EDGE('',*,*,#562,.F.);
#372=ORIENTED_EDGE('',*,*,#602,.F.);
#373=ORIENTED_EDGE('',*,*,#599,.T.);
#374=ORIENTED_EDGE('',*,*,#601,.T.);
#375=ORIENTED_EDGE('',*,*,#603,.F.);
#376=ORIENTED_EDGE('',*,*,#604,.F.);
#377=ORIENTED_EDGE('',*,*,#600,.T.);
#378=ORIENTED_EDGE('',*,*,#605,.F.);
#379=ORIENTED_EDGE('',*,*,#536,.F.);
#380=ORIENTED_EDGE('',*,*,#604,.T.);
#381=ORIENTED_EDGE('',*,*,#606,.F.);
#382=ORIENTED_EDGE('',*,*,#568,.F.);
#383=ORIENTED_EDGE('',*,*,#607,.F.);
#384=ORIENTED_EDGE('',*,*,#561,.F.);
#385=ORIENTED_EDGE('',*,*,#549,.F.);
#386=ORIENTED_EDGE('',*,*,#608,.F.);
#387=ORIENTED_EDGE('',*,*,#530,.F.);
#388=ORIENTED_EDGE('',*,*,#607,.T.);
#389=ORIENTED_EDGE('',*,*,#609,.F.);
#390=ORIENTED_EDGE('',*,*,#526,.F.);
#391=ORIENTED_EDGE('',*,*,#603,.T.);
#392=ORIENTED_EDGE('',*,*,#602,.T.);
#393=ORIENTED_EDGE('',*,*,#586,.F.);
#394=ORIENTED_EDGE('',*,*,#584,.F.);
#395=ORIENTED_EDGE('',*,*,#610,.F.);
#396=ORIENTED_EDGE('',*,*,#582,.F.);
#397=ORIENTED_EDGE('',*,*,#585,.F.);
#398=ORIENTED_EDGE('',*,*,#611,.F.);
#399=ORIENTED_EDGE('',*,*,#612,.F.);
#400=ORIENTED_EDGE('',*,*,#560,.F.);
#401=ORIENTED_EDGE('',*,*,#606,.T.);
#402=ORIENTED_EDGE('',*,*,#605,.T.);
#403=ORIENTED_EDGE('',*,*,#544,.F.);
#404=ORIENTED_EDGE('',*,*,#613,.F.);
#405=ORIENTED_EDGE('',*,*,#567,.F.);
#406=ORIENTED_EDGE('',*,*,#612,.T.);
#407=ORIENTED_EDGE('',*,*,#614,.F.);
#408=ORIENTED_EDGE('',*,*,#538,.F.);
#409=ORIENTED_EDGE('',*,*,#609,.T.);
#410=ORIENTED_EDGE('',*,*,#608,.T.);
#411=ORIENTED_EDGE('',*,*,#615,.F.);
#412=ORIENTED_EDGE('',*,*,#610,.T.);
#413=ORIENTED_EDGE('',*,*,#578,.F.);
#414=ORIENTED_EDGE('',*,*,#616,.F.);
#415=ORIENTED_EDGE('',*,*,#485,.F.);
#416=ORIENTED_EDGE('',*,*,#611,.T.);
#417=ORIENTED_EDGE('',*,*,#483,.F.);
#418=ORIENTED_EDGE('',*,*,#617,.F.);
#419=ORIENTED_EDGE('',*,*,#575,.F.);
#420=ORIENTED_EDGE('',*,*,#614,.T.);
#421=ORIENTED_EDGE('',*,*,#613,.T.);
#422=ORIENTED_EDGE('',*,*,#618,.F.);
#423=ORIENTED_EDGE('',*,*,#615,.T.);
#424=ORIENTED_EDGE('',*,*,#548,.F.);
#425=ORIENTED_EDGE('',*,*,#619,.F.);
#426=ORIENTED_EDGE('',*,*,#527,.F.);
#427=ORIENTED_EDGE('',*,*,#616,.T.);
#428=ORIENTED_EDGE('',*,*,#528,.F.);
#429=ORIENTED_EDGE('',*,*,#620,.F.);
#430=ORIENTED_EDGE('',*,*,#486,.F.);
#431=ORIENTED_EDGE('',*,*,#617,.T.);
#432=ORIENTED_EDGE('',*,*,#482,.F.);
#433=ORIENTED_EDGE('',*,*,#621,.F.);
#434=ORIENTED_EDGE('',*,*,#542,.F.);
#435=ORIENTED_EDGE('',*,*,#618,.T.);
#436=ORIENTED_EDGE('',*,*,#543,.F.);
#437=ORIENTED_EDGE('',*,*,#622,.F.);
#438=ORIENTED_EDGE('',*,*,#532,.F.);
#439=ORIENTED_EDGE('',*,*,#620,.T.);
#440=ORIENTED_EDGE('',*,*,#619,.T.);
#441=ORIENTED_EDGE('',*,*,#623,.F.);
#442=ORIENTED_EDGE('',*,*,#622,.T.);
#443=ORIENTED_EDGE('',*,*,#621,.T.);
#444=ORIENTED_EDGE('',*,*,#624,.F.);
#445=ORIENTED_EDGE('',*,*,#623,.T.);
#446=ORIENTED_EDGE('',*,*,#547,.F.);
#447=ORIENTED_EDGE('',*,*,#625,.F.);
#448=ORIENTED_EDGE('',*,*,#487,.F.);
#449=ORIENTED_EDGE('',*,*,#624,.T.);
#450=ORIENTED_EDGE('',*,*,#489,.F.);
#451=ORIENTED_EDGE('',*,*,#626,.F.);
#452=ORIENTED_EDGE('',*,*,#533,.F.);
#453=ORIENTED_EDGE('',*,*,#565,.F.);
#454=ORIENTED_EDGE('',*,*,#477,.F.);
#455=ORIENTED_EDGE('',*,*,#627,.F.);
#456=ORIENTED_EDGE('',*,*,#554,.F.);
#457=ORIENTED_EDGE('',*,*,#563,.F.);
#458=ORIENTED_EDGE('',*,*,#628,.F.);
#459=ORIENTED_EDGE('',*,*,#625,.T.);
#460=ORIENTED_EDGE('',*,*,#557,.F.);
#461=ORIENTED_EDGE('',*,*,#629,.F.);
#462=ORIENTED_EDGE('',*,*,#479,.F.);
#463=ORIENTED_EDGE('',*,*,#626,.T.);
#464=ORIENTED_EDGE('',*,*,#488,.F.);
#465=ORIENTED_EDGE('',*,*,#627,.T.);
#466=ORIENTED_EDGE('',*,*,#476,.F.);
#467=ORIENTED_EDGE('',*,*,#630,.F.);
#468=ORIENTED_EDGE('',*,*,#555,.F.);
#469=ORIENTED_EDGE('',*,*,#628,.T.);
#470=ORIENTED_EDGE('',*,*,#496,.F.);
#471=ORIENTED_EDGE('',*,*,#480,.F.);
#472=ORIENTED_EDGE('',*,*,#629,.T.);
#473=ORIENTED_EDGE('',*,*,#556,.F.);
#474=ORIENTED_EDGE('',*,*,#630,.T.);
#475=ORIENTED_EDGE('',*,*,#569,.F.);
#476=EDGE_CURVE('',#631,#632,#722,.F.);
#477=EDGE_CURVE('',#632,#633,#144,.T.);
#478=EDGE_CURVE('',#634,#633,#723,.T.);
#479=EDGE_CURVE('',#634,#635,#724,.T.);
#480=EDGE_CURVE('',#635,#631,#73,.F.);
#481=EDGE_CURVE('',#636,#636,#74,.T.);
#482=EDGE_CURVE('',#637,#638,#725,.T.);
#483=EDGE_CURVE('',#638,#639,#75,.F.);
#484=EDGE_CURVE('',#639,#640,#726,.T.);
#485=EDGE_CURVE('',#640,#641,#76,.F.);
#486=EDGE_CURVE('',#641,#642,#727,.T.);
#487=EDGE_CURVE('',#642,#643,#77,.T.);
#488=EDGE_CURVE('',#643,#644,#728,.F.);
#489=EDGE_CURVE('',#644,#637,#78,.T.);
#490=EDGE_CURVE('',#645,#645,#79,.T.);
#491=EDGE_CURVE('',#646,#647,#729,.T.);
#492=EDGE_CURVE('',#647,#648,#730,.T.);
#493=EDGE_CURVE('',#649,#648,#731,.T.);
#494=EDGE_CURVE('',#646,#649,#732,.T.);
#495=EDGE_CURVE('',#650,#651,#80,.T.);
#496=EDGE_CURVE('',#651,#652,#733,.T.);
#497=EDGE_CURVE('',#652,#653,#81,.T.);
#498=EDGE_CURVE('',#653,#654,#734,.F.);
#499=EDGE_CURVE('',#654,#655,#82,.T.);
#500=EDGE_CURVE('',#655,#656,#735,.F.);
#501=EDGE_CURVE('',#656,#657,#83,.T.);
#502=EDGE_CURVE('',#657,#650,#736,.F.);
#503=EDGE_CURVE('',#658,#659,#737,.T.);
#504=EDGE_CURVE('',#660,#658,#738,.T.);
#505=EDGE_CURVE('',#660,#661,#739,.T.);
#506=EDGE_CURVE('',#661,#659,#740,.T.);
#507=EDGE_CURVE('',#662,#663,#84,.T.);
#508=EDGE_CURVE('',#663,#664,#145,.T.);
#509=EDGE_CURVE('',#664,#665,#85,.T.);
#510=EDGE_CURVE('',#665,#666,#146,.T.);
#511=EDGE_CURVE('',#666,#667,#86,.T.);
#512=EDGE_CURVE('',#667,#668,#147,.T.);
#513=EDGE_CURVE('',#668,#669,#87,.T.);
#514=EDGE_CURVE('',#669,#662,#148,.T.);
#515=EDGE_CURVE('',#670,#670,#88,.T.);
#516=EDGE_CURVE('',#664,#671,#741,.F.);
#517=EDGE_CURVE('',#671,#665,#742,.T.);
#518=EDGE_CURVE('',#666,#672,#743,.T.);
#519=EDGE_CURVE('',#672,#667,#744,.T.);
#520=EDGE_CURVE('',#668,#673,#745,.T.);
#521=EDGE_CURVE('',#673,#669,#746,.F.);
#522=EDGE_CURVE('',#674,#675,#747,.T.);
#523=EDGE_CURVE('',#675,#676,#748,.T.);
#524=EDGE_CURVE('',#676,#677,#149,.T.);
#525=EDGE_CURVE('',#677,#678,#749,.T.);
#526=EDGE_CURVE('',#678,#679,#750,.T.);
#527=EDGE_CURVE('',#679,#680,#751,.F.);
#528=EDGE_CURVE('',#680,#674,#752,.F.);
#529=EDGE_CURVE('',#681,#682,#89,.F.);
#530=EDGE_CURVE('',#682,#681,#753,.F.);
#531=EDGE_CURVE('',#683,#683,#90,.T.);
#532=EDGE_CURVE('',#684,#685,#754,.F.);
#533=EDGE_CURVE('',#685,#634,#91,.F.);
#534=EDGE_CURVE('',#633,#686,#92,.F.);
#535=EDGE_CURVE('',#686,#687,#755,.T.);
#536=EDGE_CURVE('',#687,#688,#150,.T.);
#537=EDGE_CURVE('',#688,#689,#93,.T.);
#538=EDGE_CURVE('',#689,#684,#151,.T.);
#539=EDGE_CURVE('',#690,#691,#152,.T.);
#540=EDGE_CURVE('',#691,#692,#756,.T.);
#541=EDGE_CURVE('',#692,#693,#757,.F.);
#542=EDGE_CURVE('',#693,#694,#758,.F.);
#543=EDGE_CURVE('',#694,#695,#759,.T.);
#544=EDGE_CURVE('',#695,#696,#760,.T.);
#545=EDGE_CURVE('',#696,#690,#761,.F.);
#546=EDGE_CURVE('',#697,#698,#762,.T.);
#547=EDGE_CURVE('',#697,#699,#94,.F.);
#548=EDGE_CURVE('',#699,#700,#763,.T.);
#549=EDGE_CURVE('',#700,#701,#153,.T.);
#550=EDGE_CURVE('',#701,#702,#95,.T.);
#551=EDGE_CURVE('',#702,#703,#154,.T.);
#552=EDGE_CURVE('',#703,#704,#764,.F.);
#553=EDGE_CURVE('',#704,#698,#96,.F.);
#554=EDGE_CURVE('',#698,#705,#155,.F.);
#555=EDGE_CURVE('',#705,#706,#765,.F.);
#556=EDGE_CURVE('',#706,#707,#97,.F.);
#557=EDGE_CURVE('',#707,#697,#766,.T.);
#558=EDGE_CURVE('',#708,#708,#98,.T.);
#559=EDGE_CURVE('',#709,#710,#99,.F.);
#560=EDGE_CURVE('',#710,#709,#767,.F.);
#561=EDGE_CURVE('',#701,#682,#100,.T.);
#562=EDGE_CURVE('',#681,#702,#101,.T.);
#563=EDGE_CURVE('',#652,#698,#156,.T.);
#564=EDGE_CURVE('',#704,#653,#157,.T.);
#565=EDGE_CURVE('',#633,#651,#158,.F.);
#566=EDGE_CURVE('',#650,#686,#159,.T.);
#567=EDGE_CURVE('',#709,#689,#102,.T.);
#568=EDGE_CURVE('',#688,#710,#103,.T.);
#569=EDGE_CURVE('',#711,#711,#104,.T.);
#570=EDGE_CURVE('',#712,#712,#105,.T.);
#571=EDGE_CURVE('',#662,#713,#768,.F.);
#572=EDGE_CURVE('',#713,#663,#769,.F.);
#573=EDGE_CURVE('',#692,#714,#106,.F.);
#574=EDGE_CURVE('',#715,#714,#770,.T.);
#575=EDGE_CURVE('',#715,#693,#107,.T.);
#576=EDGE_CURVE('',#716,#717,#771,.F.);
#577=EDGE_CURVE('',#716,#675,#108,.F.);
#578=EDGE_CURVE('',#674,#717,#109,.T.);
#579=EDGE_CURVE('',#655,#673,#110,.T.);
#580=EDGE_CURVE('',#672,#656,#111,.F.);
#581=EDGE_CURVE('',#714,#672,#112,.T.);
#582=EDGE_CURVE('',#671,#715,#113,.F.);
#583=EDGE_CURVE('',#673,#716,#114,.F.);
#584=EDGE_CURVE('',#717,#713,#115,.T.);
#585=EDGE_CURVE('',#639,#671,#116,.T.);
#586=EDGE_CURVE('',#713,#640,#117,.F.);
#587=EDGE_CURVE('',#658,#647,#772,.T.);
#588=EDGE_CURVE('',#660,#646,#773,.T.);
#589=EDGE_CURVE('',#661,#649,#774,.T.);
#590=EDGE_CURVE('',#659,#648,#775,.T.);
#591=EDGE_CURVE('',#716,#655,#118,.T.);
#592=EDGE_CURVE('',#656,#714,#119,.T.);
#593=EDGE_CURVE('',#675,#654,#120,.T.);
#594=EDGE_CURVE('',#657,#692,#121,.T.);
#595=EDGE_CURVE('',#676,#653,#122,.T.);
#596=EDGE_CURVE('',#650,#691,#123,.T.);
#597=EDGE_CURVE('',#677,#704,#124,.T.);
#598=EDGE_CURVE('',#686,#690,#125,.T.);
#599=EDGE_CURVE('',#678,#703,#12,.F.);
#600=EDGE_CURVE('',#687,#696,#13,.F.);
#601=EDGE_CURVE('',#703,#718,#126,.T.);
#602=EDGE_CURVE('',#718,#681,#160,.T.);
#603=EDGE_CURVE('',#678,#718,#14,.F.);
#604=EDGE_CURVE('',#687,#719,#127,.F.);
#605=EDGE_CURVE('',#719,#696,#15,.F.);
#606=EDGE_CURVE('',#710,#719,#161,.T.);
#607=EDGE_CURVE('',#682,#720,#162,.T.);
#608=EDGE_CURVE('',#720,#700,#128,.T.);
#609=EDGE_CURVE('',#679,#720,#16,.T.);
#610=EDGE_CURVE('',#640,#717,#129,.T.);
#611=EDGE_CURVE('',#715,#639,#130,.T.);
#612=EDGE_CURVE('',#709,#721,#163,.T.);
#613=EDGE_CURVE('',#721,#695,#17,.T.);
#614=EDGE_CURVE('',#684,#721,#131,.T.);
#615=EDGE_CURVE('',#679,#700,#18,.T.);
#616=EDGE_CURVE('',#641,#674,#132,.T.);
#617=EDGE_CURVE('',#693,#638,#133,.T.);
#618=EDGE_CURVE('',#684,#695,#19,.T.);
#619=EDGE_CURVE('',#680,#699,#134,.T.);
#620=EDGE_CURVE('',#642,#680,#135,.T.);
#621=EDGE_CURVE('',#694,#637,#136,.T.);
#622=EDGE_CURVE('',#685,#694,#137,.T.);
#623=EDGE_CURVE('',#642,#699,#138,.F.);
#624=EDGE_CURVE('',#685,#637,#139,.F.);
#625=EDGE_CURVE('',#643,#697,#140,.T.);
#626=EDGE_CURVE('',#634,#644,#141,.T.);
#627=EDGE_CURVE('',#651,#632,#142,.T.);
#628=EDGE_CURVE('',#705,#652,#143,.T.);
#629=EDGE_CURVE('',#635,#707,#164,.T.);
#630=EDGE_CURVE('',#706,#631,#165,.T.);
#631=VERTEX_POINT('',#1559);
#632=VERTEX_POINT('',#1560);
#633=VERTEX_POINT('',#1566);
#634=VERTEX_POINT('',#1568);
#635=VERTEX_POINT('',#1570);
#636=VERTEX_POINT('',#1574);
#637=VERTEX_POINT('',#1576);
#638=VERTEX_POINT('',#1577);
#639=VERTEX_POINT('',#1579);
#640=VERTEX_POINT('',#1581);
#641=VERTEX_POINT('',#1583);
#642=VERTEX_POINT('',#1585);
#643=VERTEX_POINT('',#1587);
#644=VERTEX_POINT('',#1589);
#645=VERTEX_POINT('',#1592);
#646=VERTEX_POINT('',#1594);
#647=VERTEX_POINT('',#1595);
#648=VERTEX_POINT('',#1597);
#649=VERTEX_POINT('',#1599);
#650=VERTEX_POINT('',#1603);
#651=VERTEX_POINT('',#1604);
#652=VERTEX_POINT('',#1606);
#653=VERTEX_POINT('',#1608);
#654=VERTEX_POINT('',#1610);
#655=VERTEX_POINT('',#1612);
#656=VERTEX_POINT('',#1614);
#657=VERTEX_POINT('',#1616);
#658=VERTEX_POINT('',#1619);
#659=VERTEX_POINT('',#1620);
#660=VERTEX_POINT('',#1622);
#661=VERTEX_POINT('',#1624);
#662=VERTEX_POINT('',#1628);
#663=VERTEX_POINT('',#1629);
#664=VERTEX_POINT('',#1634);
#665=VERTEX_POINT('',#1636);
#666=VERTEX_POINT('',#1641);
#667=VERTEX_POINT('',#1643);
#668=VERTEX_POINT('',#1648);
#669=VERTEX_POINT('',#1650);
#670=VERTEX_POINT('',#1656);
#671=VERTEX_POINT('',#1659);
#672=VERTEX_POINT('',#1663);
#673=VERTEX_POINT('',#1667);
#674=VERTEX_POINT('',#1671);
#675=VERTEX_POINT('',#1672);
#676=VERTEX_POINT('',#1674);
#677=VERTEX_POINT('',#1680);
#678=VERTEX_POINT('',#1682);
#679=VERTEX_POINT('',#1684);
#680=VERTEX_POINT('',#1686);
#681=VERTEX_POINT('',#1690);
#682=VERTEX_POINT('',#1691);
#683=VERTEX_POINT('',#1694);
#684=VERTEX_POINT('',#1697);
#685=VERTEX_POINT('',#1698);
#686=VERTEX_POINT('',#1701);
#687=VERTEX_POINT('',#1703);
#688=VERTEX_POINT('',#1708);
#689=VERTEX_POINT('',#1710);
#690=VERTEX_POINT('',#1721);
#691=VERTEX_POINT('',#1722);
#692=VERTEX_POINT('',#1724);
#693=VERTEX_POINT('',#1726);
#694=VERTEX_POINT('',#1728);
#695=VERTEX_POINT('',#1730);
#696=VERTEX_POINT('',#1732);
#697=VERTEX_POINT('',#1736);
#698=VERTEX_POINT('',#1737);
#699=VERTEX_POINT('',#1739);
#700=VERTEX_POINT('',#1741);
#701=VERTEX_POINT('',#1746);
#702=VERTEX_POINT('',#1748);
#703=VERTEX_POINT('',#1753);
#704=VERTEX_POINT('',#1755);
#705=VERTEX_POINT('',#1763);
#706=VERTEX_POINT('',#1765);
#707=VERTEX_POINT('',#1767);
#708=VERTEX_POINT('',#1771);
#709=VERTEX_POINT('',#1775);
#710=VERTEX_POINT('',#1776);
#711=VERTEX_POINT('',#1810);
#712=VERTEX_POINT('',#1812);
#713=VERTEX_POINT('',#1815);
#714=VERTEX_POINT('',#1819);
#715=VERTEX_POINT('',#1821);
#716=VERTEX_POINT('',#1825);
#717=VERTEX_POINT('',#1826);
#718=VERTEX_POINT('',#1910);
#719=VERTEX_POINT('',#1941);
#720=VERTEX_POINT('',#1975);
#721=VERTEX_POINT('',#1988);
#722=LINE('',#1558,#776);
#723=LINE('',#1567,#777);
#724=LINE('',#1569,#778);
#725=LINE('',#1575,#779);
#726=LINE('',#1580,#780);
#727=LINE('',#1584,#781);
#728=LINE('',#1588,#782);
#729=LINE('',#1593,#783);
#730=LINE('',#1596,#784);
#731=LINE('',#1598,#785);
#732=LINE('',#1600,#786);
#733=LINE('',#1605,#787);
#734=LINE('',#1609,#788);
#735=LINE('',#1613,#789);
#736=LINE('',#1617,#790);
#737=LINE('',#1618,#791);
#738=LINE('',#1621,#792);
#739=LINE('',#1623,#793);
#740=LINE('',#1625,#794);
#741=LINE('',#1658,#795);
#742=LINE('',#1660,#796);
#743=LINE('',#1662,#797);
#744=LINE('',#1664,#798);
#745=LINE('',#1666,#799);
#746=LINE('',#1668,#800);
#747=LINE('',#1670,#801);
#748=LINE('',#1673,#802);
#749=LINE('',#1681,#803);
#750=LINE('',#1683,#804);
#751=LINE('',#1685,#805);
#752=LINE('',#1687,#806);
#753=LINE('',#1692,#807);
#754=LINE('',#1696,#808);
#755=LINE('',#1702,#809);
#756=LINE('',#1723,#810);
#757=LINE('',#1725,#811);
#758=LINE('',#1727,#812);
#759=LINE('',#1729,#813);
#760=LINE('',#1731,#814);
#761=LINE('',#1733,#815);
#762=LINE('',#1735,#816);
#763=LINE('',#1740,#817);
#764=LINE('',#1754,#818);
#765=LINE('',#1764,#819);
#766=LINE('',#1768,#820);
#767=LINE('',#1777,#821);
#768=LINE('',#1814,#822);
#769=LINE('',#1816,#823);
#770=LINE('',#1820,#824);
#771=LINE('',#1824,#825);
#772=LINE('',#1842,#826);
#773=LINE('',#1843,#827);
#774=LINE('',#1845,#828);
#775=LINE('',#1846,#829);
#776=VECTOR('',#1232,1.);
#777=VECTOR('',#1233,1.);
#778=VECTOR('',#1234,1.);
#779=VECTOR('',#1241,1.);
#780=VECTOR('',#1244,1.);
#781=VECTOR('',#1247,1.);
#782=VECTOR('',#1250,1.);
#783=VECTOR('',#1255,1.);
#784=VECTOR('',#1256,1.);
#785=VECTOR('',#1257,1.);
#786=VECTOR('',#1258,1.);
#787=VECTOR('',#1263,1.);
#788=VECTOR('',#1266,1.);
#789=VECTOR('',#1269,1.);
#790=VECTOR('',#1272,1.);
#791=VECTOR('',#1273,1.);
#792=VECTOR('',#1274,1.);
#793=VECTOR('',#1275,1.);
#794=VECTOR('',#1276,1.);
#795=VECTOR('',#1291,1.);
#796=VECTOR('',#1292,1.);
#797=VECTOR('',#1295,1.);
#798=VECTOR('',#1296,1.);
#799=VECTOR('',#1299,1.);
#800=VECTOR('',#1300,1.);
#801=VECTOR('',#1303,1.);
#802=VECTOR('',#1304,1.);
#803=VECTOR('',#1305,1.);
#804=VECTOR('',#1306,1.);
#805=VECTOR('',#1307,1.);
#806=VECTOR('',#1308,1.);
#807=VECTOR('',#1313,1.);
#808=VECTOR('',#1318,1.);
#809=VECTOR('',#1323,1.);
#810=VECTOR('',#1328,1.);
#811=VECTOR('',#1329,1.);
#812=VECTOR('',#1330,1.);
#813=VECTOR('',#1331,1.);
#814=VECTOR('',#1332,1.);
#815=VECTOR('',#1333,1.);
#816=VECTOR('',#1336,1.);
#817=VECTOR('',#1339,1.);
#818=VECTOR('',#1342,1.);
#819=VECTOR('',#1347,1.);
#820=VECTOR('',#1350,1.);
#821=VECTOR('',#1361,1.);
#822=VECTOR('',#1386,1.);
#823=VECTOR('',#1387,1.);
#824=VECTOR('',#1392,1.);
#825=VECTOR('',#1397,1.);
#826=VECTOR('',#1428,1.);
#827=VECTOR('',#1429,1.);
#828=VECTOR('',#1432,1.);
#829=VECTOR('',#1433,1.);
#830=EDGE_LOOP('',(#166,#167,#168,#169,#170));
#831=EDGE_LOOP('',(#171));
#832=EDGE_LOOP('',(#172,#173,#174,#175,#176,#177,#178,#179));
#833=EDGE_LOOP('',(#180));
#834=EDGE_LOOP('',(#181,#182,#183,#184));
#835=EDGE_LOOP('',(#185,#186,#187,#188,#189,#190,#191,#192));
#836=EDGE_LOOP('',(#193,#194,#195,#196));
#837=EDGE_LOOP('',(#197,#198,#199,#200,#201,#202,#203,#204));
#838=EDGE_LOOP('',(#205));
#839=EDGE_LOOP('',(#206,#207,#208));
#840=EDGE_LOOP('',(#209,#210,#211));
#841=EDGE_LOOP('',(#212,#213,#214));
#842=EDGE_LOOP('',(#215,#216,#217,#218,#219,#220,#221));
#843=EDGE_LOOP('',(#222,#223));
#844=EDGE_LOOP('',(#224));
#845=EDGE_LOOP('',(#225,#226,#227,#228,#229,#230,#231,#232));
#846=EDGE_LOOP('',(#233,#234,#235,#236,#237,#238,#239));
#847=EDGE_LOOP('',(#240,#241,#242,#243,#244,#245,#246,#247));
#848=EDGE_LOOP('',(#248,#249,#250,#251,#252));
#849=EDGE_LOOP('',(#253));
#850=EDGE_LOOP('',(#254));
#851=EDGE_LOOP('',(#255));
#852=EDGE_LOOP('',(#256));
#853=EDGE_LOOP('',(#257,#258));
#854=EDGE_LOOP('',(#259));
#855=EDGE_LOOP('',(#260,#261,#262,#263));
#856=EDGE_LOOP('',(#264,#265,#266,#267));
#857=EDGE_LOOP('',(#268,#269,#270,#271));
#858=EDGE_LOOP('',(#272,#273,#274,#275));
#859=EDGE_LOOP('',(#276));
#860=EDGE_LOOP('',(#277));
#861=EDGE_LOOP('',(#278,#279,#280));
#862=EDGE_LOOP('',(#281,#282,#283,#284));
#863=EDGE_LOOP('',(#285,#286,#287,#288));
#864=EDGE_LOOP('',(#289,#290,#291,#292,#293,#294));
#865=EDGE_LOOP('',(#295,#296,#297,#298,#299,#300));
#866=EDGE_LOOP('',(#301,#302,#303,#304,#305,#306));
#867=EDGE_LOOP('',(#307,#308,#309,#310,#311,#312));
#868=EDGE_LOOP('',(#313,#314,#315,#316));
#869=EDGE_LOOP('',(#317,#318,#319,#320));
#870=EDGE_LOOP('',(#321));
#871=EDGE_LOOP('',(#322,#323,#324,#325));
#872=EDGE_LOOP('',(#326));
#873=EDGE_LOOP('',(#327,#328,#329,#330));
#874=EDGE_LOOP('',(#331,#332,#333));
#875=EDGE_LOOP('',(#334,#335,#336));
#876=EDGE_LOOP('',(#337,#338,#339,#340));
#877=EDGE_LOOP('',(#341,#342,#343,#344));
#878=EDGE_LOOP('',(#345,#346,#347,#348));
#879=EDGE_LOOP('',(#349,#350,#351,#352));
#880=EDGE_LOOP('',(#353,#354,#355,#356));
#881=EDGE_LOOP('',(#357,#358,#359,#360));
#882=EDGE_LOOP('',(#361,#362,#363,#364));
#883=EDGE_LOOP('',(#365,#366,#367,#368));
#884=EDGE_LOOP('',(#369,#370,#371,#372));
#885=EDGE_LOOP('',(#373,#374,#375));
#886=EDGE_LOOP('',(#376,#377,#378));
#887=EDGE_LOOP('',(#379,#380,#381,#382));
#888=EDGE_LOOP('',(#383,#384,#385,#386));
#889=EDGE_LOOP('',(#387,#388,#389,#390,#391,#392));
#890=EDGE_LOOP('',(#393,#394,#395));
#891=EDGE_LOOP('',(#396,#397,#398));
#892=EDGE_LOOP('',(#399,#400,#401,#402,#403,#404));
#893=EDGE_LOOP('',(#405,#406,#407,#408));
#894=EDGE_LOOP('',(#409,#410,#411));
#895=EDGE_LOOP('',(#412,#413,#414,#415));
#896=EDGE_LOOP('',(#416,#417,#418,#419));
#897=EDGE_LOOP('',(#420,#421,#422));
#898=EDGE_LOOP('',(#423,#424,#425,#426));
#899=EDGE_LOOP('',(#427,#428,#429,#430));
#900=EDGE_LOOP('',(#431,#432,#433,#434));
#901=EDGE_LOOP('',(#435,#436,#437,#438));
#902=EDGE_LOOP('',(#439,#440,#441));
#903=EDGE_LOOP('',(#442,#443,#444));
#904=EDGE_LOOP('',(#445,#446,#447,#448));
#905=EDGE_LOOP('',(#449,#450,#451,#452));
#906=EDGE_LOOP('',(#453,#454,#455));
#907=EDGE_LOOP('',(#456,#457,#458));
#908=EDGE_LOOP('',(#459,#460,#461,#462,#463,#464));
#909=EDGE_LOOP('',(#465,#466,#467,#468,#469,#470));
#910=EDGE_LOOP('',(#471,#472,#473,#474));
#911=EDGE_LOOP('',(#475));
#912=FACE_BOUND('',#830,.T.);
#913=FACE_BOUND('',#831,.T.);
#914=FACE_BOUND('',#832,.T.);
#915=FACE_BOUND('',#833,.T.);
#916=FACE_BOUND('',#834,.T.);
#917=FACE_BOUND('',#835,.T.);
#918=FACE_BOUND('',#836,.T.);
#919=FACE_BOUND('',#837,.T.);
#920=FACE_BOUND('',#838,.T.);
#921=FACE_BOUND('',#839,.T.);
#922=FACE_BOUND('',#840,.T.);
#923=FACE_BOUND('',#841,.T.);
#924=FACE_BOUND('',#842,.T.);
#925=FACE_BOUND('',#843,.T.);
#926=FACE_BOUND('',#844,.T.);
#927=FACE_BOUND('',#845,.T.);
#928=FACE_BOUND('',#846,.T.);
#929=FACE_BOUND('',#847,.T.);
#930=FACE_BOUND('',#848,.T.);
#931=FACE_BOUND('',#849,.T.);
#932=FACE_BOUND('',#850,.T.);
#933=FACE_BOUND('',#851,.T.);
#934=FACE_BOUND('',#852,.T.);
#935=FACE_BOUND('',#853,.T.);
#936=FACE_BOUND('',#854,.T.);
#937=FACE_BOUND('',#855,.T.);
#938=FACE_BOUND('',#856,.T.);
#939=FACE_BOUND('',#857,.T.);
#940=FACE_BOUND('',#858,.T.);
#941=FACE_BOUND('',#859,.T.);
#942=FACE_BOUND('',#860,.T.);
#943=FACE_BOUND('',#861,.T.);
#944=FACE_BOUND('',#862,.T.);
#945=FACE_BOUND('',#863,.T.);
#946=FACE_BOUND('',#864,.T.);
#947=FACE_BOUND('',#865,.T.);
#948=FACE_BOUND('',#866,.T.);
#949=FACE_BOUND('',#867,.T.);
#950=FACE_BOUND('',#868,.T.);
#951=FACE_BOUND('',#869,.T.);
#952=FACE_BOUND('',#870,.T.);
#953=FACE_BOUND('',#871,.T.);
#954=FACE_BOUND('',#872,.T.);
#955=FACE_BOUND('',#873,.T.);
#956=FACE_BOUND('',#874,.T.);
#957=FACE_BOUND('',#875,.T.);
#958=FACE_BOUND('',#876,.T.);
#959=FACE_BOUND('',#877,.T.);
#960=FACE_BOUND('',#878,.T.);
#961=FACE_BOUND('',#879,.T.);
#962=FACE_BOUND('',#880,.T.);
#963=FACE_BOUND('',#881,.T.);
#964=FACE_BOUND('',#882,.T.);
#965=FACE_BOUND('',#883,.T.);
#966=FACE_BOUND('',#884,.T.);
#967=FACE_BOUND('',#885,.T.);
#968=FACE_BOUND('',#886,.T.);
#969=FACE_BOUND('',#887,.T.);
#970=FACE_BOUND('',#888,.T.);
#971=FACE_BOUND('',#889,.T.);
#972=FACE_BOUND('',#890,.T.);
#973=FACE_BOUND('',#891,.T.);
#974=FACE_BOUND('',#892,.T.);
#975=FACE_BOUND('',#893,.T.);
#976=FACE_BOUND('',#894,.T.);
#977=FACE_BOUND('',#895,.T.);
#978=FACE_BOUND('',#896,.T.);
#979=FACE_BOUND('',#897,.T.);
#980=FACE_BOUND('',#898,.T.);
#981=FACE_BOUND('',#899,.T.);
#982=FACE_BOUND('',#900,.T.);
#983=FACE_BOUND('',#901,.T.);
#984=FACE_BOUND('',#902,.T.);
#985=FACE_BOUND('',#903,.T.);
#986=FACE_BOUND('',#904,.T.);
#987=FACE_BOUND('',#905,.T.);
#988=FACE_BOUND('',#906,.T.);
#989=FACE_BOUND('',#907,.T.);
#990=FACE_BOUND('',#908,.T.);
#991=FACE_BOUND('',#909,.T.);
#992=FACE_BOUND('',#910,.T.);
#993=FACE_BOUND('',#911,.T.);
#994=PLANE('',#1092);
#995=PLANE('',#1094);
#996=PLANE('',#1101);
#997=PLANE('',#1112);
#998=PLANE('',#1113);
#999=PLANE('',#1114);
#1000=PLANE('',#1115);
#1001=PLANE('',#1116);
#1002=PLANE('',#1123);
#1003=PLANE('',#1128);
#1004=PLANE('',#1133);
#1005=PLANE('',#1146);
#1006=PLANE('',#1165);
#1007=PLANE('',#1166);
#1008=PLANE('',#1167);
#1009=PLANE('',#1168);
#1010=ADVANCED_FACE('',(#912),#994,.T.);
#1011=ADVANCED_FACE('',(#913,#914,#915,#916),#995,.T.);
#1012=ADVANCED_FACE('',(#917,#918),#996,.F.);
#1013=ADVANCED_FACE('',(#919,#920),#49,.F.);
#1014=ADVANCED_FACE('',(#921),#997,.T.);
#1015=ADVANCED_FACE('',(#922),#998,.T.);
#1016=ADVANCED_FACE('',(#923),#999,.T.);
#1017=ADVANCED_FACE('',(#924),#1000,.F.);
#1018=ADVANCED_FACE('',(#925,#926),#1001,.F.);
#1019=ADVANCED_FACE('',(#927),#50,.T.);
#1020=ADVANCED_FACE('',(#928),#1002,.F.);
#1021=ADVANCED_FACE('',(#929),#51,.T.);
#1022=ADVANCED_FACE('',(#930),#1003,.T.);
#1023=ADVANCED_FACE('',(#931,#932),#52,.F.);
#1024=ADVANCED_FACE('',(#933,#934),#53,.F.);
#1025=ADVANCED_FACE('',(#935,#936),#1004,.F.);
#1026=ADVANCED_FACE('',(#937),#38,.T.);
#1027=ADVANCED_FACE('',(#938),#39,.F.);
#1028=ADVANCED_FACE('',(#939),#40,.F.);
#1029=ADVANCED_FACE('',(#940),#41,.T.);
#1030=ADVANCED_FACE('',(#941,#942),#54,.F.);
#1031=ADVANCED_FACE('',(#943),#1005,.T.);
#1032=ADVANCED_FACE('',(#944),#55,.F.);
#1033=ADVANCED_FACE('',(#945),#56,.F.);
#1034=ADVANCED_FACE('',(#946),#57,.T.);
#1035=ADVANCED_FACE('',(#947),#58,.T.);
#1036=ADVANCED_FACE('',(#948),#59,.T.);
#1037=ADVANCED_FACE('',(#949),#60,.T.);
#1038=ADVANCED_FACE('',(#950),#1006,.T.);
#1039=ADVANCED_FACE('',(#951),#1007,.F.);
#1040=ADVANCED_FACE('',(#952,#953),#1008,.T.);
#1041=ADVANCED_FACE('',(#954,#955),#1009,.F.);
#1042=ADVANCED_FACE('',(#956),#32,.T.);
#1043=ADVANCED_FACE('',(#957),#33,.T.);
#1044=ADVANCED_FACE('',(#958),#42,.T.);
#1045=ADVANCED_FACE('',(#959),#43,.T.);
#1046=ADVANCED_FACE('',(#960),#61,.T.);
#1047=ADVANCED_FACE('',(#961),#62,.T.);
#1048=ADVANCED_FACE('',(#962),#20,.T.);
#1049=ADVANCED_FACE('',(#963),#21,.T.);
#1050=ADVANCED_FACE('',(#964),#63,.T.);
#1051=ADVANCED_FACE('',(#965),#64,.T.);
#1052=ADVANCED_FACE('',(#966),#22,.T.);
#1053=ADVANCED_FACE('',(#967),#23,.T.);
#1054=ADVANCED_FACE('',(#968),#24,.T.);
#1055=ADVANCED_FACE('',(#969),#25,.T.);
#1056=ADVANCED_FACE('',(#970),#26,.T.);
#1057=ADVANCED_FACE('',(#971),#65,.T.);
#1058=ADVANCED_FACE('',(#972),#34,.T.);
#1059=ADVANCED_FACE('',(#973),#35,.T.);
#1060=ADVANCED_FACE('',(#974),#66,.T.);
#1061=ADVANCED_FACE('',(#975),#27,.T.);
#1062=ADVANCED_FACE('',(#976),#28,.T.);
#1063=ADVANCED_FACE('',(#977),#44,.T.);
#1064=ADVANCED_FACE('',(#978),#45,.T.);
#1065=ADVANCED_FACE('',(#979),#29,.T.);
#1066=ADVANCED_FACE('',(#980),#67,.T.);
#1067=ADVANCED_FACE('',(#981),#68,.T.);
#1068=ADVANCED_FACE('',(#982),#69,.T.);
#1069=ADVANCED_FACE('',(#983),#70,.T.);
#1070=ADVANCED_FACE('',(#984),#36,.T.);
#1071=ADVANCED_FACE('',(#985),#37,.T.);
#1072=ADVANCED_FACE('',(#986),#46,.T.);
#1073=ADVANCED_FACE('',(#987),#47,.T.);
#1074=ADVANCED_FACE('',(#988),#30,.T.);
#1075=ADVANCED_FACE('',(#989),#31,.T.);
#1076=ADVANCED_FACE('',(#990),#71,.T.);
#1077=ADVANCED_FACE('',(#991),#72,.T.);
#1078=ADVANCED_FACE('',(#992,#993),#48,.T.);
#1079=CLOSED_SHELL('',(#1010,#1011,#1012,#1013,#1014,#1015,#1016,#1017,
#1018,#1019,#1020,#1021,#1022,#1023,#1024,#1025,#1026,#1027,#1028,#1029,
#1030,#1031,#1032,#1033,#1034,#1035,#1036,#1037,#1038,#1039,#1040,#1041,
#1042,#1043,#1044,#1045,#1046,#1047,#1048,#1049,#1050,#1051,#1052,#1053,
#1054,#1055,#1056,#1057,#1058,#1059,#1060,#1061,#1062,#1063,#1064,#1065,
#1066,#1067,#1068,#1069,#1070,#1071,#1072,#1073,#1074,#1075,#1076,#1077,
#1078));
#1080=STYLED_ITEM('',(#1081),#1088);
#1081=PRESENTATION_STYLE_ASSIGNMENT((#1082));
#1082=SURFACE_STYLE_USAGE(.BOTH.,#1083);
#1083=SURFACE_SIDE_STYLE('',(#1084));
#1084=SURFACE_STYLE_FILL_AREA(#1085);
#1085=FILL_AREA_STYLE('',(#1086));
#1086=FILL_AREA_STYLE_COLOUR('',#1087);
#1087=DRAUGHTING_PRE_DEFINED_COLOUR('black');
#1088=MANIFOLD_SOLID_BREP('Part 1',#1079);
#1089=SHAPE_DEFINITION_REPRESENTATION(#2100,#1090);
#1090=SHAPE_REPRESENTATION('Part 1',(#1091),#2095);
#1091=AXIS2_PLACEMENT_3D('',#1556,#1228,#1229);
#1092=AXIS2_PLACEMENT_3D('',#1557,#1230,#1231);
#1093=AXIS2_PLACEMENT_3D('',#1571,#1235,#1236);
#1094=AXIS2_PLACEMENT_3D('',#1572,#1237,#1238);
#1095=AXIS2_PLACEMENT_3D('',#1573,#1239,#1240);
#1096=AXIS2_PLACEMENT_3D('',#1578,#1242,#1243);
#1097=AXIS2_PLACEMENT_3D('',#1582,#1245,#1246);
#1098=AXIS2_PLACEMENT_3D('',#1586,#1248,#1249);
#1099=AXIS2_PLACEMENT_3D('',#1590,#1251,#1252);
#1100=AXIS2_PLACEMENT_3D('',#1591,#1253,#1254);
#1101=AXIS2_PLACEMENT_3D('',#1601,#1259,#1260);
#1102=AXIS2_PLACEMENT_3D('',#1602,#1261,#1262);
#1103=AXIS2_PLACEMENT_3D('',#1607,#1264,#1265);
#1104=AXIS2_PLACEMENT_3D('',#1611,#1267,#1268);
#1105=AXIS2_PLACEMENT_3D('',#1615,#1270,#1271);
#1106=AXIS2_PLACEMENT_3D('',#1626,#1277,#1278);
#1107=AXIS2_PLACEMENT_3D('',#1627,#1279,#1280);
#1108=AXIS2_PLACEMENT_3D('',#1635,#1281,#1282);
#1109=AXIS2_PLACEMENT_3D('',#1642,#1283,#1284);
#1110=AXIS2_PLACEMENT_3D('',#1649,#1285,#1286);
#1111=AXIS2_PLACEMENT_3D('',#1655,#1287,#1288);
#1112=AXIS2_PLACEMENT_3D('',#1657,#1289,#1290);
#1113=AXIS2_PLACEMENT_3D('',#1661,#1293,#1294);
#1114=AXIS2_PLACEMENT_3D('',#1665,#1297,#1298);
#1115=AXIS2_PLACEMENT_3D('',#1669,#1301,#1302);
#1116=AXIS2_PLACEMENT_3D('',#1688,#1309,#1310);
#1117=AXIS2_PLACEMENT_3D('',#1689,#1311,#1312);
#1118=AXIS2_PLACEMENT_3D('',#1693,#1314,#1315);
#1119=AXIS2_PLACEMENT_3D('',#1695,#1316,#1317);
#1120=AXIS2_PLACEMENT_3D('',#1699,#1319,#1320);
#1121=AXIS2_PLACEMENT_3D('',#1700,#1321,#1322);
#1122=AXIS2_PLACEMENT_3D('',#1709,#1324,#1325);
#1123=AXIS2_PLACEMENT_3D('',#1715,#1326,#1327);
#1124=AXIS2_PLACEMENT_3D('',#1734,#1334,#1335);
#1125=AXIS2_PLACEMENT_3D('',#1738,#1337,#1338);
#1126=AXIS2_PLACEMENT_3D('',#1747,#1340,#1341);
#1127=AXIS2_PLACEMENT_3D('',#1756,#1343,#1344);
#1128=AXIS2_PLACEMENT_3D('',#1757,#1345,#1346);
#1129=AXIS2_PLACEMENT_3D('',#1766,#1348,#1349);
#1130=AXIS2_PLACEMENT_3D('',#1769,#1351,#1352);
#1131=AXIS2_PLACEMENT_3D('',#1770,#1353,#1354);
#1132=AXIS2_PLACEMENT_3D('',#1772,#1355,#1356);
#1133=AXIS2_PLACEMENT_3D('',#1773,#1357,#1358);
#1134=AXIS2_PLACEMENT_3D('',#1774,#1359,#1360);
#1135=AXIS2_PLACEMENT_3D('',#1778,#1362,#1363);
#1136=AXIS2_PLACEMENT_3D('',#1779,#1364,#1365);
#1137=AXIS2_PLACEMENT_3D('',#1780,#1366,#1367);
#1138=AXIS2_PLACEMENT_3D('',#1781,#1368,#1369);
#1139=AXIS2_PLACEMENT_3D('',#1793,#1370,#1371);
#1140=AXIS2_PLACEMENT_3D('',#1805,#1372,#1373);
#1141=AXIS2_PLACEMENT_3D('',#1806,#1374,#1375);
#1142=AXIS2_PLACEMENT_3D('',#1807,#1376,#1377);
#1143=AXIS2_PLACEMENT_3D('',#1808,#1378,#1379);
#1144=AXIS2_PLACEMENT_3D('',#1809,#1380,#1381);
#1145=AXIS2_PLACEMENT_3D('',#1811,#1382,#1383);
#1146=AXIS2_PLACEMENT_3D('',#1813,#1384,#1385);
#1147=AXIS2_PLACEMENT_3D('',#1817,#1388,#1389);
#1148=AXIS2_PLACEMENT_3D('',#1818,#1390,#1391);
#1149=AXIS2_PLACEMENT_3D('',#1822,#1393,#1394);
#1150=AXIS2_PLACEMENT_3D('',#1823,#1395,#1396);
#1151=AXIS2_PLACEMENT_3D('',#1827,#1398,#1399);
#1152=AXIS2_PLACEMENT_3D('',#1828,#1400,#1401);
#1153=AXIS2_PLACEMENT_3D('',#1829,#1402,#1403);
#1154=AXIS2_PLACEMENT_3D('',#1830,#1404,#1405);
#1155=AXIS2_PLACEMENT_3D('',#1831,#1406,#1407);
#1156=AXIS2_PLACEMENT_3D('',#1832,#1408,#1409);
#1157=AXIS2_PLACEMENT_3D('',#1833,#1410,#1411);
#1158=AXIS2_PLACEMENT_3D('',#1834,#1412,#1413);
#1159=AXIS2_PLACEMENT_3D('',#1835,#1414,#1415);
#1160=AXIS2_PLACEMENT_3D('',#1836,#1416,#1417);
#1161=AXIS2_PLACEMENT_3D('',#1837,#1418,#1419);
#1162=AXIS2_PLACEMENT_3D('',#1838,#1420,#1421);
#1163=AXIS2_PLACEMENT_3D('',#1839,#1422,#1423);
#1164=AXIS2_PLACEMENT_3D('',#1840,#1424,#1425);
#1165=AXIS2_PLACEMENT_3D('',#1841,#1426,#1427);
#1166=AXIS2_PLACEMENT_3D('',#1844,#1430,#1431);
#1167=AXIS2_PLACEMENT_3D('',#1847,#1434,#1435);
#1168=AXIS2_PLACEMENT_3D('',#1848,#1436,#1437);
#1169=AXIS2_PLACEMENT_3D('',#1849,#1438,#1439);
#1170=AXIS2_PLACEMENT_3D('',#1850,#1440,#1441);
#1171=AXIS2_PLACEMENT_3D('',#1851,#1442,#1443);
#1172=AXIS2_PLACEMENT_3D('',#1852,#1444,#1445);
#1173=AXIS2_PLACEMENT_3D('',#1853,#1446,#1447);
#1174=AXIS2_PLACEMENT_3D('',#1854,#1448,#1449);
#1175=AXIS2_PLACEMENT_3D('',#1855,#1450,#1451);
#1176=AXIS2_PLACEMENT_3D('',#1856,#1452,#1453);
#1177=AXIS2_PLACEMENT_3D('',#1857,#1454,#1455);
#1178=AXIS2_PLACEMENT_3D('',#1858,#1456,#1457);
#1179=AXIS2_PLACEMENT_3D('',#1859,#1458,#1459);
#1180=AXIS2_PLACEMENT_3D('',#1860,#1460,#1461);
#1181=AXIS2_PLACEMENT_3D('',#1876,#1462,#1463);
#1182=AXIS2_PLACEMENT_3D('',#1892,#1464,#1465);
#1183=AXIS2_PLACEMENT_3D('',#1893,#1466,#1467);
#1184=AXIS2_PLACEMENT_3D('',#1894,#1468,#1469);
#1185=AXIS2_PLACEMENT_3D('',#1895,#1470,#1471);
#1186=AXIS2_PLACEMENT_3D('',#1896,#1472,#1473);
#1187=AXIS2_PLACEMENT_3D('',#1909,#1474,#1475);
#1188=AXIS2_PLACEMENT_3D('',#1927,#1476,#1477);
#1189=AXIS2_PLACEMENT_3D('',#1940,#1478,#1479);
#1190=AXIS2_PLACEMENT_3D('',#1942,#1480,#1481);
#1191=AXIS2_PLACEMENT_3D('',#1976,#1482,#1483);
#1192=AXIS2_PLACEMENT_3D('',#1977,#1484,#1485);
#1193=AXIS2_PLACEMENT_3D('',#1978,#1486,#1487);
#1194=AXIS2_PLACEMENT_3D('',#1979,#1488,#1489);
#1195=AXIS2_PLACEMENT_3D('',#1980,#1490,#1491);
#1196=AXIS2_PLACEMENT_3D('',#1981,#1492,#1493);
#1197=AXIS2_PLACEMENT_3D('',#1982,#1494,#1495);
#1198=AXIS2_PLACEMENT_3D('',#1983,#1496,#1497);
#1199=AXIS2_PLACEMENT_3D('',#1989,#1498,#1499);
#1200=AXIS2_PLACEMENT_3D('',#2002,#1500,#1501);
#1201=AXIS2_PLACEMENT_3D('',#2015,#1502,#1503);
#1202=AXIS2_PLACEMENT_3D('',#2016,#1504,#1505);
#1203=AXIS2_PLACEMENT_3D('',#2017,#1506,#1507);
#1204=AXIS2_PLACEMENT_3D('',#2018,#1508,#1509);
#1205=AXIS2_PLACEMENT_3D('',#2019,#1510,#1511);
#1206=AXIS2_PLACEMENT_3D('',#2032,#1512,#1513);
#1207=AXIS2_PLACEMENT_3D('',#2033,#1514,#1515);
#1208=AXIS2_PLACEMENT_3D('',#2034,#1516,#1517);
#1209=AXIS2_PLACEMENT_3D('',#2035,#1518,#1519);
#1210=AXIS2_PLACEMENT_3D('',#2036,#1520,#1521);
#1211=AXIS2_PLACEMENT_3D('',#2037,#1522,#1523);
#1212=AXIS2_PLACEMENT_3D('',#2038,#1524,#1525);
#1213=AXIS2_PLACEMENT_3D('',#2039,#1526,#1527);
#1214=AXIS2_PLACEMENT_3D('',#2040,#1528,#1529);
#1215=AXIS2_PLACEMENT_3D('',#2041,#1530,#1531);
#1216=AXIS2_PLACEMENT_3D('',#2042,#1532,#1533);
#1217=AXIS2_PLACEMENT_3D('',#2043,#1534,#1535);
#1218=AXIS2_PLACEMENT_3D('',#2044,#1536,#1537);
#1219=AXIS2_PLACEMENT_3D('',#2045,#1538,#1539);
#1220=AXIS2_PLACEMENT_3D('',#2046,#1540,#1541);
#1221=AXIS2_PLACEMENT_3D('',#2047,#1542,#1543);
#1222=AXIS2_PLACEMENT_3D('',#2048,#1544,#1545);
#1223=AXIS2_PLACEMENT_3D('',#2064,#1546,#1547);
#1224=AXIS2_PLACEMENT_3D('',#2080,#1548,#1549);
#1225=AXIS2_PLACEMENT_3D('',#2081,#1550,#1551);
#1226=AXIS2_PLACEMENT_3D('',#2087,#1552,#1553);
#1227=AXIS2_PLACEMENT_3D('',#2093,#1554,#1555);
#1228=DIRECTION('',(0.,0.,1.));
#1229=DIRECTION('',(1.,0.,0.));
#1230=DIRECTION('',(0.,1.,0.));
#1231=DIRECTION('',(0.,0.,1.));
#1232=DIRECTION('',(1.,0.,0.));
#1233=DIRECTION('',(0.,0.,-1.));
#1234=DIRECTION('',(1.,0.,0.));
#1235=DIRECTION('',(0.,1.,0.));
#1236=DIRECTION('',(0.,0.,1.));
#1237=DIRECTION('',(0.,0.,1.));
#1238=DIRECTION('',(1.,0.,0.));
#1239=DIRECTION('',(0.,0.,1.));
#1240=DIRECTION('',(1.,-6.12323399573676E-17,0.));
#1241=DIRECTION('',(1.,0.,0.));
#1242=DIRECTION('',(0.,0.,1.));
#1243=DIRECTION('',(1.,0.,0.));
#1244=DIRECTION('',(1.,0.,0.));
#1245=DIRECTION('',(0.,0.,1.));
#1246=DIRECTION('',(1.,0.,0.));
#1247=DIRECTION('',(1.,0.,0.));
#1248=DIRECTION('',(0.,0.,1.));
#1249=DIRECTION('',(1.,0.,0.));
#1250=DIRECTION('',(1.,0.,0.));
#1251=DIRECTION('',(0.,0.,1.));
#1252=DIRECTION('',(1.,0.,0.));
#1253=DIRECTION('',(0.,0.,1.));
#1254=DIRECTION('',(1.,-6.12323399573676E-17,0.));
#1255=DIRECTION('',(0.,-1.,0.));
#1256=DIRECTION('',(-1.,1.4954512723938E-16,0.));
#1257=DIRECTION('',(0.,-1.,0.));
#1258=DIRECTION('',(-1.,1.30851986334457E-16,0.));
#1259=DIRECTION('',(0.,0.,1.));
#1260=DIRECTION('',(1.,0.,0.));
#1261=DIRECTION('',(0.,0.,1.));
#1262=DIRECTION('',(1.,0.,0.));
#1263=DIRECTION('',(1.,0.,0.));
#1264=DIRECTION('',(0.,0.,1.));
#1265=DIRECTION('',(1.,0.,0.));
#1266=DIRECTION('',(1.,0.,0.));
#1267=DIRECTION('',(0.,0.,1.));
#1268=DIRECTION('',(1.,0.,0.));
#1269=DIRECTION('',(1.,0.,0.));
#1270=DIRECTION('',(0.,0.,1.));
#1271=DIRECTION('',(1.,0.,0.));
#1272=DIRECTION('',(1.,0.,0.));
#1273=DIRECTION('',(-1.,1.4954512723938E-16,0.));
#1274=DIRECTION('',(0.,-1.,0.));
#1275=DIRECTION('',(-1.,1.30851986334457E-16,0.));
#1276=DIRECTION('',(0.,-1.,0.));
#1277=DIRECTION('',(0.,1.,0.));
#1278=DIRECTION('',(0.,0.,1.));
#1279=DIRECTION('',(0.,-1.,0.));
#1280=DIRECTION('',(1.78779921685247E-15,0.,1.));
#1281=DIRECTION('',(0.,-1.,0.));
#1282=DIRECTION('',(1.78779921685247E-15,0.,1.));
#1283=DIRECTION('',(0.,-1.,0.));
#1284=DIRECTION('',(1.78779921685247E-15,0.,1.));
#1285=DIRECTION('',(0.,-1.,0.));
#1286=DIRECTION('',(1.78779921685247E-15,0.,1.));
#1287=DIRECTION('',(1.4954512723938E-16,1.,0.));
#1288=DIRECTION('',(-1.,1.4954512723938E-16,0.));
#1289=DIRECTION('',(0.,-1.,0.));
#1290=DIRECTION('',(1.,0.,0.));
#1291=DIRECTION('',(1.,0.,0.));
#1292=DIRECTION('',(0.,0.,-1.));
#1293=DIRECTION('',(0.,-1.,0.));
#1294=DIRECTION('',(1.,0.,0.));
#1295=DIRECTION('',(0.,0.,-1.));
#1296=DIRECTION('',(1.,0.,0.));
#1297=DIRECTION('',(0.,-1.,0.));
#1298=DIRECTION('',(1.,0.,0.));
#1299=DIRECTION('',(1.,0.,0.));
#1300=DIRECTION('',(0.,0.,-1.));
#1301=DIRECTION('',(0.,1.,0.));
#1302=DIRECTION('',(0.,0.,1.));
#1303=DIRECTION('',(0.,0.,-1.));
#1304=DIRECTION('',(1.,0.,0.));
#1305=DIRECTION('',(0.,0.,-1.));
#1306=DIRECTION('',(1.,0.,0.));
#1307=DIRECTION('',(0.,0.,-1.));
#1308=DIRECTION('',(1.,0.,0.));
#1309=DIRECTION('',(0.,0.,1.));
#1310=DIRECTION('',(1.,0.,0.));
#1311=DIRECTION('',(0.,0.,1.));
#1312=DIRECTION('',(1.,0.,0.));
#1313=DIRECTION('',(1.,0.,0.));
#1314=DIRECTION('',(0.,0.,1.));
#1315=DIRECTION('',(1.,-6.12323399573676E-17,0.));
#1316=DIRECTION('',(0.,0.,-1.));
#1317=DIRECTION('',(-1.,0.,0.));
#1318=DIRECTION('',(0.,0.,-1.));
#1319=DIRECTION('',(0.,0.,1.));
#1320=DIRECTION('',(1.,0.,0.));
#1321=DIRECTION('',(0.,0.,1.));
#1322=DIRECTION('',(1.,0.,0.));
#1323=DIRECTION('',(0.,0.,-1.));
#1324=DIRECTION('',(0.,0.,1.));
#1325=DIRECTION('',(1.,0.,0.));
#1326=DIRECTION('',(0.,1.,0.));
#1327=DIRECTION('',(0.,0.,1.));
#1328=DIRECTION('',(1.,0.,0.));
#1329=DIRECTION('',(0.,0.,-1.));
#1330=DIRECTION('',(1.,0.,0.));
#1331=DIRECTION('',(0.,0.,-1.));
#1332=DIRECTION('',(1.,0.,0.));
#1333=DIRECTION('',(0.,0.,-1.));
#1334=DIRECTION('',(0.,0.,-1.));
#1335=DIRECTION('',(-1.,0.,0.));
#1336=DIRECTION('',(0.,0.,-1.));
#1337=DIRECTION('',(0.,0.,1.));
#1338=DIRECTION('',(1.,0.,0.));
#1339=DIRECTION('',(0.,0.,-1.));
#1340=DIRECTION('',(0.,0.,1.));
#1341=DIRECTION('',(1.,0.,0.));
#1342=DIRECTION('',(0.,0.,-1.));
#1343=DIRECTION('',(0.,0.,1.));
#1344=DIRECTION('',(1.,0.,0.));
#1345=DIRECTION('',(0.,1.,0.));
#1346=DIRECTION('',(0.,0.,1.));
#1347=DIRECTION('',(1.,0.,0.));
#1348=DIRECTION('',(0.,1.,0.));
#1349=DIRECTION('',(0.,0.,1.));
#1350=DIRECTION('',(1.,0.,0.));
#1351=DIRECTION('',(0.,0.,-1.));
#1352=DIRECTION('',(-1.,0.,0.));
#1353=DIRECTION('',(0.,0.,1.));
#1354=DIRECTION('',(1.,-6.12323399573676E-17,0.));
#1355=DIRECTION('',(0.,0.,-1.));
#1356=DIRECTION('',(-1.,0.,0.));
#1357=DIRECTION('',(0.,0.,1.));
#1358=DIRECTION('',(1.,0.,0.));
#1359=DIRECTION('',(0.,0.,1.));
#1360=DIRECTION('',(1.,0.,0.));
#1361=DIRECTION('',(1.,0.,0.));
#1362=DIRECTION('',(0.,0.,1.));
#1363=DIRECTION('',(1.,0.,0.));
#1364=DIRECTION('',(0.447273606887398,0.89439718278958,3.87882947458151E-16));
#1365=DIRECTION('',(-0.89439718278958,0.447273606887398,0.));
#1366=DIRECTION('',(-0.447273606887398,0.89439718278958,0.));
#1367=DIRECTION('',(-0.89439718278958,-0.447273606887398,0.));
#1368=DIRECTION('',(0.,0.,1.));
#1369=DIRECTION('',(1.,0.,0.));
#1370=DIRECTION('',(0.,0.,1.));
#1371=DIRECTION('',(1.,0.,0.));
#1372=DIRECTION('',(0.,0.,1.));
#1373=DIRECTION('',(1.,0.,0.));
#1374=DIRECTION('',(-0.4472736068874,0.894397182789579,0.));
#1375=DIRECTION('',(-0.894397182789579,-0.4472736068874,0.));
#1376=DIRECTION('',(0.447273606887398,0.89439718278958,0.));
#1377=DIRECTION('',(-0.89439718278958,0.447273606887398,0.));
#1378=DIRECTION('',(0.,1.,0.));
#1379=DIRECTION('',(0.,0.,1.));
#1380=DIRECTION('',(0.,1.,0.));
#1381=DIRECTION('',(0.,0.,1.));
#1382=DIRECTION('',(1.30851986334457E-16,1.,0.));
#1383=DIRECTION('',(-1.,1.30851986334457E-16,0.));
#1384=DIRECTION('',(0.,-1.,0.));
#1385=DIRECTION('',(1.,0.,0.));
#1386=DIRECTION('',(0.,0.,-1.));
#1387=DIRECTION('',(1.,0.,0.));
#1388=DIRECTION('',(0.,0.,1.));
#1389=DIRECTION('',(1.,0.,0.));
#1390=DIRECTION('',(0.,0.,1.));
#1391=DIRECTION('',(1.,0.,0.));
#1392=DIRECTION('',(0.,0.,-1.));
#1393=DIRECTION('',(0.,0.,1.));
#1394=DIRECTION('',(1.,0.,0.));
#1395=DIRECTION('',(0.,0.,-1.));
#1396=DIRECTION('',(-1.,0.,0.));
#1397=DIRECTION('',(0.,0.,-1.));
#1398=DIRECTION('',(0.,0.,1.));
#1399=DIRECTION('',(1.,0.,0.));
#1400=DIRECTION('',(0.,0.,1.));
#1401=DIRECTION('',(1.,0.,0.));
#1402=DIRECTION('',(-1.,0.,0.));
#1403=DIRECTION('',(0.,0.,1.));
#1404=DIRECTION('',(-1.,0.,0.));
#1405=DIRECTION('',(0.,0.,1.));
#1406=DIRECTION('',(-1.,0.,0.));
#1407=DIRECTION('',(0.,0.,1.));
#1408=DIRECTION('',(0.,0.,1.));
#1409=DIRECTION('',(1.,0.,0.));
#1410=DIRECTION('',(0.,0.,1.));
#1411=DIRECTION('',(1.,0.,0.));
#1412=DIRECTION('',(0.,0.,1.));
#1413=DIRECTION('',(1.,0.,0.));
#1414=DIRECTION('',(0.,0.,-1.));
#1415=DIRECTION('',(-1.,0.,0.));
#1416=DIRECTION('',(0.,0.,-1.));
#1417=DIRECTION('',(-1.,0.,0.));
#1418=DIRECTION('',(0.,0.,-1.));
#1419=DIRECTION('',(-1.,0.,0.));
#1420=DIRECTION('',(1.,0.,0.));
#1421=DIRECTION('',(0.,0.,-1.));
#1422=DIRECTION('',(1.,0.,0.));
#1423=DIRECTION('',(0.,0.,-1.));
#1424=DIRECTION('',(1.,0.,0.));
#1425=DIRECTION('',(0.,0.,-1.));
#1426=DIRECTION('',(-1.,0.,0.));
#1427=DIRECTION('',(0.,0.,1.));
#1428=DIRECTION('',(0.,0.,1.));
#1429=DIRECTION('',(0.,0.,1.));
#1430=DIRECTION('',(-1.,0.,0.));
#1431=DIRECTION('',(0.,0.,1.));
#1432=DIRECTION('',(0.,0.,1.));
#1433=DIRECTION('',(0.,0.,1.));
#1434=DIRECTION('',(1.4954512723938E-16,1.,0.));
#1435=DIRECTION('',(-1.,1.4954512723938E-16,0.));
#1436=DIRECTION('',(1.30851986334457E-16,1.,0.));
#1437=DIRECTION('',(-1.,1.30851986334457E-16,0.));
#1438=DIRECTION('',(0.,0.,1.));
#1439=DIRECTION('',(1.,0.,0.));
#1440=DIRECTION('',(4.33680868994202E-16,1.,0.));
#1441=DIRECTION('',(-1.,4.33680868994202E-16,0.));
#1442=DIRECTION('',(0.,0.,1.));
#1443=DIRECTION('',(1.,0.,0.));
#1444=DIRECTION('',(-4.33680868994202E-16,1.,0.));
#1445=DIRECTION('',(-1.,-4.33680868994202E-16,0.));
#1446=DIRECTION('',(0.,0.,1.));
#1447=DIRECTION('',(1.,0.,0.));
#1448=DIRECTION('',(1.,0.,0.));
#1449=DIRECTION('',(0.,0.,-1.));
#1450=DIRECTION('',(0.,0.,1.));
#1451=DIRECTION('',(1.,0.,0.));
#1452=DIRECTION('',(-1.,0.,0.));
#1453=DIRECTION('',(0.,0.,1.));
#1454=DIRECTION('',(1.,0.,0.));
#1455=DIRECTION('',(0.,0.,-1.));
#1456=DIRECTION('',(1.,0.,-1.73472347597681E-15));
#1457=DIRECTION('',(-1.73472347597681E-15,0.,-1.));
#1458=DIRECTION('',(1.,0.,0.));
#1459=DIRECTION('',(0.,0.,-1.));
#1460=DIRECTION('',(-1.,0.,0.));
#1461=DIRECTION('',(0.,0.,1.));
#1462=DIRECTION('',(0.,0.,-1.));
#1463=DIRECTION('',(-1.,0.,0.));
#1464=DIRECTION('',(0.,0.,-1.));
#1465=DIRECTION('',(-1.,0.,0.));
#1466=DIRECTION('',(0.,0.,-1.));
#1467=DIRECTION('',(-1.,0.,0.));
#1468=DIRECTION('',(-0.447213595499958,0.,0.894427190999916));
#1469=DIRECTION('',(0.894427190999916,0.,0.447213595499958));
#1470=DIRECTION('',(0.,0.,-1.));
#1471=DIRECTION('',(-1.,0.,0.));
#1472=DIRECTION('',(0.447213595499959,0.,0.894427190999915));
#1473=DIRECTION('',(0.894427190999916,0.,-0.447213595499959));
#1474=DIRECTION('',(0.453898175607982,-0.766780863323738,0.453898175607975));
#1475=DIRECTION('',(0.860532854633082,0.509394941177313,0.));
#1476=DIRECTION('',(-0.894427190999916,0.,0.447213595499958));
#1477=DIRECTION('',(0.447213595499959,0.,0.894427190999916));
#1478=DIRECTION('',(-0.453898175607984,-0.766780863323737,0.453898175607975));
#1479=DIRECTION('',(0.860532854633082,-0.509394941177315,0.));
#1480=DIRECTION('',(0.894427190999916,0.,0.447213595499958));
#1481=DIRECTION('',(0.447213595499959,0.,-0.894427190999916));
#1482=DIRECTION('',(-0.453898175607982,-0.766780863323738,0.453898175607977));
#1483=DIRECTION('',(0.860532854633082,-0.509394941177313,0.));
#1484=DIRECTION('',(1.,0.,0.));
#1485=DIRECTION('',(0.,0.,-1.));
#1486=DIRECTION('',(0.894427190999916,0.,0.447213595499958));
#1487=DIRECTION('',(0.447213595499959,0.,-0.894427190999916));
#1488=DIRECTION('',(0.,0.,1.));
#1489=DIRECTION('',(1.,0.,0.));
#1490=DIRECTION('',(4.33680868994202E-16,1.,0.));
#1491=DIRECTION('',(-1.,4.33680868994202E-16,0.));
#1492=DIRECTION('',(0.,0.,1.));
#1493=DIRECTION('',(1.,0.,0.));
#1494=DIRECTION('',(-4.33680868994202E-16,1.,0.));
#1495=DIRECTION('',(-1.,-4.33680868994202E-16,0.));
#1496=DIRECTION('',(1.,0.,0.));
#1497=DIRECTION('',(0.,0.,-1.));
#1498=DIRECTION('',(-0.894427190999916,0.,0.447213595499958));
#1499=DIRECTION('',(0.447213595499959,0.,0.894427190999916));
#1500=DIRECTION('',(0.453898175607982,-0.766780863323738,0.453898175607975));
#1501=DIRECTION('',(0.860532854633082,0.509394941177313,0.));
#1502=DIRECTION('',(0.447213595499958,0.,0.894427190999916));
#1503=DIRECTION('',(0.894427190999916,0.,-0.447213595499958));
#1504=DIRECTION('',(0.,0.,1.));
#1505=DIRECTION('',(1.,0.,0.));
#1506=DIRECTION('',(1.,0.,0.));
#1507=DIRECTION('',(0.,0.,-1.));
#1508=DIRECTION('',(0.,0.,1.));
#1509=DIRECTION('',(1.,0.,0.));
#1510=DIRECTION('',(-1.,0.,0.));
#1511=DIRECTION('',(0.,0.,1.));
#1512=DIRECTION('',(-0.447213595499958,0.,0.894427190999916));
#1513=DIRECTION('',(0.894427190999916,0.,0.447213595499958));
#1514=DIRECTION('',(0.,0.,-1.));
#1515=DIRECTION('',(-1.,0.,0.));
#1516=DIRECTION('',(0.,0.,1.));
#1517=DIRECTION('',(1.,0.,0.));
#1518=DIRECTION('',(-1.,0.,0.));
#1519=DIRECTION('',(0.,0.,1.));
#1520=DIRECTION('',(1.,0.,0.));
#1521=DIRECTION('',(0.,0.,-1.));
#1522=DIRECTION('',(-1.,0.,0.));
#1523=DIRECTION('',(0.,0.,1.));
#1524=DIRECTION('',(-1.,0.,0.));
#1525=DIRECTION('',(0.,0.,1.));
#1526=DIRECTION('',(0.,0.,-1.));
#1527=DIRECTION('',(-1.,0.,0.));
#1528=DIRECTION('',(0.,0.,1.));
#1529=DIRECTION('',(1.,0.,0.));
#1530=DIRECTION('',(0.,0.,1.));
#1531=DIRECTION('',(1.,0.,0.));
#1532=DIRECTION('',(-0.509394941177315,-0.860532854633081,3.73196636195336E-16));
#1533=DIRECTION('',(0.860532854633081,-0.509394941177315,0.));
#1534=DIRECTION('',(0.,0.,1.));
#1535=DIRECTION('',(1.,0.,0.));
#1536=DIRECTION('',(0.509394941177315,-0.860532854633081,0.));
#1537=DIRECTION('',(0.860532854633081,0.509394941177315,0.));
#1538=DIRECTION('',(0.,0.,1.));
#1539=DIRECTION('',(1.,0.,0.));
#1540=DIRECTION('',(-1.,0.,0.));
#1541=DIRECTION('',(0.,0.,1.));
#1542=DIRECTION('',(0.,0.,1.));
#1543=DIRECTION('',(1.,0.,0.));
#1544=DIRECTION('',(1.,0.,0.));
#1545=DIRECTION('',(0.,0.,-1.));
#1546=DIRECTION('',(1.,1.73472347597681E-15,-1.73472347597681E-15));
#1547=DIRECTION('',(-1.73472347597681E-15,0.,-1.));
#1548=DIRECTION('',(-1.,0.,1.73472347597681E-15));
#1549=DIRECTION('',(1.73472347597681E-15,0.,1.));
#1550=DIRECTION('',(1.,0.,0.));
#1551=DIRECTION('',(0.,0.,-1.));
#1552=DIRECTION('',(-1.,0.,0.));
#1553=DIRECTION('',(0.,0.,1.));
#1554=DIRECTION('',(0.,1.,0.));
#1555=DIRECTION('',(0.,0.,1.));
#1556=CARTESIAN_POINT('',(0.,0.,0.));
#1557=CARTESIAN_POINT('',(0.,0.0046,0.008));
#1558=CARTESIAN_POINT('',(-0.0157977284454455,0.0046,0.004));
#1559=CARTESIAN_POINT('',(-0.00212367605815953,0.0046,0.004));
#1560=CARTESIAN_POINT('',(-0.0143875216263623,0.0046,0.004));
#1561=CARTESIAN_POINT('',(-0.0143875216263623,0.0046,0.004));
#1562=CARTESIAN_POINT('',(-0.0150577413333271,0.0046,0.004));
#1563=CARTESIAN_POINT('',(-0.0163392405501696,0.0046,0.00357364361638647));
#1564=CARTESIAN_POINT('',(-0.0174448149358063,0.0046,0.00285836922336204));
#1565=CARTESIAN_POINT('',(-0.018,0.0046,0.0025));
#1566=CARTESIAN_POINT('',(-0.018,0.0046,0.0025));
#1567=CARTESIAN_POINT('',(-0.018,0.0046,0.008));
#1568=CARTESIAN_POINT('',(-0.018,0.0046,0.007));
#1569=CARTESIAN_POINT('',(0.,0.0046,0.007));
#1570=CARTESIAN_POINT('',(-0.00212367605815953,0.0046,0.007));
#1571=CARTESIAN_POINT('',(-2.95797038592292E-19,0.0046,0.0055));
#1572=CARTESIAN_POINT('',(3.46944695195361E-18,0.,0.008));
#1573=CARTESIAN_POINT('',(-0.018,9.79717439317882E-20,0.008));
#1574=CARTESIAN_POINT('',(-0.0164,3.61111864572607E-35,0.008));
#1575=CARTESIAN_POINT('',(-0.0035,-0.00183382178823833,0.008));
#1576=CARTESIAN_POINT('',(-0.0210979182766791,-0.00183382178823833,0.008));
#1577=CARTESIAN_POINT('',(-0.0035,-0.00183382178823833,0.008));
#1578=CARTESIAN_POINT('',(-0.0035,-0.00383382178823834,0.008));
#1579=CARTESIAN_POINT('',(-0.0015,-0.00383382178823834,0.008));
#1580=CARTESIAN_POINT('',(3.46944695195361E-18,-0.00383382178823834,0.008));
#1581=CARTESIAN_POINT('',(0.0015,-0.00383382178823834,0.008));
#1582=CARTESIAN_POINT('',(0.0035,-0.00383382178823834,0.008));
#1583=CARTESIAN_POINT('',(0.0035,-0.00183382178823833,0.008));
#1584=CARTESIAN_POINT('',(0.0216234588548106,-0.00183382178823833,0.008));
#1585=CARTESIAN_POINT('',(0.0210979182766791,-0.00183382178823833,0.008));
#1586=CARTESIAN_POINT('',(0.018,1.51788304147971E-18,0.008));
#1587=CARTESIAN_POINT('',(0.018,0.0036,0.008));
#1588=CARTESIAN_POINT('',(3.46944695195361E-18,0.0036,0.008));
#1589=CARTESIAN_POINT('',(-0.018,0.0036,0.008));
#1590=CARTESIAN_POINT('',(-0.018,6.50521303491303E-19,0.008));
#1591=CARTESIAN_POINT('',(0.018,9.79717439317882E-20,0.008));
#1592=CARTESIAN_POINT('',(0.0196,3.61111864572607E-35,0.008));
#1593=CARTESIAN_POINT('',(0.0029,-0.000233821788238332,0.008));
#1594=CARTESIAN_POINT('',(0.0029,0.000666178211761668,0.008));
#1595=CARTESIAN_POINT('',(0.0029,-0.00113382178823833,0.008));
#1596=CARTESIAN_POINT('',(0.00145,-0.00113382178823833,0.008));
#1597=CARTESIAN_POINT('',(-0.0029,-0.00113382178823833,0.008));
#1598=CARTESIAN_POINT('',(-0.0029,-0.000233821788238332,0.008));
#1599=CARTESIAN_POINT('',(-0.0029,0.000666178211761668,0.008));
#1600=CARTESIAN_POINT('',(0.,0.000666178211761668,0.008));
#1601=CARTESIAN_POINT('',(3.46944695195361E-18,0.,0.003));
#1602=CARTESIAN_POINT('',(-0.018,6.50521303491303E-19,0.003));
#1603=CARTESIAN_POINT('',(-0.0132411033160004,-0.00183382178823833,0.003));
#1604=CARTESIAN_POINT('',(-0.0143875216263623,0.0036,0.003));
#1605=CARTESIAN_POINT('',(0.0157977284454454,0.0036,0.003));
#1606=CARTESIAN_POINT('',(0.0143875216263623,0.0036,0.003));
#1607=CARTESIAN_POINT('',(0.018,1.51788304147971E-18,0.003));
#1608=CARTESIAN_POINT('',(0.0132411033160004,-0.00183382178823833,0.003));
#1609=CARTESIAN_POINT('',(3.46944695195361E-18,-0.00183382178823833,0.003));
#1610=CARTESIAN_POINT('',(0.0035,-0.00183382178823833,0.003));
#1611=CARTESIAN_POINT('',(0.0035,-0.00383382178823834,0.003));
#1612=CARTESIAN_POINT('',(0.0015,-0.00383382178823834,0.003));
#1613=CARTESIAN_POINT('',(-0.0025,-0.00383382178823834,0.003));
#1614=CARTESIAN_POINT('',(-0.0015,-0.00383382178823834,0.003));
#1615=CARTESIAN_POINT('',(-0.0035,-0.00383382178823834,0.003));
#1616=CARTESIAN_POINT('',(-0.0035,-0.00183382178823833,0.003));
#1617=CARTESIAN_POINT('',(3.46944695195361E-18,-0.00183382178823833,0.003));
#1618=CARTESIAN_POINT('',(3.29988942836473E-18,-0.00113382178823833,0.003));
#1619=CARTESIAN_POINT('',(0.0029,-0.00113382178823833,0.003));
#1620=CARTESIAN_POINT('',(-0.0029,-0.00113382178823833,0.003));
#1621=CARTESIAN_POINT('',(0.0029,0.,0.003));
#1622=CARTESIAN_POINT('',(0.0029,0.000666178211761668,0.003));
#1623=CARTESIAN_POINT('',(3.55661769421537E-18,0.000666178211761668,0.003));
#1624=CARTESIAN_POINT('',(-0.0029,0.000666178211761668,0.003));
#1625=CARTESIAN_POINT('',(-0.0029,0.,0.003));
#1626=CARTESIAN_POINT('',(-2.95797038592292E-19,-0.00483382178823833,0.0055));
#1627=CARTESIAN_POINT('',(-2.95797038592292E-19,-0.00483382178823833,0.0055));
#1628=CARTESIAN_POINT('',(0.0015,-0.00483382178823833,0.00605677643628299));
#1629=CARTESIAN_POINT('',(0.000556776436283,-0.00483382178823833,0.007));
#1630=CARTESIAN_POINT('',(0.000556776436283,-0.00483382178823833,0.007));
#1631=CARTESIAN_POINT('',(0.000198342244695573,-0.00483382178823833,0.00713304514122268));
#1632=CARTESIAN_POINT('',(-0.000198378404326234,-0.00483382178823833,0.00713303171933582));
#1633=CARTESIAN_POINT('',(-0.000556776436283001,-0.00483382178823833,0.007));
#1634=CARTESIAN_POINT('',(-0.000556776436283001,-0.00483382178823833,0.007));
#1635=CARTESIAN_POINT('',(-2.95797038592292E-19,-0.00483382178823833,0.0055));
#1636=CARTESIAN_POINT('',(-0.0015,-0.00483382178823833,0.00605677643628301));
#1637=CARTESIAN_POINT('',(-0.0015,-0.00483382178823833,0.00605677643628301));
#1638=CARTESIAN_POINT('',(-0.00163304514122269,-0.00483382178823833,0.00569834224469558));
#1639=CARTESIAN_POINT('',(-0.00163303171933582,-0.00483382178823833,0.00530162159567376));
#1640=CARTESIAN_POINT('',(-0.0015,-0.00483382178823833,0.00494322356371699));
#1641=CARTESIAN_POINT('',(-0.0015,-0.00483382178823833,0.00494322356371699));
#1642=CARTESIAN_POINT('',(-2.95797038592292E-19,-0.00483382178823833,0.0055));
#1643=CARTESIAN_POINT('',(-0.000556776436283003,-0.00483382178823833,0.004));
#1644=CARTESIAN_POINT('',(-0.000556776436283003,-0.00483382178823833,0.004));
#1645=CARTESIAN_POINT('',(-0.000198342244695575,-0.00483382178823833,0.00386695485877732));
#1646=CARTESIAN_POINT('',(0.000198378404326235,-0.00483382178823833,0.00386696828066418));
#1647=CARTESIAN_POINT('',(0.000556776436283003,-0.00483382178823833,0.004));
#1648=CARTESIAN_POINT('',(0.000556776436283003,-0.00483382178823833,0.004));
#1649=CARTESIAN_POINT('',(-2.95797038592292E-19,-0.00483382178823833,0.0055));
#1650=CARTESIAN_POINT('',(0.0015,-0.00483382178823833,0.00494322356371701));
#1651=CARTESIAN_POINT('',(0.0015,-0.00483382178823833,0.00494322356371701));
#1652=CARTESIAN_POINT('',(0.00163304514122268,-0.00483382178823833,0.00530165775530443));
#1653=CARTESIAN_POINT('',(0.00163303171933581,-0.00483382178823833,0.00569837840432623));
#1654=CARTESIAN_POINT('',(0.0015,-0.00483382178823833,0.00605677643628299));
#1655=CARTESIAN_POINT('',(-2.95797038592292E-19,-0.00113382178823833,0.0055));
#1656=CARTESIAN_POINT('',(-0.0016,-0.00113382178823833,0.0055));
#1657=CARTESIAN_POINT('',(-7.33933225371269E-7,-0.00483382178823833,0.00398051181012926));
#1658=CARTESIAN_POINT('',(-7.33933225371269E-7,-0.00483382178823833,0.007));
#1659=CARTESIAN_POINT('',(-0.0015,-0.00483382178823833,0.007));
#1660=CARTESIAN_POINT('',(-0.0015,-0.00483382178823833,0.003));
#1661=CARTESIAN_POINT('',(-7.33933225371269E-7,-0.00483382178823833,0.00398051181012926));
#1662=CARTESIAN_POINT('',(-0.0015,-0.00483382178823833,0.003));
#1663=CARTESIAN_POINT('',(-0.0015,-0.00483382178823833,0.004));
#1664=CARTESIAN_POINT('',(0.0025,-0.00483382178823833,0.004));
#1665=CARTESIAN_POINT('',(-7.33933225371269E-7,-0.00483382178823833,0.00398051181012926));
#1666=CARTESIAN_POINT('',(0.0025,-0.00483382178823833,0.004));
#1667=CARTESIAN_POINT('',(0.0015,-0.00483382178823833,0.004));
#1668=CARTESIAN_POINT('',(0.0015,-0.00483382178823833,0.00398051181012926));
#1669=CARTESIAN_POINT('',(-0.018,-0.00283382178823834,0.008));
#1670=CARTESIAN_POINT('',(0.0035,-0.00283382178823834,0.008));
#1671=CARTESIAN_POINT('',(0.0035,-0.00283382178823834,0.007));
#1672=CARTESIAN_POINT('',(0.0035,-0.00283382178823834,0.004));
#1673=CARTESIAN_POINT('',(-0.018,-0.00283382178823834,0.004));
#1674=CARTESIAN_POINT('',(0.0132411033160004,-0.00283382178823834,0.004));
#1675=CARTESIAN_POINT('',(0.0132411033160004,-0.00283382178823834,0.004));
#1676=CARTESIAN_POINT('',(0.0136577026954572,-0.00283382178823834,0.004));
#1677=CARTESIAN_POINT('',(0.014477332588323,-0.00283382178823833,0.00370134854346277));
#1678=CARTESIAN_POINT('',(0.0149020817233204,-0.00283382178823834,0.00291804062947666));
#1679=CARTESIAN_POINT('',(0.0149020817233204,-0.00283382178823834,0.00249999999999993));
#1680=CARTESIAN_POINT('',(0.0149020817233209,-0.00283382178823834,0.0025));
#1681=CARTESIAN_POINT('',(0.0149020817233209,-0.00283382178823834,0.008));
#1682=CARTESIAN_POINT('',(0.0149020817233209,-0.00283382178823834,0.001));
#1683=CARTESIAN_POINT('',(-0.018,-0.00283382178823834,0.001));
#1684=CARTESIAN_POINT('',(0.0210979182766791,-0.00283382178823834,0.001));
#1685=CARTESIAN_POINT('',(0.0210979182766791,-0.00283382178823834,0.008));
#1686=CARTESIAN_POINT('',(0.0210979182766791,-0.00283382178823834,0.007));
#1687=CARTESIAN_POINT('',(0.0035,-0.00283382178823834,0.007));
#1688=CARTESIAN_POINT('',(3.46944695195361E-18,0.,0.));
#1689=CARTESIAN_POINT('',(0.018,1.51788304147971E-18,0.));
#1690=CARTESIAN_POINT('',(0.0143329715505627,-0.00183382178823833,0.));
#1691=CARTESIAN_POINT('',(0.0216670284494373,-0.00183382178823833,0.));
#1692=CARTESIAN_POINT('',(3.46944695195361E-18,-0.00183382178823833,0.));
#1693=CARTESIAN_POINT('',(0.018,9.79717439317882E-20,0.));
#1694=CARTESIAN_POINT('',(0.0196,3.61111864572607E-35,0.));
#1695=CARTESIAN_POINT('',(-0.018,6.50521303491303E-19,0.008));
#1696=CARTESIAN_POINT('',(-0.0219584511313122,-0.00234321672941565,0.008));
#1697=CARTESIAN_POINT('',(-0.0219584511313122,-0.00234321672941565,0.000569733572683457));
#1698=CARTESIAN_POINT('',(-0.0219584511313122,-0.00234321672941565,0.007));
#1699=CARTESIAN_POINT('',(-0.018,6.50521303491303E-19,0.007));
#1700=CARTESIAN_POINT('',(-0.018,6.50521303491303E-19,0.0025));
#1701=CARTESIAN_POINT('',(-0.0140415488686878,-0.00234321672941565,0.0025));
#1702=CARTESIAN_POINT('',(-0.0140415488686878,-0.00234321672941565,0.008));
#1703=CARTESIAN_POINT('',(-0.0140415488686878,-0.00234321672941565,0.000569733572683457));
#1704=CARTESIAN_POINT('',(-0.0140415488686878,-0.00234321672941565,0.000569733572683457));
#1705=CARTESIAN_POINT('',(-0.0139893793449216,-0.00225508552593801,0.000523234649326627));
#1706=CARTESIAN_POINT('',(-0.0139360768385493,-0.00215804947678963,0.0005));
#1707=CARTESIAN_POINT('',(-0.0138857729591679,-0.00205745859168204,0.0005));
#1708=CARTESIAN_POINT('',(-0.0138857729591679,-0.00205745859168203,0.0005));
#1709=CARTESIAN_POINT('',(-0.018,6.50521303491303E-19,0.0005));
#1710=CARTESIAN_POINT('',(-0.022114227040832,-0.00205745859168204,0.0005));
#1711=CARTESIAN_POINT('',(-0.022114227040832,-0.00205745859168204,0.0005));
#1712=CARTESIAN_POINT('',(-0.0220639231614507,-0.00215804947678962,0.0005));
#1713=CARTESIAN_POINT('',(-0.0220106206550784,-0.00225508552593805,0.000523234649326464));
#1714=CARTESIAN_POINT('',(-0.0219584511313122,-0.00234321672941571,0.000569733572683293));
#1715=CARTESIAN_POINT('',(-0.018,-0.00283382178823834,0.008));
#1716=CARTESIAN_POINT('',(-0.0149020817233209,-0.00283382178823834,0.0025));
#1717=CARTESIAN_POINT('',(-0.0149020817233209,-0.00283382178823834,0.00291692864190011));
#1718=CARTESIAN_POINT('',(-0.0144779675565953,-0.00283382178823833,0.00370166376890115));
#1719=CARTESIAN_POINT('',(-0.0136569928940099,-0.00283382178823834,0.004));
#1720=CARTESIAN_POINT('',(-0.0132411033160004,-0.00283382178823834,0.004));
#1721=CARTESIAN_POINT('',(-0.0149020817233209,-0.00283382178823834,0.0025));
#1722=CARTESIAN_POINT('',(-0.0132411033160004,-0.00283382178823834,0.004));
#1723=CARTESIAN_POINT('',(-0.018,-0.00283382178823834,0.004));
#1724=CARTESIAN_POINT('',(-0.0035,-0.00283382178823834,0.004));
#1725=CARTESIAN_POINT('',(-0.0035,-0.00283382178823834,0.008));
#1726=CARTESIAN_POINT('',(-0.0035,-0.00283382178823834,0.007));
#1727=CARTESIAN_POINT('',(-0.0216234588548106,-0.00283382178823834,0.007));
#1728=CARTESIAN_POINT('',(-0.0210979182766791,-0.00283382178823834,0.007));
#1729=CARTESIAN_POINT('',(-0.0210979182766791,-0.00283382178823834,0.008));
#1730=CARTESIAN_POINT('',(-0.0210979182766791,-0.00283382178823834,0.001));
#1731=CARTESIAN_POINT('',(-0.018,-0.00283382178823834,0.001));
#1732=CARTESIAN_POINT('',(-0.0149020817233209,-0.00283382178823834,0.001));
#1733=CARTESIAN_POINT('',(-0.0149020817233209,-0.00283382178823834,0.008));
#1734=CARTESIAN_POINT('',(0.018,1.51788304147971E-18,0.008));
#1735=CARTESIAN_POINT('',(0.018,0.0046,0.008));
#1736=CARTESIAN_POINT('',(0.018,0.0046,0.007));
#1737=CARTESIAN_POINT('',(0.018,0.0046,0.0025));
#1738=CARTESIAN_POINT('',(0.018,1.51788304147971E-18,0.007));
#1739=CARTESIAN_POINT('',(0.0219584511313122,-0.00234321672941565,0.007));
#1740=CARTESIAN_POINT('',(0.0219584511313122,-0.00234321672941565,0.008));
#1741=CARTESIAN_POINT('',(0.0219584511313122,-0.00234321672941565,0.000569733572683458));
#1742=CARTESIAN_POINT('',(0.0219584511313122,-0.00234321672941565,0.000569733572683458));
#1743=CARTESIAN_POINT('',(0.0220106206550784,-0.00225508552593801,0.000523234649326627));
#1744=CARTESIAN_POINT('',(0.0220639231614507,-0.00215804947678963,0.000499999999999999));
#1745=CARTESIAN_POINT('',(0.0221142270408321,-0.00205745859168203,0.0005));
#1746=CARTESIAN_POINT('',(0.0221142270408321,-0.00205745859168203,0.0005));
#1747=CARTESIAN_POINT('',(0.018,1.51788304147971E-18,0.0005));
#1748=CARTESIAN_POINT('',(0.0138857729591679,-0.00205745859168203,0.0005));
#1749=CARTESIAN_POINT('',(0.0138857729591679,-0.00205745859168203,0.0005));
#1750=CARTESIAN_POINT('',(0.0139360768385493,-0.00215804947678963,0.000499999999999999));
#1751=CARTESIAN_POINT('',(0.0139893793449216,-0.00225508552593805,0.00052323464932646));
#1752=CARTESIAN_POINT('',(0.0140415488686878,-0.00234321672941571,0.000569733572683293));
#1753=CARTESIAN_POINT('',(0.0140415488686878,-0.00234321672941565,0.000569733572683457));
#1754=CARTESIAN_POINT('',(0.0140415488686878,-0.00234321672941565,0.008));
#1755=CARTESIAN_POINT('',(0.0140415488686878,-0.00234321672941565,0.0025));
#1756=CARTESIAN_POINT('',(0.018,1.51788304147971E-18,0.0025));
#1757=CARTESIAN_POINT('',(0.,0.0046,0.008));
#1758=CARTESIAN_POINT('',(0.0143875216263623,0.0046,0.004));
#1759=CARTESIAN_POINT('',(0.0150577413333271,0.0046,0.004));
#1760=CARTESIAN_POINT('',(0.0163392405501896,0.0046,0.00357364361641751));
#1761=CARTESIAN_POINT('',(0.0174448149357663,0.0046,0.00285836922329995));
#1762=CARTESIAN_POINT('',(0.018,0.0046,0.0025));
#1763=CARTESIAN_POINT('',(0.0143875216263623,0.0046,0.004));
#1764=CARTESIAN_POINT('',(-0.0157977284454455,0.0046,0.004));
#1765=CARTESIAN_POINT('',(0.00212367605815953,0.0046,0.004));
#1766=CARTESIAN_POINT('',(-2.95797038592292E-19,0.0046,0.0055));
#1767=CARTESIAN_POINT('',(0.00212367605815953,0.0046,0.007));
#1768=CARTESIAN_POINT('',(0.,0.0046,0.007));
#1769=CARTESIAN_POINT('',(-0.018,9.79717439317882E-20,0.008));
#1770=CARTESIAN_POINT('',(-0.018,9.79717439317882E-20,0.));
#1771=CARTESIAN_POINT('',(-0.0164,3.61111864572607E-35,0.));
#1772=CARTESIAN_POINT('',(0.018,9.79717439317882E-20,0.008));
#1773=CARTESIAN_POINT('',(3.46944695195361E-18,0.,0.));
#1774=CARTESIAN_POINT('',(-0.018,6.50521303491303E-19,0.));
#1775=CARTESIAN_POINT('',(-0.0216670284494373,-0.00183382178823833,0.));
#1776=CARTESIAN_POINT('',(-0.0143329715505627,-0.00183382178823833,0.));
#1777=CARTESIAN_POINT('',(3.46944695195361E-18,-0.00183382178823833,0.));
#1778=CARTESIAN_POINT('',(0.018,1.51788304147971E-18,0.0005));
#1779=CARTESIAN_POINT('',(0.0216670284494373,-0.00183382178823833,0.0005));
#1780=CARTESIAN_POINT('',(0.0143329715505627,-0.00183382178823833,0.0005));
#1781=CARTESIAN_POINT('',(0.018,1.51788304147971E-18,0.0025));
#1782=CARTESIAN_POINT('',(0.0143875216263623,0.0036,0.003));
#1783=CARTESIAN_POINT('',(0.0149622888632765,0.0038878799602396,0.003));
#1784=CARTESIAN_POINT('',(0.016130265563407,0.00440699043010851,0.00281092158209709));
#1785=CARTESIAN_POINT('',(0.0173677878316727,0.0046,0.00260645852314853));
#1786=CARTESIAN_POINT('',(0.018,0.0046,0.0025));
#1787=CARTESIAN_POINT('',(0.0140415488686878,-0.00234321672941565,0.0025));
#1788=CARTESIAN_POINT('',(0.0140415488686878,-0.00234321672941565,0.00259741380345731));
#1789=CARTESIAN_POINT('',(0.0139303792804679,-0.00226349773598161,0.0027566840687734));
#1790=CARTESIAN_POINT('',(0.0136542377838553,-0.00207380960982635,0.00293323384743471));
#1791=CARTESIAN_POINT('',(0.0134106697418475,-0.00192423049259931,0.003));
#1792=CARTESIAN_POINT('',(0.0132411033160004,-0.00183382178823833,0.003));
#1793=CARTESIAN_POINT('',(-0.018,6.50521303491303E-19,0.0025));
#1794=CARTESIAN_POINT('',(-0.0143875216263623,0.0036,0.003));
#1795=CARTESIAN_POINT('',(-0.0149622888632765,0.0038878799602396,0.003));
#1796=CARTESIAN_POINT('',(-0.0161302655634054,0.0044069904301085,0.00281092158208709));
#1797=CARTESIAN_POINT('',(-0.0173677878316761,0.0046,0.00260645852316853));
#1798=CARTESIAN_POINT('',(-0.018,0.0046,0.0025));
#1799=CARTESIAN_POINT('',(-0.0132411033160004,-0.00183382178823833,0.003));
#1800=CARTESIAN_POINT('',(-0.0134105768079659,-0.00192418094250835,0.003));
#1801=CARTESIAN_POINT('',(-0.0136543109152133,-0.0020738351442488,0.0029334577668077));
#1802=CARTESIAN_POINT('',(-0.0139311155284359,-0.00226401817023327,0.00275588906289985));
#1803=CARTESIAN_POINT('',(-0.0140415488686878,-0.00234321672941565,0.00259744022184142));
#1804=CARTESIAN_POINT('',(-0.0140415488686878,-0.00234321672941565,0.0025));
#1805=CARTESIAN_POINT('',(-0.018,6.50521303491303E-19,0.0005));
#1806=CARTESIAN_POINT('',(-0.0216670284494373,-0.00183382178823833,0.0005));
#1807=CARTESIAN_POINT('',(-0.0143329715505627,-0.00183382178823833,0.0005));
#1808=CARTESIAN_POINT('',(-2.95797038592292E-19,-0.00483382178823833,0.0055));
#1809=CARTESIAN_POINT('',(-2.95797038592292E-19,0.0036,0.0055));
#1810=CARTESIAN_POINT('',(-2.95797038592292E-19,0.0036,0.0071));
#1811=CARTESIAN_POINT('',(-2.95797038592292E-19,0.000666178211761668,0.0055));
#1812=CARTESIAN_POINT('',(-0.0016,0.000666178211761668,0.0055));
#1813=CARTESIAN_POINT('',(-7.33933225371269E-7,-0.00483382178823833,0.00398051181012926));
#1814=CARTESIAN_POINT('',(0.0015,-0.00483382178823833,0.00398051181012926));
#1815=CARTESIAN_POINT('',(0.0015,-0.00483382178823833,0.007));
#1816=CARTESIAN_POINT('',(-7.33933225371269E-7,-0.00483382178823833,0.007));
#1817=CARTESIAN_POINT('',(-0.0035,-0.00383382178823834,0.0055));
#1818=CARTESIAN_POINT('',(-0.0035,-0.00383382178823834,0.004));
#1819=CARTESIAN_POINT('',(-0.0025,-0.00383382178823834,0.004));
#1820=CARTESIAN_POINT('',(-0.0025,-0.00383382178823834,0.003));
#1821=CARTESIAN_POINT('',(-0.0025,-0.00383382178823834,0.007));
#1822=CARTESIAN_POINT('',(-0.0035,-0.00383382178823834,0.007));
#1823=CARTESIAN_POINT('',(0.0035,-0.00383382178823834,0.008));
#1824=CARTESIAN_POINT('',(0.0025,-0.00383382178823834,0.0055));
#1825=CARTESIAN_POINT('',(0.0025,-0.00383382178823834,0.004));
#1826=CARTESIAN_POINT('',(0.0025,-0.00383382178823834,0.007));
#1827=CARTESIAN_POINT('',(0.0035,-0.00383382178823834,0.004));
#1828=CARTESIAN_POINT('',(0.0035,-0.00383382178823834,0.007));
#1829=CARTESIAN_POINT('',(-7.33933225371269E-7,-0.00383382178823834,0.004));
#1830=CARTESIAN_POINT('',(0.0015,-0.00383382178823834,0.004));
#1831=CARTESIAN_POINT('',(-0.0015,-0.00383382178823834,0.004));
#1832=CARTESIAN_POINT('',(-0.0015,-0.00383382178823834,0.00398051181012926));
#1833=CARTESIAN_POINT('',(-0.0015,-0.00383382178823834,0.004));
#1834=CARTESIAN_POINT('',(-0.0015,-0.00383382178823834,0.007));
#1835=CARTESIAN_POINT('',(0.0015,-0.00383382178823834,0.0055));
#1836=CARTESIAN_POINT('',(0.0015,-0.00383382178823834,0.004));
#1837=CARTESIAN_POINT('',(0.0015,-0.00383382178823834,0.007));
#1838=CARTESIAN_POINT('',(3.46944695195361E-18,-0.00383382178823834,0.007));
#1839=CARTESIAN_POINT('',(-0.0015,-0.00383382178823834,0.007));
#1840=CARTESIAN_POINT('',(0.0015,-0.00383382178823834,0.007));
#1841=CARTESIAN_POINT('',(0.0029,-0.000233821788238332,0.0021));
#1842=CARTESIAN_POINT('',(0.0029,-0.00113382178823833,0.0021));
#1843=CARTESIAN_POINT('',(0.0029,0.000666178211761668,0.0021));
#1844=CARTESIAN_POINT('',(-0.0029,-0.000233821788238332,0.0021));
#1845=CARTESIAN_POINT('',(-0.0029,0.000666178211761668,0.0021));
#1846=CARTESIAN_POINT('',(-0.0029,-0.00113382178823833,0.0021));
#1847=CARTESIAN_POINT('',(0.00145,-0.00113382178823833,0.0021));
#1848=CARTESIAN_POINT('',(0.,0.000666178211761668,0.0021));
#1849=CARTESIAN_POINT('',(0.0015,-0.00383382178823834,0.004));
#1850=CARTESIAN_POINT('',(0.0015,-0.00383382178823834,0.004));
#1851=CARTESIAN_POINT('',(-0.0015,-0.00383382178823834,0.004));
#1852=CARTESIAN_POINT('',(-0.0015,-0.00383382178823834,0.004));
#1853=CARTESIAN_POINT('',(0.0035,-0.00383382178823834,0.004));
#1854=CARTESIAN_POINT('',(0.0035,-0.00183382178823833,0.004));
#1855=CARTESIAN_POINT('',(-0.0035,-0.00383382178823834,0.004));
#1856=CARTESIAN_POINT('',(-0.0035,-0.00183382178823833,0.004));
#1857=CARTESIAN_POINT('',(-0.018,-0.00183382178823833,0.004));
#1858=CARTESIAN_POINT('',(0.0132411033160004,-0.00183382178823833,0.004));
#1859=CARTESIAN_POINT('',(-0.018,-0.00183382178823833,0.004));
#1860=CARTESIAN_POINT('',(-0.0132411033160004,-0.00183382178823833,0.004));
#1861=CARTESIAN_POINT('',(0.0132411033160004,-0.00183382178823833,0.003));
#1862=CARTESIAN_POINT('',(0.0132411033160004,-0.00283382178823834,0.003));
#1863=CARTESIAN_POINT('',(0.0132411033160004,-0.00283382178823834,0.004));
#1864=CARTESIAN_POINT('',(0.0134158786017247,-0.0019270077300264,0.003));
#1865=CARTESIAN_POINT('',(0.0134080978369495,-0.00283382178823813,0.00308903745839221));
#1866=CARTESIAN_POINT('',(0.0136577026902214,-0.00283382178823834,0.00399999996945248));
#1867=CARTESIAN_POINT('',(0.0137904994952771,-0.00215944369356172,0.00290044951459645));
#1868=CARTESIAN_POINT('',(0.0139076803215886,-0.00283382178823804,0.00316485963872376));
#1869=CARTESIAN_POINT('',(0.0144773325960859,-0.00283382178823834,0.00370134855906635));
#1870=CARTESIAN_POINT('',(0.0140415488652533,-0.00234321672361456,0.00263934687627448));
#1871=CARTESIAN_POINT('',(0.0143319639608649,-0.00283382178823906,0.00273340130903558));
#1872=CARTESIAN_POINT('',(0.0149020817130303,-0.00283382178823834,0.002918040628817));
#1873=CARTESIAN_POINT('',(0.0140415488686872,-0.00234321672941558,0.00249999999999998));
#1874=CARTESIAN_POINT('',(0.0143319639687438,-0.00283382178823834,0.00249999999999996));
#1875=CARTESIAN_POINT('',(0.0149020817233204,-0.00283382178823834,0.00249999999999993));
#1876=CARTESIAN_POINT('',(0.0149020817233209,-0.00183382178823833,0.0025));
#1877=CARTESIAN_POINT('',(-0.0140415488686878,-0.00234321672941565,0.0025));
#1878=CARTESIAN_POINT('',(-0.0143319639687444,-0.00283382178823834,0.0025));
#1879=CARTESIAN_POINT('',(-0.0149020817233209,-0.00283382178823834,0.0025));
#1880=CARTESIAN_POINT('',(-0.0140415488539135,-0.00234321670445701,0.00263897621132265));
#1881=CARTESIAN_POINT('',(-0.0143319639296291,-0.00283382178823823,0.00273278045870595));
#1882=CARTESIAN_POINT('',(-0.0149020816788266,-0.00283382178823834,0.00291692863396759));
#1883=CARTESIAN_POINT('',(-0.0137907896266129,-0.0021596176367112,0.00290055459095574));
#1884=CARTESIAN_POINT('',(-0.0139079931192745,-0.00283382178823843,0.00316516976646566));
#1885=CARTESIAN_POINT('',(-0.0144779675808691,-0.00283382178823834,0.00370166378651352));
#1886=CARTESIAN_POINT('',(-0.0134155808200641,-0.00192684895979151,0.003));
#1887=CARTESIAN_POINT('',(-0.0134078259563391,-0.00283382178823826,0.00308889250021035));
#1888=CARTESIAN_POINT('',(-0.0136569928899566,-0.00283382178823834,0.00399999997270778));
#1889=CARTESIAN_POINT('',(-0.0132411033160004,-0.00183382178823833,0.003));
#1890=CARTESIAN_POINT('',(-0.0132411033160004,-0.00283382178823834,0.003));
#1891=CARTESIAN_POINT('',(-0.0132411033160004,-0.00283382178823834,0.004));
#1892=CARTESIAN_POINT('',(-0.0149020817233209,-0.00183382178823833,0.0025));
#1893=CARTESIAN_POINT('',(0.0149020817233209,-0.00183382178823833,0.008));
#1894=CARTESIAN_POINT('',(0.0149020817233209,-0.00183382178823833,0.001));
#1895=CARTESIAN_POINT('',(-0.0149020817233209,-0.00183382178823833,0.008));
#1896=CARTESIAN_POINT('',(-0.0149020817233209,-0.00183382178823833,0.001));
#1897=CARTESIAN_POINT('',(0.0143329715505627,-0.00183382178823833,0.));
#1898=CARTESIAN_POINT('',(0.0138857729591679,-0.00205745859168203,0.));
#1899=CARTESIAN_POINT('',(0.0138857729591679,-0.00205745859168203,0.0005));
#1900=CARTESIAN_POINT('',(0.0143783016420605,-0.00201511171307279,0.));
#1901=CARTESIAN_POINT('',(0.0139694982649245,-0.0022248810531857,3.89635393389194E-5));
#1902=CARTESIAN_POINT('',(0.013936631103736,-0.00215915782124349,0.000500000064266499));
#1903=CARTESIAN_POINT('',(0.0144264758328261,-0.00219003076175475,4.87882635941798E-5));
#1904=CARTESIAN_POINT('',(0.0140540721512035,-0.00237205594546815,0.000119243981748661));
#1905=CARTESIAN_POINT('',(0.0139906802188167,-0.00225728312280429,0.000524394139997615));
#1906=CARTESIAN_POINT('',(0.0144718152960046,-0.00234321672941601,0.000139467145365909));
#1907=CARTESIAN_POINT('',(0.0141301938871334,-0.00249296684392533,0.000228112163811208));
#1908=CARTESIAN_POINT('',(0.0140415488686881,-0.00234321672941615,0.000569733572682501));
#1909=CARTESIAN_POINT('',(0.0144718152960044,-0.00208851925882699,0.000569733572683457));
#1910=CARTESIAN_POINT('',(0.0144718152960044,-0.00234321672941564,0.000139467145366914));
#1911=CARTESIAN_POINT('',(0.0144718152960044,-0.00234321672941564,0.000139467145366914));
#1912=CARTESIAN_POINT('',(0.0144259910646002,-0.00218839282570583,4.78186825586866E-5));
#1913=CARTESIAN_POINT('',(0.0143780122871971,-0.00201395451834442,1.31611544040576E-20));
#1914=CARTESIAN_POINT('',(0.0143329715505627,-0.00183382178823833,1.31611544040576E-20));
#1915=CARTESIAN_POINT('',(0.0149020817233209,-0.00283382178823834,0.001));
#1916=CARTESIAN_POINT('',(0.0149020817233209,-0.00283382178823834,0.001));
#1917=CARTESIAN_POINT('',(0.0149020817233209,-0.00283382178823834,0.001));
#1918=CARTESIAN_POINT('',(0.0145566432250013,-0.00283382178823834,0.00082728075084059));
#1919=CARTESIAN_POINT('',(0.0146430029358617,-0.00283357752668168,0.000740921212541921));
#1920=CARTESIAN_POINT('',(0.0147293624741611,-0.00283382178823834,0.00065456150168118));
#1921=CARTESIAN_POINT('',(0.0142175135611918,-0.00264047802299103,0.000657715919145776));
#1922=CARTESIAN_POINT('',(0.0143444205287736,-0.0027495199916277,0.000442338805452543));
#1923=CARTESIAN_POINT('',(0.0145597976424665,-0.00264047802299092,0.000315431837870878));
#1924=CARTESIAN_POINT('',(0.0140415488686878,-0.00234321672941564,0.000569733572683457));
#1925=CARTESIAN_POINT('',(0.0141301938871331,-0.00249296684392489,0.000228112163812211));
#1926=CARTESIAN_POINT('',(0.0144718152960044,-0.00234321672941564,0.000139467145366914));
#1927=CARTESIAN_POINT('',(0.0149020817233209,-0.00183382178823833,0.001));
#1928=CARTESIAN_POINT('',(-0.0140415488686878,-0.00234321672941564,0.000569733572683457));
#1929=CARTESIAN_POINT('',(-0.0141301938871331,-0.00249296684392489,0.00022811216381221));
#1930=CARTESIAN_POINT('',(-0.0144718152960044,-0.00234321672941564,0.000139467145366914));
#1931=CARTESIAN_POINT('',(-0.0142175135611918,-0.00264047802299103,0.000657715919145807));
#1932=CARTESIAN_POINT('',(-0.0143444205287736,-0.00274951999162774,0.000442338805452615));
#1933=CARTESIAN_POINT('',(-0.0145597976424665,-0.00264047802299095,0.000315431837870894));
#1934=CARTESIAN_POINT('',(-0.0145566432250029,-0.00283382178823834,0.000827280750840509));
#1935=CARTESIAN_POINT('',(-0.0146430029358633,-0.00283357752668168,0.000740921212541813));
#1936=CARTESIAN_POINT('',(-0.0147293624741619,-0.00283382178823834,0.000654561501681018));
#1937=CARTESIAN_POINT('',(-0.0149020817233209,-0.00283382178823834,0.001));
#1938=CARTESIAN_POINT('',(-0.0149020817233209,-0.00283382178823834,0.001));
#1939=CARTESIAN_POINT('',(-0.0149020817233209,-0.00283382178823834,0.001));
#1940=CARTESIAN_POINT('',(-0.0144718152960044,-0.00208851925882699,0.000569733572683457));
#1941=CARTESIAN_POINT('',(-0.0144718152960044,-0.00234321672941564,0.000139467145366914));
#1942=CARTESIAN_POINT('',(-0.0149020817233209,-0.00183382178823833,0.001));
#1943=CARTESIAN_POINT('',(-0.0138857729591679,-0.00205745859168203,0.0005));
#1944=CARTESIAN_POINT('',(-0.0138857729591679,-0.00205745859168203,0.));
#1945=CARTESIAN_POINT('',(-0.0143329715505627,-0.00183382178823833,0.));
#1946=CARTESIAN_POINT('',(-0.013936631103736,-0.00215915782124341,0.000500000064266499));
#1947=CARTESIAN_POINT('',(-0.0139694982649244,-0.00222488105318556,3.89635393388682E-5));
#1948=CARTESIAN_POINT('',(-0.0143783016420605,-0.00201511171307266,0.));
#1949=CARTESIAN_POINT('',(-0.0139906802188167,-0.00225728312280429,0.000524394139997615));
#1950=CARTESIAN_POINT('',(-0.0140540721512036,-0.00237205594546828,0.000119243981748655));
#1951=CARTESIAN_POINT('',(-0.0144264758328261,-0.00219003076175477,4.87882635941887E-5));
#1952=CARTESIAN_POINT('',(-0.0140415488686881,-0.00234321672941615,0.000569733572682501));
#1953=CARTESIAN_POINT('',(-0.0141301938871334,-0.00249296684392533,0.000228112163811209));
#1954=CARTESIAN_POINT('',(-0.0144718152960046,-0.00234321672941601,0.000139467145365909));
#1955=CARTESIAN_POINT('',(-0.0143329715505627,-0.00183382178823833,0.));
#1956=CARTESIAN_POINT('',(-0.014378012287197,-0.00201395451834441,0.));
#1957=CARTESIAN_POINT('',(-0.0144259910646003,-0.00218839282570594,4.78186825581705E-5));
#1958=CARTESIAN_POINT('',(-0.0144718152960044,-0.00234321672941582,0.00013946714536642));
#1959=CARTESIAN_POINT('',(0.0221142270408321,-0.00205745859168203,0.0005));
#1960=CARTESIAN_POINT('',(0.0221142270408321,-0.00205745859168203,0.));
#1961=CARTESIAN_POINT('',(0.0216670284494373,-0.00183382178823833,0.));
#1962=CARTESIAN_POINT('',(0.022063368896264,-0.00215915782124349,0.000500000064266499));
#1963=CARTESIAN_POINT('',(0.0220305017350734,-0.00222488105318301,3.89635393386051E-5));
#1964=CARTESIAN_POINT('',(0.0216216983579363,-0.00201511171306983,0.));
#1965=CARTESIAN_POINT('',(0.0220093197811834,-0.00225728312280424,0.000524394139997698));
#1966=CARTESIAN_POINT('',(0.021945927848797,-0.00237205594546867,0.000119243981748566));
#1967=CARTESIAN_POINT('',(0.0215735241671741,-0.00219003076175503,4.87882635943471E-5));
#1968=CARTESIAN_POINT('',(0.0219584511313119,-0.00234321672941615,0.000569733572682497));
#1969=CARTESIAN_POINT('',(0.0218698061128666,-0.00249296684392532,0.000228112163811198));
#1970=CARTESIAN_POINT('',(0.0215281847039954,-0.002343216729416,0.000139467145365901));
#1971=CARTESIAN_POINT('',(0.0216670284494373,-0.00183382178823833,0.));
#1972=CARTESIAN_POINT('',(0.021621987712803,-0.00201395451834441,0.));
#1973=CARTESIAN_POINT('',(0.0215740089353997,-0.00218839282570594,4.78186825581703E-5));
#1974=CARTESIAN_POINT('',(0.0215281847039956,-0.00234321672941582,0.000139467145366421));
#1975=CARTESIAN_POINT('',(0.0215281847039957,-0.00234321672941564,0.000139467145366915));
#1976=CARTESIAN_POINT('',(0.0215281847039957,-0.00208851925882699,0.000569733572683458));
#1977=CARTESIAN_POINT('',(-0.018,-0.00183382178823833,0.001));
#1978=CARTESIAN_POINT('',(0.0210979182766791,-0.00183382178823833,0.001));
#1979=CARTESIAN_POINT('',(0.0015,-0.00383382178823834,0.007));
#1980=CARTESIAN_POINT('',(0.0015,-0.00383382178823834,0.007));
#1981=CARTESIAN_POINT('',(-0.0015,-0.00383382178823834,0.007));
#1982=CARTESIAN_POINT('',(-0.0015,-0.00383382178823834,0.007));
#1983=CARTESIAN_POINT('',(-0.018,-0.00183382178823833,0.001));
#1984=CARTESIAN_POINT('',(-0.0216670284494373,-0.00183382178823833,0.));
#1985=CARTESIAN_POINT('',(-0.021621987712803,-0.00201395451834441,0.));
#1986=CARTESIAN_POINT('',(-0.0215740089353997,-0.00218839282570594,4.78186825581697E-5));
#1987=CARTESIAN_POINT('',(-0.0215281847039956,-0.00234321672941582,0.00013946714536642));
#1988=CARTESIAN_POINT('',(-0.0215281847039957,-0.00234321672941564,0.000139467145366914));
#1989=CARTESIAN_POINT('',(-0.0210979182766791,-0.00183382178823833,0.001));
#1990=CARTESIAN_POINT('',(-0.0216670284494373,-0.00183382178823833,0.));
#1991=CARTESIAN_POINT('',(-0.0221142270408321,-0.00205745859168203,0.));
#1992=CARTESIAN_POINT('',(-0.0221142270408321,-0.00205745859168203,0.0005));
#1993=CARTESIAN_POINT('',(-0.0216216983579362,-0.00201511171306996,0.));
#1994=CARTESIAN_POINT('',(-0.0220305017350728,-0.00222488105318316,3.89635393386297E-5));
#1995=CARTESIAN_POINT('',(-0.0220633688962639,-0.00215915782124356,0.000500000064266499));
#1996=CARTESIAN_POINT('',(-0.0215735241671741,-0.00219003076175473,4.87882635941693E-5));
#1997=CARTESIAN_POINT('',(-0.0219459278487973,-0.00237205594546849,0.000119243981748267));
#1998=CARTESIAN_POINT('',(-0.0220093197811835,-0.00225728312280404,0.00052439413999759));
#1999=CARTESIAN_POINT('',(-0.0215281847039954,-0.002343216729416,0.000139467145365902));
#2000=CARTESIAN_POINT('',(-0.0218698061128666,-0.00249296684392532,0.000228112163811198));
#2001=CARTESIAN_POINT('',(-0.0219584511313119,-0.00234321672941615,0.000569733572682497));
#2002=CARTESIAN_POINT('',(-0.0215281847039957,-0.00208851925882699,0.000569733572683457));
#2003=CARTESIAN_POINT('',(0.0219584511313122,-0.00234321672941564,0.000569733572683455));
#2004=CARTESIAN_POINT('',(0.0218698061128669,-0.00249296684392489,0.000228112163812207));
#2005=CARTESIAN_POINT('',(0.0215281847039956,-0.00234321672941564,0.000139467145366911));
#2006=CARTESIAN_POINT('',(0.0217824864388084,-0.00264047802299063,0.000657715919145733));
#2007=CARTESIAN_POINT('',(0.021655579471228,-0.00274951999162793,0.000442338805452668));
#2008=CARTESIAN_POINT('',(0.0214402023575337,-0.00264047802299091,0.000315431837870869));
#2009=CARTESIAN_POINT('',(0.0214433567749976,-0.00283382178823834,0.000827280750840509));
#2010=CARTESIAN_POINT('',(0.0213569970641364,-0.00283357752668189,0.000740921212541813));
#2011=CARTESIAN_POINT('',(0.0212706375258383,-0.00283382178823834,0.000654561501681018));
#2012=CARTESIAN_POINT('',(0.0210979182766791,-0.00283382178823834,0.001));
#2013=CARTESIAN_POINT('',(0.0210979182766791,-0.00283382178823834,0.001));
#2014=CARTESIAN_POINT('',(0.0210979182766791,-0.00283382178823834,0.001));
#2015=CARTESIAN_POINT('',(0.0210979182766791,-0.00183382178823833,0.001));
#2016=CARTESIAN_POINT('',(0.0035,-0.00383382178823834,0.007));
#2017=CARTESIAN_POINT('',(0.0035,-0.00183382178823833,0.007));
#2018=CARTESIAN_POINT('',(-0.0035,-0.00383382178823834,0.007));
#2019=CARTESIAN_POINT('',(-0.0035,-0.00183382178823833,0.007));
#2020=CARTESIAN_POINT('',(-0.0210979182766791,-0.00283382178823834,0.001));
#2021=CARTESIAN_POINT('',(-0.0210979182766791,-0.00283382178823834,0.001));
#2022=CARTESIAN_POINT('',(-0.0210979182766791,-0.00283382178823834,0.001));
#2023=CARTESIAN_POINT('',(-0.0214433567749974,-0.00283382178823834,0.000827280750840589));
#2024=CARTESIAN_POINT('',(-0.0213569970641363,-0.00283357752668168,0.00074092121254192));
#2025=CARTESIAN_POINT('',(-0.0212706375258383,-0.00283382178823834,0.000654561501681178));
#2026=CARTESIAN_POINT('',(-0.0217824864388084,-0.00264047802299063,0.000657715919145733));
#2027=CARTESIAN_POINT('',(-0.021655579471228,-0.00274951999162793,0.000442338805452573));
#2028=CARTESIAN_POINT('',(-0.0214402023575337,-0.00264047802299091,0.000315431837870868));
#2029=CARTESIAN_POINT('',(-0.0219584511313122,-0.00234321672941564,0.000569733572683455));
#2030=CARTESIAN_POINT('',(-0.0218698061128669,-0.00249296684392489,0.000228112163812206));
#2031=CARTESIAN_POINT('',(-0.0215281847039956,-0.00234321672941564,0.000139467145366911));
#2032=CARTESIAN_POINT('',(-0.0210979182766791,-0.00183382178823833,0.001));
#2033=CARTESIAN_POINT('',(0.0210979182766791,-0.00183382178823833,0.008));
#2034=CARTESIAN_POINT('',(0.0210979182766791,-0.00183382178823833,0.007));
#2035=CARTESIAN_POINT('',(3.46944695195361E-18,-0.00183382178823833,0.007));
#2036=CARTESIAN_POINT('',(0.0210979182766791,-0.00183382178823833,0.007));
#2037=CARTESIAN_POINT('',(3.46944695195361E-18,-0.00183382178823833,0.007));
#2038=CARTESIAN_POINT('',(-0.0210979182766791,-0.00183382178823833,0.007));
#2039=CARTESIAN_POINT('',(-0.0210979182766791,-0.00183382178823833,0.008));
#2040=CARTESIAN_POINT('',(-0.0210979182766791,-0.00183382178823833,0.007));
#2041=CARTESIAN_POINT('',(0.0210979182766791,-0.00183382178823833,0.007));
#2042=CARTESIAN_POINT('',(0.0210979182766791,-0.00183382178823833,0.007));
#2043=CARTESIAN_POINT('',(-0.0210979182766791,-0.00183382178823833,0.007));
#2044=CARTESIAN_POINT('',(-0.0210979182766791,-0.00183382178823833,0.007));
#2045=CARTESIAN_POINT('',(0.018,1.51788304147971E-18,0.007));
#2046=CARTESIAN_POINT('',(0.018,0.0036,0.007));
#2047=CARTESIAN_POINT('',(-0.018,6.50521303491303E-19,0.007));
#2048=CARTESIAN_POINT('',(-0.018,0.0036,0.007));
#2049=CARTESIAN_POINT('',(-0.0143875216263623,0.0036,0.003));
#2050=CARTESIAN_POINT('',(-0.0143875216263623,0.0046,0.003));
#2051=CARTESIAN_POINT('',(-0.0143875216263623,0.0046,0.004));
#2052=CARTESIAN_POINT('',(-0.0148340965794162,0.00382367312736274,0.003));
#2053=CARTESIAN_POINT('',(-0.0147891768849786,0.0046000000000004,0.00320117449838794));
#2054=CARTESIAN_POINT('',(-0.0150585450075518,0.0046,0.00399999995636509));
#2055=CARTESIAN_POINT('',(-0.01589465994819,0.00433499340165952,0.00285729487731095));
#2056=CARTESIAN_POINT('',(-0.0159864580349937,0.00460000000001161,0.00325409662076464));
#2057=CARTESIAN_POINT('',(-0.0163424058329787,0.0046,0.00357188465375038));
#2058=CARTESIAN_POINT('',(-0.0172897461736451,0.0046,0.00261959965478042));
#2059=CARTESIAN_POINT('',(-0.017366947658388,0.00459999999997794,0.00273919932063455));
#2060=CARTESIAN_POINT('',(-0.0174441492017525,0.0046,0.00285879896434112));
#2061=CARTESIAN_POINT('',(-0.018,0.0046,0.0025));
#2062=CARTESIAN_POINT('',(-0.018,0.0046,0.0025));
#2063=CARTESIAN_POINT('',(-0.018,0.0046,0.0025));
#2064=CARTESIAN_POINT('',(-0.0143875216263623,0.0036,0.004));
#2065=CARTESIAN_POINT('',(0.0143875216263623,0.0046,0.004));
#2066=CARTESIAN_POINT('',(0.0143875216263623,0.0046,0.003));
#2067=CARTESIAN_POINT('',(0.0143875216263623,0.0036,0.003));
#2068=CARTESIAN_POINT('',(0.0150585450075518,0.0046,0.00399999995636509));
#2069=CARTESIAN_POINT('',(0.0147891768849788,0.00460000000000027,0.00320117449838808));
#2070=CARTESIAN_POINT('',(0.0148340965794162,0.00382367312736333,0.003));
#2071=CARTESIAN_POINT('',(0.016342405833,0.0046,0.00357188465378104));
#2072=CARTESIAN_POINT('',(0.015986458035018,0.00460000000000253,0.00325409662078626));
#2073=CARTESIAN_POINT('',(0.015894659948217,0.00433499340165925,0.00285729487732098));
#2074=CARTESIAN_POINT('',(0.01744414920171,0.0046,0.00285879896427973));
#2075=CARTESIAN_POINT('',(0.0173669476583427,0.00459999999999504,0.00273919932059391));
#2076=CARTESIAN_POINT('',(0.0172897461735911,0.0046,0.00261959965476034));
#2077=CARTESIAN_POINT('',(0.018,0.0046,0.0025));
#2078=CARTESIAN_POINT('',(0.018,0.0046,0.0025));
#2079=CARTESIAN_POINT('',(0.018,0.0046,0.0025));
#2080=CARTESIAN_POINT('',(0.0143875216263623,0.0036,0.004));
#2081=CARTESIAN_POINT('',(0.,0.0036,0.007));
#2082=CARTESIAN_POINT('',(-0.00212367605815953,0.0046,0.007));
#2083=CARTESIAN_POINT('',(-0.00146779199017072,0.0046,0.00733923094362894));
#2084=CARTESIAN_POINT('',(2.38852470006896E-6,0.00427032953793975,0.00776076870130111));
#2085=CARTESIAN_POINT('',(0.00146779199761867,0.0046,0.00733923095802893));
#2086=CARTESIAN_POINT('',(0.00212367605815953,0.0046,0.007));
#2087=CARTESIAN_POINT('',(3.46944695195361E-18,0.0036,0.004));
#2088=CARTESIAN_POINT('',(0.00212367605815953,0.0046,0.004));
#2089=CARTESIAN_POINT('',(0.00146779199017043,0.0046,0.00366076905637163));
#2090=CARTESIAN_POINT('',(-2.38852469849004E-6,0.00427032953793975,0.00323923129870135));
#2091=CARTESIAN_POINT('',(-0.00146779199762151,0.0046,0.00366076904196559));
#2092=CARTESIAN_POINT('',(-0.00212367605815953,0.0046,0.004));
#2093=CARTESIAN_POINT('',(-2.95797038592292E-19,0.0036,0.0055));
#2094=MECHANICAL_DESIGN_GEOMETRIC_PRESENTATION_REPRESENTATION('',(#1080),
#2095);
#2095=(
GEOMETRIC_REPRESENTATION_CONTEXT(3)
GLOBAL_UNCERTAINTY_ASSIGNED_CONTEXT((#2096))
GLOBAL_UNIT_ASSIGNED_CONTEXT((#2099,#2098,#2097))
REPRESENTATION_CONTEXT('Part 1','TOP_LEVEL_ASSEMBLY_PART')
);
#2096=UNCERTAINTY_MEASURE_WITH_UNIT(LENGTH_MEASURE(2.E-5),#2099,
'DISTANCE_ACCURACY_VALUE','Maximum Tolerance applied to model');
#2097=(
NAMED_UNIT(*)
SI_UNIT($,.STERADIAN.)
SOLID_ANGLE_UNIT()
);
#2098=(
NAMED_UNIT(*)
PLANE_ANGLE_UNIT()
SI_UNIT($,.RADIAN.)
);
#2099=(
LENGTH_UNIT()
NAMED_UNIT(*)
SI_UNIT($,.METRE.)
);
#2100=PRODUCT_DEFINITION_SHAPE('','',#2101);
#2101=PRODUCT_DEFINITION('','',#2103,#2102);
#2102=PRODUCT_DEFINITION_CONTEXT('',#2109,'design');
#2103=PRODUCT_DEFINITION_FORMATION_WITH_SPECIFIED_SOURCE('','',#2105,
 .NOT_KNOWN.);
#2104=PRODUCT_RELATED_PRODUCT_CATEGORY('','',(#2105));
#2105=PRODUCT('Part 1','Part 1','Part 1',(#2107));
#2106=PRODUCT_CATEGORY('','');
#2107=PRODUCT_CONTEXT('',#2109,'mechanical');
#2108=APPLICATION_PROTOCOL_DEFINITION('international standard',
'ap242_managed_model_based_3d_engineering',2020,#2109);
#2109=APPLICATION_CONTEXT('managed model based 3d engineering');
ENDSEC;
END-ISO-10303-21;
