ISO-10303-21;
HEADER;
/* Generated by software containing ST-Developer
 * from STEP Tools, Inc. (www.steptools.com) 
 */
/* OPTION: using custom renumber hook */

FILE_DESCRIPTION(
/* description */ ('STEP AP242 Edition 2',
'CAx-IF Rec.Pracs.---Representation and Presentation of Product Manufa
cturing Information (PMI)---4.0---2014-10-13',
'CAx-IF Rec.Pracs.---3D Tessellated Geometry---0.4---2014-09-14','2;1',
'CAx-IF Rec.Pracs.---User Defined Attributes---1.5---2016-08-15'),
/* implementation_level */ '2;1');

FILE_NAME(
/* name */ 'Top deck',
/* time_stamp */ '2026-09-29T21:24:11Z',
/* author */ (''),
/* organization */ (''),
/* preprocessor_version */ 'ST-DEVELOPER v20',
/* originating_system */ 'ONSHAPE BY PTC INC, 1.221',
/* authorisation */ '  ');

FILE_SCHEMA (('AP242_MANAGED_MODEL_BASED_3D_ENGINEERING_MIM_LF { 1 0 10303 442 3 1 4 }'));
ENDSEC;

DATA;
#10=SHAPE_REPRESENTATION_RELATIONSHIP('','',#1968,#11);
#11=ADVANCED_BREP_SHAPE_REPRESENTATION('',(#1966),#3381);
#12=CONICAL_SURFACE('',#2100,0.0016,0.785398163397449);
#13=CONICAL_SURFACE('',#2101,0.0016,0.785398163397449);
#14=CONICAL_SURFACE('',#2102,0.0016,0.785398163397449);
#15=CONICAL_SURFACE('',#2103,0.0016,0.785398163397449);
#16=CONICAL_SURFACE('',#2104,0.0016,0.785398163397449);
#17=CONICAL_SURFACE('',#2105,0.0016,0.785398163397449);
#18=CONICAL_SURFACE('',#2106,0.0016,0.785398163397448);
#19=CONICAL_SURFACE('',#2107,0.0016,0.785398163397448);
#20=CONICAL_SURFACE('',#2126,0.019,0.785398163397446);
#21=CONICAL_SURFACE('',#2127,0.019,0.785398163397449);
#22=CONICAL_SURFACE('',#2132,0.019,0.785398163397449);
#23=CONICAL_SURFACE('',#2133,0.0101,0.785398163397448);
#24=CONICAL_SURFACE('',#2134,0.019,0.785398163397449);
#25=CONICAL_SURFACE('',#2139,0.019,0.785398163397449);
#26=CONICAL_SURFACE('',#2144,0.019,0.785398163397449);
#27=CONICAL_SURFACE('',#2145,0.0101,0.78539816339745);
#28=CONICAL_SURFACE('',#2146,0.019,0.785398163397449);
#29=CONICAL_SURFACE('',#2152,0.019,0.785398163397449);
#30=TOROIDAL_SURFACE('',#2082,0.005,0.0015);
#31=TOROIDAL_SURFACE('',#2083,0.00600000000000159,0.0015);
#32=TOROIDAL_SURFACE('',#2087,0.005,0.0015);
#33=TOROIDAL_SURFACE('',#2088,0.00600000000000159,0.0015);
#34=TOROIDAL_SURFACE('',#2090,0.005,0.0015);
#35=TOROIDAL_SURFACE('',#2093,0.00599999999999974,0.0015);
#36=TOROIDAL_SURFACE('',#2094,0.00599999999999974,0.0015);
#37=TOROIDAL_SURFACE('',#2097,0.005,0.0015);
#38=ELLIPSE('',#2078,0.0254558441227157,0.018);
#39=ELLIPSE('',#2079,0.0254558441227157,0.018);
#40=B_SPLINE_CURVE_WITH_KNOTS('',3,(#2883,#2884,#2885,#2886),
 .UNSPECIFIED.,.F.,.F.,(4,4),(0.,0.000357161629100224),.UNSPECIFIED.);
#41=B_SPLINE_CURVE_WITH_KNOTS('',3,(#2899,#2900,#2901,#2902),
 .UNSPECIFIED.,.F.,.F.,(4,4),(0.,0.00390939630864606),.UNSPECIFIED.);
#42=B_SPLINE_CURVE_WITH_KNOTS('',3,(#2903,#2904,#2905,#2906),
 .UNSPECIFIED.,.F.,.F.,(4,4),(0.,0.00392155594000326),.UNSPECIFIED.);
#43=B_SPLINE_CURVE_WITH_KNOTS('',3,(#2975,#2976,#2977,#2978),
 .UNSPECIFIED.,.F.,.F.,(4,4),(0.,0.00390939630864607),.UNSPECIFIED.);
#44=B_SPLINE_CURVE_WITH_KNOTS('',3,(#2979,#2980,#2981,#2982),
 .UNSPECIFIED.,.F.,.F.,(4,4),(0.,0.00392155594000323),.UNSPECIFIED.);
#45=B_SPLINE_CURVE_WITH_KNOTS('',3,(#3108,#3109,#3110,#3111),
 .UNSPECIFIED.,.F.,.F.,(4,4),(0.,0.00166304599462175),.UNSPECIFIED.);
#46=B_SPLINE_CURVE_WITH_KNOTS('',3,(#3112,#3113,#3114,#3115),
 .UNSPECIFIED.,.F.,.F.,(4,4),(0.,0.00166062625414997),.UNSPECIFIED.);
#47=B_SPLINE_CURVE_WITH_KNOTS('',3,(#3121,#3122,#3123,#3124,#3125),
 .UNSPECIFIED.,.F.,.F.,(4,1,4),(0.,0.00117176110920777,0.00234352221841554),
 .UNSPECIFIED.);
#48=B_SPLINE_CURVE_WITH_KNOTS('',3,(#3127,#3128,#3129,#3130),
 .UNSPECIFIED.,.F.,.F.,(4,4),(2.29171247543527E-7,6.84272596257422E-5),
 .UNSPECIFIED.);
#49=B_SPLINE_CURVE_WITH_KNOTS('',3,(#3132,#3133,#3134,#3135,#3136),
 .UNSPECIFIED.,.F.,.F.,(4,1,4),(0.0195292961778525,0.0211946856079534,0.0228600750380542),
 .UNSPECIFIED.);
#50=B_SPLINE_CURVE_WITH_KNOTS('',3,(#3138,#3139,#3140,#3141),
 .UNSPECIFIED.,.F.,.F.,(4,4),(0.000337722659110975,0.000405920747489169),
 .UNSPECIFIED.);
#51=B_SPLINE_CURVE_WITH_KNOTS('',3,(#3142,#3143,#3144,#3145,#3146),
 .UNSPECIFIED.,.F.,.F.,(4,1,4),(0.,0.00117176105400445,0.0023435221080089),
 .UNSPECIFIED.);
#52=B_SPLINE_CURVE_WITH_KNOTS('',3,(#3148,#3149,#3150,#3151,#3152),
 .UNSPECIFIED.,.F.,.F.,(4,1,4),(0.,0.00117176087058607,0.00234352174117214),
 .UNSPECIFIED.);
#53=B_SPLINE_CURVE_WITH_KNOTS('',3,(#3156,#3157,#3158,#3159,#3160),
 .UNSPECIFIED.,.F.,.F.,(4,1,4),(0.,0.00117176110920777,0.00234352221841555),
 .UNSPECIFIED.);
#54=B_SPLINE_CURVE_WITH_KNOTS('',3,(#3162,#3163,#3164,#3165,#3166),
 .UNSPECIFIED.,.F.,.F.,(4,1,4),(0.,0.00117176105400484,0.00234352210800968),
 .UNSPECIFIED.);
#55=B_SPLINE_CURVE_WITH_KNOTS('',3,(#3168,#3169,#3170,#3171,#3172),
 .UNSPECIFIED.,.F.,.F.,(4,1,4),(0.,0.00117176087058566,0.00234352174117132),
 .UNSPECIFIED.);
#56=B_SPLINE_CURVE_WITH_KNOTS('',3,(#3175,#3176,#3177,#3178),
 .UNSPECIFIED.,.F.,.F.,(4,4),(0.000337722659111067,0.000405920747489193),
 .UNSPECIFIED.);
#57=B_SPLINE_CURVE_WITH_KNOTS('',3,(#3180,#3181,#3182,#3183,#3184),
 .UNSPECIFIED.,.F.,.F.,(4,1,4),(0.,0.00117176105400484,0.00234352210800968),
 .UNSPECIFIED.);
#58=B_SPLINE_CURVE_WITH_KNOTS('',3,(#3185,#3186,#3187,#3188,#3189),
 .UNSPECIFIED.,.F.,.F.,(4,1,4),(0.,0.00117176105400484,0.00234352210800968),
 .UNSPECIFIED.);
#59=B_SPLINE_CURVE_WITH_KNOTS('',3,(#3190,#3191,#3192,#3193),
 .UNSPECIFIED.,.F.,.F.,(4,4),(2.29171247523452E-7,6.84272596256398E-5),
 .UNSPECIFIED.);
#60=B_SPLINE_CURVE_WITH_KNOTS('',3,(#3195,#3196,#3197,#3198,#3199),
 .UNSPECIFIED.,.F.,.F.,(4,1,4),(0.0195292961778525,0.0211946856079533,0.0228600750380541),
 .UNSPECIFIED.);
#61=B_SPLINE_CURVE_WITH_KNOTS('',3,(#3201,#3202,#3203,#3204,#3205),
 .UNSPECIFIED.,.F.,.F.,(4,1,4),(0.,0.00117176087058566,0.00234352174117132),
 .UNSPECIFIED.);
#62=B_SPLINE_CURVE_WITH_KNOTS('',3,(#3207,#3208,#3209,#3210,#3211),
 .UNSPECIFIED.,.F.,.F.,(4,1,4),(0.,0.00117176087058556,0.00234352174117112),
 .UNSPECIFIED.);
#63=B_SPLINE_CURVE_WITH_KNOTS('',3,(#3214,#3215,#3216,#3217,#3218),
 .UNSPECIFIED.,.F.,.F.,(4,1,4),(0.,0.00117176087058612,0.00234352174117224),
 .UNSPECIFIED.);
#64=B_SPLINE_CURVE_WITH_KNOTS('',3,(#3219,#3220,#3221,#3222,#3223),
 .UNSPECIFIED.,.F.,.F.,(4,1,4),(0.,0.00117176087058597,0.00234352174117195),
 .UNSPECIFIED.);
#65=B_SPLINE_CURVE_WITH_KNOTS('',3,(#3225,#3226,#3227,#3228,#3229),
 .UNSPECIFIED.,.F.,.F.,(4,1,4),(0.,0.00117176105400445,0.0023435221080089),
 .UNSPECIFIED.);
#66=B_SPLINE_CURVE_WITH_KNOTS('',3,(#3231,#3232,#3233,#3234,#3235),
 .UNSPECIFIED.,.F.,.F.,(4,1,4),(0.,0.00117176105400462,0.00234352210800924),
 .UNSPECIFIED.);
#67=B_SPLINE_CURVE_WITH_KNOTS('',3,(#3241,#3242,#3243,#3244),
 .UNSPECIFIED.,.F.,.F.,(4,4),(0.,0.00147075615588711),.UNSPECIFIED.);
#68=LINE('',#2739,#214);
#69=LINE('',#2744,#215);
#70=LINE('',#2748,#216);
#71=LINE('',#2752,#217);
#72=LINE('',#2754,#218);
#73=LINE('',#2756,#219);
#74=LINE('',#2758,#220);
#75=LINE('',#2759,#221);
#76=LINE('',#2768,#222);
#77=LINE('',#2770,#223);
#78=LINE('',#2772,#224);
#79=LINE('',#2774,#225);
#80=LINE('',#2776,#226);
#81=LINE('',#2778,#227);
#82=LINE('',#2780,#228);
#83=LINE('',#2782,#229);
#84=LINE('',#2784,#230);
#85=LINE('',#2807,#231);
#86=LINE('',#2810,#232);
#87=LINE('',#2812,#233);
#88=LINE('',#2814,#234);
#89=LINE('',#2816,#235);
#90=LINE('',#2820,#236);
#91=LINE('',#2824,#237);
#92=LINE('',#2838,#238);
#93=LINE('',#2843,#239);
#94=LINE('',#2847,#240);
#95=LINE('',#2849,#241);
#96=LINE('',#2851,#242);
#97=LINE('',#2855,#243);
#98=LINE('',#2859,#244);
#99=LINE('',#2864,#245);
#100=LINE('',#2868,#246);
#101=LINE('',#2870,#247);
#102=LINE('',#2872,#248);
#103=LINE('',#2876,#249);
#104=LINE('',#2880,#250);
#105=LINE('',#2888,#251);
#106=LINE('',#2890,#252);
#107=LINE('',#2892,#253);
#108=LINE('',#2897,#254);
#109=LINE('',#2910,#255);
#110=LINE('',#2913,#256);
#111=LINE('',#2915,#257);
#112=LINE('',#2917,#258);
#113=LINE('',#2919,#259);
#114=LINE('',#2922,#260);
#115=LINE('',#2923,#261);
#116=LINE('',#2925,#262);
#117=LINE('',#2928,#263);
#118=LINE('',#2929,#264);
#119=LINE('',#2931,#265);
#120=LINE('',#2934,#266);
#121=LINE('',#2935,#267);
#122=LINE('',#2937,#268);
#123=LINE('',#2939,#269);
#124=LINE('',#2942,#270);
#125=LINE('',#2944,#271);
#126=LINE('',#2946,#272);
#127=LINE('',#2948,#273);
#128=LINE('',#2950,#274);
#129=LINE('',#2953,#275);
#130=LINE('',#2954,#276);
#131=LINE('',#2956,#277);
#132=LINE('',#2959,#278);
#133=LINE('',#2960,#279);
#134=LINE('',#2962,#280);
#135=LINE('',#2965,#281);
#136=LINE('',#2966,#282);
#137=LINE('',#2968,#283);
#138=LINE('',#2973,#284);
#139=LINE('',#2986,#285);
#140=LINE('',#2989,#286);
#141=LINE('',#2991,#287);
#142=LINE('',#2993,#288);
#143=LINE('',#3001,#289);
#144=LINE('',#3002,#290);
#145=LINE('',#3021,#291);
#146=LINE('',#3022,#292);
#147=LINE('',#3054,#293);
#148=LINE('',#3058,#294);
#149=LINE('',#3059,#295);
#150=LINE('',#3064,#296);
#151=LINE('',#3067,#297);
#152=LINE('',#3076,#298);
#153=LINE('',#3078,#299);
#154=LINE('',#3080,#300);
#155=LINE('',#3082,#301);
#156=LINE('',#3084,#302);
#157=LINE('',#3086,#303);
#158=LINE('',#3088,#304);
#159=LINE('',#3090,#305);
#160=LINE('',#3092,#306);
#161=LINE('',#3100,#307);
#162=LINE('',#3102,#308);
#163=LINE('',#3103,#309);
#164=LINE('',#3104,#310);
#165=LINE('',#3118,#311);
#166=LINE('',#3238,#312);
#167=LINE('',#3239,#313);
#168=LINE('',#3245,#314);
#169=LINE('',#3277,#315);
#170=LINE('',#3279,#316);
#171=LINE('',#3281,#317);
#172=LINE('',#3283,#318);
#173=LINE('',#3285,#319);
#174=LINE('',#3287,#320);
#175=LINE('',#3290,#321);
#176=LINE('',#3292,#322);
#177=LINE('',#3294,#323);
#178=LINE('',#3296,#324);
#179=LINE('',#3299,#325);
#180=LINE('',#3301,#326);
#181=LINE('',#3303,#327);
#182=LINE('',#3305,#328);
#183=LINE('',#3307,#329);
#184=LINE('',#3309,#330);
#185=LINE('',#3311,#331);
#186=LINE('',#3314,#332);
#187=LINE('',#3316,#333);
#188=LINE('',#3318,#334);
#189=LINE('',#3320,#335);
#190=LINE('',#3331,#336);
#191=LINE('',#3333,#337);
#192=LINE('',#3335,#338);
#193=LINE('',#3337,#339);
#194=LINE('',#3339,#340);
#195=LINE('',#3341,#341);
#196=LINE('',#3343,#342);
#197=LINE('',#3345,#343);
#198=LINE('',#3347,#344);
#199=LINE('',#3349,#345);
#200=LINE('',#3351,#346);
#201=LINE('',#3353,#347);
#202=LINE('',#3356,#348);
#203=LINE('',#3358,#349);
#204=LINE('',#3360,#350);
#205=LINE('',#3362,#351);
#206=LINE('',#3364,#352);
#207=LINE('',#3366,#353);
#208=LINE('',#3368,#354);
#209=LINE('',#3370,#355);
#210=LINE('',#3372,#356);
#211=LINE('',#3374,#357);
#212=LINE('',#3376,#358);
#213=LINE('',#3378,#359);
#214=VECTOR('',#2189,1.);
#215=VECTOR('',#2192,1.);
#216=VECTOR('',#2195,1.);
#217=VECTOR('',#2198,1.);
#218=VECTOR('',#2199,1.);
#219=VECTOR('',#2200,1.);
#220=VECTOR('',#2201,1.);
#221=VECTOR('',#2202,1.);
#222=VECTOR('',#2209,1.);
#223=VECTOR('',#2210,1.);
#224=VECTOR('',#2211,1.);
#225=VECTOR('',#2212,1.);
#226=VECTOR('',#2213,1.);
#227=VECTOR('',#2214,1.);
#228=VECTOR('',#2215,1.);
#229=VECTOR('',#2216,1.);
#230=VECTOR('',#2217,1.);
#231=VECTOR('',#2240,1.);
#232=VECTOR('',#2241,1.);
#233=VECTOR('',#2242,1.);
#234=VECTOR('',#2243,1.);
#235=VECTOR('',#2244,1.);
#236=VECTOR('',#2247,1.);
#237=VECTOR('',#2250,1.);
#238=VECTOR('',#2267,1.);
#239=VECTOR('',#2270,1.);
#240=VECTOR('',#2275,1.);
#241=VECTOR('',#2276,1.);
#242=VECTOR('',#2277,1.);
#243=VECTOR('',#2282,1.);
#244=VECTOR('',#2287,1.);
#245=VECTOR('',#2290,1.);
#246=VECTOR('',#2295,1.);
#247=VECTOR('',#2296,1.);
#248=VECTOR('',#2297,1.);
#249=VECTOR('',#2302,1.);
#250=VECTOR('',#2307,1.);
#251=VECTOR('',#2308,1.);
#252=VECTOR('',#2309,1.);
#253=VECTOR('',#2312,1.);
#254=VECTOR('',#2315,1.);
#255=VECTOR('',#2320,1.);
#256=VECTOR('',#2321,1.);
#257=VECTOR('',#2322,1.);
#258=VECTOR('',#2323,1.);
#259=VECTOR('',#2326,1.);
#260=VECTOR('',#2327,1.);
#261=VECTOR('',#2328,1.);
#262=VECTOR('',#2331,1.);
#263=VECTOR('',#2332,1.);
#264=VECTOR('',#2333,1.);
#265=VECTOR('',#2336,1.);
#266=VECTOR('',#2337,1.);
#267=VECTOR('',#2338,1.);
#268=VECTOR('',#2339,1.);
#269=VECTOR('',#2342,1.);
#270=VECTOR('',#2343,1.);
#271=VECTOR('',#2344,1.);
#272=VECTOR('',#2345,1.);
#273=VECTOR('',#2346,1.);
#274=VECTOR('',#2349,1.);
#275=VECTOR('',#2350,1.);
#276=VECTOR('',#2351,1.);
#277=VECTOR('',#2354,1.);
#278=VECTOR('',#2355,1.);
#279=VECTOR('',#2356,1.);
#280=VECTOR('',#2359,1.);
#281=VECTOR('',#2360,1.);
#282=VECTOR('',#2361,1.);
#283=VECTOR('',#2364,1.);
#284=VECTOR('',#2367,1.);
#285=VECTOR('',#2372,1.);
#286=VECTOR('',#2373,1.);
#287=VECTOR('',#2374,1.);
#288=VECTOR('',#2375,1.);
#289=VECTOR('',#2386,1.);
#290=VECTOR('',#2387,1.);
#291=VECTOR('',#2412,1.);
#292=VECTOR('',#2413,1.);
#293=VECTOR('',#2448,1.);
#294=VECTOR('',#2451,1.);
#295=VECTOR('',#2452,1.);
#296=VECTOR('',#2455,1.);
#297=VECTOR('',#2458,1.);
#298=VECTOR('',#2465,1.);
#299=VECTOR('',#2466,1.);
#300=VECTOR('',#2467,1.);
#301=VECTOR('',#2468,1.);
#302=VECTOR('',#2469,1.);
#303=VECTOR('',#2470,1.);
#304=VECTOR('',#2471,1.);
#305=VECTOR('',#2472,1.);
#306=VECTOR('',#2473,1.);
#307=VECTOR('',#2480,1.);
#308=VECTOR('',#2483,1.);
#309=VECTOR('',#2484,1.);
#310=VECTOR('',#2485,1.);
#311=VECTOR('',#2492,1.);
#312=VECTOR('',#2531,1.);
#313=VECTOR('',#2532,1.);
#314=VECTOR('',#2535,1.);
#315=VECTOR('',#2594,1.);
#316=VECTOR('',#2597,1.);
#317=VECTOR('',#2600,1.);
#318=VECTOR('',#2603,1.);
#319=VECTOR('',#2606,1.);
#320=VECTOR('',#2609,1.);
#321=VECTOR('',#2614,1.);
#322=VECTOR('',#2617,1.);
#323=VECTOR('',#2620,1.);
#324=VECTOR('',#2623,1.);
#325=VECTOR('',#2628,1.);
#326=VECTOR('',#2631,1.);
#327=VECTOR('',#2634,1.);
#328=VECTOR('',#2637,1.);
#329=VECTOR('',#2640,1.);
#330=VECTOR('',#2643,1.);
#331=VECTOR('',#2646,1.);
#332=VECTOR('',#2651,1.);
#333=VECTOR('',#2654,1.);
#334=VECTOR('',#2657,1.);
#335=VECTOR('',#2660,1.);
#336=VECTOR('',#2677,1.);
#337=VECTOR('',#2678,1.);
#338=VECTOR('',#2679,1.);
#339=VECTOR('',#2682,1.);
#340=VECTOR('',#2683,1.);
#341=VECTOR('',#2686,1.);
#342=VECTOR('',#2687,1.);
#343=VECTOR('',#2690,1.);
#344=VECTOR('',#2691,1.);
#345=VECTOR('',#2694,1.);
#346=VECTOR('',#2695,1.);
#347=VECTOR('',#2698,1.);
#348=VECTOR('',#2703,1.);
#349=VECTOR('',#2704,1.);
#350=VECTOR('',#2705,1.);
#351=VECTOR('',#2708,1.);
#352=VECTOR('',#2709,1.);
#353=VECTOR('',#2712,1.);
#354=VECTOR('',#2713,1.);
#355=VECTOR('',#2716,1.);
#356=VECTOR('',#2717,1.);
#357=VECTOR('',#2720,1.);
#358=VECTOR('',#2721,1.);
#359=VECTOR('',#2724,1.);
#360=PLANE('',#1976);
#361=PLANE('',#2006);
#362=PLANE('',#2013);
#363=PLANE('',#2017);
#364=PLANE('',#2021);
#365=PLANE('',#2022);
#366=PLANE('',#2023);
#367=PLANE('',#2024);
#368=PLANE('',#2025);
#369=PLANE('',#2026);
#370=PLANE('',#2027);
#371=PLANE('',#2028);
#372=PLANE('',#2032);
#373=PLANE('',#2037);
#374=PLANE('',#2049);
#375=PLANE('',#2057);
#376=PLANE('',#2076);
#377=PLANE('',#2077);
#378=PLANE('',#2098);
#379=PLANE('',#2099);
#380=PLANE('',#2120);
#381=PLANE('',#2122);
#382=PLANE('',#2123);
#383=PLANE('',#2125);
#384=PLANE('',#2128);
#385=PLANE('',#2129);
#386=PLANE('',#2130);
#387=PLANE('',#2131);
#388=PLANE('',#2135);
#389=PLANE('',#2136);
#390=PLANE('',#2137);
#391=PLANE('',#2138);
#392=PLANE('',#2140);
#393=PLANE('',#2141);
#394=PLANE('',#2142);
#395=PLANE('',#2143);
#396=PLANE('',#2147);
#397=PLANE('',#2148);
#398=PLANE('',#2149);
#399=PLANE('',#2150);
#400=PLANE('',#2151);
#401=PLANE('',#2153);
#402=PLANE('',#2158);
#403=PLANE('',#2159);
#404=PLANE('',#2160);
#405=PLANE('',#2161);
#406=PLANE('',#2162);
#407=PLANE('',#2163);
#408=PLANE('',#2164);
#409=PLANE('',#2165);
#410=PLANE('',#2166);
#411=PLANE('',#2167);
#412=PLANE('',#2168);
#413=PLANE('',#2169);
#414=PLANE('',#2170);
#415=PLANE('',#2171);
#416=PLANE('',#2172);
#417=ORIENTED_EDGE('',*,*,#937,.T.);
#418=ORIENTED_EDGE('',*,*,#938,.F.);
#419=ORIENTED_EDGE('',*,*,#939,.T.);
#420=ORIENTED_EDGE('',*,*,#940,.F.);
#421=ORIENTED_EDGE('',*,*,#941,.F.);
#422=ORIENTED_EDGE('',*,*,#942,.T.);
#423=ORIENTED_EDGE('',*,*,#943,.T.);
#424=ORIENTED_EDGE('',*,*,#944,.T.);
#425=ORIENTED_EDGE('',*,*,#945,.T.);
#426=ORIENTED_EDGE('',*,*,#946,.T.);
#427=ORIENTED_EDGE('',*,*,#947,.F.);
#428=ORIENTED_EDGE('',*,*,#948,.F.);
#429=ORIENTED_EDGE('',*,*,#949,.F.);
#430=ORIENTED_EDGE('',*,*,#950,.F.);
#431=ORIENTED_EDGE('',*,*,#951,.T.);
#432=ORIENTED_EDGE('',*,*,#952,.T.);
#433=ORIENTED_EDGE('',*,*,#953,.T.);
#434=ORIENTED_EDGE('',*,*,#954,.T.);
#435=ORIENTED_EDGE('',*,*,#955,.T.);
#436=ORIENTED_EDGE('',*,*,#956,.T.);
#437=ORIENTED_EDGE('',*,*,#957,.T.);
#438=ORIENTED_EDGE('',*,*,#958,.T.);
#439=ORIENTED_EDGE('',*,*,#959,.T.);
#440=ORIENTED_EDGE('',*,*,#960,.T.);
#441=ORIENTED_EDGE('',*,*,#961,.T.);
#442=ORIENTED_EDGE('',*,*,#962,.T.);
#443=ORIENTED_EDGE('',*,*,#963,.T.);
#444=ORIENTED_EDGE('',*,*,#964,.T.);
#445=ORIENTED_EDGE('',*,*,#965,.T.);
#446=ORIENTED_EDGE('',*,*,#966,.T.);
#447=ORIENTED_EDGE('',*,*,#967,.T.);
#448=ORIENTED_EDGE('',*,*,#968,.T.);
#449=ORIENTED_EDGE('',*,*,#969,.T.);
#450=ORIENTED_EDGE('',*,*,#970,.T.);
#451=ORIENTED_EDGE('',*,*,#971,.T.);
#452=ORIENTED_EDGE('',*,*,#972,.T.);
#453=ORIENTED_EDGE('',*,*,#973,.T.);
#454=ORIENTED_EDGE('',*,*,#974,.T.);
#455=ORIENTED_EDGE('',*,*,#975,.F.);
#456=ORIENTED_EDGE('',*,*,#976,.F.);
#457=ORIENTED_EDGE('',*,*,#977,.F.);
#458=ORIENTED_EDGE('',*,*,#978,.F.);
#459=ORIENTED_EDGE('',*,*,#979,.F.);
#460=ORIENTED_EDGE('',*,*,#980,.T.);
#461=ORIENTED_EDGE('',*,*,#981,.T.);
#462=ORIENTED_EDGE('',*,*,#982,.T.);
#463=ORIENTED_EDGE('',*,*,#983,.T.);
#464=ORIENTED_EDGE('',*,*,#984,.T.);
#465=ORIENTED_EDGE('',*,*,#985,.T.);
#466=ORIENTED_EDGE('',*,*,#986,.F.);
#467=ORIENTED_EDGE('',*,*,#987,.T.);
#468=ORIENTED_EDGE('',*,*,#988,.F.);
#469=ORIENTED_EDGE('',*,*,#989,.T.);
#470=ORIENTED_EDGE('',*,*,#990,.T.);
#471=ORIENTED_EDGE('',*,*,#991,.F.);
#472=ORIENTED_EDGE('',*,*,#992,.T.);
#473=ORIENTED_EDGE('',*,*,#991,.T.);
#474=ORIENTED_EDGE('',*,*,#993,.T.);
#475=ORIENTED_EDGE('',*,*,#994,.F.);
#476=ORIENTED_EDGE('',*,*,#995,.T.);
#477=ORIENTED_EDGE('',*,*,#994,.T.);
#478=ORIENTED_EDGE('',*,*,#996,.T.);
#479=ORIENTED_EDGE('',*,*,#997,.F.);
#480=ORIENTED_EDGE('',*,*,#998,.T.);
#481=ORIENTED_EDGE('',*,*,#999,.T.);
#482=ORIENTED_EDGE('',*,*,#1000,.T.);
#483=ORIENTED_EDGE('',*,*,#1001,.F.);
#484=ORIENTED_EDGE('',*,*,#1002,.T.);
#485=ORIENTED_EDGE('',*,*,#1001,.T.);
#486=ORIENTED_EDGE('',*,*,#1003,.T.);
#487=ORIENTED_EDGE('',*,*,#1004,.F.);
#488=ORIENTED_EDGE('',*,*,#1005,.T.);
#489=ORIENTED_EDGE('',*,*,#1004,.T.);
#490=ORIENTED_EDGE('',*,*,#1006,.T.);
#491=ORIENTED_EDGE('',*,*,#1007,.F.);
#492=ORIENTED_EDGE('',*,*,#1008,.T.);
#493=ORIENTED_EDGE('',*,*,#1009,.T.);
#494=ORIENTED_EDGE('',*,*,#1010,.T.);
#495=ORIENTED_EDGE('',*,*,#1011,.T.);
#496=ORIENTED_EDGE('',*,*,#1012,.T.);
#497=ORIENTED_EDGE('',*,*,#1013,.T.);
#498=ORIENTED_EDGE('',*,*,#1014,.T.);
#499=ORIENTED_EDGE('',*,*,#1015,.T.);
#500=ORIENTED_EDGE('',*,*,#1016,.T.);
#501=ORIENTED_EDGE('',*,*,#965,.F.);
#502=ORIENTED_EDGE('',*,*,#1017,.T.);
#503=ORIENTED_EDGE('',*,*,#1018,.T.);
#504=ORIENTED_EDGE('',*,*,#1019,.F.);
#505=ORIENTED_EDGE('',*,*,#1020,.T.);
#506=ORIENTED_EDGE('',*,*,#1021,.T.);
#507=ORIENTED_EDGE('',*,*,#1022,.T.);
#508=ORIENTED_EDGE('',*,*,#1023,.F.);
#509=ORIENTED_EDGE('',*,*,#1024,.T.);
#510=ORIENTED_EDGE('',*,*,#1019,.T.);
#511=ORIENTED_EDGE('',*,*,#1025,.T.);
#512=ORIENTED_EDGE('',*,*,#1026,.F.);
#513=ORIENTED_EDGE('',*,*,#1027,.T.);
#514=ORIENTED_EDGE('',*,*,#1023,.T.);
#515=ORIENTED_EDGE('',*,*,#1028,.T.);
#516=ORIENTED_EDGE('',*,*,#1029,.T.);
#517=ORIENTED_EDGE('',*,*,#1030,.T.);
#518=ORIENTED_EDGE('',*,*,#1026,.T.);
#519=ORIENTED_EDGE('',*,*,#1031,.T.);
#520=ORIENTED_EDGE('',*,*,#1032,.T.);
#521=ORIENTED_EDGE('',*,*,#1033,.F.);
#522=ORIENTED_EDGE('',*,*,#1034,.T.);
#523=ORIENTED_EDGE('',*,*,#1035,.T.);
#524=ORIENTED_EDGE('',*,*,#1036,.T.);
#525=ORIENTED_EDGE('',*,*,#1037,.T.);
#526=ORIENTED_EDGE('',*,*,#1038,.F.);
#527=ORIENTED_EDGE('',*,*,#1039,.T.);
#528=ORIENTED_EDGE('',*,*,#1033,.T.);
#529=ORIENTED_EDGE('',*,*,#1040,.T.);
#530=ORIENTED_EDGE('',*,*,#1041,.F.);
#531=ORIENTED_EDGE('',*,*,#1042,.T.);
#532=ORIENTED_EDGE('',*,*,#1038,.T.);
#533=ORIENTED_EDGE('',*,*,#1043,.T.);
#534=ORIENTED_EDGE('',*,*,#1044,.T.);
#535=ORIENTED_EDGE('',*,*,#1045,.T.);
#536=ORIENTED_EDGE('',*,*,#1041,.T.);
#537=ORIENTED_EDGE('',*,*,#1046,.T.);
#538=ORIENTED_EDGE('',*,*,#1047,.T.);
#539=ORIENTED_EDGE('',*,*,#1048,.T.);
#540=ORIENTED_EDGE('',*,*,#1049,.T.);
#541=ORIENTED_EDGE('',*,*,#1050,.T.);
#542=ORIENTED_EDGE('',*,*,#953,.F.);
#543=ORIENTED_EDGE('',*,*,#1051,.T.);
#544=ORIENTED_EDGE('',*,*,#1052,.T.);
#545=ORIENTED_EDGE('',*,*,#1053,.T.);
#546=ORIENTED_EDGE('',*,*,#1054,.T.);
#547=ORIENTED_EDGE('',*,*,#1055,.T.);
#548=ORIENTED_EDGE('',*,*,#1056,.T.);
#549=ORIENTED_EDGE('',*,*,#1057,.T.);
#550=ORIENTED_EDGE('',*,*,#974,.F.);
#551=ORIENTED_EDGE('',*,*,#1058,.T.);
#552=ORIENTED_EDGE('',*,*,#973,.F.);
#553=ORIENTED_EDGE('',*,*,#997,.T.);
#554=ORIENTED_EDGE('',*,*,#1059,.T.);
#555=ORIENTED_EDGE('',*,*,#989,.F.);
#556=ORIENTED_EDGE('',*,*,#1060,.T.);
#557=ORIENTED_EDGE('',*,*,#1061,.T.);
#558=ORIENTED_EDGE('',*,*,#972,.F.);
#559=ORIENTED_EDGE('',*,*,#1062,.T.);
#560=ORIENTED_EDGE('',*,*,#971,.F.);
#561=ORIENTED_EDGE('',*,*,#1063,.T.);
#562=ORIENTED_EDGE('',*,*,#970,.F.);
#563=ORIENTED_EDGE('',*,*,#1064,.T.);
#564=ORIENTED_EDGE('',*,*,#969,.F.);
#565=ORIENTED_EDGE('',*,*,#1065,.T.);
#566=ORIENTED_EDGE('',*,*,#1066,.F.);
#567=ORIENTED_EDGE('',*,*,#1007,.T.);
#568=ORIENTED_EDGE('',*,*,#1067,.T.);
#569=ORIENTED_EDGE('',*,*,#999,.F.);
#570=ORIENTED_EDGE('',*,*,#1068,.T.);
#571=ORIENTED_EDGE('',*,*,#1069,.T.);
#572=ORIENTED_EDGE('',*,*,#968,.F.);
#573=ORIENTED_EDGE('',*,*,#1070,.T.);
#574=ORIENTED_EDGE('',*,*,#967,.F.);
#575=ORIENTED_EDGE('',*,*,#1071,.T.);
#576=ORIENTED_EDGE('',*,*,#1072,.F.);
#577=ORIENTED_EDGE('',*,*,#1073,.T.);
#578=ORIENTED_EDGE('',*,*,#1074,.T.);
#579=ORIENTED_EDGE('',*,*,#1075,.T.);
#580=ORIENTED_EDGE('',*,*,#1076,.T.);
#581=ORIENTED_EDGE('',*,*,#1077,.T.);
#582=ORIENTED_EDGE('',*,*,#1078,.T.);
#583=ORIENTED_EDGE('',*,*,#1079,.T.);
#584=ORIENTED_EDGE('',*,*,#1080,.T.);
#585=ORIENTED_EDGE('',*,*,#1081,.T.);
#586=ORIENTED_EDGE('',*,*,#1082,.T.);
#587=ORIENTED_EDGE('',*,*,#1083,.T.);
#588=ORIENTED_EDGE('',*,*,#1084,.T.);
#589=ORIENTED_EDGE('',*,*,#1085,.T.);
#590=ORIENTED_EDGE('',*,*,#1086,.T.);
#591=ORIENTED_EDGE('',*,*,#1087,.T.);
#592=ORIENTED_EDGE('',*,*,#1088,.T.);
#593=ORIENTED_EDGE('',*,*,#1089,.T.);
#594=ORIENTED_EDGE('',*,*,#1090,.T.);
#595=ORIENTED_EDGE('',*,*,#1091,.T.);
#596=ORIENTED_EDGE('',*,*,#1092,.T.);
#597=ORIENTED_EDGE('',*,*,#1093,.T.);
#598=ORIENTED_EDGE('',*,*,#1094,.T.);
#599=ORIENTED_EDGE('',*,*,#1095,.T.);
#600=ORIENTED_EDGE('',*,*,#1096,.T.);
#601=ORIENTED_EDGE('',*,*,#1097,.T.);
#602=ORIENTED_EDGE('',*,*,#1098,.T.);
#603=ORIENTED_EDGE('',*,*,#1099,.T.);
#604=ORIENTED_EDGE('',*,*,#1100,.T.);
#605=ORIENTED_EDGE('',*,*,#1101,.T.);
#606=ORIENTED_EDGE('',*,*,#1102,.T.);
#607=ORIENTED_EDGE('',*,*,#1103,.T.);
#608=ORIENTED_EDGE('',*,*,#1104,.T.);
#609=ORIENTED_EDGE('',*,*,#1105,.T.);
#610=ORIENTED_EDGE('',*,*,#939,.F.);
#611=ORIENTED_EDGE('',*,*,#1065,.F.);
#612=ORIENTED_EDGE('',*,*,#937,.F.);
#613=ORIENTED_EDGE('',*,*,#1071,.F.);
#614=ORIENTED_EDGE('',*,*,#1032,.F.);
#615=ORIENTED_EDGE('',*,*,#1106,.T.);
#616=ORIENTED_EDGE('',*,*,#959,.F.);
#617=ORIENTED_EDGE('',*,*,#1107,.T.);
#618=ORIENTED_EDGE('',*,*,#1036,.F.);
#619=ORIENTED_EDGE('',*,*,#1108,.T.);
#620=ORIENTED_EDGE('',*,*,#1109,.T.);
#621=ORIENTED_EDGE('',*,*,#1110,.T.);
#622=ORIENTED_EDGE('',*,*,#951,.F.);
#623=ORIENTED_EDGE('',*,*,#1111,.T.);
#624=ORIENTED_EDGE('',*,*,#1112,.T.);
#625=ORIENTED_EDGE('',*,*,#1012,.F.);
#626=ORIENTED_EDGE('',*,*,#1113,.T.);
#627=ORIENTED_EDGE('',*,*,#1056,.F.);
#628=ORIENTED_EDGE('',*,*,#1114,.F.);
#629=ORIENTED_EDGE('',*,*,#1059,.F.);
#630=ORIENTED_EDGE('',*,*,#1115,.F.);
#631=ORIENTED_EDGE('',*,*,#945,.F.);
#632=ORIENTED_EDGE('',*,*,#1116,.F.);
#633=ORIENTED_EDGE('',*,*,#1117,.F.);
#634=ORIENTED_EDGE('',*,*,#1118,.F.);
#635=ORIENTED_EDGE('',*,*,#946,.F.);
#636=ORIENTED_EDGE('',*,*,#1115,.T.);
#637=ORIENTED_EDGE('',*,*,#996,.F.);
#638=ORIENTED_EDGE('',*,*,#1119,.F.);
#639=ORIENTED_EDGE('',*,*,#942,.F.);
#640=ORIENTED_EDGE('',*,*,#1114,.T.);
#641=ORIENTED_EDGE('',*,*,#944,.F.);
#642=ORIENTED_EDGE('',*,*,#1120,.F.);
#643=ORIENTED_EDGE('',*,*,#990,.F.);
#644=ORIENTED_EDGE('',*,*,#1119,.T.);
#645=ORIENTED_EDGE('',*,*,#993,.F.);
#646=ORIENTED_EDGE('',*,*,#1120,.T.);
#647=ORIENTED_EDGE('',*,*,#943,.F.);
#648=ORIENTED_EDGE('',*,*,#1121,.F.);
#649=ORIENTED_EDGE('',*,*,#1084,.F.);
#650=ORIENTED_EDGE('',*,*,#1122,.F.);
#651=ORIENTED_EDGE('',*,*,#1060,.F.);
#652=ORIENTED_EDGE('',*,*,#1122,.T.);
#653=ORIENTED_EDGE('',*,*,#1083,.F.);
#654=ORIENTED_EDGE('',*,*,#1123,.F.);
#655=ORIENTED_EDGE('',*,*,#998,.F.);
#656=ORIENTED_EDGE('',*,*,#1121,.T.);
#657=ORIENTED_EDGE('',*,*,#992,.F.);
#658=ORIENTED_EDGE('',*,*,#1124,.F.);
#659=ORIENTED_EDGE('',*,*,#1081,.F.);
#660=ORIENTED_EDGE('',*,*,#1123,.T.);
#661=ORIENTED_EDGE('',*,*,#1082,.F.);
#662=ORIENTED_EDGE('',*,*,#1124,.T.);
#663=ORIENTED_EDGE('',*,*,#995,.F.);
#664=ORIENTED_EDGE('',*,*,#1125,.F.);
#665=ORIENTED_EDGE('',*,*,#984,.F.);
#666=ORIENTED_EDGE('',*,*,#1126,.F.);
#667=ORIENTED_EDGE('',*,*,#1006,.F.);
#668=ORIENTED_EDGE('',*,*,#1127,.F.);
#669=ORIENTED_EDGE('',*,*,#980,.F.);
#670=ORIENTED_EDGE('',*,*,#1128,.F.);
#671=ORIENTED_EDGE('',*,*,#1129,.F.);
#672=ORIENTED_EDGE('',*,*,#1127,.T.);
#673=ORIENTED_EDGE('',*,*,#1003,.F.);
#674=ORIENTED_EDGE('',*,*,#1130,.F.);
#675=ORIENTED_EDGE('',*,*,#981,.F.);
#676=ORIENTED_EDGE('',*,*,#1126,.T.);
#677=ORIENTED_EDGE('',*,*,#983,.F.);
#678=ORIENTED_EDGE('',*,*,#1131,.F.);
#679=ORIENTED_EDGE('',*,*,#1067,.F.);
#680=ORIENTED_EDGE('',*,*,#1130,.T.);
#681=ORIENTED_EDGE('',*,*,#1000,.F.);
#682=ORIENTED_EDGE('',*,*,#1131,.T.);
#683=ORIENTED_EDGE('',*,*,#982,.F.);
#684=ORIENTED_EDGE('',*,*,#1132,.F.);
#685=ORIENTED_EDGE('',*,*,#1088,.F.);
#686=ORIENTED_EDGE('',*,*,#1133,.F.);
#687=ORIENTED_EDGE('',*,*,#1002,.F.);
#688=ORIENTED_EDGE('',*,*,#1133,.T.);
#689=ORIENTED_EDGE('',*,*,#1087,.F.);
#690=ORIENTED_EDGE('',*,*,#1134,.F.);
#691=ORIENTED_EDGE('',*,*,#1068,.F.);
#692=ORIENTED_EDGE('',*,*,#1132,.T.);
#693=ORIENTED_EDGE('',*,*,#1005,.F.);
#694=ORIENTED_EDGE('',*,*,#1135,.F.);
#695=ORIENTED_EDGE('',*,*,#1085,.F.);
#696=ORIENTED_EDGE('',*,*,#1134,.T.);
#697=ORIENTED_EDGE('',*,*,#1086,.F.);
#698=ORIENTED_EDGE('',*,*,#1135,.T.);
#699=ORIENTED_EDGE('',*,*,#1008,.F.);
#700=ORIENTED_EDGE('',*,*,#1097,.F.);
#701=ORIENTED_EDGE('',*,*,#1136,.T.);
#702=ORIENTED_EDGE('',*,*,#1029,.F.);
#703=ORIENTED_EDGE('',*,*,#1108,.F.);
#704=ORIENTED_EDGE('',*,*,#1035,.F.);
#705=ORIENTED_EDGE('',*,*,#1137,.T.);
#706=ORIENTED_EDGE('',*,*,#1011,.F.);
#707=ORIENTED_EDGE('',*,*,#1138,.T.);
#708=ORIENTED_EDGE('',*,*,#1089,.F.);
#709=ORIENTED_EDGE('',*,*,#1139,.T.);
#710=ORIENTED_EDGE('',*,*,#1053,.F.);
#711=ORIENTED_EDGE('',*,*,#1113,.F.);
#712=ORIENTED_EDGE('',*,*,#1073,.F.);
#713=ORIENTED_EDGE('',*,*,#1061,.F.);
#714=ORIENTED_EDGE('',*,*,#1074,.F.);
#715=ORIENTED_EDGE('',*,*,#1063,.F.);
#716=ORIENTED_EDGE('',*,*,#1075,.F.);
#717=ORIENTED_EDGE('',*,*,#1062,.F.);
#718=ORIENTED_EDGE('',*,*,#1076,.F.);
#719=ORIENTED_EDGE('',*,*,#1064,.F.);
#720=ORIENTED_EDGE('',*,*,#1077,.F.);
#721=ORIENTED_EDGE('',*,*,#1057,.F.);
#722=ORIENTED_EDGE('',*,*,#1078,.F.);
#723=ORIENTED_EDGE('',*,*,#1058,.F.);
#724=ORIENTED_EDGE('',*,*,#1079,.F.);
#725=ORIENTED_EDGE('',*,*,#1069,.F.);
#726=ORIENTED_EDGE('',*,*,#1080,.F.);
#727=ORIENTED_EDGE('',*,*,#1070,.F.);
#728=ORIENTED_EDGE('',*,*,#1049,.F.);
#729=ORIENTED_EDGE('',*,*,#1140,.T.);
#730=ORIENTED_EDGE('',*,*,#1044,.F.);
#731=ORIENTED_EDGE('',*,*,#1141,.T.);
#732=ORIENTED_EDGE('',*,*,#1021,.F.);
#733=ORIENTED_EDGE('',*,*,#1142,.T.);
#734=ORIENTED_EDGE('',*,*,#1013,.F.);
#735=ORIENTED_EDGE('',*,*,#1143,.T.);
#736=ORIENTED_EDGE('',*,*,#1112,.F.);
#737=ORIENTED_EDGE('',*,*,#1144,.T.);
#738=ORIENTED_EDGE('',*,*,#1015,.F.);
#739=ORIENTED_EDGE('',*,*,#1145,.T.);
#740=ORIENTED_EDGE('',*,*,#1009,.F.);
#741=ORIENTED_EDGE('',*,*,#1047,.F.);
#742=ORIENTED_EDGE('',*,*,#1146,.T.);
#743=ORIENTED_EDGE('',*,*,#1109,.F.);
#744=ORIENTED_EDGE('',*,*,#1055,.F.);
#745=ORIENTED_EDGE('',*,*,#1147,.T.);
#746=ORIENTED_EDGE('',*,*,#1148,.F.);
#747=ORIENTED_EDGE('',*,*,#1018,.F.);
#748=ORIENTED_EDGE('',*,*,#1072,.T.);
#749=ORIENTED_EDGE('',*,*,#985,.F.);
#750=ORIENTED_EDGE('',*,*,#1149,.F.);
#751=ORIENTED_EDGE('',*,*,#1052,.F.);
#752=ORIENTED_EDGE('',*,*,#1066,.T.);
#753=ORIENTED_EDGE('',*,*,#987,.F.);
#754=ORIENTED_EDGE('',*,*,#1110,.F.);
#755=ORIENTED_EDGE('',*,*,#1146,.F.);
#756=ORIENTED_EDGE('',*,*,#1051,.F.);
#757=ORIENTED_EDGE('',*,*,#952,.F.);
#758=ORIENTED_EDGE('',*,*,#1016,.F.);
#759=ORIENTED_EDGE('',*,*,#1144,.F.);
#760=ORIENTED_EDGE('',*,*,#1111,.F.);
#761=ORIENTED_EDGE('',*,*,#966,.F.);
#762=ORIENTED_EDGE('',*,*,#1136,.F.);
#763=ORIENTED_EDGE('',*,*,#1096,.F.);
#764=ORIENTED_EDGE('',*,*,#1150,.F.);
#765=ORIENTED_EDGE('',*,*,#1030,.F.);
#766=ORIENTED_EDGE('',*,*,#1150,.T.);
#767=ORIENTED_EDGE('',*,*,#1095,.F.);
#768=ORIENTED_EDGE('',*,*,#1151,.F.);
#769=ORIENTED_EDGE('',*,*,#1027,.F.);
#770=ORIENTED_EDGE('',*,*,#1151,.T.);
#771=ORIENTED_EDGE('',*,*,#1094,.F.);
#772=ORIENTED_EDGE('',*,*,#1152,.F.);
#773=ORIENTED_EDGE('',*,*,#1024,.F.);
#774=ORIENTED_EDGE('',*,*,#1152,.T.);
#775=ORIENTED_EDGE('',*,*,#1093,.F.);
#776=ORIENTED_EDGE('',*,*,#1153,.F.);
#777=ORIENTED_EDGE('',*,*,#1020,.F.);
#778=ORIENTED_EDGE('',*,*,#1153,.T.);
#779=ORIENTED_EDGE('',*,*,#1092,.F.);
#780=ORIENTED_EDGE('',*,*,#1154,.F.);
#781=ORIENTED_EDGE('',*,*,#1142,.F.);
#782=ORIENTED_EDGE('',*,*,#1154,.T.);
#783=ORIENTED_EDGE('',*,*,#1091,.F.);
#784=ORIENTED_EDGE('',*,*,#1155,.F.);
#785=ORIENTED_EDGE('',*,*,#1014,.F.);
#786=ORIENTED_EDGE('',*,*,#1010,.F.);
#787=ORIENTED_EDGE('',*,*,#1145,.F.);
#788=ORIENTED_EDGE('',*,*,#1155,.T.);
#789=ORIENTED_EDGE('',*,*,#1090,.F.);
#790=ORIENTED_EDGE('',*,*,#1138,.F.);
#791=ORIENTED_EDGE('',*,*,#1106,.F.);
#792=ORIENTED_EDGE('',*,*,#1031,.F.);
#793=ORIENTED_EDGE('',*,*,#1156,.F.);
#794=ORIENTED_EDGE('',*,*,#960,.F.);
#795=ORIENTED_EDGE('',*,*,#1156,.T.);
#796=ORIENTED_EDGE('',*,*,#1028,.F.);
#797=ORIENTED_EDGE('',*,*,#1157,.F.);
#798=ORIENTED_EDGE('',*,*,#961,.F.);
#799=ORIENTED_EDGE('',*,*,#1157,.T.);
#800=ORIENTED_EDGE('',*,*,#1025,.F.);
#801=ORIENTED_EDGE('',*,*,#1158,.F.);
#802=ORIENTED_EDGE('',*,*,#962,.F.);
#803=ORIENTED_EDGE('',*,*,#1158,.T.);
#804=ORIENTED_EDGE('',*,*,#1022,.F.);
#805=ORIENTED_EDGE('',*,*,#1159,.F.);
#806=ORIENTED_EDGE('',*,*,#963,.F.);
#807=ORIENTED_EDGE('',*,*,#1159,.T.);
#808=ORIENTED_EDGE('',*,*,#1143,.F.);
#809=ORIENTED_EDGE('',*,*,#1017,.F.);
#810=ORIENTED_EDGE('',*,*,#964,.F.);
#811=ORIENTED_EDGE('',*,*,#1137,.F.);
#812=ORIENTED_EDGE('',*,*,#1034,.F.);
#813=ORIENTED_EDGE('',*,*,#1160,.F.);
#814=ORIENTED_EDGE('',*,*,#1098,.F.);
#815=ORIENTED_EDGE('',*,*,#1160,.T.);
#816=ORIENTED_EDGE('',*,*,#1039,.F.);
#817=ORIENTED_EDGE('',*,*,#1161,.F.);
#818=ORIENTED_EDGE('',*,*,#1099,.F.);
#819=ORIENTED_EDGE('',*,*,#1161,.T.);
#820=ORIENTED_EDGE('',*,*,#1042,.F.);
#821=ORIENTED_EDGE('',*,*,#1162,.F.);
#822=ORIENTED_EDGE('',*,*,#1100,.F.);
#823=ORIENTED_EDGE('',*,*,#1162,.T.);
#824=ORIENTED_EDGE('',*,*,#1045,.F.);
#825=ORIENTED_EDGE('',*,*,#1163,.F.);
#826=ORIENTED_EDGE('',*,*,#1101,.F.);
#827=ORIENTED_EDGE('',*,*,#1163,.T.);
#828=ORIENTED_EDGE('',*,*,#1140,.F.);
#829=ORIENTED_EDGE('',*,*,#1164,.F.);
#830=ORIENTED_EDGE('',*,*,#1102,.F.);
#831=ORIENTED_EDGE('',*,*,#1164,.T.);
#832=ORIENTED_EDGE('',*,*,#1048,.F.);
#833=ORIENTED_EDGE('',*,*,#1165,.F.);
#834=ORIENTED_EDGE('',*,*,#1103,.F.);
#835=ORIENTED_EDGE('',*,*,#1165,.T.);
#836=ORIENTED_EDGE('',*,*,#1147,.F.);
#837=ORIENTED_EDGE('',*,*,#1166,.F.);
#838=ORIENTED_EDGE('',*,*,#1104,.F.);
#839=ORIENTED_EDGE('',*,*,#1166,.T.);
#840=ORIENTED_EDGE('',*,*,#1054,.F.);
#841=ORIENTED_EDGE('',*,*,#1139,.F.);
#842=ORIENTED_EDGE('',*,*,#1105,.F.);
#843=ORIENTED_EDGE('',*,*,#1107,.F.);
#844=ORIENTED_EDGE('',*,*,#958,.F.);
#845=ORIENTED_EDGE('',*,*,#1167,.F.);
#846=ORIENTED_EDGE('',*,*,#1037,.F.);
#847=ORIENTED_EDGE('',*,*,#1167,.T.);
#848=ORIENTED_EDGE('',*,*,#957,.F.);
#849=ORIENTED_EDGE('',*,*,#1168,.F.);
#850=ORIENTED_EDGE('',*,*,#1040,.F.);
#851=ORIENTED_EDGE('',*,*,#1168,.T.);
#852=ORIENTED_EDGE('',*,*,#956,.F.);
#853=ORIENTED_EDGE('',*,*,#1169,.F.);
#854=ORIENTED_EDGE('',*,*,#1043,.F.);
#855=ORIENTED_EDGE('',*,*,#1169,.T.);
#856=ORIENTED_EDGE('',*,*,#955,.F.);
#857=ORIENTED_EDGE('',*,*,#1170,.F.);
#858=ORIENTED_EDGE('',*,*,#1046,.F.);
#859=ORIENTED_EDGE('',*,*,#1050,.F.);
#860=ORIENTED_EDGE('',*,*,#1141,.F.);
#861=ORIENTED_EDGE('',*,*,#1170,.T.);
#862=ORIENTED_EDGE('',*,*,#954,.F.);
#863=ORIENTED_EDGE('',*,*,#1171,.T.);
#864=ORIENTED_EDGE('',*,*,#988,.T.);
#865=ORIENTED_EDGE('',*,*,#1171,.F.);
#866=ORIENTED_EDGE('',*,*,#1149,.T.);
#867=ORIENTED_EDGE('',*,*,#1172,.F.);
#868=ORIENTED_EDGE('',*,*,#1148,.T.);
#869=ORIENTED_EDGE('',*,*,#986,.T.);
#870=ORIENTED_EDGE('',*,*,#1172,.T.);
#871=ORIENTED_EDGE('',*,*,#1125,.T.);
#872=ORIENTED_EDGE('',*,*,#1173,.F.);
#873=ORIENTED_EDGE('',*,*,#1174,.F.);
#874=ORIENTED_EDGE('',*,*,#1175,.T.);
#875=ORIENTED_EDGE('',*,*,#975,.T.);
#876=ORIENTED_EDGE('',*,*,#1129,.T.);
#877=ORIENTED_EDGE('',*,*,#1176,.F.);
#878=ORIENTED_EDGE('',*,*,#1177,.F.);
#879=ORIENTED_EDGE('',*,*,#1173,.T.);
#880=ORIENTED_EDGE('',*,*,#1128,.T.);
#881=ORIENTED_EDGE('',*,*,#979,.T.);
#882=ORIENTED_EDGE('',*,*,#1178,.F.);
#883=ORIENTED_EDGE('',*,*,#1179,.F.);
#884=ORIENTED_EDGE('',*,*,#1176,.T.);
#885=ORIENTED_EDGE('',*,*,#978,.T.);
#886=ORIENTED_EDGE('',*,*,#1180,.F.);
#887=ORIENTED_EDGE('',*,*,#1181,.F.);
#888=ORIENTED_EDGE('',*,*,#1178,.T.);
#889=ORIENTED_EDGE('',*,*,#977,.T.);
#890=ORIENTED_EDGE('',*,*,#1182,.F.);
#891=ORIENTED_EDGE('',*,*,#1183,.F.);
#892=ORIENTED_EDGE('',*,*,#1180,.T.);
#893=ORIENTED_EDGE('',*,*,#976,.T.);
#894=ORIENTED_EDGE('',*,*,#1175,.F.);
#895=ORIENTED_EDGE('',*,*,#1184,.F.);
#896=ORIENTED_EDGE('',*,*,#1182,.T.);
#897=ORIENTED_EDGE('',*,*,#940,.T.);
#898=ORIENTED_EDGE('',*,*,#1174,.T.);
#899=ORIENTED_EDGE('',*,*,#1177,.T.);
#900=ORIENTED_EDGE('',*,*,#1179,.T.);
#901=ORIENTED_EDGE('',*,*,#1181,.T.);
#902=ORIENTED_EDGE('',*,*,#1183,.T.);
#903=ORIENTED_EDGE('',*,*,#1184,.T.);
#904=ORIENTED_EDGE('',*,*,#1117,.T.);
#905=ORIENTED_EDGE('',*,*,#1185,.F.);
#906=ORIENTED_EDGE('',*,*,#1186,.F.);
#907=ORIENTED_EDGE('',*,*,#1187,.T.);
#908=ORIENTED_EDGE('',*,*,#1116,.T.);
#909=ORIENTED_EDGE('',*,*,#941,.T.);
#910=ORIENTED_EDGE('',*,*,#1188,.F.);
#911=ORIENTED_EDGE('',*,*,#1189,.F.);
#912=ORIENTED_EDGE('',*,*,#1185,.T.);
#913=ORIENTED_EDGE('',*,*,#950,.T.);
#914=ORIENTED_EDGE('',*,*,#1190,.F.);
#915=ORIENTED_EDGE('',*,*,#1191,.F.);
#916=ORIENTED_EDGE('',*,*,#1188,.T.);
#917=ORIENTED_EDGE('',*,*,#949,.T.);
#918=ORIENTED_EDGE('',*,*,#1192,.F.);
#919=ORIENTED_EDGE('',*,*,#1193,.F.);
#920=ORIENTED_EDGE('',*,*,#1190,.T.);
#921=ORIENTED_EDGE('',*,*,#948,.T.);
#922=ORIENTED_EDGE('',*,*,#1194,.F.);
#923=ORIENTED_EDGE('',*,*,#1195,.F.);
#924=ORIENTED_EDGE('',*,*,#1192,.T.);
#925=ORIENTED_EDGE('',*,*,#1118,.T.);
#926=ORIENTED_EDGE('',*,*,#1187,.F.);
#927=ORIENTED_EDGE('',*,*,#1196,.F.);
#928=ORIENTED_EDGE('',*,*,#1194,.T.);
#929=ORIENTED_EDGE('',*,*,#947,.T.);
#930=ORIENTED_EDGE('',*,*,#1186,.T.);
#931=ORIENTED_EDGE('',*,*,#1189,.T.);
#932=ORIENTED_EDGE('',*,*,#1191,.T.);
#933=ORIENTED_EDGE('',*,*,#1193,.T.);
#934=ORIENTED_EDGE('',*,*,#1195,.T.);
#935=ORIENTED_EDGE('',*,*,#1196,.T.);
#936=ORIENTED_EDGE('',*,*,#938,.T.);
#937=EDGE_CURVE('',#1197,#1197,#1372,.T.);
#938=EDGE_CURVE('',#1198,#1198,#1373,.T.);
#939=EDGE_CURVE('',#1199,#1199,#1374,.T.);
#940=EDGE_CURVE('',#1200,#1200,#1375,.T.);
#941=EDGE_CURVE('',#1201,#1202,#68,.T.);
#942=EDGE_CURVE('',#1201,#1203,#1376,.T.);
#943=EDGE_CURVE('',#1203,#1204,#69,.T.);
#944=EDGE_CURVE('',#1204,#1205,#1377,.T.);
#945=EDGE_CURVE('',#1205,#1206,#70,.F.);
#946=EDGE_CURVE('',#1206,#1207,#1378,.T.);
#947=EDGE_CURVE('',#1208,#1207,#71,.T.);
#948=EDGE_CURVE('',#1209,#1208,#72,.T.);
#949=EDGE_CURVE('',#1210,#1209,#73,.T.);
#950=EDGE_CURVE('',#1202,#1210,#74,.T.);
#951=EDGE_CURVE('',#1211,#1212,#75,.T.);
#952=EDGE_CURVE('',#1212,#1213,#1379,.T.);
#953=EDGE_CURVE('',#1213,#1214,#1380,.T.);
#954=EDGE_CURVE('',#1214,#1215,#1381,.T.);
#955=EDGE_CURVE('',#1215,#1216,#76,.T.);
#956=EDGE_CURVE('',#1216,#1217,#77,.T.);
#957=EDGE_CURVE('',#1217,#1218,#78,.T.);
#958=EDGE_CURVE('',#1218,#1219,#79,.T.);
#959=EDGE_CURVE('',#1219,#1220,#80,.T.);
#960=EDGE_CURVE('',#1220,#1221,#81,.T.);
#961=EDGE_CURVE('',#1221,#1222,#82,.T.);
#962=EDGE_CURVE('',#1222,#1223,#83,.T.);
#963=EDGE_CURVE('',#1223,#1224,#84,.T.);
#964=EDGE_CURVE('',#1224,#1225,#1382,.T.);
#965=EDGE_CURVE('',#1225,#1226,#1383,.T.);
#966=EDGE_CURVE('',#1226,#1211,#1384,.T.);
#967=EDGE_CURVE('',#1227,#1227,#1385,.T.);
#968=EDGE_CURVE('',#1228,#1228,#1386,.T.);
#969=EDGE_CURVE('',#1229,#1229,#1387,.T.);
#970=EDGE_CURVE('',#1230,#1230,#1388,.T.);
#971=EDGE_CURVE('',#1231,#1231,#1389,.T.);
#972=EDGE_CURVE('',#1232,#1232,#1390,.T.);
#973=EDGE_CURVE('',#1233,#1233,#1391,.T.);
#974=EDGE_CURVE('',#1234,#1234,#1392,.T.);
#975=EDGE_CURVE('',#1235,#1236,#85,.T.);
#976=EDGE_CURVE('',#1237,#1235,#86,.T.);
#977=EDGE_CURVE('',#1238,#1237,#87,.T.);
#978=EDGE_CURVE('',#1239,#1238,#88,.T.);
#979=EDGE_CURVE('',#1240,#1239,#89,.T.);
#980=EDGE_CURVE('',#1240,#1241,#1393,.T.);
#981=EDGE_CURVE('',#1241,#1242,#90,.F.);
#982=EDGE_CURVE('',#1242,#1243,#1394,.T.);
#983=EDGE_CURVE('',#1243,#1244,#91,.F.);
#984=EDGE_CURVE('',#1244,#1236,#1395,.T.);
#985=EDGE_CURVE('',#1245,#1245,#1396,.T.);
#986=EDGE_CURVE('',#1246,#1246,#1397,.T.);
#987=EDGE_CURVE('',#1247,#1247,#1398,.T.);
#988=EDGE_CURVE('',#1248,#1248,#1399,.F.);
#989=EDGE_CURVE('',#1249,#1250,#92,.T.);
#990=EDGE_CURVE('',#1250,#1251,#1400,.F.);
#991=EDGE_CURVE('',#1252,#1251,#93,.T.);
#992=EDGE_CURVE('',#1252,#1249,#1401,.T.);
#993=EDGE_CURVE('',#1251,#1253,#94,.F.);
#994=EDGE_CURVE('',#1254,#1253,#95,.T.);
#995=EDGE_CURVE('',#1254,#1252,#96,.T.);
#996=EDGE_CURVE('',#1253,#1255,#1402,.F.);
#997=EDGE_CURVE('',#1256,#1255,#97,.T.);
#998=EDGE_CURVE('',#1256,#1254,#1403,.T.);
#999=EDGE_CURVE('',#1257,#1258,#98,.T.);
#1000=EDGE_CURVE('',#1258,#1259,#1404,.F.);
#1001=EDGE_CURVE('',#1260,#1259,#99,.T.);
#1002=EDGE_CURVE('',#1260,#1257,#1405,.T.);
#1003=EDGE_CURVE('',#1259,#1261,#100,.T.);
#1004=EDGE_CURVE('',#1262,#1261,#101,.T.);
#1005=EDGE_CURVE('',#1262,#1260,#102,.F.);
#1006=EDGE_CURVE('',#1261,#1263,#1406,.F.);
#1007=EDGE_CURVE('',#1264,#1263,#103,.T.);
#1008=EDGE_CURVE('',#1264,#1262,#1407,.T.);
#1009=EDGE_CURVE('',#1265,#1266,#104,.F.);
#1010=EDGE_CURVE('',#1266,#1267,#40,.T.);
#1011=EDGE_CURVE('',#1267,#1268,#105,.T.);
#1012=EDGE_CURVE('',#1268,#1265,#106,.F.);
#1013=EDGE_CURVE('',#1269,#1270,#107,.F.);
#1014=EDGE_CURVE('',#1270,#1271,#1408,.F.);
#1015=EDGE_CURVE('',#1271,#1272,#108,.T.);
#1016=EDGE_CURVE('',#1272,#1226,#41,.T.);
#1017=EDGE_CURVE('',#1225,#1269,#42,.T.);
#1018=EDGE_CURVE('',#1273,#1273,#1409,.T.);
#1019=EDGE_CURVE('',#1274,#1275,#109,.T.);
#1020=EDGE_CURVE('',#1274,#1276,#110,.T.);
#1021=EDGE_CURVE('',#1276,#1277,#111,.F.);
#1022=EDGE_CURVE('',#1277,#1275,#112,.T.);
#1023=EDGE_CURVE('',#1278,#1279,#113,.T.);
#1024=EDGE_CURVE('',#1278,#1274,#114,.T.);
#1025=EDGE_CURVE('',#1275,#1279,#115,.T.);
#1026=EDGE_CURVE('',#1280,#1281,#116,.T.);
#1027=EDGE_CURVE('',#1280,#1278,#117,.T.);
#1028=EDGE_CURVE('',#1279,#1281,#118,.T.);
#1029=EDGE_CURVE('',#1282,#1283,#119,.F.);
#1030=EDGE_CURVE('',#1283,#1280,#120,.T.);
#1031=EDGE_CURVE('',#1281,#1284,#121,.T.);
#1032=EDGE_CURVE('',#1284,#1282,#122,.T.);
#1033=EDGE_CURVE('',#1285,#1286,#123,.T.);
#1034=EDGE_CURVE('',#1285,#1287,#124,.T.);
#1035=EDGE_CURVE('',#1287,#1288,#125,.F.);
#1036=EDGE_CURVE('',#1288,#1289,#126,.T.);
#1037=EDGE_CURVE('',#1289,#1286,#127,.T.);
#1038=EDGE_CURVE('',#1290,#1291,#128,.T.);
#1039=EDGE_CURVE('',#1290,#1285,#129,.T.);
#1040=EDGE_CURVE('',#1286,#1291,#130,.T.);
#1041=EDGE_CURVE('',#1292,#1293,#131,.T.);
#1042=EDGE_CURVE('',#1292,#1290,#132,.T.);
#1043=EDGE_CURVE('',#1291,#1293,#133,.T.);
#1044=EDGE_CURVE('',#1294,#1295,#134,.T.);
#1045=EDGE_CURVE('',#1295,#1292,#135,.T.);
#1046=EDGE_CURVE('',#1293,#1294,#136,.T.);
#1047=EDGE_CURVE('',#1296,#1297,#137,.F.);
#1048=EDGE_CURVE('',#1297,#1298,#1410,.F.);
#1049=EDGE_CURVE('',#1298,#1299,#138,.T.);
#1050=EDGE_CURVE('',#1299,#1214,#43,.T.);
#1051=EDGE_CURVE('',#1213,#1296,#44,.T.);
#1052=EDGE_CURVE('',#1300,#1300,#1411,.T.);
#1053=EDGE_CURVE('',#1301,#1302,#139,.T.);
#1054=EDGE_CURVE('',#1302,#1303,#140,.T.);
#1055=EDGE_CURVE('',#1303,#1304,#141,.F.);
#1056=EDGE_CURVE('',#1304,#1301,#142,.F.);
#1057=EDGE_CURVE('',#1305,#1305,#1412,.T.);
#1058=EDGE_CURVE('',#1306,#1306,#1413,.T.);
#1059=EDGE_CURVE('',#1255,#1250,#143,.T.);
#1060=EDGE_CURVE('',#1249,#1256,#144,.F.);
#1061=EDGE_CURVE('',#1307,#1307,#1414,.T.);
#1062=EDGE_CURVE('',#1308,#1308,#1415,.T.);
#1063=EDGE_CURVE('',#1309,#1309,#1416,.T.);
#1064=EDGE_CURVE('',#1310,#1310,#1417,.T.);
#1065=EDGE_CURVE('',#1311,#1311,#1418,.T.);
#1066=EDGE_CURVE('',#1312,#1312,#1419,.T.);
#1067=EDGE_CURVE('',#1263,#1258,#145,.T.);
#1068=EDGE_CURVE('',#1257,#1264,#146,.F.);
#1069=EDGE_CURVE('',#1313,#1313,#1420,.T.);
#1070=EDGE_CURVE('',#1314,#1314,#1421,.T.);
#1071=EDGE_CURVE('',#1315,#1315,#1422,.T.);
#1072=EDGE_CURVE('',#1316,#1316,#1423,.T.);
#1073=EDGE_CURVE('',#1317,#1317,#1424,.F.);
#1074=EDGE_CURVE('',#1318,#1318,#1425,.F.);
#1075=EDGE_CURVE('',#1319,#1319,#1426,.F.);
#1076=EDGE_CURVE('',#1320,#1320,#1427,.F.);
#1077=EDGE_CURVE('',#1321,#1321,#1428,.F.);
#1078=EDGE_CURVE('',#1322,#1322,#1429,.F.);
#1079=EDGE_CURVE('',#1323,#1323,#1430,.F.);
#1080=EDGE_CURVE('',#1324,#1324,#1431,.F.);
#1081=EDGE_CURVE('',#1325,#1326,#1432,.F.);
#1082=EDGE_CURVE('',#1326,#1327,#147,.F.);
#1083=EDGE_CURVE('',#1327,#1328,#1433,.F.);
#1084=EDGE_CURVE('',#1328,#1325,#148,.T.);
#1085=EDGE_CURVE('',#1329,#1330,#149,.T.);
#1086=EDGE_CURVE('',#1330,#1331,#1434,.F.);
#1087=EDGE_CURVE('',#1331,#1332,#150,.T.);
#1088=EDGE_CURVE('',#1332,#1329,#1435,.F.);
#1089=EDGE_CURVE('',#1333,#1334,#151,.T.);
#1090=EDGE_CURVE('',#1334,#1335,#1436,.F.);
#1091=EDGE_CURVE('',#1335,#1336,#1437,.T.);
#1092=EDGE_CURVE('',#1336,#1337,#1438,.F.);
#1093=EDGE_CURVE('',#1337,#1338,#152,.T.);
#1094=EDGE_CURVE('',#1338,#1339,#153,.T.);
#1095=EDGE_CURVE('',#1339,#1340,#154,.T.);
#1096=EDGE_CURVE('',#1340,#1341,#155,.T.);
#1097=EDGE_CURVE('',#1341,#1342,#156,.T.);
#1098=EDGE_CURVE('',#1342,#1343,#157,.T.);
#1099=EDGE_CURVE('',#1343,#1344,#158,.T.);
#1100=EDGE_CURVE('',#1344,#1345,#159,.T.);
#1101=EDGE_CURVE('',#1345,#1346,#160,.T.);
#1102=EDGE_CURVE('',#1346,#1347,#1439,.F.);
#1103=EDGE_CURVE('',#1347,#1348,#1440,.T.);
#1104=EDGE_CURVE('',#1348,#1349,#1441,.F.);
#1105=EDGE_CURVE('',#1349,#1333,#161,.T.);
#1106=EDGE_CURVE('',#1284,#1220,#162,.T.);
#1107=EDGE_CURVE('',#1219,#1289,#163,.F.);
#1108=EDGE_CURVE('',#1288,#1282,#164,.T.);
#1109=EDGE_CURVE('',#1304,#1350,#38,.T.);
#1110=EDGE_CURVE('',#1350,#1212,#45,.T.);
#1111=EDGE_CURVE('',#1211,#1351,#46,.T.);
#1112=EDGE_CURVE('',#1351,#1265,#39,.T.);
#1113=EDGE_CURVE('',#1268,#1301,#165,.F.);
#1114=EDGE_CURVE('',#1250,#1205,#1442,.T.);
#1115=EDGE_CURVE('',#1206,#1255,#47,.F.);
#1116=EDGE_CURVE('',#1352,#1201,#48,.T.);
#1117=EDGE_CURVE('',#1353,#1352,#49,.T.);
#1118=EDGE_CURVE('',#1207,#1353,#50,.T.);
#1119=EDGE_CURVE('',#1203,#1253,#51,.F.);
#1120=EDGE_CURVE('',#1251,#1204,#52,.T.);
#1121=EDGE_CURVE('',#1325,#1249,#1443,.T.);
#1122=EDGE_CURVE('',#1256,#1328,#53,.T.);
#1123=EDGE_CURVE('',#1254,#1327,#54,.T.);
#1124=EDGE_CURVE('',#1326,#1252,#55,.F.);
#1125=EDGE_CURVE('',#1236,#1354,#56,.T.);
#1126=EDGE_CURVE('',#1263,#1244,#57,.T.);
#1127=EDGE_CURVE('',#1241,#1261,#58,.F.);
#1128=EDGE_CURVE('',#1355,#1240,#59,.T.);
#1129=EDGE_CURVE('',#1354,#1355,#60,.T.);
#1130=EDGE_CURVE('',#1242,#1259,#61,.F.);
#1131=EDGE_CURVE('',#1258,#1243,#62,.T.);
#1132=EDGE_CURVE('',#1329,#1260,#63,.F.);
#1133=EDGE_CURVE('',#1257,#1332,#64,.T.);
#1134=EDGE_CURVE('',#1264,#1331,#65,.T.);
#1135=EDGE_CURVE('',#1330,#1262,#66,.F.);
#1136=EDGE_CURVE('',#1341,#1283,#166,.T.);
#1137=EDGE_CURVE('',#1287,#1342,#167,.F.);
#1138=EDGE_CURVE('',#1267,#1334,#67,.T.);
#1139=EDGE_CURVE('',#1333,#1302,#168,.T.);
#1140=EDGE_CURVE('',#1298,#1295,#1444,.T.);
#1141=EDGE_CURVE('',#1294,#1299,#1445,.F.);
#1142=EDGE_CURVE('',#1276,#1270,#1446,.T.);
#1143=EDGE_CURVE('',#1269,#1277,#1447,.F.);
#1144=EDGE_CURVE('',#1351,#1272,#1448,.F.);
#1145=EDGE_CURVE('',#1271,#1266,#1449,.T.);
#1146=EDGE_CURVE('',#1296,#1350,#1450,.F.);
#1147=EDGE_CURVE('',#1303,#1297,#1451,.T.);
#1148=EDGE_CURVE('',#1356,#1356,#1452,.T.);
#1149=EDGE_CURVE('',#1357,#1357,#1453,.T.);
#1150=EDGE_CURVE('',#1280,#1340,#169,.T.);
#1151=EDGE_CURVE('',#1278,#1339,#170,.T.);
#1152=EDGE_CURVE('',#1274,#1338,#171,.T.);
#1153=EDGE_CURVE('',#1276,#1337,#172,.T.);
#1154=EDGE_CURVE('',#1270,#1336,#173,.T.);
#1155=EDGE_CURVE('',#1271,#1335,#174,.T.);
#1156=EDGE_CURVE('',#1221,#1281,#175,.T.);
#1157=EDGE_CURVE('',#1222,#1279,#176,.T.);
#1158=EDGE_CURVE('',#1223,#1275,#177,.T.);
#1159=EDGE_CURVE('',#1224,#1277,#178,.T.);
#1160=EDGE_CURVE('',#1343,#1285,#179,.F.);
#1161=EDGE_CURVE('',#1344,#1290,#180,.F.);
#1162=EDGE_CURVE('',#1345,#1292,#181,.F.);
#1163=EDGE_CURVE('',#1346,#1295,#182,.T.);
#1164=EDGE_CURVE('',#1347,#1298,#183,.T.);
#1165=EDGE_CURVE('',#1348,#1297,#184,.T.);
#1166=EDGE_CURVE('',#1349,#1303,#185,.T.);
#1167=EDGE_CURVE('',#1286,#1218,#186,.F.);
#1168=EDGE_CURVE('',#1291,#1217,#187,.F.);
#1169=EDGE_CURVE('',#1293,#1216,#188,.F.);
#1170=EDGE_CURVE('',#1294,#1215,#189,.T.);
#1171=EDGE_CURVE('',#1358,#1358,#1454,.T.);
#1172=EDGE_CURVE('',#1359,#1359,#1455,.T.);
#1173=EDGE_CURVE('',#1360,#1354,#190,.T.);
#1174=EDGE_CURVE('',#1361,#1360,#191,.T.);
#1175=EDGE_CURVE('',#1361,#1235,#192,.T.);
#1176=EDGE_CURVE('',#1362,#1355,#193,.T.);
#1177=EDGE_CURVE('',#1360,#1362,#194,.T.);
#1178=EDGE_CURVE('',#1363,#1239,#195,.T.);
#1179=EDGE_CURVE('',#1362,#1363,#196,.T.);
#1180=EDGE_CURVE('',#1364,#1238,#197,.T.);
#1181=EDGE_CURVE('',#1363,#1364,#198,.T.);
#1182=EDGE_CURVE('',#1365,#1237,#199,.T.);
#1183=EDGE_CURVE('',#1364,#1365,#200,.T.);
#1184=EDGE_CURVE('',#1365,#1361,#201,.T.);
#1185=EDGE_CURVE('',#1366,#1352,#202,.T.);
#1186=EDGE_CURVE('',#1367,#1366,#203,.T.);
#1187=EDGE_CURVE('',#1367,#1353,#204,.T.);
#1188=EDGE_CURVE('',#1368,#1202,#205,.T.);
#1189=EDGE_CURVE('',#1366,#1368,#206,.T.);
#1190=EDGE_CURVE('',#1369,#1210,#207,.T.);
#1191=EDGE_CURVE('',#1368,#1369,#208,.T.);
#1192=EDGE_CURVE('',#1370,#1209,#209,.T.);
#1193=EDGE_CURVE('',#1369,#1370,#210,.T.);
#1194=EDGE_CURVE('',#1371,#1208,#211,.T.);
#1195=EDGE_CURVE('',#1370,#1371,#212,.T.);
#1196=EDGE_CURVE('',#1371,#1367,#213,.T.);
#1197=VERTEX_POINT('',#2730);
#1198=VERTEX_POINT('',#2732);
#1199=VERTEX_POINT('',#2735);
#1200=VERTEX_POINT('',#2737);
#1201=VERTEX_POINT('',#2740);
#1202=VERTEX_POINT('',#2741);
#1203=VERTEX_POINT('',#2743);
#1204=VERTEX_POINT('',#2745);
#1205=VERTEX_POINT('',#2747);
#1206=VERTEX_POINT('',#2749);
#1207=VERTEX_POINT('',#2751);
#1208=VERTEX_POINT('',#2753);
#1209=VERTEX_POINT('',#2755);
#1210=VERTEX_POINT('',#2757);
#1211=VERTEX_POINT('',#2760);
#1212=VERTEX_POINT('',#2761);
#1213=VERTEX_POINT('',#2763);
#1214=VERTEX_POINT('',#2765);
#1215=VERTEX_POINT('',#2767);
#1216=VERTEX_POINT('',#2769);
#1217=VERTEX_POINT('',#2771);
#1218=VERTEX_POINT('',#2773);
#1219=VERTEX_POINT('',#2775);
#1220=VERTEX_POINT('',#2777);
#1221=VERTEX_POINT('',#2779);
#1222=VERTEX_POINT('',#2781);
#1223=VERTEX_POINT('',#2783);
#1224=VERTEX_POINT('',#2785);
#1225=VERTEX_POINT('',#2787);
#1226=VERTEX_POINT('',#2789);
#1227=VERTEX_POINT('',#2792);
#1228=VERTEX_POINT('',#2794);
#1229=VERTEX_POINT('',#2796);
#1230=VERTEX_POINT('',#2798);
#1231=VERTEX_POINT('',#2800);
#1232=VERTEX_POINT('',#2802);
#1233=VERTEX_POINT('',#2804);
#1234=VERTEX_POINT('',#2806);
#1235=VERTEX_POINT('',#2808);
#1236=VERTEX_POINT('',#2809);
#1237=VERTEX_POINT('',#2811);
#1238=VERTEX_POINT('',#2813);
#1239=VERTEX_POINT('',#2815);
#1240=VERTEX_POINT('',#2817);
#1241=VERTEX_POINT('',#2819);
#1242=VERTEX_POINT('',#2821);
#1243=VERTEX_POINT('',#2823);
#1244=VERTEX_POINT('',#2825);
#1245=VERTEX_POINT('',#2829);
#1246=VERTEX_POINT('',#2831);
#1247=VERTEX_POINT('',#2834);
#1248=VERTEX_POINT('',#2836);
#1249=VERTEX_POINT('',#2839);
#1250=VERTEX_POINT('',#2840);
#1251=VERTEX_POINT('',#2842);
#1252=VERTEX_POINT('',#2844);
#1253=VERTEX_POINT('',#2848);
#1254=VERTEX_POINT('',#2850);
#1255=VERTEX_POINT('',#2854);
#1256=VERTEX_POINT('',#2856);
#1257=VERTEX_POINT('',#2860);
#1258=VERTEX_POINT('',#2861);
#1259=VERTEX_POINT('',#2863);
#1260=VERTEX_POINT('',#2865);
#1261=VERTEX_POINT('',#2869);
#1262=VERTEX_POINT('',#2871);
#1263=VERTEX_POINT('',#2875);
#1264=VERTEX_POINT('',#2877);
#1265=VERTEX_POINT('',#2881);
#1266=VERTEX_POINT('',#2882);
#1267=VERTEX_POINT('',#2887);
#1268=VERTEX_POINT('',#2889);
#1269=VERTEX_POINT('',#2893);
#1270=VERTEX_POINT('',#2894);
#1271=VERTEX_POINT('',#2896);
#1272=VERTEX_POINT('',#2898);
#1273=VERTEX_POINT('',#2908);
#1274=VERTEX_POINT('',#2911);
#1275=VERTEX_POINT('',#2912);
#1276=VERTEX_POINT('',#2914);
#1277=VERTEX_POINT('',#2916);
#1278=VERTEX_POINT('',#2920);
#1279=VERTEX_POINT('',#2921);
#1280=VERTEX_POINT('',#2926);
#1281=VERTEX_POINT('',#2927);
#1282=VERTEX_POINT('',#2932);
#1283=VERTEX_POINT('',#2933);
#1284=VERTEX_POINT('',#2936);
#1285=VERTEX_POINT('',#2940);
#1286=VERTEX_POINT('',#2941);
#1287=VERTEX_POINT('',#2943);
#1288=VERTEX_POINT('',#2945);
#1289=VERTEX_POINT('',#2947);
#1290=VERTEX_POINT('',#2951);
#1291=VERTEX_POINT('',#2952);
#1292=VERTEX_POINT('',#2957);
#1293=VERTEX_POINT('',#2958);
#1294=VERTEX_POINT('',#2963);
#1295=VERTEX_POINT('',#2964);
#1296=VERTEX_POINT('',#2969);
#1297=VERTEX_POINT('',#2970);
#1298=VERTEX_POINT('',#2972);
#1299=VERTEX_POINT('',#2974);
#1300=VERTEX_POINT('',#2984);
#1301=VERTEX_POINT('',#2987);
#1302=VERTEX_POINT('',#2988);
#1303=VERTEX_POINT('',#2990);
#1304=VERTEX_POINT('',#2992);
#1305=VERTEX_POINT('',#2996);
#1306=VERTEX_POINT('',#2999);
#1307=VERTEX_POINT('',#3005);
#1308=VERTEX_POINT('',#3008);
#1309=VERTEX_POINT('',#3011);
#1310=VERTEX_POINT('',#3014);
#1311=VERTEX_POINT('',#3017);
#1312=VERTEX_POINT('',#3019);
#1313=VERTEX_POINT('',#3025);
#1314=VERTEX_POINT('',#3028);
#1315=VERTEX_POINT('',#3031);
#1316=VERTEX_POINT('',#3033);
#1317=VERTEX_POINT('',#3036);
#1318=VERTEX_POINT('',#3038);
#1319=VERTEX_POINT('',#3040);
#1320=VERTEX_POINT('',#3042);
#1321=VERTEX_POINT('',#3044);
#1322=VERTEX_POINT('',#3046);
#1323=VERTEX_POINT('',#3048);
#1324=VERTEX_POINT('',#3050);
#1325=VERTEX_POINT('',#3052);
#1326=VERTEX_POINT('',#3053);
#1327=VERTEX_POINT('',#3055);
#1328=VERTEX_POINT('',#3057);
#1329=VERTEX_POINT('',#3060);
#1330=VERTEX_POINT('',#3061);
#1331=VERTEX_POINT('',#3063);
#1332=VERTEX_POINT('',#3065);
#1333=VERTEX_POINT('',#3068);
#1334=VERTEX_POINT('',#3069);
#1335=VERTEX_POINT('',#3071);
#1336=VERTEX_POINT('',#3073);
#1337=VERTEX_POINT('',#3075);
#1338=VERTEX_POINT('',#3077);
#1339=VERTEX_POINT('',#3079);
#1340=VERTEX_POINT('',#3081);
#1341=VERTEX_POINT('',#3083);
#1342=VERTEX_POINT('',#3085);
#1343=VERTEX_POINT('',#3087);
#1344=VERTEX_POINT('',#3089);
#1345=VERTEX_POINT('',#3091);
#1346=VERTEX_POINT('',#3093);
#1347=VERTEX_POINT('',#3095);
#1348=VERTEX_POINT('',#3097);
#1349=VERTEX_POINT('',#3099);
#1350=VERTEX_POINT('',#3107);
#1351=VERTEX_POINT('',#3116);
#1352=VERTEX_POINT('',#3131);
#1353=VERTEX_POINT('',#3137);
#1354=VERTEX_POINT('',#3179);
#1355=VERTEX_POINT('',#3194);
#1356=VERTEX_POINT('',#3268);
#1357=VERTEX_POINT('',#3272);
#1358=VERTEX_POINT('',#3324);
#1359=VERTEX_POINT('',#3328);
#1360=VERTEX_POINT('',#3332);
#1361=VERTEX_POINT('',#3334);
#1362=VERTEX_POINT('',#3338);
#1363=VERTEX_POINT('',#3342);
#1364=VERTEX_POINT('',#3346);
#1365=VERTEX_POINT('',#3350);
#1366=VERTEX_POINT('',#3357);
#1367=VERTEX_POINT('',#3359);
#1368=VERTEX_POINT('',#3363);
#1369=VERTEX_POINT('',#3367);
#1370=VERTEX_POINT('',#3371);
#1371=VERTEX_POINT('',#3375);
#1372=CIRCLE('',#1971,0.001625);
#1373=CIRCLE('',#1972,0.001625);
#1374=CIRCLE('',#1974,0.001625);
#1375=CIRCLE('',#1975,0.001625);
#1376=CIRCLE('',#1977,0.005);
#1377=CIRCLE('',#1978,0.00600000000000159);
#1378=CIRCLE('',#1979,0.005);
#1379=CIRCLE('',#1980,0.019);
#1380=CIRCLE('',#1981,0.0111);
#1381=CIRCLE('',#1982,0.019);
#1382=CIRCLE('',#1983,0.019);
#1383=CIRCLE('',#1984,0.0111);
#1384=CIRCLE('',#1985,0.019);
#1385=CIRCLE('',#1986,0.0016);
#1386=CIRCLE('',#1987,0.0016);
#1387=CIRCLE('',#1988,0.0016);
#1388=CIRCLE('',#1989,0.0016);
#1389=CIRCLE('',#1990,0.0016);
#1390=CIRCLE('',#1991,0.0016);
#1391=CIRCLE('',#1992,0.0016);
#1392=CIRCLE('',#1993,0.0016);
#1393=CIRCLE('',#1994,0.005);
#1394=CIRCLE('',#1995,0.00599999999999974);
#1395=CIRCLE('',#1996,0.005);
#1396=CIRCLE('',#1998,0.0016);
#1397=CIRCLE('',#1999,0.0016);
#1398=CIRCLE('',#2001,0.0016);
#1399=CIRCLE('',#2002,0.0016);
#1400=CIRCLE('',#2004,0.00450000000000159);
#1401=CIRCLE('',#2005,0.00450000000000159);
#1402=CIRCLE('',#2008,0.0035);
#1403=CIRCLE('',#2009,0.0035);
#1404=CIRCLE('',#2011,0.00449999999999974);
#1405=CIRCLE('',#2012,0.00449999999999974);
#1406=CIRCLE('',#2015,0.0035);
#1407=CIRCLE('',#2016,0.0035);
#1408=CIRCLE('',#2019,0.0111);
#1409=CIRCLE('',#2020,0.0111);
#1410=CIRCLE('',#2030,0.0111);
#1411=CIRCLE('',#2031,0.0111);
#1412=CIRCLE('',#2034,0.0016);
#1413=CIRCLE('',#2036,0.0016);
#1414=CIRCLE('',#2039,0.0016);
#1415=CIRCLE('',#2041,0.0016);
#1416=CIRCLE('',#2043,0.0016);
#1417=CIRCLE('',#2045,0.0016);
#1418=CIRCLE('',#2047,0.0035);
#1419=CIRCLE('',#2048,0.0035);
#1420=CIRCLE('',#2051,0.0016);
#1421=CIRCLE('',#2053,0.0016);
#1422=CIRCLE('',#2055,0.0035);
#1423=CIRCLE('',#2056,0.0035);
#1424=CIRCLE('',#2058,0.0026);
#1425=CIRCLE('',#2059,0.0026);
#1426=CIRCLE('',#2060,0.0026);
#1427=CIRCLE('',#2061,0.0026);
#1428=CIRCLE('',#2062,0.0026);
#1429=CIRCLE('',#2063,0.0026);
#1430=CIRCLE('',#2064,0.0026);
#1431=CIRCLE('',#2065,0.0026);
#1432=CIRCLE('',#2066,0.00600000000000159);
#1433=CIRCLE('',#2067,0.005);
#1434=CIRCLE('',#2068,0.005);
#1435=CIRCLE('',#2069,0.00599999999999974);
#1436=CIRCLE('',#2070,0.019);
#1437=CIRCLE('',#2071,0.0101);
#1438=CIRCLE('',#2072,0.019);
#1439=CIRCLE('',#2073,0.019);
#1440=CIRCLE('',#2074,0.0101);
#1441=CIRCLE('',#2075,0.019);
#1442=CIRCLE('',#2081,0.0015);
#1443=CIRCLE('',#2086,0.0015);
#1444=CIRCLE('',#2109,0.018);
#1445=CIRCLE('',#2110,0.018);
#1446=CIRCLE('',#2112,0.018);
#1447=CIRCLE('',#2113,0.018);
#1448=CIRCLE('',#2115,0.018);
#1449=CIRCLE('',#2116,0.018);
#1450=CIRCLE('',#2118,0.018);
#1451=CIRCLE('',#2119,0.018);
#1452=CIRCLE('',#2121,0.00515);
#1453=CIRCLE('',#2124,0.00515);
#1454=CIRCLE('',#2154,0.00515);
#1455=CIRCLE('',#2157,0.00515);
#1456=EDGE_LOOP('',(#417));
#1457=EDGE_LOOP('',(#418));
#1458=EDGE_LOOP('',(#419));
#1459=EDGE_LOOP('',(#420));
#1460=EDGE_LOOP('',(#421,#422,#423,#424,#425,#426,#427,#428,#429,#430));
#1461=EDGE_LOOP('',(#431,#432,#433,#434,#435,#436,#437,#438,#439,#440,#441,
#442,#443,#444,#445,#446));
#1462=EDGE_LOOP('',(#447));
#1463=EDGE_LOOP('',(#448));
#1464=EDGE_LOOP('',(#449));
#1465=EDGE_LOOP('',(#450));
#1466=EDGE_LOOP('',(#451));
#1467=EDGE_LOOP('',(#452));
#1468=EDGE_LOOP('',(#453));
#1469=EDGE_LOOP('',(#454));
#1470=EDGE_LOOP('',(#455,#456,#457,#458,#459,#460,#461,#462,#463,#464));
#1471=EDGE_LOOP('',(#465));
#1472=EDGE_LOOP('',(#466));
#1473=EDGE_LOOP('',(#467));
#1474=EDGE_LOOP('',(#468));
#1475=EDGE_LOOP('',(#469,#470,#471,#472));
#1476=EDGE_LOOP('',(#473,#474,#475,#476));
#1477=EDGE_LOOP('',(#477,#478,#479,#480));
#1478=EDGE_LOOP('',(#481,#482,#483,#484));
#1479=EDGE_LOOP('',(#485,#486,#487,#488));
#1480=EDGE_LOOP('',(#489,#490,#491,#492));
#1481=EDGE_LOOP('',(#493,#494,#495,#496));
#1482=EDGE_LOOP('',(#497,#498,#499,#500,#501,#502));
#1483=EDGE_LOOP('',(#503));
#1484=EDGE_LOOP('',(#504,#505,#506,#507));
#1485=EDGE_LOOP('',(#508,#509,#510,#511));
#1486=EDGE_LOOP('',(#512,#513,#514,#515));
#1487=EDGE_LOOP('',(#516,#517,#518,#519,#520));
#1488=EDGE_LOOP('',(#521,#522,#523,#524,#525));
#1489=EDGE_LOOP('',(#526,#527,#528,#529));
#1490=EDGE_LOOP('',(#530,#531,#532,#533));
#1491=EDGE_LOOP('',(#534,#535,#536,#537));
#1492=EDGE_LOOP('',(#538,#539,#540,#541,#542,#543));
#1493=EDGE_LOOP('',(#544));
#1494=EDGE_LOOP('',(#545,#546,#547,#548));
#1495=EDGE_LOOP('',(#549));
#1496=EDGE_LOOP('',(#550));
#1497=EDGE_LOOP('',(#551));
#1498=EDGE_LOOP('',(#552));
#1499=EDGE_LOOP('',(#553,#554,#555,#556));
#1500=EDGE_LOOP('',(#557));
#1501=EDGE_LOOP('',(#558));
#1502=EDGE_LOOP('',(#559));
#1503=EDGE_LOOP('',(#560));
#1504=EDGE_LOOP('',(#561));
#1505=EDGE_LOOP('',(#562));
#1506=EDGE_LOOP('',(#563));
#1507=EDGE_LOOP('',(#564));
#1508=EDGE_LOOP('',(#565));
#1509=EDGE_LOOP('',(#566));
#1510=EDGE_LOOP('',(#567,#568,#569,#570));
#1511=EDGE_LOOP('',(#571));
#1512=EDGE_LOOP('',(#572));
#1513=EDGE_LOOP('',(#573));
#1514=EDGE_LOOP('',(#574));
#1515=EDGE_LOOP('',(#575));
#1516=EDGE_LOOP('',(#576));
#1517=EDGE_LOOP('',(#577));
#1518=EDGE_LOOP('',(#578));
#1519=EDGE_LOOP('',(#579));
#1520=EDGE_LOOP('',(#580));
#1521=EDGE_LOOP('',(#581));
#1522=EDGE_LOOP('',(#582));
#1523=EDGE_LOOP('',(#583));
#1524=EDGE_LOOP('',(#584));
#1525=EDGE_LOOP('',(#585,#586,#587,#588));
#1526=EDGE_LOOP('',(#589,#590,#591,#592));
#1527=EDGE_LOOP('',(#593,#594,#595,#596,#597,#598,#599,#600,#601,#602,#603,
#604,#605,#606,#607,#608,#609));
#1528=EDGE_LOOP('',(#610));
#1529=EDGE_LOOP('',(#611));
#1530=EDGE_LOOP('',(#612));
#1531=EDGE_LOOP('',(#613));
#1532=EDGE_LOOP('',(#614,#615,#616,#617,#618,#619));
#1533=EDGE_LOOP('',(#620,#621,#622,#623,#624,#625,#626,#627));
#1534=EDGE_LOOP('',(#628,#629,#630,#631));
#1535=EDGE_LOOP('',(#632,#633,#634,#635,#636,#637,#638,#639));
#1536=EDGE_LOOP('',(#640,#641,#642,#643));
#1537=EDGE_LOOP('',(#644,#645,#646,#647));
#1538=EDGE_LOOP('',(#648,#649,#650,#651));
#1539=EDGE_LOOP('',(#652,#653,#654,#655));
#1540=EDGE_LOOP('',(#656,#657,#658,#659));
#1541=EDGE_LOOP('',(#660,#661,#662,#663));
#1542=EDGE_LOOP('',(#664,#665,#666,#667,#668,#669,#670,#671));
#1543=EDGE_LOOP('',(#672,#673,#674,#675));
#1544=EDGE_LOOP('',(#676,#677,#678,#679));
#1545=EDGE_LOOP('',(#680,#681,#682,#683));
#1546=EDGE_LOOP('',(#684,#685,#686,#687));
#1547=EDGE_LOOP('',(#688,#689,#690,#691));
#1548=EDGE_LOOP('',(#692,#693,#694,#695));
#1549=EDGE_LOOP('',(#696,#697,#698,#699));
#1550=EDGE_LOOP('',(#700,#701,#702,#703,#704,#705));
#1551=EDGE_LOOP('',(#706,#707,#708,#709,#710,#711));
#1552=EDGE_LOOP('',(#712));
#1553=EDGE_LOOP('',(#713));
#1554=EDGE_LOOP('',(#714));
#1555=EDGE_LOOP('',(#715));
#1556=EDGE_LOOP('',(#716));
#1557=EDGE_LOOP('',(#717));
#1558=EDGE_LOOP('',(#718));
#1559=EDGE_LOOP('',(#719));
#1560=EDGE_LOOP('',(#720));
#1561=EDGE_LOOP('',(#721));
#1562=EDGE_LOOP('',(#722));
#1563=EDGE_LOOP('',(#723));
#1564=EDGE_LOOP('',(#724));
#1565=EDGE_LOOP('',(#725));
#1566=EDGE_LOOP('',(#726));
#1567=EDGE_LOOP('',(#727));
#1568=EDGE_LOOP('',(#728,#729,#730,#731));
#1569=EDGE_LOOP('',(#732,#733,#734,#735));
#1570=EDGE_LOOP('',(#736,#737,#738,#739,#740));
#1571=EDGE_LOOP('',(#741,#742,#743,#744,#745));
#1572=EDGE_LOOP('',(#746));
#1573=EDGE_LOOP('',(#747));
#1574=EDGE_LOOP('',(#748));
#1575=EDGE_LOOP('',(#749));
#1576=EDGE_LOOP('',(#750));
#1577=EDGE_LOOP('',(#751));
#1578=EDGE_LOOP('',(#752));
#1579=EDGE_LOOP('',(#753));
#1580=EDGE_LOOP('',(#754,#755,#756,#757));
#1581=EDGE_LOOP('',(#758,#759,#760,#761));
#1582=EDGE_LOOP('',(#762,#763,#764,#765));
#1583=EDGE_LOOP('',(#766,#767,#768,#769));
#1584=EDGE_LOOP('',(#770,#771,#772,#773));
#1585=EDGE_LOOP('',(#774,#775,#776,#777));
#1586=EDGE_LOOP('',(#778,#779,#780,#781));
#1587=EDGE_LOOP('',(#782,#783,#784,#785));
#1588=EDGE_LOOP('',(#786,#787,#788,#789,#790));
#1589=EDGE_LOOP('',(#791,#792,#793,#794));
#1590=EDGE_LOOP('',(#795,#796,#797,#798));
#1591=EDGE_LOOP('',(#799,#800,#801,#802));
#1592=EDGE_LOOP('',(#803,#804,#805,#806));
#1593=EDGE_LOOP('',(#807,#808,#809,#810));
#1594=EDGE_LOOP('',(#811,#812,#813,#814));
#1595=EDGE_LOOP('',(#815,#816,#817,#818));
#1596=EDGE_LOOP('',(#819,#820,#821,#822));
#1597=EDGE_LOOP('',(#823,#824,#825,#826));
#1598=EDGE_LOOP('',(#827,#828,#829,#830));
#1599=EDGE_LOOP('',(#831,#832,#833,#834));
#1600=EDGE_LOOP('',(#835,#836,#837,#838));
#1601=EDGE_LOOP('',(#839,#840,#841,#842));
#1602=EDGE_LOOP('',(#843,#844,#845,#846));
#1603=EDGE_LOOP('',(#847,#848,#849,#850));
#1604=EDGE_LOOP('',(#851,#852,#853,#854));
#1605=EDGE_LOOP('',(#855,#856,#857,#858));
#1606=EDGE_LOOP('',(#859,#860,#861,#862));
#1607=EDGE_LOOP('',(#863));
#1608=EDGE_LOOP('',(#864));
#1609=EDGE_LOOP('',(#865));
#1610=EDGE_LOOP('',(#866));
#1611=EDGE_LOOP('',(#867));
#1612=EDGE_LOOP('',(#868));
#1613=EDGE_LOOP('',(#869));
#1614=EDGE_LOOP('',(#870));
#1615=EDGE_LOOP('',(#871,#872,#873,#874,#875));
#1616=EDGE_LOOP('',(#876,#877,#878,#879));
#1617=EDGE_LOOP('',(#880,#881,#882,#883,#884));
#1618=EDGE_LOOP('',(#885,#886,#887,#888));
#1619=EDGE_LOOP('',(#889,#890,#891,#892));
#1620=EDGE_LOOP('',(#893,#894,#895,#896));
#1621=EDGE_LOOP('',(#897));
#1622=EDGE_LOOP('',(#898,#899,#900,#901,#902,#903));
#1623=EDGE_LOOP('',(#904,#905,#906,#907));
#1624=EDGE_LOOP('',(#908,#909,#910,#911,#912));
#1625=EDGE_LOOP('',(#913,#914,#915,#916));
#1626=EDGE_LOOP('',(#917,#918,#919,#920));
#1627=EDGE_LOOP('',(#921,#922,#923,#924));
#1628=EDGE_LOOP('',(#925,#926,#927,#928,#929));
#1629=EDGE_LOOP('',(#930,#931,#932,#933,#934,#935));
#1630=EDGE_LOOP('',(#936));
#1631=FACE_BOUND('',#1456,.T.);
#1632=FACE_BOUND('',#1457,.T.);
#1633=FACE_BOUND('',#1458,.T.);
#1634=FACE_BOUND('',#1459,.T.);
#1635=FACE_BOUND('',#1460,.T.);
#1636=FACE_BOUND('',#1461,.T.);
#1637=FACE_BOUND('',#1462,.T.);
#1638=FACE_BOUND('',#1463,.T.);
#1639=FACE_BOUND('',#1464,.T.);
#1640=FACE_BOUND('',#1465,.T.);
#1641=FACE_BOUND('',#1466,.T.);
#1642=FACE_BOUND('',#1467,.T.);
#1643=FACE_BOUND('',#1468,.T.);
#1644=FACE_BOUND('',#1469,.T.);
#1645=FACE_BOUND('',#1470,.T.);
#1646=FACE_BOUND('',#1471,.T.);
#1647=FACE_BOUND('',#1472,.T.);
#1648=FACE_BOUND('',#1473,.T.);
#1649=FACE_BOUND('',#1474,.T.);
#1650=FACE_BOUND('',#1475,.T.);
#1651=FACE_BOUND('',#1476,.T.);
#1652=FACE_BOUND('',#1477,.T.);
#1653=FACE_BOUND('',#1478,.T.);
#1654=FACE_BOUND('',#1479,.T.);
#1655=FACE_BOUND('',#1480,.T.);
#1656=FACE_BOUND('',#1481,.T.);
#1657=FACE_BOUND('',#1482,.T.);
#1658=FACE_BOUND('',#1483,.T.);
#1659=FACE_BOUND('',#1484,.T.);
#1660=FACE_BOUND('',#1485,.T.);
#1661=FACE_BOUND('',#1486,.T.);
#1662=FACE_BOUND('',#1487,.T.);
#1663=FACE_BOUND('',#1488,.T.);
#1664=FACE_BOUND('',#1489,.T.);
#1665=FACE_BOUND('',#1490,.T.);
#1666=FACE_BOUND('',#1491,.T.);
#1667=FACE_BOUND('',#1492,.T.);
#1668=FACE_BOUND('',#1493,.T.);
#1669=FACE_BOUND('',#1494,.T.);
#1670=FACE_BOUND('',#1495,.T.);
#1671=FACE_BOUND('',#1496,.T.);
#1672=FACE_BOUND('',#1497,.T.);
#1673=FACE_BOUND('',#1498,.T.);
#1674=FACE_BOUND('',#1499,.T.);
#1675=FACE_BOUND('',#1500,.T.);
#1676=FACE_BOUND('',#1501,.T.);
#1677=FACE_BOUND('',#1502,.T.);
#1678=FACE_BOUND('',#1503,.T.);
#1679=FACE_BOUND('',#1504,.T.);
#1680=FACE_BOUND('',#1505,.T.);
#1681=FACE_BOUND('',#1506,.T.);
#1682=FACE_BOUND('',#1507,.T.);
#1683=FACE_BOUND('',#1508,.T.);
#1684=FACE_BOUND('',#1509,.T.);
#1685=FACE_BOUND('',#1510,.T.);
#1686=FACE_BOUND('',#1511,.T.);
#1687=FACE_BOUND('',#1512,.T.);
#1688=FACE_BOUND('',#1513,.T.);
#1689=FACE_BOUND('',#1514,.T.);
#1690=FACE_BOUND('',#1515,.T.);
#1691=FACE_BOUND('',#1516,.T.);
#1692=FACE_BOUND('',#1517,.T.);
#1693=FACE_BOUND('',#1518,.T.);
#1694=FACE_BOUND('',#1519,.T.);
#1695=FACE_BOUND('',#1520,.T.);
#1696=FACE_BOUND('',#1521,.T.);
#1697=FACE_BOUND('',#1522,.T.);
#1698=FACE_BOUND('',#1523,.T.);
#1699=FACE_BOUND('',#1524,.T.);
#1700=FACE_BOUND('',#1525,.T.);
#1701=FACE_BOUND('',#1526,.T.);
#1702=FACE_BOUND('',#1527,.T.);
#1703=FACE_BOUND('',#1528,.T.);
#1704=FACE_BOUND('',#1529,.T.);
#1705=FACE_BOUND('',#1530,.T.);
#1706=FACE_BOUND('',#1531,.T.);
#1707=FACE_BOUND('',#1532,.T.);
#1708=FACE_BOUND('',#1533,.T.);
#1709=FACE_BOUND('',#1534,.T.);
#1710=FACE_BOUND('',#1535,.T.);
#1711=FACE_BOUND('',#1536,.T.);
#1712=FACE_BOUND('',#1537,.T.);
#1713=FACE_BOUND('',#1538,.T.);
#1714=FACE_BOUND('',#1539,.T.);
#1715=FACE_BOUND('',#1540,.T.);
#1716=FACE_BOUND('',#1541,.T.);
#1717=FACE_BOUND('',#1542,.T.);
#1718=FACE_BOUND('',#1543,.T.);
#1719=FACE_BOUND('',#1544,.T.);
#1720=FACE_BOUND('',#1545,.T.);
#1721=FACE_BOUND('',#1546,.T.);
#1722=FACE_BOUND('',#1547,.T.);
#1723=FACE_BOUND('',#1548,.T.);
#1724=FACE_BOUND('',#1549,.T.);
#1725=FACE_BOUND('',#1550,.T.);
#1726=FACE_BOUND('',#1551,.T.);
#1727=FACE_BOUND('',#1552,.T.);
#1728=FACE_BOUND('',#1553,.T.);
#1729=FACE_BOUND('',#1554,.T.);
#1730=FACE_BOUND('',#1555,.T.);
#1731=FACE_BOUND('',#1556,.T.);
#1732=FACE_BOUND('',#1557,.T.);
#1733=FACE_BOUND('',#1558,.T.);
#1734=FACE_BOUND('',#1559,.T.);
#1735=FACE_BOUND('',#1560,.T.);
#1736=FACE_BOUND('',#1561,.T.);
#1737=FACE_BOUND('',#1562,.T.);
#1738=FACE_BOUND('',#1563,.T.);
#1739=FACE_BOUND('',#1564,.T.);
#1740=FACE_BOUND('',#1565,.T.);
#1741=FACE_BOUND('',#1566,.T.);
#1742=FACE_BOUND('',#1567,.T.);
#1743=FACE_BOUND('',#1568,.T.);
#1744=FACE_BOUND('',#1569,.T.);
#1745=FACE_BOUND('',#1570,.T.);
#1746=FACE_BOUND('',#1571,.T.);
#1747=FACE_BOUND('',#1572,.T.);
#1748=FACE_BOUND('',#1573,.T.);
#1749=FACE_BOUND('',#1574,.T.);
#1750=FACE_BOUND('',#1575,.T.);
#1751=FACE_BOUND('',#1576,.T.);
#1752=FACE_BOUND('',#1577,.T.);
#1753=FACE_BOUND('',#1578,.T.);
#1754=FACE_BOUND('',#1579,.T.);
#1755=FACE_BOUND('',#1580,.T.);
#1756=FACE_BOUND('',#1581,.T.);
#1757=FACE_BOUND('',#1582,.T.);
#1758=FACE_BOUND('',#1583,.T.);
#1759=FACE_BOUND('',#1584,.T.);
#1760=FACE_BOUND('',#1585,.T.);
#1761=FACE_BOUND('',#1586,.T.);
#1762=FACE_BOUND('',#1587,.T.);
#1763=FACE_BOUND('',#1588,.T.);
#1764=FACE_BOUND('',#1589,.T.);
#1765=FACE_BOUND('',#1590,.T.);
#1766=FACE_BOUND('',#1591,.T.);
#1767=FACE_BOUND('',#1592,.T.);
#1768=FACE_BOUND('',#1593,.T.);
#1769=FACE_BOUND('',#1594,.T.);
#1770=FACE_BOUND('',#1595,.T.);
#1771=FACE_BOUND('',#1596,.T.);
#1772=FACE_BOUND('',#1597,.T.);
#1773=FACE_BOUND('',#1598,.T.);
#1774=FACE_BOUND('',#1599,.T.);
#1775=FACE_BOUND('',#1600,.T.);
#1776=FACE_BOUND('',#1601,.T.);
#1777=FACE_BOUND('',#1602,.T.);
#1778=FACE_BOUND('',#1603,.T.);
#1779=FACE_BOUND('',#1604,.T.);
#1780=FACE_BOUND('',#1605,.T.);
#1781=FACE_BOUND('',#1606,.T.);
#1782=FACE_BOUND('',#1607,.T.);
#1783=FACE_BOUND('',#1608,.T.);
#1784=FACE_BOUND('',#1609,.T.);
#1785=FACE_BOUND('',#1610,.T.);
#1786=FACE_BOUND('',#1611,.T.);
#1787=FACE_BOUND('',#1612,.T.);
#1788=FACE_BOUND('',#1613,.T.);
#1789=FACE_BOUND('',#1614,.T.);
#1790=FACE_BOUND('',#1615,.T.);
#1791=FACE_BOUND('',#1616,.T.);
#1792=FACE_BOUND('',#1617,.T.);
#1793=FACE_BOUND('',#1618,.T.);
#1794=FACE_BOUND('',#1619,.T.);
#1795=FACE_BOUND('',#1620,.T.);
#1796=FACE_BOUND('',#1621,.T.);
#1797=FACE_BOUND('',#1622,.T.);
#1798=FACE_BOUND('',#1623,.T.);
#1799=FACE_BOUND('',#1624,.T.);
#1800=FACE_BOUND('',#1625,.T.);
#1801=FACE_BOUND('',#1626,.T.);
#1802=FACE_BOUND('',#1627,.T.);
#1803=FACE_BOUND('',#1628,.T.);
#1804=FACE_BOUND('',#1629,.T.);
#1805=FACE_BOUND('',#1630,.T.);
#1806=CYLINDRICAL_SURFACE('',#1970,0.001625);
#1807=CYLINDRICAL_SURFACE('',#1973,0.001625);
#1808=CYLINDRICAL_SURFACE('',#1997,0.0016);
#1809=CYLINDRICAL_SURFACE('',#2000,0.0016);
#1810=CYLINDRICAL_SURFACE('',#2003,0.00450000000000159);
#1811=CYLINDRICAL_SURFACE('',#2007,0.0035);
#1812=CYLINDRICAL_SURFACE('',#2010,0.00449999999999974);
#1813=CYLINDRICAL_SURFACE('',#2014,0.0035);
#1814=CYLINDRICAL_SURFACE('',#2018,0.0111);
#1815=CYLINDRICAL_SURFACE('',#2029,0.0111);
#1816=CYLINDRICAL_SURFACE('',#2033,0.0016);
#1817=CYLINDRICAL_SURFACE('',#2035,0.0016);
#1818=CYLINDRICAL_SURFACE('',#2038,0.0016);
#1819=CYLINDRICAL_SURFACE('',#2040,0.0016);
#1820=CYLINDRICAL_SURFACE('',#2042,0.0016);
#1821=CYLINDRICAL_SURFACE('',#2044,0.0016);
#1822=CYLINDRICAL_SURFACE('',#2046,0.0035);
#1823=CYLINDRICAL_SURFACE('',#2050,0.0016);
#1824=CYLINDRICAL_SURFACE('',#2052,0.0016);
#1825=CYLINDRICAL_SURFACE('',#2054,0.0035);
#1826=CYLINDRICAL_SURFACE('',#2080,0.0015);
#1827=CYLINDRICAL_SURFACE('',#2084,0.0015);
#1828=CYLINDRICAL_SURFACE('',#2085,0.0015);
#1829=CYLINDRICAL_SURFACE('',#2089,0.0015);
#1830=CYLINDRICAL_SURFACE('',#2091,0.0015);
#1831=CYLINDRICAL_SURFACE('',#2092,0.0015);
#1832=CYLINDRICAL_SURFACE('',#2095,0.0015);
#1833=CYLINDRICAL_SURFACE('',#2096,0.0015);
#1834=CYLINDRICAL_SURFACE('',#2108,0.018);
#1835=CYLINDRICAL_SURFACE('',#2111,0.018);
#1836=CYLINDRICAL_SURFACE('',#2114,0.018);
#1837=CYLINDRICAL_SURFACE('',#2117,0.018);
#1838=CYLINDRICAL_SURFACE('',#2155,0.00515);
#1839=CYLINDRICAL_SURFACE('',#2156,0.00515);
#1840=ADVANCED_FACE('',(#1631,#1632),#1806,.F.);
#1841=ADVANCED_FACE('',(#1633,#1634),#1807,.F.);
#1842=ADVANCED_FACE('',(#1635,#1636,#1637,#1638,#1639,#1640,#1641,#1642,
#1643,#1644,#1645),#360,.F.);
#1843=ADVANCED_FACE('',(#1646,#1647),#1808,.F.);
#1844=ADVANCED_FACE('',(#1648,#1649),#1809,.F.);
#1845=ADVANCED_FACE('',(#1650),#1810,.F.);
#1846=ADVANCED_FACE('',(#1651),#361,.T.);
#1847=ADVANCED_FACE('',(#1652),#1811,.F.);
#1848=ADVANCED_FACE('',(#1653),#1812,.F.);
#1849=ADVANCED_FACE('',(#1654),#362,.F.);
#1850=ADVANCED_FACE('',(#1655),#1813,.F.);
#1851=ADVANCED_FACE('',(#1656),#363,.T.);
#1852=ADVANCED_FACE('',(#1657,#1658),#1814,.T.);
#1853=ADVANCED_FACE('',(#1659),#364,.F.);
#1854=ADVANCED_FACE('',(#1660),#365,.T.);
#1855=ADVANCED_FACE('',(#1661),#366,.F.);
#1856=ADVANCED_FACE('',(#1662),#367,.T.);
#1857=ADVANCED_FACE('',(#1663),#368,.F.);
#1858=ADVANCED_FACE('',(#1664),#369,.F.);
#1859=ADVANCED_FACE('',(#1665),#370,.F.);
#1860=ADVANCED_FACE('',(#1666),#371,.F.);
#1861=ADVANCED_FACE('',(#1667,#1668),#1815,.T.);
#1862=ADVANCED_FACE('',(#1669),#372,.F.);
#1863=ADVANCED_FACE('',(#1670,#1671),#1816,.F.);
#1864=ADVANCED_FACE('',(#1672,#1673),#1817,.F.);
#1865=ADVANCED_FACE('',(#1674),#373,.F.);
#1866=ADVANCED_FACE('',(#1675,#1676),#1818,.F.);
#1867=ADVANCED_FACE('',(#1677,#1678),#1819,.F.);
#1868=ADVANCED_FACE('',(#1679,#1680),#1820,.F.);
#1869=ADVANCED_FACE('',(#1681,#1682),#1821,.F.);
#1870=ADVANCED_FACE('',(#1683,#1684),#1822,.F.);
#1871=ADVANCED_FACE('',(#1685),#374,.F.);
#1872=ADVANCED_FACE('',(#1686,#1687),#1823,.F.);
#1873=ADVANCED_FACE('',(#1688,#1689),#1824,.F.);
#1874=ADVANCED_FACE('',(#1690,#1691),#1825,.F.);
#1875=ADVANCED_FACE('',(#1692,#1693,#1694,#1695,#1696,#1697,#1698,#1699,
#1700,#1701,#1702,#1703,#1704,#1705,#1706),#375,.T.);
#1876=ADVANCED_FACE('',(#1707),#376,.T.);
#1877=ADVANCED_FACE('',(#1708),#377,.F.);
#1878=ADVANCED_FACE('',(#1709),#1826,.T.);
#1879=ADVANCED_FACE('',(#1710),#30,.T.);
#1880=ADVANCED_FACE('',(#1711),#31,.T.);
#1881=ADVANCED_FACE('',(#1712),#1827,.T.);
#1882=ADVANCED_FACE('',(#1713),#1828,.T.);
#1883=ADVANCED_FACE('',(#1714),#32,.T.);
#1884=ADVANCED_FACE('',(#1715),#33,.T.);
#1885=ADVANCED_FACE('',(#1716),#1829,.T.);
#1886=ADVANCED_FACE('',(#1717),#34,.T.);
#1887=ADVANCED_FACE('',(#1718),#1830,.T.);
#1888=ADVANCED_FACE('',(#1719),#1831,.T.);
#1889=ADVANCED_FACE('',(#1720),#35,.T.);
#1890=ADVANCED_FACE('',(#1721),#36,.T.);
#1891=ADVANCED_FACE('',(#1722),#1832,.T.);
#1892=ADVANCED_FACE('',(#1723),#1833,.T.);
#1893=ADVANCED_FACE('',(#1724),#37,.T.);
#1894=ADVANCED_FACE('',(#1725),#378,.F.);
#1895=ADVANCED_FACE('',(#1726),#379,.T.);
#1896=ADVANCED_FACE('',(#1727,#1728),#12,.F.);
#1897=ADVANCED_FACE('',(#1729,#1730),#13,.F.);
#1898=ADVANCED_FACE('',(#1731,#1732),#14,.F.);
#1899=ADVANCED_FACE('',(#1733,#1734),#15,.F.);
#1900=ADVANCED_FACE('',(#1735,#1736),#16,.F.);
#1901=ADVANCED_FACE('',(#1737,#1738),#17,.F.);
#1902=ADVANCED_FACE('',(#1739,#1740),#18,.F.);
#1903=ADVANCED_FACE('',(#1741,#1742),#19,.F.);
#1904=ADVANCED_FACE('',(#1743),#1834,.F.);
#1905=ADVANCED_FACE('',(#1744),#1835,.F.);
#1906=ADVANCED_FACE('',(#1745),#1836,.F.);
#1907=ADVANCED_FACE('',(#1746),#1837,.F.);
#1908=ADVANCED_FACE('',(#1747,#1748),#380,.F.);
#1909=ADVANCED_FACE('',(#1749,#1750),#381,.T.);
#1910=ADVANCED_FACE('',(#1751,#1752),#382,.F.);
#1911=ADVANCED_FACE('',(#1753,#1754),#383,.T.);
#1912=ADVANCED_FACE('',(#1755),#20,.F.);
#1913=ADVANCED_FACE('',(#1756),#21,.F.);
#1914=ADVANCED_FACE('',(#1757),#384,.F.);
#1915=ADVANCED_FACE('',(#1758),#385,.T.);
#1916=ADVANCED_FACE('',(#1759),#386,.F.);
#1917=ADVANCED_FACE('',(#1760),#387,.T.);
#1918=ADVANCED_FACE('',(#1761),#22,.F.);
#1919=ADVANCED_FACE('',(#1762),#23,.T.);
#1920=ADVANCED_FACE('',(#1763),#24,.F.);
#1921=ADVANCED_FACE('',(#1764),#388,.T.);
#1922=ADVANCED_FACE('',(#1765),#389,.F.);
#1923=ADVANCED_FACE('',(#1766),#390,.T.);
#1924=ADVANCED_FACE('',(#1767),#391,.F.);
#1925=ADVANCED_FACE('',(#1768),#25,.F.);
#1926=ADVANCED_FACE('',(#1769),#392,.T.);
#1927=ADVANCED_FACE('',(#1770),#393,.T.);
#1928=ADVANCED_FACE('',(#1771),#394,.T.);
#1929=ADVANCED_FACE('',(#1772),#395,.T.);
#1930=ADVANCED_FACE('',(#1773),#26,.F.);
#1931=ADVANCED_FACE('',(#1774),#27,.T.);
#1932=ADVANCED_FACE('',(#1775),#28,.F.);
#1933=ADVANCED_FACE('',(#1776),#396,.T.);
#1934=ADVANCED_FACE('',(#1777),#397,.F.);
#1935=ADVANCED_FACE('',(#1778),#398,.F.);
#1936=ADVANCED_FACE('',(#1779),#399,.F.);
#1937=ADVANCED_FACE('',(#1780),#400,.F.);
#1938=ADVANCED_FACE('',(#1781),#29,.F.);
#1939=ADVANCED_FACE('',(#1782,#1783),#401,.T.);
#1940=ADVANCED_FACE('',(#1784,#1785),#1838,.F.);
#1941=ADVANCED_FACE('',(#1786,#1787),#1839,.F.);
#1942=ADVANCED_FACE('',(#1788,#1789),#402,.T.);
#1943=ADVANCED_FACE('',(#1790),#403,.F.);
#1944=ADVANCED_FACE('',(#1791),#404,.F.);
#1945=ADVANCED_FACE('',(#1792),#405,.F.);
#1946=ADVANCED_FACE('',(#1793),#406,.F.);
#1947=ADVANCED_FACE('',(#1794),#407,.F.);
#1948=ADVANCED_FACE('',(#1795),#408,.F.);
#1949=ADVANCED_FACE('',(#1796,#1797),#409,.T.);
#1950=ADVANCED_FACE('',(#1798),#410,.F.);
#1951=ADVANCED_FACE('',(#1799),#411,.F.);
#1952=ADVANCED_FACE('',(#1800),#412,.F.);
#1953=ADVANCED_FACE('',(#1801),#413,.F.);
#1954=ADVANCED_FACE('',(#1802),#414,.F.);
#1955=ADVANCED_FACE('',(#1803),#415,.F.);
#1956=ADVANCED_FACE('',(#1804,#1805),#416,.T.);
#1957=CLOSED_SHELL('',(#1840,#1841,#1842,#1843,#1844,#1845,#1846,#1847,
#1848,#1849,#1850,#1851,#1852,#1853,#1854,#1855,#1856,#1857,#1858,#1859,
#1860,#1861,#1862,#1863,#1864,#1865,#1866,#1867,#1868,#1869,#1870,#1871,
#1872,#1873,#1874,#1875,#1876,#1877,#1878,#1879,#1880,#1881,#1882,#1883,
#1884,#1885,#1886,#1887,#1888,#1889,#1890,#1891,#1892,#1893,#1894,#1895,
#1896,#1897,#1898,#1899,#1900,#1901,#1902,#1903,#1904,#1905,#1906,#1907,
#1908,#1909,#1910,#1911,#1912,#1913,#1914,#1915,#1916,#1917,#1918,#1919,
#1920,#1921,#1922,#1923,#1924,#1925,#1926,#1927,#1928,#1929,#1930,#1931,
#1932,#1933,#1934,#1935,#1936,#1937,#1938,#1939,#1940,#1941,#1942,#1943,
#1944,#1945,#1946,#1947,#1948,#1949,#1950,#1951,#1952,#1953,#1954,#1955,
#1956));
#1958=STYLED_ITEM('',(#1959),#1966);
#1959=PRESENTATION_STYLE_ASSIGNMENT((#1960));
#1960=SURFACE_STYLE_USAGE(.BOTH.,#1961);
#1961=SURFACE_SIDE_STYLE('',(#1962));
#1962=SURFACE_STYLE_FILL_AREA(#1963);
#1963=FILL_AREA_STYLE('',(#1964));
#1964=FILL_AREA_STYLE_COLOUR('',#1965);
#1965=DRAUGHTING_PRE_DEFINED_COLOUR('black');
#1966=MANIFOLD_SOLID_BREP('Part 1',#1957);
#1967=SHAPE_DEFINITION_REPRESENTATION(#3386,#1968);
#1968=SHAPE_REPRESENTATION('Part 1',(#1969),#3381);
#1969=AXIS2_PLACEMENT_3D('',#2727,#2173,#2174);
#1970=AXIS2_PLACEMENT_3D('',#2728,#2175,#2176);
#1971=AXIS2_PLACEMENT_3D('',#2729,#2177,#2178);
#1972=AXIS2_PLACEMENT_3D('',#2731,#2179,#2180);
#1973=AXIS2_PLACEMENT_3D('',#2733,#2181,#2182);
#1974=AXIS2_PLACEMENT_3D('',#2734,#2183,#2184);
#1975=AXIS2_PLACEMENT_3D('',#2736,#2185,#2186);
#1976=AXIS2_PLACEMENT_3D('',#2738,#2187,#2188);
#1977=AXIS2_PLACEMENT_3D('',#2742,#2190,#2191);
#1978=AXIS2_PLACEMENT_3D('',#2746,#2193,#2194);
#1979=AXIS2_PLACEMENT_3D('',#2750,#2196,#2197);
#1980=AXIS2_PLACEMENT_3D('',#2762,#2203,#2204);
#1981=AXIS2_PLACEMENT_3D('',#2764,#2205,#2206);
#1982=AXIS2_PLACEMENT_3D('',#2766,#2207,#2208);
#1983=AXIS2_PLACEMENT_3D('',#2786,#2218,#2219);
#1984=AXIS2_PLACEMENT_3D('',#2788,#2220,#2221);
#1985=AXIS2_PLACEMENT_3D('',#2790,#2222,#2223);
#1986=AXIS2_PLACEMENT_3D('',#2791,#2224,#2225);
#1987=AXIS2_PLACEMENT_3D('',#2793,#2226,#2227);
#1988=AXIS2_PLACEMENT_3D('',#2795,#2228,#2229);
#1989=AXIS2_PLACEMENT_3D('',#2797,#2230,#2231);
#1990=AXIS2_PLACEMENT_3D('',#2799,#2232,#2233);
#1991=AXIS2_PLACEMENT_3D('',#2801,#2234,#2235);
#1992=AXIS2_PLACEMENT_3D('',#2803,#2236,#2237);
#1993=AXIS2_PLACEMENT_3D('',#2805,#2238,#2239);
#1994=AXIS2_PLACEMENT_3D('',#2818,#2245,#2246);
#1995=AXIS2_PLACEMENT_3D('',#2822,#2248,#2249);
#1996=AXIS2_PLACEMENT_3D('',#2826,#2251,#2252);
#1997=AXIS2_PLACEMENT_3D('',#2827,#2253,#2254);
#1998=AXIS2_PLACEMENT_3D('',#2828,#2255,#2256);
#1999=AXIS2_PLACEMENT_3D('',#2830,#2257,#2258);
#2000=AXIS2_PLACEMENT_3D('',#2832,#2259,#2260);
#2001=AXIS2_PLACEMENT_3D('',#2833,#2261,#2262);
#2002=AXIS2_PLACEMENT_3D('',#2835,#2263,#2264);
#2003=AXIS2_PLACEMENT_3D('',#2837,#2265,#2266);
#2004=AXIS2_PLACEMENT_3D('',#2841,#2268,#2269);
#2005=AXIS2_PLACEMENT_3D('',#2845,#2271,#2272);
#2006=AXIS2_PLACEMENT_3D('',#2846,#2273,#2274);
#2007=AXIS2_PLACEMENT_3D('',#2852,#2278,#2279);
#2008=AXIS2_PLACEMENT_3D('',#2853,#2280,#2281);
#2009=AXIS2_PLACEMENT_3D('',#2857,#2283,#2284);
#2010=AXIS2_PLACEMENT_3D('',#2858,#2285,#2286);
#2011=AXIS2_PLACEMENT_3D('',#2862,#2288,#2289);
#2012=AXIS2_PLACEMENT_3D('',#2866,#2291,#2292);
#2013=AXIS2_PLACEMENT_3D('',#2867,#2293,#2294);
#2014=AXIS2_PLACEMENT_3D('',#2873,#2298,#2299);
#2015=AXIS2_PLACEMENT_3D('',#2874,#2300,#2301);
#2016=AXIS2_PLACEMENT_3D('',#2878,#2303,#2304);
#2017=AXIS2_PLACEMENT_3D('',#2879,#2305,#2306);
#2018=AXIS2_PLACEMENT_3D('',#2891,#2310,#2311);
#2019=AXIS2_PLACEMENT_3D('',#2895,#2313,#2314);
#2020=AXIS2_PLACEMENT_3D('',#2907,#2316,#2317);
#2021=AXIS2_PLACEMENT_3D('',#2909,#2318,#2319);
#2022=AXIS2_PLACEMENT_3D('',#2918,#2324,#2325);
#2023=AXIS2_PLACEMENT_3D('',#2924,#2329,#2330);
#2024=AXIS2_PLACEMENT_3D('',#2930,#2334,#2335);
#2025=AXIS2_PLACEMENT_3D('',#2938,#2340,#2341);
#2026=AXIS2_PLACEMENT_3D('',#2949,#2347,#2348);
#2027=AXIS2_PLACEMENT_3D('',#2955,#2352,#2353);
#2028=AXIS2_PLACEMENT_3D('',#2961,#2357,#2358);
#2029=AXIS2_PLACEMENT_3D('',#2967,#2362,#2363);
#2030=AXIS2_PLACEMENT_3D('',#2971,#2365,#2366);
#2031=AXIS2_PLACEMENT_3D('',#2983,#2368,#2369);
#2032=AXIS2_PLACEMENT_3D('',#2985,#2370,#2371);
#2033=AXIS2_PLACEMENT_3D('',#2994,#2376,#2377);
#2034=AXIS2_PLACEMENT_3D('',#2995,#2378,#2379);
#2035=AXIS2_PLACEMENT_3D('',#2997,#2380,#2381);
#2036=AXIS2_PLACEMENT_3D('',#2998,#2382,#2383);
#2037=AXIS2_PLACEMENT_3D('',#3000,#2384,#2385);
#2038=AXIS2_PLACEMENT_3D('',#3003,#2388,#2389);
#2039=AXIS2_PLACEMENT_3D('',#3004,#2390,#2391);
#2040=AXIS2_PLACEMENT_3D('',#3006,#2392,#2393);
#2041=AXIS2_PLACEMENT_3D('',#3007,#2394,#2395);
#2042=AXIS2_PLACEMENT_3D('',#3009,#2396,#2397);
#2043=AXIS2_PLACEMENT_3D('',#3010,#2398,#2399);
#2044=AXIS2_PLACEMENT_3D('',#3012,#2400,#2401);
#2045=AXIS2_PLACEMENT_3D('',#3013,#2402,#2403);
#2046=AXIS2_PLACEMENT_3D('',#3015,#2404,#2405);
#2047=AXIS2_PLACEMENT_3D('',#3016,#2406,#2407);
#2048=AXIS2_PLACEMENT_3D('',#3018,#2408,#2409);
#2049=AXIS2_PLACEMENT_3D('',#3020,#2410,#2411);
#2050=AXIS2_PLACEMENT_3D('',#3023,#2414,#2415);
#2051=AXIS2_PLACEMENT_3D('',#3024,#2416,#2417);
#2052=AXIS2_PLACEMENT_3D('',#3026,#2418,#2419);
#2053=AXIS2_PLACEMENT_3D('',#3027,#2420,#2421);
#2054=AXIS2_PLACEMENT_3D('',#3029,#2422,#2423);
#2055=AXIS2_PLACEMENT_3D('',#3030,#2424,#2425);
#2056=AXIS2_PLACEMENT_3D('',#3032,#2426,#2427);
#2057=AXIS2_PLACEMENT_3D('',#3034,#2428,#2429);
#2058=AXIS2_PLACEMENT_3D('',#3035,#2430,#2431);
#2059=AXIS2_PLACEMENT_3D('',#3037,#2432,#2433);
#2060=AXIS2_PLACEMENT_3D('',#3039,#2434,#2435);
#2061=AXIS2_PLACEMENT_3D('',#3041,#2436,#2437);
#2062=AXIS2_PLACEMENT_3D('',#3043,#2438,#2439);
#2063=AXIS2_PLACEMENT_3D('',#3045,#2440,#2441);
#2064=AXIS2_PLACEMENT_3D('',#3047,#2442,#2443);
#2065=AXIS2_PLACEMENT_3D('',#3049,#2444,#2445);
#2066=AXIS2_PLACEMENT_3D('',#3051,#2446,#2447);
#2067=AXIS2_PLACEMENT_3D('',#3056,#2449,#2450);
#2068=AXIS2_PLACEMENT_3D('',#3062,#2453,#2454);
#2069=AXIS2_PLACEMENT_3D('',#3066,#2456,#2457);
#2070=AXIS2_PLACEMENT_3D('',#3070,#2459,#2460);
#2071=AXIS2_PLACEMENT_3D('',#3072,#2461,#2462);
#2072=AXIS2_PLACEMENT_3D('',#3074,#2463,#2464);
#2073=AXIS2_PLACEMENT_3D('',#3094,#2474,#2475);
#2074=AXIS2_PLACEMENT_3D('',#3096,#2476,#2477);
#2075=AXIS2_PLACEMENT_3D('',#3098,#2478,#2479);
#2076=AXIS2_PLACEMENT_3D('',#3101,#2481,#2482);
#2077=AXIS2_PLACEMENT_3D('',#3105,#2486,#2487);
#2078=AXIS2_PLACEMENT_3D('',#3106,#2488,#2489);
#2079=AXIS2_PLACEMENT_3D('',#3117,#2490,#2491);
#2080=AXIS2_PLACEMENT_3D('',#3119,#2493,#2494);
#2081=AXIS2_PLACEMENT_3D('',#3120,#2495,#2496);
#2082=AXIS2_PLACEMENT_3D('',#3126,#2497,#2498);
#2083=AXIS2_PLACEMENT_3D('',#3147,#2499,#2500);
#2084=AXIS2_PLACEMENT_3D('',#3153,#2501,#2502);
#2085=AXIS2_PLACEMENT_3D('',#3154,#2503,#2504);
#2086=AXIS2_PLACEMENT_3D('',#3155,#2505,#2506);
#2087=AXIS2_PLACEMENT_3D('',#3161,#2507,#2508);
#2088=AXIS2_PLACEMENT_3D('',#3167,#2509,#2510);
#2089=AXIS2_PLACEMENT_3D('',#3173,#2511,#2512);
#2090=AXIS2_PLACEMENT_3D('',#3174,#2513,#2514);
#2091=AXIS2_PLACEMENT_3D('',#3200,#2515,#2516);
#2092=AXIS2_PLACEMENT_3D('',#3206,#2517,#2518);
#2093=AXIS2_PLACEMENT_3D('',#3212,#2519,#2520);
#2094=AXIS2_PLACEMENT_3D('',#3213,#2521,#2522);
#2095=AXIS2_PLACEMENT_3D('',#3224,#2523,#2524);
#2096=AXIS2_PLACEMENT_3D('',#3230,#2525,#2526);
#2097=AXIS2_PLACEMENT_3D('',#3236,#2527,#2528);
#2098=AXIS2_PLACEMENT_3D('',#3237,#2529,#2530);
#2099=AXIS2_PLACEMENT_3D('',#3240,#2533,#2534);
#2100=AXIS2_PLACEMENT_3D('',#3246,#2536,#2537);
#2101=AXIS2_PLACEMENT_3D('',#3247,#2538,#2539);
#2102=AXIS2_PLACEMENT_3D('',#3248,#2540,#2541);
#2103=AXIS2_PLACEMENT_3D('',#3249,#2542,#2543);
#2104=AXIS2_PLACEMENT_3D('',#3250,#2544,#2545);
#2105=AXIS2_PLACEMENT_3D('',#3251,#2546,#2547);
#2106=AXIS2_PLACEMENT_3D('',#3252,#2548,#2549);
#2107=AXIS2_PLACEMENT_3D('',#3253,#2550,#2551);
#2108=AXIS2_PLACEMENT_3D('',#3254,#2552,#2553);
#2109=AXIS2_PLACEMENT_3D('',#3255,#2554,#2555);
#2110=AXIS2_PLACEMENT_3D('',#3256,#2556,#2557);
#2111=AXIS2_PLACEMENT_3D('',#3257,#2558,#2559);
#2112=AXIS2_PLACEMENT_3D('',#3258,#2560,#2561);
#2113=AXIS2_PLACEMENT_3D('',#3259,#2562,#2563);
#2114=AXIS2_PLACEMENT_3D('',#3260,#2564,#2565);
#2115=AXIS2_PLACEMENT_3D('',#3261,#2566,#2567);
#2116=AXIS2_PLACEMENT_3D('',#3262,#2568,#2569);
#2117=AXIS2_PLACEMENT_3D('',#3263,#2570,#2571);
#2118=AXIS2_PLACEMENT_3D('',#3264,#2572,#2573);
#2119=AXIS2_PLACEMENT_3D('',#3265,#2574,#2575);
#2120=AXIS2_PLACEMENT_3D('',#3266,#2576,#2577);
#2121=AXIS2_PLACEMENT_3D('',#3267,#2578,#2579);
#2122=AXIS2_PLACEMENT_3D('',#3269,#2580,#2581);
#2123=AXIS2_PLACEMENT_3D('',#3270,#2582,#2583);
#2124=AXIS2_PLACEMENT_3D('',#3271,#2584,#2585);
#2125=AXIS2_PLACEMENT_3D('',#3273,#2586,#2587);
#2126=AXIS2_PLACEMENT_3D('',#3274,#2588,#2589);
#2127=AXIS2_PLACEMENT_3D('',#3275,#2590,#2591);
#2128=AXIS2_PLACEMENT_3D('',#3276,#2592,#2593);
#2129=AXIS2_PLACEMENT_3D('',#3278,#2595,#2596);
#2130=AXIS2_PLACEMENT_3D('',#3280,#2598,#2599);
#2131=AXIS2_PLACEMENT_3D('',#3282,#2601,#2602);
#2132=AXIS2_PLACEMENT_3D('',#3284,#2604,#2605);
#2133=AXIS2_PLACEMENT_3D('',#3286,#2607,#2608);
#2134=AXIS2_PLACEMENT_3D('',#3288,#2610,#2611);
#2135=AXIS2_PLACEMENT_3D('',#3289,#2612,#2613);
#2136=AXIS2_PLACEMENT_3D('',#3291,#2615,#2616);
#2137=AXIS2_PLACEMENT_3D('',#3293,#2618,#2619);
#2138=AXIS2_PLACEMENT_3D('',#3295,#2621,#2622);
#2139=AXIS2_PLACEMENT_3D('',#3297,#2624,#2625);
#2140=AXIS2_PLACEMENT_3D('',#3298,#2626,#2627);
#2141=AXIS2_PLACEMENT_3D('',#3300,#2629,#2630);
#2142=AXIS2_PLACEMENT_3D('',#3302,#2632,#2633);
#2143=AXIS2_PLACEMENT_3D('',#3304,#2635,#2636);
#2144=AXIS2_PLACEMENT_3D('',#3306,#2638,#2639);
#2145=AXIS2_PLACEMENT_3D('',#3308,#2641,#2642);
#2146=AXIS2_PLACEMENT_3D('',#3310,#2644,#2645);
#2147=AXIS2_PLACEMENT_3D('',#3312,#2647,#2648);
#2148=AXIS2_PLACEMENT_3D('',#3313,#2649,#2650);
#2149=AXIS2_PLACEMENT_3D('',#3315,#2652,#2653);
#2150=AXIS2_PLACEMENT_3D('',#3317,#2655,#2656);
#2151=AXIS2_PLACEMENT_3D('',#3319,#2658,#2659);
#2152=AXIS2_PLACEMENT_3D('',#3321,#2661,#2662);
#2153=AXIS2_PLACEMENT_3D('',#3322,#2663,#2664);
#2154=AXIS2_PLACEMENT_3D('',#3323,#2665,#2666);
#2155=AXIS2_PLACEMENT_3D('',#3325,#2667,#2668);
#2156=AXIS2_PLACEMENT_3D('',#3326,#2669,#2670);
#2157=AXIS2_PLACEMENT_3D('',#3327,#2671,#2672);
#2158=AXIS2_PLACEMENT_3D('',#3329,#2673,#2674);
#2159=AXIS2_PLACEMENT_3D('',#3330,#2675,#2676);
#2160=AXIS2_PLACEMENT_3D('',#3336,#2680,#2681);
#2161=AXIS2_PLACEMENT_3D('',#3340,#2684,#2685);
#2162=AXIS2_PLACEMENT_3D('',#3344,#2688,#2689);
#2163=AXIS2_PLACEMENT_3D('',#3348,#2692,#2693);
#2164=AXIS2_PLACEMENT_3D('',#3352,#2696,#2697);
#2165=AXIS2_PLACEMENT_3D('',#3354,#2699,#2700);
#2166=AXIS2_PLACEMENT_3D('',#3355,#2701,#2702);
#2167=AXIS2_PLACEMENT_3D('',#3361,#2706,#2707);
#2168=AXIS2_PLACEMENT_3D('',#3365,#2710,#2711);
#2169=AXIS2_PLACEMENT_3D('',#3369,#2714,#2715);
#2170=AXIS2_PLACEMENT_3D('',#3373,#2718,#2719);
#2171=AXIS2_PLACEMENT_3D('',#3377,#2722,#2723);
#2172=AXIS2_PLACEMENT_3D('',#3379,#2725,#2726);
#2173=DIRECTION('',(0.,0.,1.));
#2174=DIRECTION('',(1.,0.,0.));
#2175=DIRECTION('',(0.,0.,-1.));
#2176=DIRECTION('',(-1.,0.,0.));
#2177=DIRECTION('',(0.,0.,1.));
#2178=DIRECTION('',(-1.,6.12323399573682E-17,0.));
#2179=DIRECTION('',(0.,0.,1.));
#2180=DIRECTION('',(-1.,6.12323399573682E-17,0.));
#2181=DIRECTION('',(0.,0.,-1.));
#2182=DIRECTION('',(-1.,0.,0.));
#2183=DIRECTION('',(0.,0.,1.));
#2184=DIRECTION('',(1.,-6.1232339957368E-17,0.));
#2185=DIRECTION('',(0.,0.,1.));
#2186=DIRECTION('',(1.,-6.1232339957368E-17,0.));
#2187=DIRECTION('',(0.,0.,1.));
#2188=DIRECTION('',(1.,0.,0.));
#2189=DIRECTION('',(-0.866025403784443,-0.499999999999993,0.));
#2190=DIRECTION('',(0.,0.,1.));
#2191=DIRECTION('',(1.,0.,0.));
#2192=DIRECTION('',(0.999592086460695,-0.028559773898877,0.));
#2193=DIRECTION('',(0.,0.,1.));
#2194=DIRECTION('',(1.,0.,0.));
#2195=DIRECTION('',(0.999590582320363,0.0286123703393924,0.));
#2196=DIRECTION('',(0.,0.,1.));
#2197=DIRECTION('',(1.,0.,0.));
#2198=DIRECTION('',(0.866025403784435,-0.500000000000007,0.));
#2199=DIRECTION('',(0.866025403784443,0.499999999999993,0.));
#2200=DIRECTION('',(1.68680937402067E-14,1.,0.));
#2201=DIRECTION('',(-0.866025403784434,0.500000000000008,0.));
#2202=DIRECTION('',(3.61400724161835E-17,1.,0.));
#2203=DIRECTION('',(0.,0.,1.));
#2204=DIRECTION('',(1.,0.,0.));
#2205=DIRECTION('',(0.,0.,1.));
#2206=DIRECTION('',(0.816441065396439,-0.577428772000779,0.));
#2207=DIRECTION('',(0.,0.,1.));
#2208=DIRECTION('',(1.,0.,0.));
#2209=DIRECTION('',(0.999766334663983,-0.0216165693981402,0.));
#2210=DIRECTION('',(1.,-8.67361737988404E-17,0.));
#2211=DIRECTION('',(0.999766334663983,0.0216165693981402,0.));
#2212=DIRECTION('',(1.,0.,0.));
#2213=DIRECTION('',(0.,-1.,0.));
#2214=DIRECTION('',(-1.,0.,0.));
#2215=DIRECTION('',(-0.999766334663983,0.0216165693981402,0.));
#2216=DIRECTION('',(-1.,1.7347234759768E-16,0.));
#2217=DIRECTION('',(-0.999766334663983,-0.0216165693981401,0.));
#2218=DIRECTION('',(0.,0.,1.));
#2219=DIRECTION('',(1.,0.,0.));
#2220=DIRECTION('',(0.,0.,1.));
#2221=DIRECTION('',(-0.827235233143509,0.561855736863125,0.));
#2222=DIRECTION('',(0.,0.,1.));
#2223=DIRECTION('',(1.,0.,0.));
#2224=DIRECTION('',(0.,0.,1.));
#2225=DIRECTION('',(1.,0.,0.));
#2226=DIRECTION('',(0.,0.,1.));
#2227=DIRECTION('',(1.,0.,0.));
#2228=DIRECTION('',(0.,0.,1.));
#2229=DIRECTION('',(1.,0.,0.));
#2230=DIRECTION('',(0.,0.,1.));
#2231=DIRECTION('',(1.,0.,0.));
#2232=DIRECTION('',(0.,0.,1.));
#2233=DIRECTION('',(1.,0.,0.));
#2234=DIRECTION('',(0.,0.,1.));
#2235=DIRECTION('',(1.,0.,0.));
#2236=DIRECTION('',(0.,0.,1.));
#2237=DIRECTION('',(1.,0.,0.));
#2238=DIRECTION('',(0.,0.,1.));
#2239=DIRECTION('',(1.,0.,0.));
#2240=DIRECTION('',(-0.866025403784434,0.500000000000008,0.));
#2241=DIRECTION('',(-0.866025403784443,-0.499999999999993,0.));
#2242=DIRECTION('',(-8.43404687010339E-15,-1.,0.));
#2243=DIRECTION('',(0.866025403784435,-0.500000000000007,0.));
#2244=DIRECTION('',(0.866025403784443,0.499999999999993,0.));
#2245=DIRECTION('',(0.,0.,1.));
#2246=DIRECTION('',(1.,0.,0.));
#2247=DIRECTION('',(0.999592086460695,-0.028559773898877,0.));
#2248=DIRECTION('',(0.,0.,1.));
#2249=DIRECTION('',(1.,0.,0.));
#2250=DIRECTION('',(-0.999592086460695,-0.028559773898877,0.));
#2251=DIRECTION('',(0.,0.,1.));
#2252=DIRECTION('',(1.,0.,0.));
#2253=DIRECTION('',(0.,0.,1.));
#2254=DIRECTION('',(1.,0.,0.));
#2255=DIRECTION('',(0.,0.,1.));
#2256=DIRECTION('',(1.,0.,0.));
#2257=DIRECTION('',(0.,0.,1.));
#2258=DIRECTION('',(1.,0.,0.));
#2259=DIRECTION('',(0.,0.,1.));
#2260=DIRECTION('',(1.,0.,0.));
#2261=DIRECTION('',(0.,0.,1.));
#2262=DIRECTION('',(1.,0.,0.));
#2263=DIRECTION('',(0.,0.,-1.));
#2264=DIRECTION('',(-1.,0.,0.));
#2265=DIRECTION('',(0.,0.,-1.));
#2266=DIRECTION('',(-1.,0.,0.));
#2267=DIRECTION('',(0.,0.,-1.));
#2268=DIRECTION('',(0.,0.,1.));
#2269=DIRECTION('',(1.,0.,0.));
#2270=DIRECTION('',(0.,0.,-1.));
#2271=DIRECTION('',(0.,0.,1.));
#2272=DIRECTION('',(1.,0.,0.));
#2273=DIRECTION('',(0.028559773898877,0.999592086460695,0.));
#2274=DIRECTION('',(-0.999592086460695,0.028559773898877,0.));
#2275=DIRECTION('',(0.999592086460695,-0.028559773898877,0.));
#2276=DIRECTION('',(0.,0.,-1.));
#2277=DIRECTION('',(0.999592086460695,-0.028559773898877,0.));
#2278=DIRECTION('',(0.,0.,-1.));
#2279=DIRECTION('',(-1.,0.,0.));
#2280=DIRECTION('',(0.,0.,1.));
#2281=DIRECTION('',(1.,0.,0.));
#2282=DIRECTION('',(0.,0.,-1.));
#2283=DIRECTION('',(0.,0.,1.));
#2284=DIRECTION('',(1.,0.,0.));
#2285=DIRECTION('',(0.,0.,-1.));
#2286=DIRECTION('',(-1.,0.,0.));
#2287=DIRECTION('',(0.,0.,-1.));
#2288=DIRECTION('',(0.,0.,1.));
#2289=DIRECTION('',(1.,0.,0.));
#2290=DIRECTION('',(0.,0.,-1.));
#2291=DIRECTION('',(0.,0.,1.));
#2292=DIRECTION('',(1.,0.,0.));
#2293=DIRECTION('',(0.028559773898877,0.999592086460695,0.));
#2294=DIRECTION('',(-0.999592086460695,0.028559773898877,0.));
#2295=DIRECTION('',(0.999592086460695,-0.028559773898877,0.));
#2296=DIRECTION('',(0.,0.,-1.));
#2297=DIRECTION('',(0.999592086460695,-0.028559773898877,0.));
#2298=DIRECTION('',(0.,0.,-1.));
#2299=DIRECTION('',(-1.,0.,0.));
#2300=DIRECTION('',(0.,0.,1.));
#2301=DIRECTION('',(1.,0.,0.));
#2302=DIRECTION('',(0.,0.,-1.));
#2303=DIRECTION('',(0.,0.,1.));
#2304=DIRECTION('',(1.,0.,0.));
#2305=DIRECTION('',(0.,-1.,0.));
#2306=DIRECTION('',(0.,0.,-1.));
#2307=DIRECTION('',(0.,0.,-1.));
#2308=DIRECTION('',(-0.382683432365087,0.,-0.923879532511288));
#2309=DIRECTION('',(-0.707106781186547,0.,0.707106781186548));
#2310=DIRECTION('',(0.,0.,-1.));
#2311=DIRECTION('',(-1.,0.,0.));
#2312=DIRECTION('',(0.,0.,-1.));
#2313=DIRECTION('',(0.,0.,1.));
#2314=DIRECTION('',(1.,0.,0.));
#2315=DIRECTION('',(0.,0.,-1.));
#2316=DIRECTION('',(0.,0.,1.));
#2317=DIRECTION('',(-0.827235233143509,0.561855736863125,0.));
#2318=DIRECTION('',(-0.0216165693981401,0.999766334663983,0.));
#2319=DIRECTION('',(-0.999766334663983,-0.0216165693981401,0.));
#2320=DIRECTION('',(0.,0.,-1.));
#2321=DIRECTION('',(-0.999766334663983,-0.0216165693981401,0.));
#2322=DIRECTION('',(0.,0.,1.));
#2323=DIRECTION('',(0.999766334663983,0.0216165693981401,0.));
#2324=DIRECTION('',(-1.7347234759768E-16,-1.,0.));
#2325=DIRECTION('',(1.,-1.7347234759768E-16,0.));
#2326=DIRECTION('',(0.,0.,-1.));
#2327=DIRECTION('',(-1.,1.7347234759768E-16,0.));
#2328=DIRECTION('',(1.,-1.7347234759768E-16,0.));
#2329=DIRECTION('',(0.0216165693981402,0.999766334663983,0.));
#2330=DIRECTION('',(-0.999766334663983,0.0216165693981402,0.));
#2331=DIRECTION('',(0.,0.,-1.));
#2332=DIRECTION('',(-0.999766334663983,0.0216165693981402,0.));
#2333=DIRECTION('',(0.999766334663983,-0.0216165693981402,0.));
#2334=DIRECTION('',(0.,-1.,0.));
#2335=DIRECTION('',(0.,0.,-1.));
#2336=DIRECTION('',(0.382683432365094,0.,-0.923879532511285));
#2337=DIRECTION('',(-1.,0.,0.));
#2338=DIRECTION('',(1.,0.,0.));
#2339=DIRECTION('',(0.707106781186548,0.,0.707106781186547));
#2340=DIRECTION('',(0.,-1.,0.));
#2341=DIRECTION('',(0.,0.,-1.));
#2342=DIRECTION('',(0.,0.,-1.));
#2343=DIRECTION('',(1.,0.,0.));
#2344=DIRECTION('',(-0.382683432365094,0.,0.923879532511285));
#2345=DIRECTION('',(-0.707106781186548,0.,-0.707106781186547));
#2346=DIRECTION('',(-1.,0.,0.));
#2347=DIRECTION('',(0.0216165693981402,-0.999766334663983,0.));
#2348=DIRECTION('',(0.999766334663983,0.0216165693981402,0.));
#2349=DIRECTION('',(0.,0.,-1.));
#2350=DIRECTION('',(0.999766334663983,0.0216165693981402,0.));
#2351=DIRECTION('',(-0.999766334663983,-0.0216165693981402,0.));
#2352=DIRECTION('',(-8.67361737988404E-17,-1.,0.));
#2353=DIRECTION('',(1.,-8.67361737988404E-17,0.));
#2354=DIRECTION('',(0.,0.,-1.));
#2355=DIRECTION('',(1.,-8.67361737988404E-17,0.));
#2356=DIRECTION('',(-1.,8.67361737988404E-17,0.));
#2357=DIRECTION('',(-0.0216165693981402,-0.999766334663983,0.));
#2358=DIRECTION('',(0.999766334663983,-0.0216165693981402,0.));
#2359=DIRECTION('',(0.,0.,1.));
#2360=DIRECTION('',(0.999766334663983,-0.0216165693981402,0.));
#2361=DIRECTION('',(-0.999766334663983,0.0216165693981402,0.));
#2362=DIRECTION('',(0.,0.,-1.));
#2363=DIRECTION('',(-1.,0.,0.));
#2364=DIRECTION('',(0.,0.,-1.));
#2365=DIRECTION('',(0.,0.,1.));
#2366=DIRECTION('',(1.,0.,0.));
#2367=DIRECTION('',(0.,0.,-1.));
#2368=DIRECTION('',(0.,0.,1.));
#2369=DIRECTION('',(0.816441065396439,-0.577428772000779,0.));
#2370=DIRECTION('',(0.,-1.,0.));
#2371=DIRECTION('',(0.,0.,-1.));
#2372=DIRECTION('',(0.382683432365087,0.,0.923879532511288));
#2373=DIRECTION('',(1.,0.,0.));
#2374=DIRECTION('',(0.,0.,1.));
#2375=DIRECTION('',(0.707106781186547,0.,-0.707106781186548));
#2376=DIRECTION('',(0.,0.,-1.));
#2377=DIRECTION('',(-1.,0.,0.));
#2378=DIRECTION('',(0.,0.,1.));
#2379=DIRECTION('',(1.,0.,0.));
#2380=DIRECTION('',(0.,0.,-1.));
#2381=DIRECTION('',(-1.,0.,0.));
#2382=DIRECTION('',(0.,0.,1.));
#2383=DIRECTION('',(1.,0.,0.));
#2384=DIRECTION('',(-0.0286123703393924,0.999590582320363,0.));
#2385=DIRECTION('',(-0.999590582320363,-0.0286123703393924,0.));
#2386=DIRECTION('',(0.999590582320363,0.0286123703393924,0.));
#2387=DIRECTION('',(0.999590582320363,0.0286123703393924,0.));
#2388=DIRECTION('',(0.,0.,-1.));
#2389=DIRECTION('',(-1.,0.,0.));
#2390=DIRECTION('',(0.,0.,1.));
#2391=DIRECTION('',(1.,0.,0.));
#2392=DIRECTION('',(0.,0.,-1.));
#2393=DIRECTION('',(-1.,0.,0.));
#2394=DIRECTION('',(0.,0.,1.));
#2395=DIRECTION('',(1.,0.,0.));
#2396=DIRECTION('',(0.,0.,-1.));
#2397=DIRECTION('',(-1.,0.,0.));
#2398=DIRECTION('',(0.,0.,1.));
#2399=DIRECTION('',(1.,0.,0.));
#2400=DIRECTION('',(0.,0.,-1.));
#2401=DIRECTION('',(-1.,0.,0.));
#2402=DIRECTION('',(0.,0.,1.));
#2403=DIRECTION('',(1.,0.,0.));
#2404=DIRECTION('',(0.,0.,-1.));
#2405=DIRECTION('',(-1.,0.,0.));
#2406=DIRECTION('',(0.,0.,1.));
#2407=DIRECTION('',(1.,0.,0.));
#2408=DIRECTION('',(0.,0.,1.));
#2409=DIRECTION('',(1.,0.,0.));
#2410=DIRECTION('',(0.028559773898877,-0.999592086460695,0.));
#2411=DIRECTION('',(0.999592086460695,0.028559773898877,0.));
#2412=DIRECTION('',(-0.999592086460695,-0.028559773898877,0.));
#2413=DIRECTION('',(-0.999592086460695,-0.028559773898877,0.));
#2414=DIRECTION('',(0.,0.,-1.));
#2415=DIRECTION('',(-1.,0.,0.));
#2416=DIRECTION('',(0.,0.,1.));
#2417=DIRECTION('',(1.,0.,0.));
#2418=DIRECTION('',(0.,0.,-1.));
#2419=DIRECTION('',(-1.,0.,0.));
#2420=DIRECTION('',(0.,0.,1.));
#2421=DIRECTION('',(1.,0.,0.));
#2422=DIRECTION('',(0.,0.,-1.));
#2423=DIRECTION('',(-1.,0.,0.));
#2424=DIRECTION('',(0.,0.,1.));
#2425=DIRECTION('',(1.,0.,0.));
#2426=DIRECTION('',(0.,0.,1.));
#2427=DIRECTION('',(1.,0.,0.));
#2428=DIRECTION('',(0.,0.,1.));
#2429=DIRECTION('',(1.,0.,0.));
#2430=DIRECTION('',(0.,0.,1.));
#2431=DIRECTION('',(1.,0.,0.));
#2432=DIRECTION('',(0.,0.,1.));
#2433=DIRECTION('',(1.,0.,0.));
#2434=DIRECTION('',(0.,0.,1.));
#2435=DIRECTION('',(1.,0.,0.));
#2436=DIRECTION('',(0.,0.,1.));
#2437=DIRECTION('',(1.,0.,0.));
#2438=DIRECTION('',(0.,0.,1.));
#2439=DIRECTION('',(1.,0.,0.));
#2440=DIRECTION('',(0.,0.,1.));
#2441=DIRECTION('',(1.,0.,0.));
#2442=DIRECTION('',(0.,0.,1.));
#2443=DIRECTION('',(1.,0.,0.));
#2444=DIRECTION('',(0.,0.,1.));
#2445=DIRECTION('',(1.,0.,0.));
#2446=DIRECTION('',(0.,0.,1.));
#2447=DIRECTION('',(1.,0.,0.));
#2448=DIRECTION('',(0.999592086460695,-0.028559773898877,0.));
#2449=DIRECTION('',(0.,0.,1.));
#2450=DIRECTION('',(1.,0.,0.));
#2451=DIRECTION('',(0.999590582320363,0.0286123703393924,0.));
#2452=DIRECTION('',(0.999592086460695,-0.028559773898877,0.));
#2453=DIRECTION('',(0.,0.,1.));
#2454=DIRECTION('',(1.,0.,0.));
#2455=DIRECTION('',(-0.999592086460695,-0.028559773898877,0.));
#2456=DIRECTION('',(0.,0.,1.));
#2457=DIRECTION('',(1.,0.,0.));
#2458=DIRECTION('',(-3.61400724161835E-17,-1.,0.));
#2459=DIRECTION('',(0.,0.,1.));
#2460=DIRECTION('',(1.,0.,0.));
#2461=DIRECTION('',(0.,0.,1.));
#2462=DIRECTION('',(1.,0.,0.));
#2463=DIRECTION('',(0.,0.,1.));
#2464=DIRECTION('',(1.,0.,0.));
#2465=DIRECTION('',(0.999766334663983,0.0216165693981401,0.));
#2466=DIRECTION('',(1.,-1.7347234759768E-16,0.));
#2467=DIRECTION('',(0.999766334663983,-0.0216165693981402,0.));
#2468=DIRECTION('',(1.,0.,0.));
#2469=DIRECTION('',(0.,1.,0.));
#2470=DIRECTION('',(-1.,0.,0.));
#2471=DIRECTION('',(-0.999766334663983,-0.0216165693981402,0.));
#2472=DIRECTION('',(-1.,8.67361737988404E-17,0.));
#2473=DIRECTION('',(-0.999766334663983,0.0216165693981402,0.));
#2474=DIRECTION('',(0.,0.,1.));
#2475=DIRECTION('',(1.,0.,0.));
#2476=DIRECTION('',(0.,0.,1.));
#2477=DIRECTION('',(1.,0.,0.));
#2478=DIRECTION('',(0.,0.,1.));
#2479=DIRECTION('',(1.,0.,0.));
#2480=DIRECTION('',(-1.,0.,0.));
#2481=DIRECTION('',(0.707106781186547,0.,-0.707106781186548));
#2482=DIRECTION('',(0.,1.,0.));
#2483=DIRECTION('',(-0.577350269189627,0.577350269189625,-0.577350269189626));
#2484=DIRECTION('',(-0.577350269189626,-0.577350269189627,-0.577350269189625));
#2485=DIRECTION('',(0.,-1.,0.));
#2486=DIRECTION('',(0.707106781186548,-2.55548902780562E-17,0.707106781186547));
#2487=DIRECTION('',(-3.61400724161835E-17,-1.,0.));
#2488=DIRECTION('',(0.707106781186548,-2.55548902780562E-17,0.707106781186547));
#2489=DIRECTION('',(0.707106781186547,-2.55548902780562E-17,-0.707106781186548));
#2490=DIRECTION('',(0.707106781186548,-2.55548902780562E-17,0.707106781186547));
#2491=DIRECTION('',(0.707106781186547,-2.55548902780562E-17,-0.707106781186548));
#2492=DIRECTION('',(-3.61400724161835E-17,-1.,0.));
#2493=DIRECTION('',(0.999590582320363,0.0286123703393924,0.));
#2494=DIRECTION('',(-0.0286123703393924,0.999590582320363,0.));
#2495=DIRECTION('',(0.999590582320363,0.0286123703393907,-1.65448501770278E-17));
#2496=DIRECTION('',(-0.0286123703393907,0.999590582320363,0.));
#2497=DIRECTION('',(0.,0.,1.));
#2498=DIRECTION('',(1.,0.,0.));
#2499=DIRECTION('',(0.,0.,1.));
#2500=DIRECTION('',(1.,0.,0.));
#2501=DIRECTION('',(-0.999592086460695,0.028559773898877,0.));
#2502=DIRECTION('',(-0.028559773898877,-0.999592086460695,0.));
#2503=DIRECTION('',(-0.999590582320363,-0.0286123703393924,0.));
#2504=DIRECTION('',(0.0286123703393924,-0.999590582320363,0.));
#2505=DIRECTION('',(0.999590582320363,0.0286123703393907,0.));
#2506=DIRECTION('',(-0.0286123703393907,0.999590582320363,0.));
#2507=DIRECTION('',(0.,0.,1.));
#2508=DIRECTION('',(1.,0.,0.));
#2509=DIRECTION('',(0.,0.,1.));
#2510=DIRECTION('',(1.,0.,0.));
#2511=DIRECTION('',(0.999592086460695,-0.028559773898877,0.));
#2512=DIRECTION('',(0.028559773898877,0.999592086460695,0.));
#2513=DIRECTION('',(0.,0.,1.));
#2514=DIRECTION('',(1.,0.,0.));
#2515=DIRECTION('',(0.999592086460695,-0.028559773898877,0.));
#2516=DIRECTION('',(0.028559773898877,0.999592086460695,0.));
#2517=DIRECTION('',(-0.999592086460695,-0.028559773898877,0.));
#2518=DIRECTION('',(0.028559773898877,-0.999592086460695,0.));
#2519=DIRECTION('',(0.,0.,1.));
#2520=DIRECTION('',(1.,0.,0.));
#2521=DIRECTION('',(0.,0.,1.));
#2522=DIRECTION('',(1.,0.,0.));
#2523=DIRECTION('',(0.999592086460695,0.028559773898877,0.));
#2524=DIRECTION('',(-0.028559773898877,0.999592086460695,0.));
#2525=DIRECTION('',(-0.999592086460695,0.028559773898877,0.));
#2526=DIRECTION('',(-0.028559773898877,-0.999592086460695,0.));
#2527=DIRECTION('',(0.,0.,1.));
#2528=DIRECTION('',(1.,0.,0.));
#2529=DIRECTION('',(-0.923879532511285,0.,-0.382683432365094));
#2530=DIRECTION('',(0.,-1.,0.));
#2531=DIRECTION('',(0.281084637714824,-0.678598344545846,-0.678598344545847));
#2532=DIRECTION('',(0.281084637714823,0.678598344545847,-0.678598344545846));
#2533=DIRECTION('',(-0.923879532511288,3.33890732087877E-17,0.382683432365087));
#2534=DIRECTION('',(3.61400724161835E-17,1.,0.));
#2535=DIRECTION('',(-0.281084637714818,0.678598344545848,-0.678598344545847));
#2536=DIRECTION('',(0.,0.,1.));
#2537=DIRECTION('',(1.,0.,0.));
#2538=DIRECTION('',(0.,0.,1.));
#2539=DIRECTION('',(1.,0.,0.));
#2540=DIRECTION('',(0.,0.,1.));
#2541=DIRECTION('',(1.,0.,0.));
#2542=DIRECTION('',(0.,0.,1.));
#2543=DIRECTION('',(1.,0.,0.));
#2544=DIRECTION('',(0.,0.,1.));
#2545=DIRECTION('',(1.,0.,0.));
#2546=DIRECTION('',(0.,0.,1.));
#2547=DIRECTION('',(1.,0.,0.));
#2548=DIRECTION('',(0.,0.,1.));
#2549=DIRECTION('',(1.,0.,0.));
#2550=DIRECTION('',(0.,0.,1.));
#2551=DIRECTION('',(1.,0.,0.));
#2552=DIRECTION('',(0.,0.,-1.));
#2553=DIRECTION('',(-1.,0.,0.));
#2554=DIRECTION('',(0.,0.,1.));
#2555=DIRECTION('',(1.,0.,0.));
#2556=DIRECTION('',(0.,0.,1.));
#2557=DIRECTION('',(1.,0.,0.));
#2558=DIRECTION('',(0.,0.,-1.));
#2559=DIRECTION('',(-1.,0.,0.));
#2560=DIRECTION('',(0.,0.,1.));
#2561=DIRECTION('',(1.,0.,0.));
#2562=DIRECTION('',(0.,0.,1.));
#2563=DIRECTION('',(1.,0.,0.));
#2564=DIRECTION('',(0.,0.,-1.));
#2565=DIRECTION('',(-1.,0.,0.));
#2566=DIRECTION('',(0.,0.,1.));
#2567=DIRECTION('',(1.,0.,0.));
#2568=DIRECTION('',(0.,0.,1.));
#2569=DIRECTION('',(1.,0.,0.));
#2570=DIRECTION('',(0.,0.,-1.));
#2571=DIRECTION('',(-1.,0.,0.));
#2572=DIRECTION('',(0.,0.,1.));
#2573=DIRECTION('',(1.,0.,0.));
#2574=DIRECTION('',(0.,0.,1.));
#2575=DIRECTION('',(1.,0.,0.));
#2576=DIRECTION('',(0.,0.,1.));
#2577=DIRECTION('',(1.,0.,0.));
#2578=DIRECTION('',(0.,0.,-1.));
#2579=DIRECTION('',(1.,0.,0.));
#2580=DIRECTION('',(0.,0.,1.));
#2581=DIRECTION('',(1.,0.,0.));
#2582=DIRECTION('',(0.,0.,1.));
#2583=DIRECTION('',(1.,0.,0.));
#2584=DIRECTION('',(0.,0.,-1.));
#2585=DIRECTION('',(1.,0.,0.));
#2586=DIRECTION('',(0.,0.,1.));
#2587=DIRECTION('',(1.,0.,0.));
#2588=DIRECTION('',(0.,0.,-1.));
#2589=DIRECTION('',(-1.,0.,0.));
#2590=DIRECTION('',(0.,0.,-1.));
#2591=DIRECTION('',(-1.,0.,0.));
#2592=DIRECTION('',(0.,0.707106781186548,-0.707106781186547));
#2593=DIRECTION('',(-1.,0.,0.));
#2594=DIRECTION('',(0.00764328114570234,0.707086126385367,0.707086126385368));
#2595=DIRECTION('',(-0.0152852228074145,-0.706941554842922,0.707106781186548));
#2596=DIRECTION('',(-0.999766334663983,0.0216165693981402,0.));
#2597=DIRECTION('',(0.0076432811457024,0.707086126385367,0.707086126385368));
#2598=DIRECTION('',(1.2266347333467E-16,0.707106781186548,-0.707106781186547));
#2599=DIRECTION('',(-1.,1.7347234759768E-16,0.));
#2600=DIRECTION('',(-0.00764328114563328,0.707086126385368,0.707086126385368));
#2601=DIRECTION('',(0.0152852228074145,-0.706941554842922,0.707106781186547));
#2602=DIRECTION('',(-0.999766334663983,-0.0216165693981401,0.));
#2603=DIRECTION('',(-0.0152852228074157,0.706941554842921,0.707106781186548));
#2604=DIRECTION('',(0.,0.,1.));
#2605=DIRECTION('',(1.,0.,0.));
#2606=DIRECTION('',(-0.654775796758257,0.266961899865109,0.707106781186549));
#2607=DIRECTION('',(0.,0.,-1.));
#2608=DIRECTION('',(-1.,0.,0.));
#2609=DIRECTION('',(0.645279941061106,0.289160505021304,0.707106781186548));
#2610=DIRECTION('',(0.,0.,1.));
#2611=DIRECTION('',(1.,0.,0.));
#2612=DIRECTION('',(0.,-0.707106781186549,-0.707106781186547));
#2613=DIRECTION('',(1.,0.,0.));
#2614=DIRECTION('',(-0.00764328114564422,-0.707086126385367,0.707086126385369));
#2615=DIRECTION('',(0.0152852228074145,0.706941554842923,0.707106781186546));
#2616=DIRECTION('',(0.999766334663983,-0.0216165693981402,0.));
#2617=DIRECTION('',(-0.00764328114564428,-0.707086126385367,0.707086126385369));
#2618=DIRECTION('',(-1.2266347333467E-16,-0.707106781186549,-0.707106781186547));
#2619=DIRECTION('',(1.,-1.7347234759768E-16,0.));
#2620=DIRECTION('',(0.00764328114562964,-0.707086126385367,0.707086126385369));
#2621=DIRECTION('',(-0.0152852228074145,0.706941554842923,0.707106781186546));
#2622=DIRECTION('',(0.999766334663983,0.0216165693981401,0.));
#2623=DIRECTION('',(0.0152852228074157,-0.70694155484292,0.707106781186549));
#2624=DIRECTION('',(0.,0.,-1.));
#2625=DIRECTION('',(-1.,0.,0.));
#2626=DIRECTION('',(0.,0.707106781186547,0.707106781186548));
#2627=DIRECTION('',(1.,0.,0.));
#2628=DIRECTION('',(0.0076432811456188,-0.707086126385368,0.707086126385368));
#2629=DIRECTION('',(-0.0152852228074145,0.706941554842922,0.707106781186547));
#2630=DIRECTION('',(0.999766334663983,0.0216165693981402,0.));
#2631=DIRECTION('',(0.00764328114561877,-0.707086126385368,0.707086126385368));
#2632=DIRECTION('',(6.13317366673349E-17,0.707106781186547,0.707106781186548));
#2633=DIRECTION('',(1.,-8.67361737988404E-17,0.));
#2634=DIRECTION('',(-0.00764328114562973,-0.707086126385368,0.707086126385368));
#2635=DIRECTION('',(0.0152852228074145,0.706941554842922,0.707106781186548));
#2636=DIRECTION('',(0.999766334663983,-0.0216165693981402,0.));
#2637=DIRECTION('',(0.0152852228074157,0.706941554842922,-0.707106781186548));
#2638=DIRECTION('',(0.,0.,1.));
#2639=DIRECTION('',(1.,0.,0.));
#2640=DIRECTION('',(0.652534012446506,0.272395599451355,-0.707106781186548));
#2641=DIRECTION('',(0.,0.,-1.));
#2642=DIRECTION('',(-1.,0.,0.));
#2643=DIRECTION('',(-0.642840743148241,0.294543339677915,-0.707106781186546));
#2644=DIRECTION('',(0.,0.,1.));
#2645=DIRECTION('',(1.,0.,0.));
#2646=DIRECTION('',(0.,0.707106781186548,-0.707106781186547));
#2647=DIRECTION('',(0.,0.707106781186547,0.707106781186548));
#2648=DIRECTION('',(1.,0.,0.));
#2649=DIRECTION('',(0.,-0.707106781186547,0.707106781186548));
#2650=DIRECTION('',(-1.,0.,0.));
#2651=DIRECTION('',(-0.00764328114568418,0.707086126385368,0.707086126385367));
#2652=DIRECTION('',(0.0152852228074145,-0.706941554842921,0.707106781186549));
#2653=DIRECTION('',(-0.999766334663983,-0.0216165693981402,0.));
#2654=DIRECTION('',(-0.00764328114562604,0.707086126385369,0.707086126385366));
#2655=DIRECTION('',(-6.13317366673348E-17,-0.707106781186546,0.707106781186549));
#2656=DIRECTION('',(-1.,8.67361737988404E-17,0.));
#2657=DIRECTION('',(0.00764328114562975,0.707086126385369,0.707086126385366));
#2658=DIRECTION('',(-0.0152852228074145,-0.70694155484292,0.707106781186549));
#2659=DIRECTION('',(-0.999766334663983,0.0216165693981402,0.));
#2660=DIRECTION('',(-0.0152852228074156,-0.706941554842923,-0.707106781186546));
#2661=DIRECTION('',(0.,0.,-1.));
#2662=DIRECTION('',(-1.,0.,0.));
#2663=DIRECTION('',(0.,0.,-1.));
#2664=DIRECTION('',(1.,0.,0.));
#2665=DIRECTION('',(0.,0.,-1.));
#2666=DIRECTION('',(1.,0.,0.));
#2667=DIRECTION('',(0.,0.,-1.));
#2668=DIRECTION('',(-1.,0.,0.));
#2669=DIRECTION('',(0.,0.,-1.));
#2670=DIRECTION('',(-1.,0.,0.));
#2671=DIRECTION('',(0.,0.,-1.));
#2672=DIRECTION('',(1.,0.,0.));
#2673=DIRECTION('',(0.,0.,-1.));
#2674=DIRECTION('',(1.,0.,0.));
#2675=DIRECTION('',(-0.500000000000008,-0.866025403784434,0.));
#2676=DIRECTION('',(0.866025403784434,-0.500000000000008,0.));
#2677=DIRECTION('',(0.,0.,-1.));
#2678=DIRECTION('',(-0.866025403784434,0.500000000000008,0.));
#2679=DIRECTION('',(0.,0.,-1.));
#2680=DIRECTION('',(-1.,8.43404687010339E-15,0.));
#2681=DIRECTION('',(-8.43404687010339E-15,-1.,0.));
#2682=DIRECTION('',(0.,0.,-1.));
#2683=DIRECTION('',(8.43404687010339E-15,1.,0.));
#2684=DIRECTION('',(-0.499999999999993,0.866025403784443,0.));
#2685=DIRECTION('',(-0.866025403784443,-0.499999999999993,0.));
#2686=DIRECTION('',(0.,0.,-1.));
#2687=DIRECTION('',(0.866025403784443,0.499999999999993,0.));
#2688=DIRECTION('',(0.500000000000007,0.866025403784435,0.));
#2689=DIRECTION('',(-0.866025403784435,0.500000000000007,0.));
#2690=DIRECTION('',(0.,0.,-1.));
#2691=DIRECTION('',(0.866025403784435,-0.500000000000007,0.));
#2692=DIRECTION('',(1.,-8.43404687010339E-15,0.));
#2693=DIRECTION('',(8.43404687010339E-15,1.,0.));
#2694=DIRECTION('',(0.,0.,-1.));
#2695=DIRECTION('',(-8.43404687010339E-15,-1.,0.));
#2696=DIRECTION('',(0.499999999999993,-0.866025403784443,0.));
#2697=DIRECTION('',(0.866025403784443,0.499999999999993,0.));
#2698=DIRECTION('',(-0.866025403784443,-0.499999999999993,0.));
#2699=DIRECTION('',(0.,0.,-1.));
#2700=DIRECTION('',(1.,0.,0.));
#2701=DIRECTION('',(1.,0.,0.));
#2702=DIRECTION('',(0.,0.,-1.));
#2703=DIRECTION('',(0.,0.,-1.));
#2704=DIRECTION('',(0.,-1.,0.));
#2705=DIRECTION('',(0.,0.,-1.));
#2706=DIRECTION('',(0.499999999999993,-0.866025403784443,0.));
#2707=DIRECTION('',(0.866025403784443,0.499999999999993,0.));
#2708=DIRECTION('',(0.,0.,-1.));
#2709=DIRECTION('',(-0.866025403784443,-0.499999999999993,0.));
#2710=DIRECTION('',(-0.500000000000008,-0.866025403784434,0.));
#2711=DIRECTION('',(0.866025403784434,-0.500000000000008,0.));
#2712=DIRECTION('',(0.,0.,-1.));
#2713=DIRECTION('',(-0.866025403784434,0.500000000000008,0.));
#2714=DIRECTION('',(-1.,1.68680937402067E-14,0.));
#2715=DIRECTION('',(-1.68680937402067E-14,-1.,0.));
#2716=DIRECTION('',(0.,0.,-1.));
#2717=DIRECTION('',(1.68680937402067E-14,1.,0.));
#2718=DIRECTION('',(-0.499999999999993,0.866025403784443,0.));
#2719=DIRECTION('',(-0.866025403784443,-0.499999999999993,0.));
#2720=DIRECTION('',(0.,0.,-1.));
#2721=DIRECTION('',(0.866025403784443,0.499999999999993,0.));
#2722=DIRECTION('',(0.500000000000007,0.866025403784435,0.));
#2723=DIRECTION('',(-0.866025403784435,0.500000000000007,0.));
#2724=DIRECTION('',(0.866025403784435,-0.500000000000007,0.));
#2725=DIRECTION('',(0.,0.,-1.));
#2726=DIRECTION('',(1.,0.,0.));
#2727=CARTESIAN_POINT('',(0.,0.,0.));
#2728=CARTESIAN_POINT('',(0.1515,-2.49993037540142E-18,0.005));
#2729=CARTESIAN_POINT('',(0.1515,-2.49993037540142E-18,0.005));
#2730=CARTESIAN_POINT('',(0.149875,-2.4004278229707E-18,0.005));
#2731=CARTESIAN_POINT('',(0.1515,-2.49993037540142E-18,0.0025));
#2732=CARTESIAN_POINT('',(0.149875,-2.4004278229707E-18,0.0025));
#2733=CARTESIAN_POINT('',(0.0615,-8.62904741185015E-18,0.005));
#2734=CARTESIAN_POINT('',(0.0615,-8.62904741185015E-18,0.005));
#2735=CARTESIAN_POINT('',(0.063125,-8.72854996428087E-18,0.005));
#2736=CARTESIAN_POINT('',(0.0615,-8.62904741185015E-18,0.0025));
#2737=CARTESIAN_POINT('',(0.063125,-8.72854996428087E-18,0.0025));
#2738=CARTESIAN_POINT('',(0.1065,-0.000110761551631863,0.));
#2739=CARTESIAN_POINT('',(0.152925,-0.00246817240078563,0.));
#2740=CARTESIAN_POINT('',(0.15429059863361,-0.00167974366206559,0.));
#2741=CARTESIAN_POINT('',(0.1515,-0.00329089653438088,0.));
#2742=CARTESIAN_POINT('',(0.159,-2.60208521396521E-18,0.));
#2743=CARTESIAN_POINT('',(0.158976670930387,-0.00499994557515489,0.));
#2744=CARTESIAN_POINT('',(0.193700227223328,-0.00599204718352465,0.));
#2745=CARTESIAN_POINT('',(0.193680349595053,-0.00599147925128823,0.));
#2746=CARTESIAN_POINT('',(0.194,1.5855372570428E-15,0.));
#2747=CARTESIAN_POINT('',(0.193828325777963,0.00599754349392218,0.));
#2748=CARTESIAN_POINT('',(0.106396791351874,0.0034948954232155,0.));
#2749=CARTESIAN_POINT('',(0.15897662795104,0.00499994537443434,0.));
#2750=CARTESIAN_POINT('',(0.159,-2.60208521396521E-18,0.));
#2751=CARTESIAN_POINT('',(0.15429059863361,0.00167974366206557,0.));
#2752=CARTESIAN_POINT('',(0.152925,0.00246817240078564,0.));
#2753=CARTESIAN_POINT('',(0.1515,0.00329089653438083,0.));
#2754=CARTESIAN_POINT('',(0.150075,0.00246817240078562,0.));
#2755=CARTESIAN_POINT('',(0.14865,0.00164544826719043,0.));
#2756=CARTESIAN_POINT('',(0.14865,0.,0.));
#2757=CARTESIAN_POINT('',(0.14865,-0.00164544826719042,0.));
#2758=CARTESIAN_POINT('',(0.150075,-0.00246817240078565,0.));
#2759=CARTESIAN_POINT('',(-0.004,-0.000110761551631859,0.));
#2760=CARTESIAN_POINT('',(-0.004,-0.0112473122955823,0.));
#2761=CARTESIAN_POINT('',(-0.004,0.0112319494396625,0.));
#2762=CARTESIAN_POINT('',(-0.0069597767085738,0.03,0.));
#2763=CARTESIAN_POINT('',(0.00843992905064764,0.0188712506304885,0.));
#2764=CARTESIAN_POINT('',(0.0194954435259478,0.0178784768967362,0.));
#2765=CARTESIAN_POINT('',(0.0305784343381587,0.0184927363341473,0.));
#2766=CARTESIAN_POINT('',(0.0463495768300149,0.0290885404330145,0.));
#2767=CARTESIAN_POINT('',(0.0459388620114502,0.0100929800743987,0.));
#2768=CARTESIAN_POINT('',(0.106692219578734,0.00877939396483585,0.));
#2769=CARTESIAN_POINT('',(0.0964891904523928,0.009,0.));
#2770=CARTESIAN_POINT('',(0.1065,0.009,0.));
#2771=CARTESIAN_POINT('',(0.116510809547607,0.009,0.));
#2772=CARTESIAN_POINT('',(0.106307780421266,0.00877939396483585,0.));
#2773=CARTESIAN_POINT('',(0.209010809547608,0.011,0.));
#2774=CARTESIAN_POINT('',(0.1065,0.011,0.));
#2775=CARTESIAN_POINT('',(0.217,0.011,0.));
#2776=CARTESIAN_POINT('',(0.217,-0.012,0.));
#2777=CARTESIAN_POINT('',(0.217,-0.011,0.));
#2778=CARTESIAN_POINT('',(0.209,-0.011,0.));
#2779=CARTESIAN_POINT('',(0.209010809547608,-0.011,0.));
#2780=CARTESIAN_POINT('',(0.106312567871878,-0.00877949747728153,0.));
#2781=CARTESIAN_POINT('',(0.116510809547607,-0.009,0.));
#2782=CARTESIAN_POINT('',(0.0965,-0.009,0.));
#2783=CARTESIAN_POINT('',(0.0964891904523928,-0.009,0.));
#2784=CARTESIAN_POINT('',(0.106687432128122,-0.00877949747728153,0.));
#2785=CARTESIAN_POINT('',(0.0460356760132304,-0.0100908867986846,0.));
#2786=CARTESIAN_POINT('',(0.0464463908317951,-0.0290864471573003,0.));
#2787=CARTESIAN_POINT('',(0.0305877140121622,-0.0186221091691406,0.));
#2788=CARTESIAN_POINT('',(0.0195,-0.0181,0.));
#2789=CARTESIAN_POINT('',(0.00843657451780065,-0.0190003424902903,0.));
#2790=CARTESIAN_POINT('',(-0.00705560204551951,-0.03,0.));
#2791=CARTESIAN_POINT('',(0.0011,-0.00605,0.));
#2792=CARTESIAN_POINT('',(0.0027,-0.00605,0.));
#2793=CARTESIAN_POINT('',(0.00110067762947445,0.00611268805125461,0.));
#2794=CARTESIAN_POINT('',(0.00270067762947445,0.00611268805125461,0.));
#2795=CARTESIAN_POINT('',(0.10025,0.005,0.));
#2796=CARTESIAN_POINT('',(0.10185,0.005,0.));
#2797=CARTESIAN_POINT('',(0.11275,0.005,0.));
#2798=CARTESIAN_POINT('',(0.11435,0.005,0.));
#2799=CARTESIAN_POINT('',(0.10025,-0.005,0.));
#2800=CARTESIAN_POINT('',(0.10185,-0.005,0.));
#2801=CARTESIAN_POINT('',(0.11275,-0.005,0.));
#2802=CARTESIAN_POINT('',(0.11435,-0.005,0.));
#2803=CARTESIAN_POINT('',(0.2119,0.00605,0.));
#2804=CARTESIAN_POINT('',(0.2135,0.00605,0.));
#2805=CARTESIAN_POINT('',(0.2119,-0.00605,0.));
#2806=CARTESIAN_POINT('',(0.2135,-0.00605,0.));
#2807=CARTESIAN_POINT('',(0.060075,-0.00246817240078565,0.));
#2808=CARTESIAN_POINT('',(0.0615,-0.00329089653438088,0.));
#2809=CARTESIAN_POINT('',(0.0587094013663894,-0.0016797436620656,0.));
#2810=CARTESIAN_POINT('',(0.062925,-0.00246817240078567,0.));
#2811=CARTESIAN_POINT('',(0.06435,-0.00164544826719046,0.));
#2812=CARTESIAN_POINT('',(0.06435,-1.69135538907739E-17,0.));
#2813=CARTESIAN_POINT('',(0.06435,0.00164544826719041,0.));
#2814=CARTESIAN_POINT('',(0.062925,0.00246817240078563,0.));
#2815=CARTESIAN_POINT('',(0.0615,0.00329089653438086,0.));
#2816=CARTESIAN_POINT('',(0.060075,0.00246817240078564,0.));
#2817=CARTESIAN_POINT('',(0.0587094013663894,0.00167974366206561,0.));
#2818=CARTESIAN_POINT('',(0.054,-3.46944695195361E-18,0.));
#2819=CARTESIAN_POINT('',(0.0540233290696138,0.00499994557515489,0.));
#2820=CARTESIAN_POINT('',(0.106603097943317,0.00349766646447764,0.));
#2821=CARTESIAN_POINT('',(0.0193196504049468,0.00599147925128823,0.));
#2822=CARTESIAN_POINT('',(0.019,2.59341159658533E-16,0.));
#2823=CARTESIAN_POINT('',(0.0193196504049258,-0.00599147925128883,0.));
#2824=CARTESIAN_POINT('',(0.106596773874301,-0.00349784715216383,0.));
#2825=CARTESIAN_POINT('',(0.0540233290696135,-0.00499994557515489,0.));
#2826=CARTESIAN_POINT('',(0.054,-3.46944695195361E-18,0.));
#2827=CARTESIAN_POINT('',(0.0195,-0.0181,-0.0188));
#2828=CARTESIAN_POINT('',(0.0195,-0.0181,-0.006));
#2829=CARTESIAN_POINT('',(0.0211,-0.0181,-0.006));
#2830=CARTESIAN_POINT('',(0.0195,-0.0181,-0.0168));
#2831=CARTESIAN_POINT('',(0.0211,-0.0181,-0.0168));
#2832=CARTESIAN_POINT('',(0.0194954435259476,0.0178784768967363,-0.0188));
#2833=CARTESIAN_POINT('',(0.0194954435259476,0.0178784768967363,-0.006));
#2834=CARTESIAN_POINT('',(0.0210954435259476,0.0178784768967363,-0.006));
#2835=CARTESIAN_POINT('',(0.0194954435259476,0.0178784768967363,-0.0168));
#2836=CARTESIAN_POINT('',(0.0178954435259476,0.0178784768967363,-0.0168));
#2837=CARTESIAN_POINT('',(0.194,1.5855372570428E-15,0.005));
#2838=CARTESIAN_POINT('',(0.193871244333473,0.00449815762044163,0.005));
#2839=CARTESIAN_POINT('',(0.193871244333473,0.00449815762044163,0.0035));
#2840=CARTESIAN_POINT('',(0.193871244333473,0.00449815762044163,0.0015));
#2841=CARTESIAN_POINT('',(0.194,1.5855372570428E-15,0.0015));
#2842=CARTESIAN_POINT('',(0.193743066884176,-0.00449265905383361,0.0015));
#2843=CARTESIAN_POINT('',(0.193743066884176,-0.00449265905383361,0.005));
#2844=CARTESIAN_POINT('',(0.193743066884176,-0.00449265905383361,0.0035));
#2845=CARTESIAN_POINT('',(0.194,1.5855372570428E-15,0.0035));
#2846=CARTESIAN_POINT('',(0.176371533442088,-0.00399632952691681,0.005));
#2847=CARTESIAN_POINT('',(0.159,-0.0035,0.0015));
#2848=CARTESIAN_POINT('',(0.159,-0.0035,0.0015));
#2849=CARTESIAN_POINT('',(0.159,-0.0035,0.005));
#2850=CARTESIAN_POINT('',(0.159,-0.0035,0.0035));
#2851=CARTESIAN_POINT('',(0.176371533442088,-0.00399632952691681,0.0035));
#2852=CARTESIAN_POINT('',(0.159,-2.60208521396521E-18,0.005));
#2853=CARTESIAN_POINT('',(0.159,-2.60208521396521E-18,0.0015));
#2854=CARTESIAN_POINT('',(0.159,0.0035,0.0015));
#2855=CARTESIAN_POINT('',(0.159,0.0035,0.005));
#2856=CARTESIAN_POINT('',(0.159,0.0035,0.0035));
#2857=CARTESIAN_POINT('',(0.159,-2.60208521396521E-18,0.0035));
#2858=CARTESIAN_POINT('',(0.019,2.59341159658533E-16,0.005));
#2859=CARTESIAN_POINT('',(0.0192569331158238,-0.00449265905383361,0.005));
#2860=CARTESIAN_POINT('',(0.0192569331158238,-0.00449265905383361,0.0035));
#2861=CARTESIAN_POINT('',(0.0192569331158238,-0.00449265905383361,0.0015));
#2862=CARTESIAN_POINT('',(0.019,2.59341159658533E-16,0.0015));
#2863=CARTESIAN_POINT('',(0.0192569331158238,0.00449265905383361,0.0015));
#2864=CARTESIAN_POINT('',(0.0192569331158238,0.00449265905383361,0.005));
#2865=CARTESIAN_POINT('',(0.0192569331158238,0.00449265905383361,0.0035));
#2866=CARTESIAN_POINT('',(0.019,2.59341159658533E-16,0.0035));
#2867=CARTESIAN_POINT('',(0.0366284665579119,0.00399632952691681,0.005));
#2868=CARTESIAN_POINT('',(0.0366284665579119,0.00399632952691681,0.0015));
#2869=CARTESIAN_POINT('',(0.054,0.0035,0.0015));
#2870=CARTESIAN_POINT('',(0.054,0.0035,0.005));
#2871=CARTESIAN_POINT('',(0.054,0.0035,0.0035));
#2872=CARTESIAN_POINT('',(0.0192569331158238,0.00449265905383361,0.0035));
#2873=CARTESIAN_POINT('',(0.054,-3.46944695195361E-18,0.005));
#2874=CARTESIAN_POINT('',(0.054,-3.46944695195361E-18,0.0015));
#2875=CARTESIAN_POINT('',(0.054,-0.0035,0.0015));
#2876=CARTESIAN_POINT('',(0.054,-0.0035,0.005));
#2877=CARTESIAN_POINT('',(0.054,-0.0035,0.0035));
#2878=CARTESIAN_POINT('',(0.054,-3.46944695195361E-18,0.0035));
#2879=CARTESIAN_POINT('',(0.,-0.012,0.005));
#2880=CARTESIAN_POINT('',(-0.00705560204551951,-0.012,0.005));
#2881=CARTESIAN_POINT('',(-0.00705560204551951,-0.012,0.0030556020455195));
#2882=CARTESIAN_POINT('',(-0.00705560204551951,-0.012,0.004));
#2883=CARTESIAN_POINT('',(-0.00705560204551951,-0.012,0.004));
#2884=CARTESIAN_POINT('',(-0.0071746617792102,-0.012,0.004));
#2885=CARTESIAN_POINT('',(-0.00729370979393173,-0.012,0.0040011813843688));
#2886=CARTESIAN_POINT('',(-0.00741274610351236,-0.012,0.00400354275908383));
#2887=CARTESIAN_POINT('',(-0.00741274610351236,-0.012,0.00400354275908383));
#2888=CARTESIAN_POINT('',(-0.00597487373415294,-0.012,0.0074748737341529));
#2889=CARTESIAN_POINT('',(-0.00758578643762691,-0.012,0.00358578643762691));
#2890=CARTESIAN_POINT('',(-0.0045,-0.012,0.0005));
#2891=CARTESIAN_POINT('',(0.0195,-0.0181,0.005));
#2892=CARTESIAN_POINT('',(0.0297785202141898,-0.02229070664763,0.005));
#2893=CARTESIAN_POINT('',(0.0297785202141898,-0.02229070664763,0.001));
#2894=CARTESIAN_POINT('',(0.0297785202141898,-0.02229070664763,0.004));
#2895=CARTESIAN_POINT('',(0.0195,-0.0181,0.004));
#2896=CARTESIAN_POINT('',(0.0093705435496472,-0.022639175257732,0.004));
#2897=CARTESIAN_POINT('',(0.0093705435496472,-0.022639175257732,0.005));
#2898=CARTESIAN_POINT('',(0.0093705435496472,-0.022639175257732,0.001));
#2899=CARTESIAN_POINT('',(0.0093705435496472,-0.022639175257732,0.001));
#2900=CARTESIAN_POINT('',(0.00882773926974093,-0.0214278732034634,0.000999999999999999));
#2901=CARTESIAN_POINT('',(0.00853214976215099,-0.0201747728934051,0.000601982296983943));
#2902=CARTESIAN_POINT('',(0.00843657451780065,-0.0190003424902903,8.63018925570685E-19));
#2903=CARTESIAN_POINT('',(0.0305877140121622,-0.0186221091691406,0.));
#2904=CARTESIAN_POINT('',(0.0305323892681468,-0.0197970070175134,0.000600902681656056));
#2905=CARTESIAN_POINT('',(0.030278881791185,-0.0210634729097456,0.001));
#2906=CARTESIAN_POINT('',(0.0297785202141898,-0.02229070664763,0.001));
#2907=CARTESIAN_POINT('',(0.0195,-0.0181,-0.0188));
#2908=CARTESIAN_POINT('',(0.010317688912107,-0.0118634013208193,-0.0188));
#2909=CARTESIAN_POINT('',(0.0624520825028554,-0.0107361711891274,0.005));
#2910=CARTESIAN_POINT('',(0.0965,-0.01,0.005));
#2911=CARTESIAN_POINT('',(0.0965,-0.01,0.004));
#2912=CARTESIAN_POINT('',(0.0965,-0.01,0.001));
#2913=CARTESIAN_POINT('',(0.0460572925826285,-0.0110906531333486,0.004));
#2914=CARTESIAN_POINT('',(0.0460572925826285,-0.0110906531333486,0.004));
#2915=CARTESIAN_POINT('',(0.0460572925826285,-0.0110906531333486,0.));
#2916=CARTESIAN_POINT('',(0.0460572925826285,-0.0110906531333486,0.001));
#2917=CARTESIAN_POINT('',(0.0624520825028554,-0.0107361711891274,0.001));
#2918=CARTESIAN_POINT('',(0.1065,-0.01,0.005));
#2919=CARTESIAN_POINT('',(0.1165,-0.01,0.005));
#2920=CARTESIAN_POINT('',(0.1165,-0.01,0.004));
#2921=CARTESIAN_POINT('',(0.1165,-0.01,0.001));
#2922=CARTESIAN_POINT('',(0.1065,-0.01,0.004));
#2923=CARTESIAN_POINT('',(0.1165,-0.01,0.001));
#2924=CARTESIAN_POINT('',(0.16275,-0.011,0.005));
#2925=CARTESIAN_POINT('',(0.209,-0.012,0.005));
#2926=CARTESIAN_POINT('',(0.209,-0.012,0.004));
#2927=CARTESIAN_POINT('',(0.209,-0.012,0.001));
#2928=CARTESIAN_POINT('',(0.1165,-0.01,0.004));
#2929=CARTESIAN_POINT('',(0.16275,-0.011,0.001));
#2930=CARTESIAN_POINT('',(0.213,-0.012,0.005));
#2931=CARTESIAN_POINT('',(0.218974873734153,-0.012,0.00747487373415294));
#2932=CARTESIAN_POINT('',(0.220585786437627,-0.012,0.00358578643762691));
#2933=CARTESIAN_POINT('',(0.220414213562373,-0.012,0.004));
#2934=CARTESIAN_POINT('',(0.213,-0.012,0.004));
#2935=CARTESIAN_POINT('',(0.217,-0.012,0.001));
#2936=CARTESIAN_POINT('',(0.218,-0.012,0.001));
#2937=CARTESIAN_POINT('',(0.2175,-0.012,0.0005));
#2938=CARTESIAN_POINT('',(0.213,0.012,0.005));
#2939=CARTESIAN_POINT('',(0.209,0.012,0.005));
#2940=CARTESIAN_POINT('',(0.209,0.012,0.004));
#2941=CARTESIAN_POINT('',(0.209,0.012,0.001));
#2942=CARTESIAN_POINT('',(0.22,0.012,0.004));
#2943=CARTESIAN_POINT('',(0.220414213562373,0.012,0.004));
#2944=CARTESIAN_POINT('',(0.220585786437627,0.012,0.00358578643762691));
#2945=CARTESIAN_POINT('',(0.220585786437627,0.012,0.00358578643762691));
#2946=CARTESIAN_POINT('',(0.217,0.012,0.));
#2947=CARTESIAN_POINT('',(0.218,0.012,0.001));
#2948=CARTESIAN_POINT('',(0.213,0.012,0.001));
#2949=CARTESIAN_POINT('',(0.16275,0.011,0.005));
#2950=CARTESIAN_POINT('',(0.1165,0.01,0.005));
#2951=CARTESIAN_POINT('',(0.1165,0.01,0.004));
#2952=CARTESIAN_POINT('',(0.1165,0.01,0.001));
#2953=CARTESIAN_POINT('',(0.209,0.012,0.004));
#2954=CARTESIAN_POINT('',(0.16275,0.011,0.001));
#2955=CARTESIAN_POINT('',(0.1065,0.01,0.005));
#2956=CARTESIAN_POINT('',(0.0965,0.01,0.005));
#2957=CARTESIAN_POINT('',(0.0965,0.01,0.004));
#2958=CARTESIAN_POINT('',(0.0965,0.01,0.001));
#2959=CARTESIAN_POINT('',(0.1165,0.01,0.004));
#2960=CARTESIAN_POINT('',(0.1065,0.01,0.001));
#2961=CARTESIAN_POINT('',(0.0625289696759241,0.0107345087637638,0.005));
#2962=CARTESIAN_POINT('',(0.0459604785808484,0.0110927464090627,0.005));
#2963=CARTESIAN_POINT('',(0.0459604785808484,0.0110927464090627,0.001));
#2964=CARTESIAN_POINT('',(0.0459604785808484,0.0110927464090627,0.004));
#2965=CARTESIAN_POINT('',(0.0965,0.01,0.004));
#2966=CARTESIAN_POINT('',(0.0625289696759241,0.0107345087637638,0.001));
#2967=CARTESIAN_POINT('',(0.0194954435259478,0.0178784768967362,0.005));
#2968=CARTESIAN_POINT('',(0.00940427704473853,0.022502150657775,0.005));
#2969=CARTESIAN_POINT('',(0.00940427704473853,0.022502150657775,0.001));
#2970=CARTESIAN_POINT('',(0.00940427704473853,0.022502150657775,0.004));
#2971=CARTESIAN_POINT('',(0.0194954435259478,0.0178784768967362,0.004));
#2972=CARTESIAN_POINT('',(0.0297387727244064,0.0221544805136671,0.004));
#2973=CARTESIAN_POINT('',(0.0297387727244064,0.0221544805136671,0.005));
#2974=CARTESIAN_POINT('',(0.0297387727244064,0.0221544805136671,0.001));
#2975=CARTESIAN_POINT('',(0.0297387727244064,0.0221544805136671,0.001));
#2976=CARTESIAN_POINT('',(0.0302501063769705,0.0209295613127745,0.000999999999999999));
#2977=CARTESIAN_POINT('',(0.0305132280455998,0.0196692436815548,0.000601982296983946));
#2978=CARTESIAN_POINT('',(0.0305784343381587,0.0184927363341473,3.08734651375969E-18));
#2979=CARTESIAN_POINT('',(0.00843992905064764,0.0188712506304885,0.));
#2980=CARTESIAN_POINT('',(0.00854512726575558,0.0200427364891098,0.000600902681656051));
#2981=CARTESIAN_POINT('',(0.00885222010324571,0.0212972865623333,0.001));
#2982=CARTESIAN_POINT('',(0.00940427704473853,0.022502150657775,0.001));
#2983=CARTESIAN_POINT('',(0.0194954435259478,0.0178784768967362,-0.0188));
#2984=CARTESIAN_POINT('',(0.0285579393518483,0.0114690175275275,-0.0188));
#2985=CARTESIAN_POINT('',(1.3010426069826E-18,0.012,0.005));
#2986=CARTESIAN_POINT('',(-0.007,0.012,0.005));
#2987=CARTESIAN_POINT('',(-0.00758578643762691,0.012,0.00358578643762691));
#2988=CARTESIAN_POINT('',(-0.0074142135623731,0.012,0.004));
#2989=CARTESIAN_POINT('',(-0.0069597767085738,0.012,0.004));
#2990=CARTESIAN_POINT('',(-0.0069597767085738,0.012,0.004));
#2991=CARTESIAN_POINT('',(-0.0069597767085738,0.012,0.));
#2992=CARTESIAN_POINT('',(-0.0069597767085738,0.012,0.0029597767085738));
#2993=CARTESIAN_POINT('',(-0.009,0.012,0.005));
#2994=CARTESIAN_POINT('',(0.2119,-0.00605,0.005));
#2995=CARTESIAN_POINT('',(0.2119,-0.00605,0.004));
#2996=CARTESIAN_POINT('',(0.2135,-0.00605,0.004));
#2997=CARTESIAN_POINT('',(0.2119,0.00605,0.005));
#2998=CARTESIAN_POINT('',(0.2119,0.00605,0.004));
#2999=CARTESIAN_POINT('',(0.2135,0.00605,0.004));
#3000=CARTESIAN_POINT('',(0.176435622166736,0.00399907881022081,0.005));
#3001=CARTESIAN_POINT('',(0.176435622166736,0.00399907881022081,0.0015));
#3002=CARTESIAN_POINT('',(0.159,0.0035,0.0035));
#3003=CARTESIAN_POINT('',(0.11275,-0.005,0.005));
#3004=CARTESIAN_POINT('',(0.11275,-0.005,0.004));
#3005=CARTESIAN_POINT('',(0.11435,-0.005,0.004));
#3006=CARTESIAN_POINT('',(0.10025,-0.005,0.005));
#3007=CARTESIAN_POINT('',(0.10025,-0.005,0.004));
#3008=CARTESIAN_POINT('',(0.10185,-0.005,0.004));
#3009=CARTESIAN_POINT('',(0.11275,0.005,0.005));
#3010=CARTESIAN_POINT('',(0.11275,0.005,0.004));
#3011=CARTESIAN_POINT('',(0.11435,0.005,0.004));
#3012=CARTESIAN_POINT('',(0.10025,0.005,0.005));
#3013=CARTESIAN_POINT('',(0.10025,0.005,0.004));
#3014=CARTESIAN_POINT('',(0.10185,0.005,0.004));
#3015=CARTESIAN_POINT('',(0.0194954435259476,0.0178784768967363,0.005));
#3016=CARTESIAN_POINT('',(0.0194954435259476,0.0178784768967363,0.005));
#3017=CARTESIAN_POINT('',(0.0229954435259476,0.0178784768967363,0.005));
#3018=CARTESIAN_POINT('',(0.0194954435259476,0.0178784768967363,-0.006));
#3019=CARTESIAN_POINT('',(0.0229954435259476,0.0178784768967363,-0.006));
#3020=CARTESIAN_POINT('',(0.036628466557912,-0.00399632952691681,0.005));
#3021=CARTESIAN_POINT('',(0.036628466557912,-0.00399632952691681,0.0015));
#3022=CARTESIAN_POINT('',(0.054,-0.0035,0.0035));
#3023=CARTESIAN_POINT('',(0.00110067762947445,0.00611268805125461,0.005));
#3024=CARTESIAN_POINT('',(0.00110067762947445,0.00611268805125461,0.004));
#3025=CARTESIAN_POINT('',(0.00270067762947445,0.00611268805125461,0.004));
#3026=CARTESIAN_POINT('',(0.0011,-0.00605,0.005));
#3027=CARTESIAN_POINT('',(0.0011,-0.00605,0.004));
#3028=CARTESIAN_POINT('',(0.0027,-0.00605,0.004));
#3029=CARTESIAN_POINT('',(0.0195,-0.0181,0.005));
#3030=CARTESIAN_POINT('',(0.0195,-0.0181,0.005));
#3031=CARTESIAN_POINT('',(0.023,-0.0181,0.005));
#3032=CARTESIAN_POINT('',(0.0195,-0.0181,-0.006));
#3033=CARTESIAN_POINT('',(0.023,-0.0181,-0.006));
#3034=CARTESIAN_POINT('',(0.1065,-0.000110761551631863,0.005));
#3035=CARTESIAN_POINT('',(0.11275,-0.005,0.005));
#3036=CARTESIAN_POINT('',(0.11535,-0.005,0.005));
#3037=CARTESIAN_POINT('',(0.11275,0.005,0.005));
#3038=CARTESIAN_POINT('',(0.11535,0.005,0.005));
#3039=CARTESIAN_POINT('',(0.10025,-0.005,0.005));
#3040=CARTESIAN_POINT('',(0.10285,-0.005,0.005));
#3041=CARTESIAN_POINT('',(0.10025,0.005,0.005));
#3042=CARTESIAN_POINT('',(0.10285,0.005,0.005));
#3043=CARTESIAN_POINT('',(0.2119,-0.00605,0.005));
#3044=CARTESIAN_POINT('',(0.2145,-0.00605,0.005));
#3045=CARTESIAN_POINT('',(0.2119,0.00605,0.005));
#3046=CARTESIAN_POINT('',(0.2145,0.00605,0.005));
#3047=CARTESIAN_POINT('',(0.00110067762947445,0.00611268805125461,0.005));
#3048=CARTESIAN_POINT('',(0.00370067762947445,0.00611268805125461,0.005));
#3049=CARTESIAN_POINT('',(0.0011,-0.00605,0.005));
#3050=CARTESIAN_POINT('',(0.0037,-0.00605,0.005));
#3051=CARTESIAN_POINT('',(0.194,1.5855372570428E-15,0.005));
#3052=CARTESIAN_POINT('',(0.193828325777963,0.00599754349392218,0.005));
#3053=CARTESIAN_POINT('',(0.193680349595053,-0.00599147925128823,0.005));
#3054=CARTESIAN_POINT('',(0.106403226125699,-0.00349784715216383,0.005));
#3055=CARTESIAN_POINT('',(0.158976670930387,-0.00499994557515489,0.005));
#3056=CARTESIAN_POINT('',(0.159,-2.60208521396521E-18,0.005));
#3057=CARTESIAN_POINT('',(0.15897662795104,0.00499994537443434,0.005));
#3058=CARTESIAN_POINT('',(0.193828325777963,0.00599754349392218,0.005));
#3059=CARTESIAN_POINT('',(0.0540428396608484,0.00499938812969104,0.005));
#3060=CARTESIAN_POINT('',(0.0193196504049468,0.00599147925128823,0.005));
#3061=CARTESIAN_POINT('',(0.0540233290696138,0.00499994557515489,0.005));
#3062=CARTESIAN_POINT('',(0.054,-3.46944695195361E-18,0.005));
#3063=CARTESIAN_POINT('',(0.0540233290696135,-0.0049999455751549,0.005));
#3064=CARTESIAN_POINT('',(0.0192997727766721,-0.00599204718352465,0.005));
#3065=CARTESIAN_POINT('',(0.0193196504049258,-0.00599147925128883,0.005));
#3066=CARTESIAN_POINT('',(0.019,2.59341159658533E-16,0.005));
#3067=CARTESIAN_POINT('',(-0.007,-0.000110761551631858,0.005));
#3068=CARTESIAN_POINT('',(-0.007,0.011,0.005));
#3069=CARTESIAN_POINT('',(-0.007,-0.0110000813577391,0.005));
#3070=CARTESIAN_POINT('',(-0.00705560204551951,-0.03,0.005));
#3071=CARTESIAN_POINT('',(0.0102831071938231,-0.0222302405498282,0.005));
#3072=CARTESIAN_POINT('',(0.0195,-0.0181,0.005));
#3073=CARTESIAN_POINT('',(0.0288525274021007,-0.0219131655082039,0.005));
#3074=CARTESIAN_POINT('',(0.0464463908317951,-0.0290864471573003,0.005));
#3075=CARTESIAN_POINT('',(0.0460356760132304,-0.0100908867986846,0.005));
#3076=CARTESIAN_POINT('',(0.0964783834306019,-0.00900023366533602,0.005));
#3077=CARTESIAN_POINT('',(0.0964891904523928,-0.009,0.005));
#3078=CARTESIAN_POINT('',(0.1065,-0.009,0.005));
#3079=CARTESIAN_POINT('',(0.116510809547608,-0.009,0.005));
#3080=CARTESIAN_POINT('',(0.209021616569398,-0.011000233665336,0.005));
#3081=CARTESIAN_POINT('',(0.209010809547608,-0.011,0.005));
#3082=CARTESIAN_POINT('',(0.1065,-0.011,0.005));
#3083=CARTESIAN_POINT('',(0.22,-0.011,0.005));
#3084=CARTESIAN_POINT('',(0.22,-0.000110761551631863,0.005));
#3085=CARTESIAN_POINT('',(0.22,0.011,0.005));
#3086=CARTESIAN_POINT('',(0.209,0.011,0.005));
#3087=CARTESIAN_POINT('',(0.209010809547608,0.011,0.005));
#3088=CARTESIAN_POINT('',(0.116521616569398,0.00900023366533602,0.005));
#3089=CARTESIAN_POINT('',(0.116510809547607,0.009,0.005));
#3090=CARTESIAN_POINT('',(0.0965,0.009,0.005));
#3091=CARTESIAN_POINT('',(0.0964891904523927,0.009,0.005));
#3092=CARTESIAN_POINT('',(0.0459388620114502,0.0100929800743988,0.005));
#3093=CARTESIAN_POINT('',(0.0459388620114502,0.0100929800743988,0.005));
#3094=CARTESIAN_POINT('',(0.0463495768300149,0.0290885404330145,0.005));
#3095=CARTESIAN_POINT('',(0.0288159502740948,0.0217692549625922,0.005));
#3096=CARTESIAN_POINT('',(0.0194954435259478,0.0178784768967362,0.005));
#3097=CARTESIAN_POINT('',(0.0103133911421448,0.0220856034720958,0.005));
#3098=CARTESIAN_POINT('',(-0.0069597767085738,0.03,0.005));
#3099=CARTESIAN_POINT('',(-0.0069597767085738,0.011,0.005));
#3100=CARTESIAN_POINT('',(-0.007,0.011,0.005));
#3101=CARTESIAN_POINT('',(0.217,-0.000110761551631863,0.));
#3102=CARTESIAN_POINT('',(0.213370253850544,-0.00737025385054397,-0.00362974614945604));
#3103=CARTESIAN_POINT('',(0.213296412816123,0.0072964128161227,-0.00370358718387729));
#3104=CARTESIAN_POINT('',(0.220585786437627,-0.000110761551631863,0.00358578643762691));
#3105=CARTESIAN_POINT('',(-0.009,1.80700362080917E-19,0.005));
#3106=CARTESIAN_POINT('',(-0.0069597767085738,0.03,0.0029597767085738));
#3107=CARTESIAN_POINT('',(-0.005,0.0121070048551806,0.001));
#3108=CARTESIAN_POINT('',(-0.005,0.0121070048551806,0.001));
#3109=CARTESIAN_POINT('',(-0.00466890814018911,0.011810196673076,0.000668908140189106));
#3110=CARTESIAN_POINT('',(-0.00433549874207278,0.0115186853859207,0.00033549874207279));
#3111=CARTESIAN_POINT('',(-0.004,0.0112319494396625,9.33758595179846E-18));
#3112=CARTESIAN_POINT('',(-0.004,-0.0112473122955823,0.));
#3113=CARTESIAN_POINT('',(-0.00433547251655612,-0.0115325464652689,0.000335472516556118));
#3114=CARTESIAN_POINT('',(-0.00466888086704296,-0.0118225234025733,0.00066888086704296));
#3115=CARTESIAN_POINT('',(-0.005,-0.0121177602009576,0.001));
#3116=CARTESIAN_POINT('',(-0.005,-0.0121177602009576,0.001));
#3117=CARTESIAN_POINT('',(-0.00705560204551951,-0.03,0.0030556020455195));
#3118=CARTESIAN_POINT('',(-0.00758578643762691,1.29590581524805E-19,0.00358578643762691));
#3119=CARTESIAN_POINT('',(0.176392703611227,0.00549846468370136,0.0015));
#3120=CARTESIAN_POINT('',(0.193828325777963,0.00599754349392218,0.0015));
#3121=CARTESIAN_POINT('',(0.159,0.0035,0.0015));
#3122=CARTESIAN_POINT('',(0.159,0.0035,0.00110378906553044));
#3123=CARTESIAN_POINT('',(0.158995505106831,0.0038234041569548,0.00032737123372919));
#3124=CARTESIAN_POINT('',(0.158983118251994,0.00460935786221096,8.35523724412391E-19));
#3125=CARTESIAN_POINT('',(0.15897662795104,0.00499994537443434,4.3582869594839E-35));
#3126=CARTESIAN_POINT('',(0.159,-2.60208521396521E-18,0.0015));
#3127=CARTESIAN_POINT('',(0.15435,-0.00164544826719066,1.517494072942E-6));
#3128=CARTESIAN_POINT('',(0.154330161082562,-0.00165690227151341,5.03588459285449E-7));
#3129=CARTESIAN_POINT('',(0.15431036079689,-0.00166833397177634,-1.45719383804555E-18));
#3130=CARTESIAN_POINT('',(0.15429059863361,-0.00167974366206563,1.78832389271291E-20));
#3131=CARTESIAN_POINT('',(0.15435,-0.00164544826719041,1.51749407806094E-6));
#3132=CARTESIAN_POINT('',(0.15435,0.00164544826719043,1.51749407805996E-6));
#3133=CARTESIAN_POINT('',(0.15435,0.00110341354365931,9.6570904995035E-6));
#3134=CARTESIAN_POINT('',(0.15435,3.15970565442568E-5,7.30379622683697E-5));
#3135=CARTESIAN_POINT('',(0.15435,-0.00109064029223838,9.84890313999104E-6));
#3136=CARTESIAN_POINT('',(0.15435,-0.00164544826719042,1.51749407806028E-6));
#3137=CARTESIAN_POINT('',(0.15435,0.00164544826719043,1.51749407807135E-6));
#3138=CARTESIAN_POINT('',(0.15429059863361,0.00167974366206562,-1.00560605562013E-19));
#3139=CARTESIAN_POINT('',(0.15431036079689,0.00166833397177633,-1.53310885329123E-18));
#3140=CARTESIAN_POINT('',(0.154330161082562,0.00165690227151339,5.03588459285391E-7));
#3141=CARTESIAN_POINT('',(0.15435,0.00164544826719065,1.51749407294193E-6));
#3142=CARTESIAN_POINT('',(0.159,-0.0035,0.0015));
#3143=CARTESIAN_POINT('',(0.159,-0.0035,0.00110378908518921));
#3144=CARTESIAN_POINT('',(0.158995513376532,-0.00382340426145164,0.000327371198133611));
#3145=CARTESIAN_POINT('',(0.15898314928877,-0.00460935778276907,1.96056392303334E-16));
#3146=CARTESIAN_POINT('',(0.158976670930387,-0.00499994557515414,1.83307034817176E-28));
#3147=CARTESIAN_POINT('',(0.194,1.5855372570428E-15,0.0015));
#3148=CARTESIAN_POINT('',(0.193743066884176,-0.00449265905383361,0.0015));
#3149=CARTESIAN_POINT('',(0.193743066884176,-0.00449265905383361,0.00110378915461584));
#3150=CARTESIAN_POINT('',(0.193729105087644,-0.00481578993182327,0.000327371884370463));
#3151=CARTESIAN_POINT('',(0.193696344730251,-0.00560116725358342,-2.4636577306453E-16));
#3152=CARTESIAN_POINT('',(0.193680349595053,-0.00599147925128917,2.91363174808807E-28));
#3153=CARTESIAN_POINT('',(0.106403226125699,-0.00349784715216383,0.0015));
#3154=CARTESIAN_POINT('',(0.106396791351874,0.0034948954232155,0.0035));
#3155=CARTESIAN_POINT('',(0.193828325777963,0.00599754349392218,0.0035));
#3156=CARTESIAN_POINT('',(0.159,0.0035,0.0035));
#3157=CARTESIAN_POINT('',(0.159,0.0035,0.00389621093446956));
#3158=CARTESIAN_POINT('',(0.15899550510683,0.00382340415695479,0.00467262876627081));
#3159=CARTESIAN_POINT('',(0.158983118251994,0.00460935786221096,0.005));
#3160=CARTESIAN_POINT('',(0.15897662795104,0.00499994537443434,0.005));
#3161=CARTESIAN_POINT('',(0.159,-2.60208521396521E-18,0.0035));
#3162=CARTESIAN_POINT('',(0.159,-0.0035,0.0035));
#3163=CARTESIAN_POINT('',(0.159,-0.0035,0.00389621091481092));
#3164=CARTESIAN_POINT('',(0.158995513376533,-0.00382340426145187,0.00467262880186677));
#3165=CARTESIAN_POINT('',(0.15898314928877,-0.00460935778276973,0.00500000000000001));
#3166=CARTESIAN_POINT('',(0.158976670930387,-0.00499994557515492,0.005));
#3167=CARTESIAN_POINT('',(0.194,1.5855372570428E-15,0.0035));
#3168=CARTESIAN_POINT('',(0.193743066884176,-0.00449265905383361,0.0035));
#3169=CARTESIAN_POINT('',(0.193743066884176,-0.00449265905383361,0.00389621084538402));
#3170=CARTESIAN_POINT('',(0.193729105087644,-0.00481578993182302,0.00467262811562914));
#3171=CARTESIAN_POINT('',(0.193696344730251,-0.00560116725358273,0.00500000000000003));
#3172=CARTESIAN_POINT('',(0.193680349595053,-0.00599147925128835,0.005));
#3173=CARTESIAN_POINT('',(0.17632869378124,-0.00549571765660785,0.0035));
#3174=CARTESIAN_POINT('',(0.054,-3.46944695195361E-18,0.0015));
#3175=CARTESIAN_POINT('',(0.0587094013663894,-0.00167974366206558,-4.52500623797067E-19));
#3176=CARTESIAN_POINT('',(0.0586896392031097,-0.00166833397177629,-2.72607398764494E-19));
#3177=CARTESIAN_POINT('',(0.0586698389174375,-0.00165690227151337,5.03588459287209E-7));
#3178=CARTESIAN_POINT('',(0.0586500000000004,-0.00164544826719064,1.51749407294297E-6));
#3179=CARTESIAN_POINT('',(0.05865,-0.00164544826719042,1.51749407806224E-6));
#3180=CARTESIAN_POINT('',(0.054,-0.0035,0.0015));
#3181=CARTESIAN_POINT('',(0.054,-0.0035,0.00110378908518908));
#3182=CARTESIAN_POINT('',(0.0540044866234674,-0.00382340426145187,0.000327371198133226));
#3183=CARTESIAN_POINT('',(0.0540168507112292,-0.00460935778276974,-7.77523994883324E-18));
#3184=CARTESIAN_POINT('',(0.0540233290696135,-0.00499994557515492,-4.26887364459505E-30));
#3185=CARTESIAN_POINT('',(0.054,0.0035,0.0015));
#3186=CARTESIAN_POINT('',(0.054,0.0035,0.00110378908518908));
#3187=CARTESIAN_POINT('',(0.0540044866234675,0.00382340426145187,0.000327371198133223));
#3188=CARTESIAN_POINT('',(0.0540168507112311,0.00460935778276971,-8.80899131945367E-18));
#3189=CARTESIAN_POINT('',(0.0540233290696138,0.00499994557515492,-4.2455668983229E-30));
#3190=CARTESIAN_POINT('',(0.0586500000000004,0.00164544826719066,1.51749407294231E-6));
#3191=CARTESIAN_POINT('',(0.0586698389174375,0.00165690227151339,5.0358845928681E-7));
#3192=CARTESIAN_POINT('',(0.0586896392031098,0.00166833397177631,1.09126571312828E-19));
#3193=CARTESIAN_POINT('',(0.0587094013663894,0.00167974366206559,2.57183009593734E-20));
#3194=CARTESIAN_POINT('',(0.05865,0.00164544826719044,1.51749407806128E-6));
#3195=CARTESIAN_POINT('',(0.05865,-0.00164544826719042,1.51749407806145E-6));
#3196=CARTESIAN_POINT('',(0.05865,-0.00110341354365929,9.65709049950872E-6));
#3197=CARTESIAN_POINT('',(0.05865,-3.15970565442195E-5,7.30379622683741E-5));
#3198=CARTESIAN_POINT('',(0.05865,0.00109064029223841,9.84890313999002E-6));
#3199=CARTESIAN_POINT('',(0.05865,0.00164544826719044,1.51749407806014E-6));
#3200=CARTESIAN_POINT('',(0.0366713062187602,0.00549571765660785,0.0015));
#3201=CARTESIAN_POINT('',(0.0192569331158238,0.00449265905383361,0.0015));
#3202=CARTESIAN_POINT('',(0.0192569331158238,0.00449265905383361,0.00110378915461597));
#3203=CARTESIAN_POINT('',(0.0192708949123569,0.00481578993182299,0.000327371884370871));
#3204=CARTESIAN_POINT('',(0.0193036552697463,0.00560116725358285,-3.01371363387487E-17));
#3205=CARTESIAN_POINT('',(0.0193196504049468,0.00599147925128835,4.54739090015602E-30));
#3206=CARTESIAN_POINT('',(0.0366713062187603,-0.00549571765660784,0.0015));
#3207=CARTESIAN_POINT('',(0.0192569331158238,-0.00449265905383361,0.0015));
#3208=CARTESIAN_POINT('',(0.0192569331158238,-0.00449265905383361,0.00110378915461604));
#3209=CARTESIAN_POINT('',(0.0192708949123286,-0.0048157899318238,0.000327371884370829));
#3210=CARTESIAN_POINT('',(0.0193036552697281,-0.00560116725358337,-3.21185594810919E-17));
#3211=CARTESIAN_POINT('',(0.0193196504049259,-0.00599147925128895,4.74226990501528E-30));
#3212=CARTESIAN_POINT('',(0.019,2.59341159658533E-16,0.0015));
#3213=CARTESIAN_POINT('',(0.019,2.59341159658533E-16,0.0035));
#3214=CARTESIAN_POINT('',(0.0192569331158238,0.00449265905383361,0.0035));
#3215=CARTESIAN_POINT('',(0.0192569331158238,0.00449265905383361,0.00389621084538418));
#3216=CARTESIAN_POINT('',(0.0192708949123568,0.00481578993182326,0.00467262811562958));
#3217=CARTESIAN_POINT('',(0.0193036552697471,0.00560116725358358,0.00500000000000027));
#3218=CARTESIAN_POINT('',(0.0193196504049468,0.00599147925128927,0.005));
#3219=CARTESIAN_POINT('',(0.0192569331158238,-0.00449265905383361,0.0035));
#3220=CARTESIAN_POINT('',(0.0192569331158238,-0.00449265905383361,0.0038962108453841));
#3221=CARTESIAN_POINT('',(0.0192708949123283,-0.00481578993182405,0.00467262811562958));
#3222=CARTESIAN_POINT('',(0.0193036552697278,-0.00560116725358407,0.00500000000000025));
#3223=CARTESIAN_POINT('',(0.0193196504049259,-0.00599147925128978,0.005));
#3224=CARTESIAN_POINT('',(0.106596773874301,-0.00349784715216383,0.0035));
#3225=CARTESIAN_POINT('',(0.054,-0.0035,0.0035));
#3226=CARTESIAN_POINT('',(0.054,-0.0035,0.00389621091481079));
#3227=CARTESIAN_POINT('',(0.0540044866234671,-0.00382340426145165,0.00467262880186639));
#3228=CARTESIAN_POINT('',(0.0540168507112308,-0.00460935778276906,0.0049999999999998));
#3229=CARTESIAN_POINT('',(0.0540233290696135,-0.00499994557515414,0.005));
#3230=CARTESIAN_POINT('',(0.106603097943317,0.00349766646447764,0.0035));
#3231=CARTESIAN_POINT('',(0.054,0.0035,0.0035));
#3232=CARTESIAN_POINT('',(0.054,0.0035,0.00389621091481085));
#3233=CARTESIAN_POINT('',(0.054004486623468,0.00382340426145173,0.00467262880186656));
#3234=CARTESIAN_POINT('',(0.0540168507112295,0.00460935778276937,0.00499999999999989));
#3235=CARTESIAN_POINT('',(0.0540233290696138,0.00499994557515448,0.005));
#3236=CARTESIAN_POINT('',(0.054,-3.46944695195361E-18,0.0035));
#3237=CARTESIAN_POINT('',(0.220585786437627,-0.000110761551631863,0.00358578643762691));
#3238=CARTESIAN_POINT('',(0.21823898207986,-0.00674852665361431,0.0092514733463857));
#3239=CARTESIAN_POINT('',(0.218196727972343,0.00664651621418208,0.00935348378581792));
#3240=CARTESIAN_POINT('',(-0.007,-0.000110761551631858,0.005));
#3241=CARTESIAN_POINT('',(-0.00741274610351236,-0.012,0.00400354275908383));
#3242=CARTESIAN_POINT('',(-0.00727547652538241,-0.0116658130851263,0.00433494083630639));
#3243=CARTESIAN_POINT('',(-0.00713787936203126,-0.0113325495137523,0.00466712977421279));
#3244=CARTESIAN_POINT('',(-0.007,-0.0110000813577391,0.005));
#3245=CARTESIAN_POINT('',(-0.00488069367810578,0.00588354193485988,0.0101164580651401));
#3246=CARTESIAN_POINT('',(0.11275,-0.005,0.004));
#3247=CARTESIAN_POINT('',(0.11275,0.005,0.004));
#3248=CARTESIAN_POINT('',(0.10025,-0.005,0.004));
#3249=CARTESIAN_POINT('',(0.10025,0.005,0.004));
#3250=CARTESIAN_POINT('',(0.2119,-0.00605,0.004));
#3251=CARTESIAN_POINT('',(0.2119,0.00605,0.004));
#3252=CARTESIAN_POINT('',(0.00110067762947445,0.00611268805125461,0.004));
#3253=CARTESIAN_POINT('',(0.0011,-0.00605,0.004));
#3254=CARTESIAN_POINT('',(0.0463495768300149,0.0290885404330145,0.005));
#3255=CARTESIAN_POINT('',(0.0463495768300149,0.0290885404330145,0.004));
#3256=CARTESIAN_POINT('',(0.0463495768300149,0.0290885404330145,0.001));
#3257=CARTESIAN_POINT('',(0.0464463908317951,-0.0290864471573003,0.005));
#3258=CARTESIAN_POINT('',(0.0464463908317951,-0.0290864471573003,0.004));
#3259=CARTESIAN_POINT('',(0.0464463908317951,-0.0290864471573003,0.001));
#3260=CARTESIAN_POINT('',(-0.00705560204551951,-0.03,0.005));
#3261=CARTESIAN_POINT('',(-0.00705560204551951,-0.03,0.001));
#3262=CARTESIAN_POINT('',(-0.00705560204551951,-0.03,0.004));
#3263=CARTESIAN_POINT('',(-0.0069597767085738,0.03,0.005));
#3264=CARTESIAN_POINT('',(-0.0069597767085738,0.03,0.001));
#3265=CARTESIAN_POINT('',(-0.0069597767085738,0.03,0.004));
#3266=CARTESIAN_POINT('',(0.1065,-0.000110761551631863,-0.0188));
#3267=CARTESIAN_POINT('',(0.0195,-0.0181,-0.0188));
#3268=CARTESIAN_POINT('',(0.02465,-0.0181,-0.0188));
#3269=CARTESIAN_POINT('',(0.1065,-0.000110761551631863,-0.006));
#3270=CARTESIAN_POINT('',(0.1065,-0.000110761551631863,-0.0188));
#3271=CARTESIAN_POINT('',(0.0194954435259476,0.0178784768967363,-0.0188));
#3272=CARTESIAN_POINT('',(0.0246454435259476,0.0178784768967363,-0.0188));
#3273=CARTESIAN_POINT('',(0.1065,-0.000110761551631863,-0.006));
#3274=CARTESIAN_POINT('',(-0.0069597767085738,0.03,0.));
#3275=CARTESIAN_POINT('',(-0.00705560204551951,-0.03,0.));
#3276=CARTESIAN_POINT('',(0.213,-0.012,0.004));
#3277=CARTESIAN_POINT('',(0.209000233678987,-0.0119783821677672,0.00402161783223275));
#3278=CARTESIAN_POINT('',(0.106312567871878,-0.00877949747728152,0.005));
#3279=CARTESIAN_POINT('',(0.116499415802533,-0.0100540445805819,0.00394595541941811));
#3280=CARTESIAN_POINT('',(0.1065,-0.01,0.004));
#3281=CARTESIAN_POINT('',(0.0964885945344522,-0.00894487114889478,0.00505512885110522));
#3282=CARTESIAN_POINT('',(0.106687432128122,-0.00877949747728153,0.005));
#3283=CARTESIAN_POINT('',(0.0460572925826285,-0.0110906531333486,0.004));
#3284=CARTESIAN_POINT('',(0.0464463908317951,-0.0290864471573003,0.005));
#3285=CARTESIAN_POINT('',(0.0297785202141898,-0.02229070664763,0.004));
#3286=CARTESIAN_POINT('',(0.0195,-0.0181,0.005));
#3287=CARTESIAN_POINT('',(0.0093705435496472,-0.022639175257732,0.004));
#3288=CARTESIAN_POINT('',(-0.00705560204551951,-0.03,0.005));
#3289=CARTESIAN_POINT('',(0.1065,-0.011,0.));
#3290=CARTESIAN_POINT('',(0.209004820892082,-0.0115540153707068,0.00055401537070683));
#3291=CARTESIAN_POINT('',(0.16275,-0.011,0.001));
#3292=CARTESIAN_POINT('',(0.11651022471865,-0.00905410300032816,5.41030003281506E-5));
#3293=CARTESIAN_POINT('',(0.1065,-0.009,0.));
#3294=CARTESIAN_POINT('',(0.0965019895356005,-0.0101840535490163,0.00118405354901629));
#3295=CARTESIAN_POINT('',(0.0624520825028554,-0.0107361711891274,0.001));
#3296=CARTESIAN_POINT('',(0.0460356760132304,-0.0100908867986846,0.));
#3297=CARTESIAN_POINT('',(0.0464463908317951,-0.0290864471573003,0.));
#3298=CARTESIAN_POINT('',(0.1065,0.011,0.005));
#3299=CARTESIAN_POINT('',(0.209004820892082,0.011554015370705,0.00444598462929502));
#3300=CARTESIAN_POINT('',(0.106307780421266,0.00877939396483585,0.005));
#3301=CARTESIAN_POINT('',(0.11651022471865,0.00905410300032797,0.00494589699967203));
#3302=CARTESIAN_POINT('',(0.1065,0.009,0.005));
#3303=CARTESIAN_POINT('',(0.0964885942547052,0.00894484526927154,0.00505515473072846));
#3304=CARTESIAN_POINT('',(0.106692219578734,0.00877939396483585,0.005));
#3305=CARTESIAN_POINT('',(0.0459388620114502,0.0100929800743988,0.005));
#3306=CARTESIAN_POINT('',(0.0463495768300149,0.0290885404330145,0.005));
#3307=CARTESIAN_POINT('',(0.0288159502740948,0.0217692549625922,0.005));
#3308=CARTESIAN_POINT('',(0.0194954435259478,0.0178784768967362,0.005));
#3309=CARTESIAN_POINT('',(0.0103133911421448,0.0220856034720958,0.005));
#3310=CARTESIAN_POINT('',(-0.0069597767085738,0.03,0.005));
#3311=CARTESIAN_POINT('',(-0.0069597767085738,0.011,0.005));
#3312=CARTESIAN_POINT('',(0.1065,0.011,0.005));
#3313=CARTESIAN_POINT('',(0.213,0.012,0.001));
#3314=CARTESIAN_POINT('',(0.209000233678987,0.0119783821677673,0.000978382167767295));
#3315=CARTESIAN_POINT('',(0.16275,0.011,0.001));
#3316=CARTESIAN_POINT('',(0.116499415802533,0.0100540445805813,0.00105404458058135));
#3317=CARTESIAN_POINT('',(0.1065,0.01,0.001));
#3318=CARTESIAN_POINT('',(0.0965019850428215,0.0101836379183958,0.00118363791839576));
#3319=CARTESIAN_POINT('',(0.0625289696759241,0.0107345087637638,0.001));
#3320=CARTESIAN_POINT('',(0.0459604785808484,0.0110927464090627,0.001));
#3321=CARTESIAN_POINT('',(0.0463495768300149,0.0290885404330145,0.));
#3322=CARTESIAN_POINT('',(0.0195,-0.00308576155163186,-0.0168));
#3323=CARTESIAN_POINT('',(0.0194954435259476,0.0178784768967363,-0.0168));
#3324=CARTESIAN_POINT('',(0.0246454435259476,0.0178784768967363,-0.0168));
#3325=CARTESIAN_POINT('',(0.0194954435259476,0.0178784768967363,-0.0168));
#3326=CARTESIAN_POINT('',(0.0195,-0.0181,-0.0168));
#3327=CARTESIAN_POINT('',(0.0195,-0.0181,-0.0168));
#3328=CARTESIAN_POINT('',(0.02465,-0.0181,-0.0168));
#3329=CARTESIAN_POINT('',(0.0195,-0.00308576155163186,-0.0168));
#3330=CARTESIAN_POINT('',(0.060075,-0.00246817240078565,0.0025));
#3331=CARTESIAN_POINT('',(0.05865,-0.00164544826719042,0.0025));
#3332=CARTESIAN_POINT('',(0.05865,-0.00164544826719042,0.0025));
#3333=CARTESIAN_POINT('',(0.060075,-0.00246817240078565,0.0025));
#3334=CARTESIAN_POINT('',(0.0615,-0.00329089653438088,0.0025));
#3335=CARTESIAN_POINT('',(0.0615,-0.00329089653438088,0.0025));
#3336=CARTESIAN_POINT('',(0.05865,0.,0.0025));
#3337=CARTESIAN_POINT('',(0.05865,0.00164544826719042,0.0025));
#3338=CARTESIAN_POINT('',(0.05865,0.00164544826719042,0.0025));
#3339=CARTESIAN_POINT('',(0.05865,0.,0.0025));
#3340=CARTESIAN_POINT('',(0.060075,0.00246817240078564,0.0025));
#3341=CARTESIAN_POINT('',(0.0615,0.00329089653438086,0.0025));
#3342=CARTESIAN_POINT('',(0.0615,0.00329089653438086,0.0025));
#3343=CARTESIAN_POINT('',(0.060075,0.00246817240078564,0.0025));
#3344=CARTESIAN_POINT('',(0.062925,0.00246817240078563,0.0025));
#3345=CARTESIAN_POINT('',(0.06435,0.00164544826719041,0.0025));
#3346=CARTESIAN_POINT('',(0.06435,0.00164544826719041,0.0025));
#3347=CARTESIAN_POINT('',(0.062925,0.00246817240078563,0.0025));
#3348=CARTESIAN_POINT('',(0.06435,-1.69135538907739E-17,0.0025));
#3349=CARTESIAN_POINT('',(0.06435,-0.00164544826719046,0.0025));
#3350=CARTESIAN_POINT('',(0.06435,-0.00164544826719046,0.0025));
#3351=CARTESIAN_POINT('',(0.06435,-1.69135538907739E-17,0.0025));
#3352=CARTESIAN_POINT('',(0.062925,-0.00246817240078567,0.0025));
#3353=CARTESIAN_POINT('',(0.062925,-0.00246817240078567,0.0025));
#3354=CARTESIAN_POINT('',(0.1065,-6.45459299008708E-5,0.0025));
#3355=CARTESIAN_POINT('',(0.15435,-4.55364912443912E-18,0.0025));
#3356=CARTESIAN_POINT('',(0.15435,-0.00164544826719041,0.0025));
#3357=CARTESIAN_POINT('',(0.15435,-0.00164544826719041,0.0025));
#3358=CARTESIAN_POINT('',(0.15435,-4.55364912443912E-18,0.0025));
#3359=CARTESIAN_POINT('',(0.15435,0.00164544826719043,0.0025));
#3360=CARTESIAN_POINT('',(0.15435,0.00164544826719043,0.0025));
#3361=CARTESIAN_POINT('',(0.152925,-0.00246817240078563,0.0025));
#3362=CARTESIAN_POINT('',(0.1515,-0.00329089653438088,0.0025));
#3363=CARTESIAN_POINT('',(0.1515,-0.00329089653438088,0.0025));
#3364=CARTESIAN_POINT('',(0.152925,-0.00246817240078563,0.0025));
#3365=CARTESIAN_POINT('',(0.150075,-0.00246817240078565,0.0025));
#3366=CARTESIAN_POINT('',(0.14865,-0.00164544826719042,0.0025));
#3367=CARTESIAN_POINT('',(0.14865,-0.00164544826719042,0.0025));
#3368=CARTESIAN_POINT('',(0.150075,-0.00246817240078565,0.0025));
#3369=CARTESIAN_POINT('',(0.14865,0.,0.0025));
#3370=CARTESIAN_POINT('',(0.14865,0.00164544826719043,0.0025));
#3371=CARTESIAN_POINT('',(0.14865,0.00164544826719043,0.0025));
#3372=CARTESIAN_POINT('',(0.14865,0.,0.0025));
#3373=CARTESIAN_POINT('',(0.150075,0.00246817240078562,0.0025));
#3374=CARTESIAN_POINT('',(0.1515,0.00329089653438083,0.0025));
#3375=CARTESIAN_POINT('',(0.1515,0.00329089653438083,0.0025));
#3376=CARTESIAN_POINT('',(0.150075,0.00246817240078562,0.0025));
#3377=CARTESIAN_POINT('',(0.152925,0.00246817240078564,0.0025));
#3378=CARTESIAN_POINT('',(0.152925,0.00246817240078564,0.0025));
#3379=CARTESIAN_POINT('',(0.1065,-6.45459299008708E-5,0.0025));
#3380=MECHANICAL_DESIGN_GEOMETRIC_PRESENTATION_REPRESENTATION('',(#1958),
#3381);
#3381=(
GEOMETRIC_REPRESENTATION_CONTEXT(3)
GLOBAL_UNCERTAINTY_ASSIGNED_CONTEXT((#3382))
GLOBAL_UNIT_ASSIGNED_CONTEXT((#3385,#3384,#3383))
REPRESENTATION_CONTEXT('Part 1','TOP_LEVEL_ASSEMBLY_PART')
);
#3382=UNCERTAINTY_MEASURE_WITH_UNIT(LENGTH_MEASURE(2.E-5),#3385,
'DISTANCE_ACCURACY_VALUE','Maximum Tolerance applied to model');
#3383=(
NAMED_UNIT(*)
SI_UNIT($,.STERADIAN.)
SOLID_ANGLE_UNIT()
);
#3384=(
NAMED_UNIT(*)
PLANE_ANGLE_UNIT()
SI_UNIT($,.RADIAN.)
);
#3385=(
LENGTH_UNIT()
NAMED_UNIT(*)
SI_UNIT($,.METRE.)
);
#3386=PRODUCT_DEFINITION_SHAPE('','',#3387);
#3387=PRODUCT_DEFINITION('','',#3389,#3388);
#3388=PRODUCT_DEFINITION_CONTEXT('',#3395,'design');
#3389=PRODUCT_DEFINITION_FORMATION_WITH_SPECIFIED_SOURCE('','',#3391,
 .NOT_KNOWN.);
#3390=PRODUCT_RELATED_PRODUCT_CATEGORY('','',(#3391));
#3391=PRODUCT('Part 1','Part 1','Part 1',(#3393));
#3392=PRODUCT_CATEGORY('','');
#3393=PRODUCT_CONTEXT('',#3395,'mechanical');
#3394=APPLICATION_PROTOCOL_DEFINITION('international standard',
'ap242_managed_model_based_3d_engineering',2020,#3395);
#3395=APPLICATION_CONTEXT('managed model based 3d engineering');
ENDSEC;
END-ISO-10303-21;
